28-Jul-2025 12:30:49.971 INFO [main] org.apache.catalina.startup.VersionLoggerListener.log Nombre de la versión del servidor: Apache Tomcat/11.0.8
28-Jul-2025 12:30:49.974 INFO [main] org.apache.catalina.startup.VersionLoggerListener.log Server built:                      Jun 5 2025 17:49:55 UTC
28-Jul-2025 12:30:49.974 INFO [main] org.apache.catalina.startup.VersionLoggerListener.log Número de versión de servidor:     11.0.8.0
28-Jul-2025 12:30:49.974 INFO [main] org.apache.catalina.startup.VersionLoggerListener.log OS Name:                           Windows 10
28-Jul-2025 12:30:49.975 INFO [main] org.apache.catalina.startup.VersionLoggerListener.log Versión de Systema Operativo:      10.0
28-Jul-2025 12:30:49.975 INFO [main] org.apache.catalina.startup.VersionLoggerListener.log Arquitectura:                      amd64
28-Jul-2025 12:30:49.975 INFO [main] org.apache.catalina.startup.VersionLoggerListener.log Java Home:                         C:\Program Files\Java\jdk-22
28-Jul-2025 12:30:49.975 INFO [main] org.apache.catalina.startup.VersionLoggerListener.log JVM Version:                       22.0.2+9-70
28-Jul-2025 12:30:49.975 INFO [main] org.apache.catalina.startup.VersionLoggerListener.log Vededor JVM:                       Oracle Corporation
28-Jul-2025 12:30:49.975 INFO [main] org.apache.catalina.startup.VersionLoggerListener.log CATALINA_BASE:                     C:\Users\Administrador\Documents\proyecto_final_helder_java-js\apache-tomcat-11.0.8-windows-x64\apache-tomcat-11.0.8
28-Jul-2025 12:30:49.975 INFO [main] org.apache.catalina.startup.VersionLoggerListener.log CATALINA_HOME:                     C:\Users\Administrador\Documents\proyecto_final_helder_java-js\apache-tomcat-11.0.8-windows-x64\apache-tomcat-11.0.8
28-Jul-2025 12:30:49.982 INFO [main] org.apache.catalina.startup.VersionLoggerListener.log Command line argument:             -Djava.util.logging.config.file=C:\Users\Administrador\Documents\proyecto_final_helder_java-js\apache-tomcat-11.0.8-windows-x64\apache-tomcat-11.0.8\conf\logging.properties
28-Jul-2025 12:30:49.982 INFO [main] org.apache.catalina.startup.VersionLoggerListener.log Command line argument:             -Djava.util.logging.manager=org.apache.juli.ClassLoaderLogManager
28-Jul-2025 12:30:49.982 INFO [main] org.apache.catalina.startup.VersionLoggerListener.log Command line argument:             -Djdk.tls.ephemeralDHKeySize=2048
28-Jul-2025 12:30:49.982 INFO [main] org.apache.catalina.startup.VersionLoggerListener.log Command line argument:             --add-opens=java.base/java.lang=ALL-UNNAMED
28-Jul-2025 12:30:49.983 INFO [main] org.apache.catalina.startup.VersionLoggerListener.log Command line argument:             --add-opens=java.base/java.lang.reflect=ALL-UNNAMED
28-Jul-2025 12:30:49.983 INFO [main] org.apache.catalina.startup.VersionLoggerListener.log Command line argument:             --add-opens=java.base/java.io=ALL-UNNAMED
28-Jul-2025 12:30:49.983 INFO [main] org.apache.catalina.startup.VersionLoggerListener.log Command line argument:             --add-opens=java.base/java.util=ALL-UNNAMED
28-Jul-2025 12:30:49.983 INFO [main] org.apache.catalina.startup.VersionLoggerListener.log Command line argument:             --add-opens=java.base/java.util.concurrent=ALL-UNNAMED
28-Jul-2025 12:30:49.983 INFO [main] org.apache.catalina.startup.VersionLoggerListener.log Command line argument:             --add-opens=java.rmi/sun.rmi.transport=ALL-UNNAMED
28-Jul-2025 12:30:49.983 INFO [main] org.apache.catalina.startup.VersionLoggerListener.log Command line argument:             --enable-native-access=ALL-UNNAMED
28-Jul-2025 12:30:49.983 INFO [main] org.apache.catalina.startup.VersionLoggerListener.log Command line argument:             -Dcatalina.base=C:\Users\Administrador\Documents\proyecto_final_helder_java-js\apache-tomcat-11.0.8-windows-x64\apache-tomcat-11.0.8
28-Jul-2025 12:30:49.983 INFO [main] org.apache.catalina.startup.VersionLoggerListener.log Command line argument:             -Dcatalina.home=C:\Users\Administrador\Documents\proyecto_final_helder_java-js\apache-tomcat-11.0.8-windows-x64\apache-tomcat-11.0.8
28-Jul-2025 12:30:50.040 INFO [main] org.apache.catalina.startup.VersionLoggerListener.log Command line argument:             -Djava.io.tmpdir=C:\Users\Administrador\Documents\proyecto_final_helder_java-js\apache-tomcat-11.0.8-windows-x64\apache-tomcat-11.0.8\temp
28-Jul-2025 12:30:50.054 INFO [main] org.apache.catalina.core.AprLifecycleListener.lifecycleEvent Cargada la biblioteca nativa APR de Apache Tomcat [2.0.9] con la versión APR [1.7.6].
28-Jul-2025 12:30:50.072 INFO [main] org.apache.catalina.core.AprLifecycleListener.initializeSSL OpenSSL inicializado correctamente [OpenSSL 3.5.0 8 Apr 2025]
28-Jul-2025 12:30:50.304 INFO [main] org.apache.coyote.AbstractProtocol.init Inicializando el manejador de protocolo ["http-nio-8080"]

28-Jul-2025 12:30:50.321 INFO [main] org.apache.catalina.startup.Catalina.load Server initialization in [518] milliseconds
28-Jul-2025 12:30:50.364 INFO [main] org.apache.catalina.core.StandardService.startInternal Arrancando servicio [Catalina]
28-Jul-2025 12:30:50.365 INFO [main] org.apache.catalina.core.StandardEngine.startInternal Starting Servlet engine: [Apache Tomcat/11.0.8]
28-Jul-2025 12:30:50.372 INFO [main] org.apache.catalina.startup.HostConfig.deployDescriptor Desplieque del descriptor de configuración [C:\Users\Administrador\Documents\proyecto_final_helder_java-js\apache-tomcat-11.0.8-windows-x64\apache-tomcat-11.0.8\conf\Catalina\localhost\helder.xml]
28-Jul-2025 12:30:50.388 WARNING [main] org.apache.catalina.startup.HostConfig.deployDescriptor The path attribute with value [/helder] in deployment descriptor [C:\Users\Administrador\Documents\proyecto_final_helder_java-js\apache-tomcat-11.0.8-windows-x64\apache-tomcat-11.0.8\conf\Catalina\localhost\helder.xml] has been ignored
28-Jul-2025 12:30:51.673 INFO [main] org.apache.jasper.servlet.TldScanner.scanJars Al menos un JAR, que se ha explorado buscando TLDs, aún no contenía TLDs. Activar historial de depuración para este historiador para una completa lista de los JARs que fueron explorados y de los que nos se halló TLDs. Saltarse JARs no necesarios durante la exploración puede dar lugar a una mejora de tiempo significativa en el arranque y compilación de JSP .
28-Jul-2025 12:30:52.523 WARNING [main] org.glassfish.jersey.server.internal.scanning.AnnotationAcceptingListener$ClassReaderWrapper.accept Unsupported class file major version 66
28-Jul-2025 12:30:52.527 WARNING [main] org.glassfish.jersey.server.internal.scanning.AnnotationAcceptingListener$ClassReaderWrapper.accept Unsupported class file major version 66
28-Jul-2025 12:30:52.527 WARNING [main] org.glassfish.jersey.server.internal.scanning.AnnotationAcceptingListener$ClassReaderWrapper.accept Unsupported class file major version 66
28-Jul-2025 12:30:52.529 WARNING [main] org.glassfish.jersey.server.internal.scanning.AnnotationAcceptingListener$ClassReaderWrapper.accept Unsupported class file major version 66
28-Jul-2025 12:30:52.529 WARNING [main] org.glassfish.jersey.server.internal.scanning.AnnotationAcceptingListener$ClassReaderWrapper.accept Unsupported class file major version 66
28-Jul-2025 12:30:52.530 WARNING [main] org.glassfish.jersey.server.internal.scanning.AnnotationAcceptingListener$ClassReaderWrapper.accept Unsupported class file major version 66
28-Jul-2025 12:30:52.530 WARNING [main] org.glassfish.jersey.server.internal.scanning.AnnotationAcceptingListener$ClassReaderWrapper.accept Unsupported class file major version 66
28-Jul-2025 12:30:52.531 WARNING [main] org.glassfish.jersey.server.internal.scanning.AnnotationAcceptingListener$ClassReaderWrapper.accept Unsupported class file major version 66
28-Jul-2025 12:30:52.531 WARNING [main] org.glassfish.jersey.server.internal.scanning.AnnotationAcceptingListener$ClassReaderWrapper.accept Unsupported class file major version 66
28-Jul-2025 12:30:52.532 WARNING [main] org.glassfish.jersey.server.internal.scanning.AnnotationAcceptingListener$ClassReaderWrapper.accept Unsupported class file major version 66
28-Jul-2025 12:30:52.532 WARNING [main] org.glassfish.jersey.server.internal.scanning.AnnotationAcceptingListener$ClassReaderWrapper.accept Unsupported class file major version 66
28-Jul-2025 12:30:52.532 WARNING [main] org.glassfish.jersey.server.internal.scanning.AnnotationAcceptingListener$ClassReaderWrapper.accept Unsupported class file major version 66
28-Jul-2025 12:30:52.533 WARNING [main] org.glassfish.jersey.server.internal.scanning.AnnotationAcceptingListener$ClassReaderWrapper.accept Unsupported class file major version 66
28-Jul-2025 12:30:52.533 WARNING [main] org.glassfish.jersey.server.internal.scanning.AnnotationAcceptingListener$ClassReaderWrapper.accept Unsupported class file major version 66
28-Jul-2025 12:30:52.534 WARNING [main] org.glassfish.jersey.server.internal.scanning.AnnotationAcceptingListener$ClassReaderWrapper.accept Unsupported class file major version 66
28-Jul-2025 12:30:52.534 WARNING [main] org.glassfish.jersey.server.internal.scanning.AnnotationAcceptingListener$ClassReaderWrapper.accept Unsupported class file major version 66
28-Jul-2025 12:30:52.535 WARNING [main] org.glassfish.jersey.server.internal.scanning.AnnotationAcceptingListener$ClassReaderWrapper.accept Unsupported class file major version 66
28-Jul-2025 12:30:52.535 WARNING [main] org.glassfish.jersey.server.internal.scanning.AnnotationAcceptingListener$ClassReaderWrapper.accept Unsupported class file major version 66
28-Jul-2025 12:30:52.535 WARNING [main] org.glassfish.jersey.server.internal.scanning.AnnotationAcceptingListener$ClassReaderWrapper.accept Unsupported class file major version 66
28-Jul-2025 12:30:52.635 WARNING [main] org.glassfish.jersey.server.wadl.WadlFeature.configure JAXBContext implementation could not be found. WADL feature is disabled.
28-Jul-2025 12:30:53.017 INFO [main] org.apache.catalina.startup.HostConfig.deployDescriptor Deployment of deployment descriptor [C:\Users\Administrador\Documents\proyecto_final_helder_java-js\apache-tomcat-11.0.8-windows-x64\apache-tomcat-11.0.8\conf\Catalina\localhost\helder.xml] has finished in [2.645] ms
28-Jul-2025 12:30:53.018 INFO [main] org.apache.catalina.startup.HostConfig.deployDirectory Desplegando el directorio [C:\Users\Administrador\Documents\proyecto_final_helder_java-js\apache-tomcat-11.0.8-windows-x64\apache-tomcat-11.0.8\webapps\docs] de la aplicación web
28-Jul-2025 12:30:53.051 INFO [main] org.apache.catalina.startup.HostConfig.deployDirectory Deployment of web application directory [C:\Users\Administrador\Documents\proyecto_final_helder_java-js\apache-tomcat-11.0.8-windows-x64\apache-tomcat-11.0.8\webapps\docs] has finished in [33] ms
28-Jul-2025 12:30:53.052 INFO [main] org.apache.catalina.startup.HostConfig.deployDirectory Desplegando el directorio [C:\Users\Administrador\Documents\proyecto_final_helder_java-js\apache-tomcat-11.0.8-windows-x64\apache-tomcat-11.0.8\webapps\examples] de la aplicación web
28-Jul-2025 12:30:53.376 INFO [main] org.apache.catalina.startup.HostConfig.deployDirectory Deployment of web application directory [C:\Users\Administrador\Documents\proyecto_final_helder_java-js\apache-tomcat-11.0.8-windows-x64\apache-tomcat-11.0.8\webapps\examples] has finished in [325] ms
28-Jul-2025 12:30:53.377 INFO [main] org.apache.catalina.startup.HostConfig.deployDirectory Desplegando el directorio [C:\Users\Administrador\Documents\proyecto_final_helder_java-js\apache-tomcat-11.0.8-windows-x64\apache-tomcat-11.0.8\webapps\host-manager] de la aplicación web
28-Jul-2025 12:30:53.407 INFO [main] org.apache.catalina.startup.HostConfig.deployDirectory Deployment of web application directory [C:\Users\Administrador\Documents\proyecto_final_helder_java-js\apache-tomcat-11.0.8-windows-x64\apache-tomcat-11.0.8\webapps\host-manager] has finished in [30] ms
28-Jul-2025 12:30:53.408 INFO [main] org.apache.catalina.startup.HostConfig.deployDirectory Desplegando el directorio [C:\Users\Administrador\Documents\proyecto_final_helder_java-js\apache-tomcat-11.0.8-windows-x64\apache-tomcat-11.0.8\webapps\manager] de la aplicación web
28-Jul-2025 12:30:53.437 INFO [main] org.apache.catalina.startup.HostConfig.deployDirectory Deployment of web application directory [C:\Users\Administrador\Documents\proyecto_final_helder_java-js\apache-tomcat-11.0.8-windows-x64\apache-tomcat-11.0.8\webapps\manager] has finished in [29] ms
28-Jul-2025 12:30:53.438 INFO [main] org.apache.catalina.startup.HostConfig.deployDirectory Desplegando el directorio [C:\Users\Administrador\Documents\proyecto_final_helder_java-js\apache-tomcat-11.0.8-windows-x64\apache-tomcat-11.0.8\webapps\ROOT] de la aplicación web
28-Jul-2025 12:30:53.464 INFO [main] org.apache.catalina.startup.HostConfig.deployDirectory Deployment of web application directory [C:\Users\Administrador\Documents\proyecto_final_helder_java-js\apache-tomcat-11.0.8-windows-x64\apache-tomcat-11.0.8\webapps\ROOT] has finished in [26] ms
28-Jul-2025 12:30:53.469 INFO [main] org.apache.coyote.AbstractProtocol.start Starting ProtocolHandler ["http-nio-8080"]
28-Jul-2025 12:30:53.483 INFO [main] org.apache.catalina.startup.Catalina.start Server startup in [3160] milliseconds
28-Jul-2025 12:30:55.466 WARNING [http-nio-8080-exec-9] org.apache.catalina.loader.WebappClassLoaderBase.clearReferencesJdbc La aplicación web [helder] registró el conductor JDBC [com.mysql.cj.jdbc.Driver] pero falló al anular el registro mientras la aplicación web estaba parada. Para prevenir un fallo de memoria, se ha anulado el registro del conductor JDBC por la fuerza.
28-Jul-2025 12:30:55.467 WARNING [http-nio-8080-exec-9] org.apache.catalina.loader.WebappClassLoaderBase.clearReferencesThreads The web application [helder] appears to have started a thread named [mysql-cj-abandoned-connection-cleanup] but has failed to stop it. This is very likely to create a memory leak. Stack trace of thread:
 java.base/jdk.internal.misc.Unsafe.park(Native Method)
 java.base/java.util.concurrent.locks.LockSupport.parkNanos(LockSupport.java:269)
 java.base/java.util.concurrent.locks.AbstractQueuedSynchronizer$ConditionObject.await(AbstractQueuedSynchronizer.java:1847)
 java.base/java.lang.ref.ReferenceQueue.await(ReferenceQueue.java:71)
 java.base/java.lang.ref.ReferenceQueue.remove0(ReferenceQueue.java:143)
 java.base/java.lang.ref.ReferenceQueue.remove(ReferenceQueue.java:218)
 com.mysql.cj.jdbc.AbandonedConnectionCleanupThread.run(AbandonedConnectionCleanupThread.java:91)
 java.base/java.util.concurrent.ThreadPoolExecutor.runWorker(ThreadPoolExecutor.java:1144)
 java.base/java.util.concurrent.ThreadPoolExecutor$Worker.run(ThreadPoolExecutor.java:642)
 java.base/java.lang.Thread.run(Thread.java:1570)
28-Jul-2025 12:30:55.977 INFO [http-nio-8080-exec-9] org.apache.catalina.startup.HostConfig.undeploy Repliegue (undeploy) de la aplicación web que tiene como trayectoria de contexto [/helder]
28-Jul-2025 12:30:56.030 INFO [http-nio-8080-exec-4] org.apache.catalina.startup.HostConfig.deployDescriptor Desplieque del descriptor de configuración [C:\Users\Administrador\Documents\proyecto_final_helder_java-js\apache-tomcat-11.0.8-windows-x64\apache-tomcat-11.0.8\conf\Catalina\localhost\helder.xml]
28-Jul-2025 12:30:56.031 WARNING [http-nio-8080-exec-4] org.apache.catalina.startup.HostConfig.deployDescriptor The path attribute with value [/helder] in deployment descriptor [C:\Users\Administrador\Documents\proyecto_final_helder_java-js\apache-tomcat-11.0.8-windows-x64\apache-tomcat-11.0.8\conf\Catalina\localhost\helder.xml] has been ignored
28-Jul-2025 12:30:56.958 INFO [http-nio-8080-exec-4] org.apache.jasper.servlet.TldScanner.scanJars Al menos un JAR, que se ha explorado buscando TLDs, aún no contenía TLDs. Activar historial de depuración para este historiador para una completa lista de los JARs que fueron explorados y de los que nos se halló TLDs. Saltarse JARs no necesarios durante la exploración puede dar lugar a una mejora de tiempo significativa en el arranque y compilación de JSP .
28-Jul-2025 12:30:57.488 WARNING [http-nio-8080-exec-4] org.glassfish.jersey.server.internal.scanning.AnnotationAcceptingListener$ClassReaderWrapper.accept Unsupported class file major version 66
28-Jul-2025 12:30:57.488 WARNING [http-nio-8080-exec-4] org.glassfish.jersey.server.internal.scanning.AnnotationAcceptingListener$ClassReaderWrapper.accept Unsupported class file major version 66
28-Jul-2025 12:30:57.488 WARNING [http-nio-8080-exec-4] org.glassfish.jersey.server.internal.scanning.AnnotationAcceptingListener$ClassReaderWrapper.accept Unsupported class file major version 66
28-Jul-2025 12:30:57.488 WARNING [http-nio-8080-exec-4] org.glassfish.jersey.server.internal.scanning.AnnotationAcceptingListener$ClassReaderWrapper.accept Unsupported class file major version 66
28-Jul-2025 12:30:57.488 WARNING [http-nio-8080-exec-4] org.glassfish.jersey.server.internal.scanning.AnnotationAcceptingListener$ClassReaderWrapper.accept Unsupported class file major version 66
28-Jul-2025 12:30:57.488 WARNING [http-nio-8080-exec-4] org.glassfish.jersey.server.internal.scanning.AnnotationAcceptingListener$ClassReaderWrapper.accept Unsupported class file major version 66
28-Jul-2025 12:30:57.488 WARNING [http-nio-8080-exec-4] org.glassfish.jersey.server.internal.scanning.AnnotationAcceptingListener$ClassReaderWrapper.accept Unsupported class file major version 66
28-Jul-2025 12:30:57.488 WARNING [http-nio-8080-exec-4] org.glassfish.jersey.server.internal.scanning.AnnotationAcceptingListener$ClassReaderWrapper.accept Unsupported class file major version 66
28-Jul-2025 12:30:57.488 WARNING [http-nio-8080-exec-4] org.glassfish.jersey.server.internal.scanning.AnnotationAcceptingListener$ClassReaderWrapper.accept Unsupported class file major version 66
28-Jul-2025 12:30:57.488 WARNING [http-nio-8080-exec-4] org.glassfish.jersey.server.internal.scanning.AnnotationAcceptingListener$ClassReaderWrapper.accept Unsupported class file major version 66
28-Jul-2025 12:30:57.488 WARNING [http-nio-8080-exec-4] org.glassfish.jersey.server.internal.scanning.AnnotationAcceptingListener$ClassReaderWrapper.accept Unsupported class file major version 66
28-Jul-2025 12:30:57.488 WARNING [http-nio-8080-exec-4] org.glassfish.jersey.server.internal.scanning.AnnotationAcceptingListener$ClassReaderWrapper.accept Unsupported class file major version 66
28-Jul-2025 12:30:57.488 WARNING [http-nio-8080-exec-4] org.glassfish.jersey.server.internal.scanning.AnnotationAcceptingListener$ClassReaderWrapper.accept Unsupported class file major version 66
28-Jul-2025 12:30:57.488 WARNING [http-nio-8080-exec-4] org.glassfish.jersey.server.internal.scanning.AnnotationAcceptingListener$ClassReaderWrapper.accept Unsupported class file major version 66
28-Jul-2025 12:30:57.488 WARNING [http-nio-8080-exec-4] org.glassfish.jersey.server.internal.scanning.AnnotationAcceptingListener$ClassReaderWrapper.accept Unsupported class file major version 66
28-Jul-2025 12:30:57.488 WARNING [http-nio-8080-exec-4] org.glassfish.jersey.server.internal.scanning.AnnotationAcceptingListener$ClassReaderWrapper.accept Unsupported class file major version 66
28-Jul-2025 12:30:57.488 WARNING [http-nio-8080-exec-4] org.glassfish.jersey.server.internal.scanning.AnnotationAcceptingListener$ClassReaderWrapper.accept Unsupported class file major version 66
28-Jul-2025 12:30:57.488 WARNING [http-nio-8080-exec-4] org.glassfish.jersey.server.internal.scanning.AnnotationAcceptingListener$ClassReaderWrapper.accept Unsupported class file major version 66
28-Jul-2025 12:30:57.488 WARNING [http-nio-8080-exec-4] org.glassfish.jersey.server.internal.scanning.AnnotationAcceptingListener$ClassReaderWrapper.accept Unsupported class file major version 66
28-Jul-2025 12:30:57.588 WARNING [http-nio-8080-exec-4] org.glassfish.jersey.server.wadl.WadlFeature.configure JAXBContext implementation could not be found. WADL feature is disabled.
28-Jul-2025 12:30:57.907 INFO [http-nio-8080-exec-4] org.apache.catalina.startup.HostConfig.deployDescriptor Deployment of deployment descriptor [C:\Users\Administrador\Documents\proyecto_final_helder_java-js\apache-tomcat-11.0.8-windows-x64\apache-tomcat-11.0.8\conf\Catalina\localhost\helder.xml] has finished in [1.877] ms
28-Jul-2025 12:30:57.922 INFO [http-nio-8080-exec-3] org.apache.catalina.util.LifecycleBase.start The start() method was called on component [StandardEngine[Catalina].StandardHost[localhost].StandardContext[/helder]] after start() had already been called. The second call will be ignored.
28-Jul-2025 12:30:58.043 INFO [mysql-cj-abandoned-connection-cleanup] org.apache.catalina.loader.WebappClassLoaderBase.checkStateForResourceLoading Acceso ilegal: esta instancia de aplicación web ya ha sido parada.  Could not load [].  La eventual traza de pila que sigue ha sido motivada por un error lanzado con motivos de depuración así como para intentar terminar el hilo que motivó el acceso ilegal y no tiene impacto funcional.
	java.lang.IllegalStateException: Acceso ilegal: esta instancia de aplicación web ya ha sido parada.  Could not load [].  La eventual traza de pila que sigue ha sido motivada por un error lanzado con motivos de depuración así como para intentar terminar el hilo que motivó el acceso ilegal y no tiene impacto funcional.
		at org.apache.catalina.loader.WebappClassLoaderBase.checkStateForResourceLoading(WebappClassLoaderBase.java:1248)
		at org.apache.catalina.loader.WebappClassLoaderBase.getResource(WebappClassLoaderBase.java:857)
		at com.mysql.cj.jdbc.AbandonedConnectionCleanupThread.checkThreadContextClassLoader(AbandonedConnectionCleanupThread.java:123)
		at com.mysql.cj.jdbc.AbandonedConnectionCleanupThread.run(AbandonedConnectionCleanupThread.java:90)
		at java.base/java.util.concurrent.ThreadPoolExecutor.runWorker(ThreadPoolExecutor.java:1144)
		at java.base/java.util.concurrent.ThreadPoolExecutor$Worker.run(ThreadPoolExecutor.java:642)
		at java.base/java.lang.Thread.run(Thread.java:1570)
28-Jul-2025 12:51:40.410 WARNING [http-nio-8080-exec-17] org.apache.catalina.loader.WebappClassLoaderBase.clearReferencesJdbc La aplicación web [helder] registró el conductor JDBC [com.mysql.cj.jdbc.Driver] pero falló al anular el registro mientras la aplicación web estaba parada. Para prevenir un fallo de memoria, se ha anulado el registro del conductor JDBC por la fuerza.
28-Jul-2025 12:51:40.411 WARNING [http-nio-8080-exec-17] org.apache.catalina.loader.WebappClassLoaderBase.clearReferencesThreads The web application [helder] appears to have started a thread named [mysql-cj-abandoned-connection-cleanup] but has failed to stop it. This is very likely to create a memory leak. Stack trace of thread:
 java.base/jdk.internal.misc.Unsafe.park(Native Method)
 java.base/java.util.concurrent.locks.LockSupport.parkNanos(LockSupport.java:269)
 java.base/java.util.concurrent.locks.AbstractQueuedSynchronizer$ConditionObject.await(AbstractQueuedSynchronizer.java:1847)
 java.base/java.lang.ref.ReferenceQueue.await(ReferenceQueue.java:71)
 java.base/java.lang.ref.ReferenceQueue.remove0(ReferenceQueue.java:143)
 java.base/java.lang.ref.ReferenceQueue.remove(ReferenceQueue.java:218)
 com.mysql.cj.jdbc.AbandonedConnectionCleanupThread.run(AbandonedConnectionCleanupThread.java:91)
 java.base/java.util.concurrent.ThreadPoolExecutor.runWorker(ThreadPoolExecutor.java:1144)
 java.base/java.util.concurrent.ThreadPoolExecutor$Worker.run(ThreadPoolExecutor.java:642)
 java.base/java.lang.Thread.run(Thread.java:1570)
28-Jul-2025 12:51:40.919 INFO [http-nio-8080-exec-17] org.apache.catalina.startup.HostConfig.undeploy Repliegue (undeploy) de la aplicación web que tiene como trayectoria de contexto [/helder]
28-Jul-2025 12:51:40.934 INFO [http-nio-8080-exec-16] org.apache.catalina.startup.HostConfig.deployDescriptor Desplieque del descriptor de configuración [C:\Users\Administrador\Documents\proyecto_final_helder_java-js\apache-tomcat-11.0.8-windows-x64\apache-tomcat-11.0.8\conf\Catalina\localhost\helder.xml]
28-Jul-2025 12:51:40.936 WARNING [http-nio-8080-exec-16] org.apache.catalina.startup.HostConfig.deployDescriptor The path attribute with value [/helder] in deployment descriptor [C:\Users\Administrador\Documents\proyecto_final_helder_java-js\apache-tomcat-11.0.8-windows-x64\apache-tomcat-11.0.8\conf\Catalina\localhost\helder.xml] has been ignored
28-Jul-2025 12:51:41.811 INFO [http-nio-8080-exec-16] org.apache.jasper.servlet.TldScanner.scanJars Al menos un JAR, que se ha explorado buscando TLDs, aún no contenía TLDs. Activar historial de depuración para este historiador para una completa lista de los JARs que fueron explorados y de los que nos se halló TLDs. Saltarse JARs no necesarios durante la exploración puede dar lugar a una mejora de tiempo significativa en el arranque y compilación de JSP .
28-Jul-2025 12:51:42.283 WARNING [http-nio-8080-exec-16] org.glassfish.jersey.server.internal.scanning.AnnotationAcceptingListener$ClassReaderWrapper.accept Unsupported class file major version 66
28-Jul-2025 12:51:42.285 WARNING [http-nio-8080-exec-16] org.glassfish.jersey.server.internal.scanning.AnnotationAcceptingListener$ClassReaderWrapper.accept Unsupported class file major version 66
28-Jul-2025 12:51:42.285 WARNING [http-nio-8080-exec-16] org.glassfish.jersey.server.internal.scanning.AnnotationAcceptingListener$ClassReaderWrapper.accept Unsupported class file major version 66
28-Jul-2025 12:51:42.285 WARNING [http-nio-8080-exec-16] org.glassfish.jersey.server.internal.scanning.AnnotationAcceptingListener$ClassReaderWrapper.accept Unsupported class file major version 66
28-Jul-2025 12:51:42.286 WARNING [http-nio-8080-exec-16] org.glassfish.jersey.server.internal.scanning.AnnotationAcceptingListener$ClassReaderWrapper.accept Unsupported class file major version 66
28-Jul-2025 12:51:42.286 WARNING [http-nio-8080-exec-16] org.glassfish.jersey.server.internal.scanning.AnnotationAcceptingListener$ClassReaderWrapper.accept Unsupported class file major version 66
28-Jul-2025 12:51:42.287 WARNING [http-nio-8080-exec-16] org.glassfish.jersey.server.internal.scanning.AnnotationAcceptingListener$ClassReaderWrapper.accept Unsupported class file major version 66
28-Jul-2025 12:51:42.287 WARNING [http-nio-8080-exec-16] org.glassfish.jersey.server.internal.scanning.AnnotationAcceptingListener$ClassReaderWrapper.accept Unsupported class file major version 66
28-Jul-2025 12:51:42.287 WARNING [http-nio-8080-exec-16] org.glassfish.jersey.server.internal.scanning.AnnotationAcceptingListener$ClassReaderWrapper.accept Unsupported class file major version 66
28-Jul-2025 12:51:42.288 WARNING [http-nio-8080-exec-16] org.glassfish.jersey.server.internal.scanning.AnnotationAcceptingListener$ClassReaderWrapper.accept Unsupported class file major version 66
28-Jul-2025 12:51:42.288 WARNING [http-nio-8080-exec-16] org.glassfish.jersey.server.internal.scanning.AnnotationAcceptingListener$ClassReaderWrapper.accept Unsupported class file major version 66
28-Jul-2025 12:51:42.289 WARNING [http-nio-8080-exec-16] org.glassfish.jersey.server.internal.scanning.AnnotationAcceptingListener$ClassReaderWrapper.accept Unsupported class file major version 66
28-Jul-2025 12:51:42.289 WARNING [http-nio-8080-exec-16] org.glassfish.jersey.server.internal.scanning.AnnotationAcceptingListener$ClassReaderWrapper.accept Unsupported class file major version 66
28-Jul-2025 12:51:42.290 WARNING [http-nio-8080-exec-16] org.glassfish.jersey.server.internal.scanning.AnnotationAcceptingListener$ClassReaderWrapper.accept Unsupported class file major version 66
28-Jul-2025 12:51:42.290 WARNING [http-nio-8080-exec-16] org.glassfish.jersey.server.internal.scanning.AnnotationAcceptingListener$ClassReaderWrapper.accept Unsupported class file major version 66
28-Jul-2025 12:51:42.290 WARNING [http-nio-8080-exec-16] org.glassfish.jersey.server.internal.scanning.AnnotationAcceptingListener$ClassReaderWrapper.accept Unsupported class file major version 66
28-Jul-2025 12:51:42.291 WARNING [http-nio-8080-exec-16] org.glassfish.jersey.server.internal.scanning.AnnotationAcceptingListener$ClassReaderWrapper.accept Unsupported class file major version 66
28-Jul-2025 12:51:42.291 WARNING [http-nio-8080-exec-16] org.glassfish.jersey.server.internal.scanning.AnnotationAcceptingListener$ClassReaderWrapper.accept Unsupported class file major version 66
28-Jul-2025 12:51:42.292 WARNING [http-nio-8080-exec-16] org.glassfish.jersey.server.internal.scanning.AnnotationAcceptingListener$ClassReaderWrapper.accept Unsupported class file major version 66
28-Jul-2025 12:51:42.369 WARNING [http-nio-8080-exec-16] org.glassfish.jersey.server.wadl.WadlFeature.configure JAXBContext implementation could not be found. WADL feature is disabled.
28-Jul-2025 12:51:42.652 INFO [http-nio-8080-exec-16] org.apache.catalina.startup.HostConfig.deployDescriptor Deployment of deployment descriptor [C:\Users\Administrador\Documents\proyecto_final_helder_java-js\apache-tomcat-11.0.8-windows-x64\apache-tomcat-11.0.8\conf\Catalina\localhost\helder.xml] has finished in [1.717] ms
28-Jul-2025 12:51:42.654 INFO [http-nio-8080-exec-12] org.apache.catalina.util.LifecycleBase.start The start() method was called on component [StandardEngine[Catalina].StandardHost[localhost].StandardContext[/helder]] after start() had already been called. The second call will be ignored.
28-Jul-2025 12:51:44.770 INFO [mysql-cj-abandoned-connection-cleanup] org.apache.catalina.loader.WebappClassLoaderBase.checkStateForResourceLoading Acceso ilegal: esta instancia de aplicación web ya ha sido parada.  Could not load [].  La eventual traza de pila que sigue ha sido motivada por un error lanzado con motivos de depuración así como para intentar terminar el hilo que motivó el acceso ilegal y no tiene impacto funcional.
	java.lang.IllegalStateException: Acceso ilegal: esta instancia de aplicación web ya ha sido parada.  Could not load [].  La eventual traza de pila que sigue ha sido motivada por un error lanzado con motivos de depuración así como para intentar terminar el hilo que motivó el acceso ilegal y no tiene impacto funcional.
		at org.apache.catalina.loader.WebappClassLoaderBase.checkStateForResourceLoading(WebappClassLoaderBase.java:1248)
		at org.apache.catalina.loader.WebappClassLoaderBase.getResource(WebappClassLoaderBase.java:857)
		at com.mysql.cj.jdbc.AbandonedConnectionCleanupThread.checkThreadContextClassLoader(AbandonedConnectionCleanupThread.java:123)
		at com.mysql.cj.jdbc.AbandonedConnectionCleanupThread.run(AbandonedConnectionCleanupThread.java:90)
		at java.base/java.util.concurrent.ThreadPoolExecutor.runWorker(ThreadPoolExecutor.java:1144)
		at java.base/java.util.concurrent.ThreadPoolExecutor$Worker.run(ThreadPoolExecutor.java:642)
		at java.base/java.lang.Thread.run(Thread.java:1570)
28-Jul-2025 13:33:28.211 WARNING [http-nio-8080-exec-23] org.apache.catalina.loader.WebappClassLoaderBase.clearReferencesJdbc La aplicación web [helder] registró el conductor JDBC [com.mysql.cj.jdbc.Driver] pero falló al anular el registro mientras la aplicación web estaba parada. Para prevenir un fallo de memoria, se ha anulado el registro del conductor JDBC por la fuerza.
28-Jul-2025 13:33:28.211 WARNING [http-nio-8080-exec-23] org.apache.catalina.loader.WebappClassLoaderBase.clearReferencesThreads The web application [helder] appears to have started a thread named [mysql-cj-abandoned-connection-cleanup] but has failed to stop it. This is very likely to create a memory leak. Stack trace of thread:
 java.base/jdk.internal.misc.Unsafe.park(Native Method)
 java.base/java.util.concurrent.locks.LockSupport.parkNanos(LockSupport.java:269)
 java.base/java.util.concurrent.locks.AbstractQueuedSynchronizer$ConditionObject.await(AbstractQueuedSynchronizer.java:1847)
 java.base/java.lang.ref.ReferenceQueue.await(ReferenceQueue.java:71)
 java.base/java.lang.ref.ReferenceQueue.remove0(ReferenceQueue.java:143)
 java.base/java.lang.ref.ReferenceQueue.remove(ReferenceQueue.java:218)
 com.mysql.cj.jdbc.AbandonedConnectionCleanupThread.run(AbandonedConnectionCleanupThread.java:91)
 java.base/java.util.concurrent.ThreadPoolExecutor.runWorker(ThreadPoolExecutor.java:1144)
 java.base/java.util.concurrent.ThreadPoolExecutor$Worker.run(ThreadPoolExecutor.java:642)
 java.base/java.lang.Thread.run(Thread.java:1570)
28-Jul-2025 13:33:28.345 INFO [mysql-cj-abandoned-connection-cleanup] org.apache.catalina.loader.WebappClassLoaderBase.checkStateForResourceLoading Acceso ilegal: esta instancia de aplicación web ya ha sido parada.  Could not load [].  La eventual traza de pila que sigue ha sido motivada por un error lanzado con motivos de depuración así como para intentar terminar el hilo que motivó el acceso ilegal y no tiene impacto funcional.
	java.lang.IllegalStateException: Acceso ilegal: esta instancia de aplicación web ya ha sido parada.  Could not load [].  La eventual traza de pila que sigue ha sido motivada por un error lanzado con motivos de depuración así como para intentar terminar el hilo que motivó el acceso ilegal y no tiene impacto funcional.
		at org.apache.catalina.loader.WebappClassLoaderBase.checkStateForResourceLoading(WebappClassLoaderBase.java:1248)
		at org.apache.catalina.loader.WebappClassLoaderBase.getResource(WebappClassLoaderBase.java:857)
		at com.mysql.cj.jdbc.AbandonedConnectionCleanupThread.checkThreadContextClassLoader(AbandonedConnectionCleanupThread.java:123)
		at com.mysql.cj.jdbc.AbandonedConnectionCleanupThread.run(AbandonedConnectionCleanupThread.java:90)
		at java.base/java.util.concurrent.ThreadPoolExecutor.runWorker(ThreadPoolExecutor.java:1144)
		at java.base/java.util.concurrent.ThreadPoolExecutor$Worker.run(ThreadPoolExecutor.java:642)
		at java.base/java.lang.Thread.run(Thread.java:1570)
28-Jul-2025 13:33:28.725 INFO [http-nio-8080-exec-23] org.apache.catalina.startup.HostConfig.undeploy Repliegue (undeploy) de la aplicación web que tiene como trayectoria de contexto [/helder]
28-Jul-2025 13:33:28.745 INFO [http-nio-8080-exec-22] org.apache.catalina.startup.HostConfig.deployDescriptor Desplieque del descriptor de configuración [C:\Users\Administrador\Documents\proyecto_final_helder_java-js\apache-tomcat-11.0.8-windows-x64\apache-tomcat-11.0.8\conf\Catalina\localhost\helder.xml]
28-Jul-2025 13:33:28.746 WARNING [http-nio-8080-exec-22] org.apache.catalina.startup.HostConfig.deployDescriptor The path attribute with value [/helder] in deployment descriptor [C:\Users\Administrador\Documents\proyecto_final_helder_java-js\apache-tomcat-11.0.8-windows-x64\apache-tomcat-11.0.8\conf\Catalina\localhost\helder.xml] has been ignored
28-Jul-2025 13:33:29.618 INFO [http-nio-8080-exec-22] org.apache.jasper.servlet.TldScanner.scanJars Al menos un JAR, que se ha explorado buscando TLDs, aún no contenía TLDs. Activar historial de depuración para este historiador para una completa lista de los JARs que fueron explorados y de los que nos se halló TLDs. Saltarse JARs no necesarios durante la exploración puede dar lugar a una mejora de tiempo significativa en el arranque y compilación de JSP .
28-Jul-2025 13:33:30.106 WARNING [http-nio-8080-exec-22] org.glassfish.jersey.server.internal.scanning.AnnotationAcceptingListener$ClassReaderWrapper.accept Unsupported class file major version 66
28-Jul-2025 13:33:30.109 WARNING [http-nio-8080-exec-22] org.glassfish.jersey.server.internal.scanning.AnnotationAcceptingListener$ClassReaderWrapper.accept Unsupported class file major version 66
28-Jul-2025 13:33:30.109 WARNING [http-nio-8080-exec-22] org.glassfish.jersey.server.internal.scanning.AnnotationAcceptingListener$ClassReaderWrapper.accept Unsupported class file major version 66
28-Jul-2025 13:33:30.109 WARNING [http-nio-8080-exec-22] org.glassfish.jersey.server.internal.scanning.AnnotationAcceptingListener$ClassReaderWrapper.accept Unsupported class file major version 66
28-Jul-2025 13:33:30.110 WARNING [http-nio-8080-exec-22] org.glassfish.jersey.server.internal.scanning.AnnotationAcceptingListener$ClassReaderWrapper.accept Unsupported class file major version 66
28-Jul-2025 13:33:30.110 WARNING [http-nio-8080-exec-22] org.glassfish.jersey.server.internal.scanning.AnnotationAcceptingListener$ClassReaderWrapper.accept Unsupported class file major version 66
28-Jul-2025 13:33:30.110 WARNING [http-nio-8080-exec-22] org.glassfish.jersey.server.internal.scanning.AnnotationAcceptingListener$ClassReaderWrapper.accept Unsupported class file major version 66
28-Jul-2025 13:33:30.111 WARNING [http-nio-8080-exec-22] org.glassfish.jersey.server.internal.scanning.AnnotationAcceptingListener$ClassReaderWrapper.accept Unsupported class file major version 66
28-Jul-2025 13:33:30.111 WARNING [http-nio-8080-exec-22] org.glassfish.jersey.server.internal.scanning.AnnotationAcceptingListener$ClassReaderWrapper.accept Unsupported class file major version 66
28-Jul-2025 13:33:30.111 WARNING [http-nio-8080-exec-22] org.glassfish.jersey.server.internal.scanning.AnnotationAcceptingListener$ClassReaderWrapper.accept Unsupported class file major version 66
28-Jul-2025 13:33:30.111 WARNING [http-nio-8080-exec-22] org.glassfish.jersey.server.internal.scanning.AnnotationAcceptingListener$ClassReaderWrapper.accept Unsupported class file major version 66
28-Jul-2025 13:33:30.112 WARNING [http-nio-8080-exec-22] org.glassfish.jersey.server.internal.scanning.AnnotationAcceptingListener$ClassReaderWrapper.accept Unsupported class file major version 66
28-Jul-2025 13:33:30.112 WARNING [http-nio-8080-exec-22] org.glassfish.jersey.server.internal.scanning.AnnotationAcceptingListener$ClassReaderWrapper.accept Unsupported class file major version 66
28-Jul-2025 13:33:30.112 WARNING [http-nio-8080-exec-22] org.glassfish.jersey.server.internal.scanning.AnnotationAcceptingListener$ClassReaderWrapper.accept Unsupported class file major version 66
28-Jul-2025 13:33:30.113 WARNING [http-nio-8080-exec-22] org.glassfish.jersey.server.internal.scanning.AnnotationAcceptingListener$ClassReaderWrapper.accept Unsupported class file major version 66
28-Jul-2025 13:33:30.113 WARNING [http-nio-8080-exec-22] org.glassfish.jersey.server.internal.scanning.AnnotationAcceptingListener$ClassReaderWrapper.accept Unsupported class file major version 66
28-Jul-2025 13:33:30.113 WARNING [http-nio-8080-exec-22] org.glassfish.jersey.server.internal.scanning.AnnotationAcceptingListener$ClassReaderWrapper.accept Unsupported class file major version 66
28-Jul-2025 13:33:30.113 WARNING [http-nio-8080-exec-22] org.glassfish.jersey.server.internal.scanning.AnnotationAcceptingListener$ClassReaderWrapper.accept Unsupported class file major version 66
28-Jul-2025 13:33:30.114 WARNING [http-nio-8080-exec-22] org.glassfish.jersey.server.internal.scanning.AnnotationAcceptingListener$ClassReaderWrapper.accept Unsupported class file major version 66
28-Jul-2025 13:33:30.195 WARNING [http-nio-8080-exec-22] org.glassfish.jersey.server.wadl.WadlFeature.configure JAXBContext implementation could not be found. WADL feature is disabled.
28-Jul-2025 13:33:30.492 INFO [http-nio-8080-exec-22] org.apache.catalina.startup.HostConfig.deployDescriptor Deployment of deployment descriptor [C:\Users\Administrador\Documents\proyecto_final_helder_java-js\apache-tomcat-11.0.8-windows-x64\apache-tomcat-11.0.8\conf\Catalina\localhost\helder.xml] has finished in [1.746] ms
28-Jul-2025 13:33:30.494 INFO [http-nio-8080-exec-21] org.apache.catalina.util.LifecycleBase.start The start() method was called on component [StandardEngine[Catalina].StandardHost[localhost].StandardContext[/helder]] after start() had already been called. The second call will be ignored.
28-Jul-2025 16:41:31.484 WARNING [http-nio-8080-exec-38] org.glassfish.jersey.server.ServerRuntime$Responder.process An exception mapping did not successfully produce and processed a response. Logging the exception propagated to the default exception mapper.
	java.lang.ClassCastException: class java.util.ArrayList cannot be cast to class modelo.Favorito (java.util.ArrayList is in module java.base of loader 'bootstrap'; modelo.Favorito is in unnamed module of loader org.apache.catalina.loader.ParallelWebappClassLoader @6e22546a)
		at controlador.FavoritoResource.getFavoritoPorId(FavoritoResource.java:26)
		at java.base/jdk.internal.reflect.DirectMethodHandleAccessor.invoke(DirectMethodHandleAccessor.java:103)
		at java.base/java.lang.reflect.Method.invoke(Method.java:580)
		at org.glassfish.jersey.server.model.internal.ResourceMethodInvocationHandlerFactory.lambda$static$0(ResourceMethodInvocationHandlerFactory.java:52)
		at org.glassfish.jersey.server.model.internal.AbstractJavaResourceMethodDispatcher$1.run(AbstractJavaResourceMethodDispatcher.java:146)
		at org.glassfish.jersey.server.model.internal.AbstractJavaResourceMethodDispatcher.invoke(AbstractJavaResourceMethodDispatcher.java:189)
		at org.glassfish.jersey.server.model.internal.JavaResourceMethodDispatcherProvider$ResponseOutInvoker.doDispatch(JavaResourceMethodDispatcherProvider.java:176)
		at org.glassfish.jersey.server.model.internal.AbstractJavaResourceMethodDispatcher.dispatch(AbstractJavaResourceMethodDispatcher.java:93)
		at org.glassfish.jersey.server.model.ResourceMethodInvoker.invoke(ResourceMethodInvoker.java:478)
		at org.glassfish.jersey.server.model.ResourceMethodInvoker.apply(ResourceMethodInvoker.java:400)
		at org.glassfish.jersey.server.model.ResourceMethodInvoker.apply(ResourceMethodInvoker.java:81)
		at org.glassfish.jersey.server.ServerRuntime$1.run(ServerRuntime.java:261)
		at org.glassfish.jersey.internal.Errors$1.call(Errors.java:248)
		at org.glassfish.jersey.internal.Errors$1.call(Errors.java:244)
		at org.glassfish.jersey.internal.Errors.process(Errors.java:292)
		at org.glassfish.jersey.internal.Errors.process(Errors.java:274)
		at org.glassfish.jersey.internal.Errors.process(Errors.java:244)
		at org.glassfish.jersey.process.internal.RequestScope.runInScope(RequestScope.java:265)
		at org.glassfish.jersey.server.ServerRuntime.process(ServerRuntime.java:240)
		at org.glassfish.jersey.server.ApplicationHandler.handle(ApplicationHandler.java:697)
		at org.glassfish.jersey.servlet.WebComponent.serviceImpl(WebComponent.java:394)
		at org.glassfish.jersey.servlet.WebComponent.service(WebComponent.java:346)
		at org.glassfish.jersey.servlet.ServletContainer.service(ServletContainer.java:357)
		at org.glassfish.jersey.servlet.ServletContainer.service(ServletContainer.java:311)
		at org.glassfish.jersey.servlet.ServletContainer.service(ServletContainer.java:205)
		at org.apache.catalina.core.ApplicationFilterChain.doFilter(ApplicationFilterChain.java:130)
		at org.apache.tomcat.websocket.server.WsFilter.doFilter(WsFilter.java:53)
		at org.apache.catalina.core.ApplicationFilterChain.doFilter(ApplicationFilterChain.java:109)
		at org.apache.catalina.core.StandardWrapperValve.invoke(StandardWrapperValve.java:167)
		at org.apache.catalina.core.StandardContextValve.invoke(StandardContextValve.java:79)
		at org.apache.catalina.authenticator.AuthenticatorBase.invoke(AuthenticatorBase.java:483)
		at org.apache.catalina.core.StandardHostValve.invoke(StandardHostValve.java:116)
		at org.apache.catalina.valves.ErrorReportValve.invoke(ErrorReportValve.java:93)
		at org.apache.catalina.valves.AbstractAccessLogValve.invoke(AbstractAccessLogValve.java:666)
		at org.apache.catalina.core.StandardEngineValve.invoke(StandardEngineValve.java:74)
		at org.apache.catalina.connector.CoyoteAdapter.service(CoyoteAdapter.java:343)
		at org.apache.coyote.http11.Http11Processor.service(Http11Processor.java:396)
		at org.apache.coyote.AbstractProcessorLight.process(AbstractProcessorLight.java:63)
		at org.apache.coyote.AbstractProtocol$ConnectionHandler.process(AbstractProtocol.java:903)
		at org.apache.tomcat.util.net.NioEndpoint$SocketProcessor.doRun(NioEndpoint.java:1773)
		at org.apache.tomcat.util.net.SocketProcessorBase.run(SocketProcessorBase.java:52)
		at org.apache.tomcat.util.threads.ThreadPoolExecutor.runWorker(ThreadPoolExecutor.java:1149)
		at org.apache.tomcat.util.threads.ThreadPoolExecutor$Worker.run(ThreadPoolExecutor.java:637)
		at org.apache.tomcat.util.threads.TaskThread$WrappingRunnable.run(TaskThread.java:59)
		at java.base/java.lang.Thread.run(Thread.java:1570)
28-Jul-2025 16:41:31.669 SEVERE [http-nio-8080-exec-38] org.glassfish.jersey.server.ServerRuntime$Responder.writeResponse Error while closing the output stream in order to commit response.
	org.glassfish.jersey.server.ContainerException: java.util.concurrent.ExecutionException: java.lang.ClassCastException: class java.util.ArrayList cannot be cast to class modelo.Favorito (java.util.ArrayList is in module java.base of loader 'bootstrap'; modelo.Favorito is in unnamed module of loader org.apache.catalina.loader.ParallelWebappClassLoader @6e22546a)
		at org.glassfish.jersey.servlet.internal.ResponseWriter.getResponseContext(ResponseWriter.java:278)
		at org.glassfish.jersey.servlet.internal.ResponseWriter.writeResponseStatusAndHeaders(ResponseWriter.java:128)
		at org.glassfish.jersey.server.ServerRuntime$Responder$1.getOutputStream(ServerRuntime.java:667)
		at org.glassfish.jersey.message.internal.CommittingOutputStream.commitStream(CommittingOutputStream.java:171)
		at org.glassfish.jersey.message.internal.CommittingOutputStream.flushBuffer(CommittingOutputStream.java:276)
		at org.glassfish.jersey.message.internal.CommittingOutputStream.commit(CommittingOutputStream.java:232)
		at org.glassfish.jersey.message.internal.CommittingOutputStream.close(CommittingOutputStream.java:247)
		at org.glassfish.jersey.message.internal.OutboundMessageContext.close(OutboundMessageContext.java:865)
		at org.glassfish.jersey.server.ContainerResponse.close(ContainerResponse.java:403)
		at org.glassfish.jersey.server.ServerRuntime$Responder.writeResponse(ServerRuntime.java:749)
		at org.glassfish.jersey.server.ServerRuntime$Responder.processResponse(ServerRuntime.java:385)
		at org.glassfish.jersey.server.ServerRuntime$Responder.processResponseWithDefaultExceptionMapper(ServerRuntime.java:633)
		at org.glassfish.jersey.server.ServerRuntime$Responder.process(ServerRuntime.java:458)
		at org.glassfish.jersey.server.ServerRuntime$1.run(ServerRuntime.java:269)
		at org.glassfish.jersey.internal.Errors$1.call(Errors.java:248)
		at org.glassfish.jersey.internal.Errors$1.call(Errors.java:244)
		at org.glassfish.jersey.internal.Errors.process(Errors.java:292)
		at org.glassfish.jersey.internal.Errors.process(Errors.java:274)
		at org.glassfish.jersey.internal.Errors.process(Errors.java:244)
		at org.glassfish.jersey.process.internal.RequestScope.runInScope(RequestScope.java:265)
		at org.glassfish.jersey.server.ServerRuntime.process(ServerRuntime.java:240)
		at org.glassfish.jersey.server.ApplicationHandler.handle(ApplicationHandler.java:697)
		at org.glassfish.jersey.servlet.WebComponent.serviceImpl(WebComponent.java:394)
		at org.glassfish.jersey.servlet.WebComponent.service(WebComponent.java:346)
		at org.glassfish.jersey.servlet.ServletContainer.service(ServletContainer.java:357)
		at org.glassfish.jersey.servlet.ServletContainer.service(ServletContainer.java:311)
		at org.glassfish.jersey.servlet.ServletContainer.service(ServletContainer.java:205)
		at org.apache.catalina.core.ApplicationFilterChain.doFilter(ApplicationFilterChain.java:130)
		at org.apache.tomcat.websocket.server.WsFilter.doFilter(WsFilter.java:53)
		at org.apache.catalina.core.ApplicationFilterChain.doFilter(ApplicationFilterChain.java:109)
		at org.apache.catalina.core.StandardWrapperValve.invoke(StandardWrapperValve.java:167)
		at org.apache.catalina.core.StandardContextValve.invoke(StandardContextValve.java:79)
		at org.apache.catalina.authenticator.AuthenticatorBase.invoke(AuthenticatorBase.java:483)
		at org.apache.catalina.core.StandardHostValve.invoke(StandardHostValve.java:116)
		at org.apache.catalina.valves.ErrorReportValve.invoke(ErrorReportValve.java:93)
		at org.apache.catalina.valves.AbstractAccessLogValve.invoke(AbstractAccessLogValve.java:666)
		at org.apache.catalina.core.StandardEngineValve.invoke(StandardEngineValve.java:74)
		at org.apache.catalina.connector.CoyoteAdapter.service(CoyoteAdapter.java:343)
		at org.apache.coyote.http11.Http11Processor.service(Http11Processor.java:396)
		at org.apache.coyote.AbstractProcessorLight.process(AbstractProcessorLight.java:63)
		at org.apache.coyote.AbstractProtocol$ConnectionHandler.process(AbstractProtocol.java:903)
		at org.apache.tomcat.util.net.NioEndpoint$SocketProcessor.doRun(NioEndpoint.java:1773)
		at org.apache.tomcat.util.net.SocketProcessorBase.run(SocketProcessorBase.java:52)
		at org.apache.tomcat.util.threads.ThreadPoolExecutor.runWorker(ThreadPoolExecutor.java:1149)
		at org.apache.tomcat.util.threads.ThreadPoolExecutor$Worker.run(ThreadPoolExecutor.java:637)
		at org.apache.tomcat.util.threads.TaskThread$WrappingRunnable.run(TaskThread.java:59)
		at java.base/java.lang.Thread.run(Thread.java:1570)
	Caused by: java.util.concurrent.ExecutionException: java.lang.ClassCastException: class java.util.ArrayList cannot be cast to class modelo.Favorito (java.util.ArrayList is in module java.base of loader 'bootstrap'; modelo.Favorito is in unnamed module of loader org.apache.catalina.loader.ParallelWebappClassLoader @6e22546a)
		at java.base/java.util.concurrent.CompletableFuture.reportGet(CompletableFuture.java:396)
		at java.base/java.util.concurrent.CompletableFuture.get(CompletableFuture.java:2073)
		at org.glassfish.jersey.servlet.internal.ResponseWriter.getResponseContext(ResponseWriter.java:276)
		... 46 more
	Caused by: java.lang.ClassCastException: class java.util.ArrayList cannot be cast to class modelo.Favorito (java.util.ArrayList is in module java.base of loader 'bootstrap'; modelo.Favorito is in unnamed module of loader org.apache.catalina.loader.ParallelWebappClassLoader @6e22546a)
		at controlador.FavoritoResource.getFavoritoPorId(FavoritoResource.java:26)
		at java.base/jdk.internal.reflect.DirectMethodHandleAccessor.invoke(DirectMethodHandleAccessor.java:103)
		at java.base/java.lang.reflect.Method.invoke(Method.java:580)
		at org.glassfish.jersey.server.model.internal.ResourceMethodInvocationHandlerFactory.lambda$static$0(ResourceMethodInvocationHandlerFactory.java:52)
		at org.glassfish.jersey.server.model.internal.AbstractJavaResourceMethodDispatcher$1.run(AbstractJavaResourceMethodDispatcher.java:146)
		at org.glassfish.jersey.server.model.internal.AbstractJavaResourceMethodDispatcher.invoke(AbstractJavaResourceMethodDispatcher.java:189)
		at org.glassfish.jersey.server.model.internal.JavaResourceMethodDispatcherProvider$ResponseOutInvoker.doDispatch(JavaResourceMethodDispatcherProvider.java:176)
		at org.glassfish.jersey.server.model.internal.AbstractJavaResourceMethodDispatcher.dispatch(AbstractJavaResourceMethodDispatcher.java:93)
		at org.glassfish.jersey.server.model.ResourceMethodInvoker.invoke(ResourceMethodInvoker.java:478)
		at org.glassfish.jersey.server.model.ResourceMethodInvoker.apply(ResourceMethodInvoker.java:400)
		at org.glassfish.jersey.server.model.ResourceMethodInvoker.apply(ResourceMethodInvoker.java:81)
		at org.glassfish.jersey.server.ServerRuntime$1.run(ServerRuntime.java:261)
		... 33 more
28-Jul-2025 16:42:10.354 WARNING [http-nio-8080-exec-32] org.glassfish.jersey.server.ServerRuntime$Responder.process An exception mapping did not successfully produce and processed a response. Logging the exception propagated to the default exception mapper.
	java.lang.ClassCastException: class java.util.ArrayList cannot be cast to class modelo.Favorito (java.util.ArrayList is in module java.base of loader 'bootstrap'; modelo.Favorito is in unnamed module of loader org.apache.catalina.loader.ParallelWebappClassLoader @6e22546a)
		at controlador.FavoritoResource.getFavoritoPorId(FavoritoResource.java:26)
		at java.base/jdk.internal.reflect.DirectMethodHandleAccessor.invoke(DirectMethodHandleAccessor.java:103)
		at java.base/java.lang.reflect.Method.invoke(Method.java:580)
		at org.glassfish.jersey.server.model.internal.ResourceMethodInvocationHandlerFactory.lambda$static$0(ResourceMethodInvocationHandlerFactory.java:52)
		at org.glassfish.jersey.server.model.internal.AbstractJavaResourceMethodDispatcher$1.run(AbstractJavaResourceMethodDispatcher.java:146)
		at org.glassfish.jersey.server.model.internal.AbstractJavaResourceMethodDispatcher.invoke(AbstractJavaResourceMethodDispatcher.java:189)
		at org.glassfish.jersey.server.model.internal.JavaResourceMethodDispatcherProvider$ResponseOutInvoker.doDispatch(JavaResourceMethodDispatcherProvider.java:176)
		at org.glassfish.jersey.server.model.internal.AbstractJavaResourceMethodDispatcher.dispatch(AbstractJavaResourceMethodDispatcher.java:93)
		at org.glassfish.jersey.server.model.ResourceMethodInvoker.invoke(ResourceMethodInvoker.java:478)
		at org.glassfish.jersey.server.model.ResourceMethodInvoker.apply(ResourceMethodInvoker.java:400)
		at org.glassfish.jersey.server.model.ResourceMethodInvoker.apply(ResourceMethodInvoker.java:81)
		at org.glassfish.jersey.server.ServerRuntime$1.run(ServerRuntime.java:261)
		at org.glassfish.jersey.internal.Errors$1.call(Errors.java:248)
		at org.glassfish.jersey.internal.Errors$1.call(Errors.java:244)
		at org.glassfish.jersey.internal.Errors.process(Errors.java:292)
		at org.glassfish.jersey.internal.Errors.process(Errors.java:274)
		at org.glassfish.jersey.internal.Errors.process(Errors.java:244)
		at org.glassfish.jersey.process.internal.RequestScope.runInScope(RequestScope.java:265)
		at org.glassfish.jersey.server.ServerRuntime.process(ServerRuntime.java:240)
		at org.glassfish.jersey.server.ApplicationHandler.handle(ApplicationHandler.java:697)
		at org.glassfish.jersey.servlet.WebComponent.serviceImpl(WebComponent.java:394)
		at org.glassfish.jersey.servlet.WebComponent.service(WebComponent.java:346)
		at org.glassfish.jersey.servlet.ServletContainer.service(ServletContainer.java:357)
		at org.glassfish.jersey.servlet.ServletContainer.service(ServletContainer.java:311)
		at org.glassfish.jersey.servlet.ServletContainer.service(ServletContainer.java:205)
		at org.apache.catalina.core.ApplicationFilterChain.doFilter(ApplicationFilterChain.java:130)
		at org.apache.tomcat.websocket.server.WsFilter.doFilter(WsFilter.java:53)
		at org.apache.catalina.core.ApplicationFilterChain.doFilter(ApplicationFilterChain.java:109)
		at org.apache.catalina.core.StandardWrapperValve.invoke(StandardWrapperValve.java:167)
		at org.apache.catalina.core.StandardContextValve.invoke(StandardContextValve.java:79)
		at org.apache.catalina.authenticator.AuthenticatorBase.invoke(AuthenticatorBase.java:483)
		at org.apache.catalina.core.StandardHostValve.invoke(StandardHostValve.java:116)
		at org.apache.catalina.valves.ErrorReportValve.invoke(ErrorReportValve.java:93)
		at org.apache.catalina.valves.AbstractAccessLogValve.invoke(AbstractAccessLogValve.java:666)
		at org.apache.catalina.core.StandardEngineValve.invoke(StandardEngineValve.java:74)
		at org.apache.catalina.connector.CoyoteAdapter.service(CoyoteAdapter.java:343)
		at org.apache.coyote.http11.Http11Processor.service(Http11Processor.java:396)
		at org.apache.coyote.AbstractProcessorLight.process(AbstractProcessorLight.java:63)
		at org.apache.coyote.AbstractProtocol$ConnectionHandler.process(AbstractProtocol.java:903)
		at org.apache.tomcat.util.net.NioEndpoint$SocketProcessor.doRun(NioEndpoint.java:1773)
		at org.apache.tomcat.util.net.SocketProcessorBase.run(SocketProcessorBase.java:52)
		at org.apache.tomcat.util.threads.ThreadPoolExecutor.runWorker(ThreadPoolExecutor.java:1149)
		at org.apache.tomcat.util.threads.ThreadPoolExecutor$Worker.run(ThreadPoolExecutor.java:637)
		at org.apache.tomcat.util.threads.TaskThread$WrappingRunnable.run(TaskThread.java:59)
		at java.base/java.lang.Thread.run(Thread.java:1570)
28-Jul-2025 16:42:10.575 SEVERE [http-nio-8080-exec-32] org.glassfish.jersey.server.ServerRuntime$Responder.writeResponse Error while closing the output stream in order to commit response.
	org.glassfish.jersey.server.ContainerException: java.util.concurrent.ExecutionException: java.lang.ClassCastException: class java.util.ArrayList cannot be cast to class modelo.Favorito (java.util.ArrayList is in module java.base of loader 'bootstrap'; modelo.Favorito is in unnamed module of loader org.apache.catalina.loader.ParallelWebappClassLoader @6e22546a)
		at org.glassfish.jersey.servlet.internal.ResponseWriter.getResponseContext(ResponseWriter.java:278)
		at org.glassfish.jersey.servlet.internal.ResponseWriter.writeResponseStatusAndHeaders(ResponseWriter.java:128)
		at org.glassfish.jersey.server.ServerRuntime$Responder$1.getOutputStream(ServerRuntime.java:667)
		at org.glassfish.jersey.message.internal.CommittingOutputStream.commitStream(CommittingOutputStream.java:171)
		at org.glassfish.jersey.message.internal.CommittingOutputStream.flushBuffer(CommittingOutputStream.java:276)
		at org.glassfish.jersey.message.internal.CommittingOutputStream.commit(CommittingOutputStream.java:232)
		at org.glassfish.jersey.message.internal.CommittingOutputStream.close(CommittingOutputStream.java:247)
		at org.glassfish.jersey.message.internal.OutboundMessageContext.close(OutboundMessageContext.java:865)
		at org.glassfish.jersey.server.ContainerResponse.close(ContainerResponse.java:403)
		at org.glassfish.jersey.server.ServerRuntime$Responder.writeResponse(ServerRuntime.java:749)
		at org.glassfish.jersey.server.ServerRuntime$Responder.processResponse(ServerRuntime.java:385)
		at org.glassfish.jersey.server.ServerRuntime$Responder.processResponseWithDefaultExceptionMapper(ServerRuntime.java:633)
		at org.glassfish.jersey.server.ServerRuntime$Responder.process(ServerRuntime.java:458)
		at org.glassfish.jersey.server.ServerRuntime$1.run(ServerRuntime.java:269)
		at org.glassfish.jersey.internal.Errors$1.call(Errors.java:248)
		at org.glassfish.jersey.internal.Errors$1.call(Errors.java:244)
		at org.glassfish.jersey.internal.Errors.process(Errors.java:292)
		at org.glassfish.jersey.internal.Errors.process(Errors.java:274)
		at org.glassfish.jersey.internal.Errors.process(Errors.java:244)
		at org.glassfish.jersey.process.internal.RequestScope.runInScope(RequestScope.java:265)
		at org.glassfish.jersey.server.ServerRuntime.process(ServerRuntime.java:240)
		at org.glassfish.jersey.server.ApplicationHandler.handle(ApplicationHandler.java:697)
		at org.glassfish.jersey.servlet.WebComponent.serviceImpl(WebComponent.java:394)
		at org.glassfish.jersey.servlet.WebComponent.service(WebComponent.java:346)
		at org.glassfish.jersey.servlet.ServletContainer.service(ServletContainer.java:357)
		at org.glassfish.jersey.servlet.ServletContainer.service(ServletContainer.java:311)
		at org.glassfish.jersey.servlet.ServletContainer.service(ServletContainer.java:205)
		at org.apache.catalina.core.ApplicationFilterChain.doFilter(ApplicationFilterChain.java:130)
		at org.apache.tomcat.websocket.server.WsFilter.doFilter(WsFilter.java:53)
		at org.apache.catalina.core.ApplicationFilterChain.doFilter(ApplicationFilterChain.java:109)
		at org.apache.catalina.core.StandardWrapperValve.invoke(StandardWrapperValve.java:167)
		at org.apache.catalina.core.StandardContextValve.invoke(StandardContextValve.java:79)
		at org.apache.catalina.authenticator.AuthenticatorBase.invoke(AuthenticatorBase.java:483)
		at org.apache.catalina.core.StandardHostValve.invoke(StandardHostValve.java:116)
		at org.apache.catalina.valves.ErrorReportValve.invoke(ErrorReportValve.java:93)
		at org.apache.catalina.valves.AbstractAccessLogValve.invoke(AbstractAccessLogValve.java:666)
		at org.apache.catalina.core.StandardEngineValve.invoke(StandardEngineValve.java:74)
		at org.apache.catalina.connector.CoyoteAdapter.service(CoyoteAdapter.java:343)
		at org.apache.coyote.http11.Http11Processor.service(Http11Processor.java:396)
		at org.apache.coyote.AbstractProcessorLight.process(AbstractProcessorLight.java:63)
		at org.apache.coyote.AbstractProtocol$ConnectionHandler.process(AbstractProtocol.java:903)
		at org.apache.tomcat.util.net.NioEndpoint$SocketProcessor.doRun(NioEndpoint.java:1773)
		at org.apache.tomcat.util.net.SocketProcessorBase.run(SocketProcessorBase.java:52)
		at org.apache.tomcat.util.threads.ThreadPoolExecutor.runWorker(ThreadPoolExecutor.java:1149)
		at org.apache.tomcat.util.threads.ThreadPoolExecutor$Worker.run(ThreadPoolExecutor.java:637)
		at org.apache.tomcat.util.threads.TaskThread$WrappingRunnable.run(TaskThread.java:59)
		at java.base/java.lang.Thread.run(Thread.java:1570)
	Caused by: java.util.concurrent.ExecutionException: java.lang.ClassCastException: class java.util.ArrayList cannot be cast to class modelo.Favorito (java.util.ArrayList is in module java.base of loader 'bootstrap'; modelo.Favorito is in unnamed module of loader org.apache.catalina.loader.ParallelWebappClassLoader @6e22546a)
		at java.base/java.util.concurrent.CompletableFuture.reportGet(CompletableFuture.java:396)
		at java.base/java.util.concurrent.CompletableFuture.get(CompletableFuture.java:2073)
		at org.glassfish.jersey.servlet.internal.ResponseWriter.getResponseContext(ResponseWriter.java:276)
		... 46 more
	Caused by: java.lang.ClassCastException: class java.util.ArrayList cannot be cast to class modelo.Favorito (java.util.ArrayList is in module java.base of loader 'bootstrap'; modelo.Favorito is in unnamed module of loader org.apache.catalina.loader.ParallelWebappClassLoader @6e22546a)
		at controlador.FavoritoResource.getFavoritoPorId(FavoritoResource.java:26)
		at java.base/jdk.internal.reflect.DirectMethodHandleAccessor.invoke(DirectMethodHandleAccessor.java:103)
		at java.base/java.lang.reflect.Method.invoke(Method.java:580)
		at org.glassfish.jersey.server.model.internal.ResourceMethodInvocationHandlerFactory.lambda$static$0(ResourceMethodInvocationHandlerFactory.java:52)
		at org.glassfish.jersey.server.model.internal.AbstractJavaResourceMethodDispatcher$1.run(AbstractJavaResourceMethodDispatcher.java:146)
		at org.glassfish.jersey.server.model.internal.AbstractJavaResourceMethodDispatcher.invoke(AbstractJavaResourceMethodDispatcher.java:189)
		at org.glassfish.jersey.server.model.internal.JavaResourceMethodDispatcherProvider$ResponseOutInvoker.doDispatch(JavaResourceMethodDispatcherProvider.java:176)
		at org.glassfish.jersey.server.model.internal.AbstractJavaResourceMethodDispatcher.dispatch(AbstractJavaResourceMethodDispatcher.java:93)
		at org.glassfish.jersey.server.model.ResourceMethodInvoker.invoke(ResourceMethodInvoker.java:478)
		at org.glassfish.jersey.server.model.ResourceMethodInvoker.apply(ResourceMethodInvoker.java:400)
		at org.glassfish.jersey.server.model.ResourceMethodInvoker.apply(ResourceMethodInvoker.java:81)
		at org.glassfish.jersey.server.ServerRuntime$1.run(ServerRuntime.java:261)
		... 33 more
28-Jul-2025 16:43:48.931 WARNING [http-nio-8080-exec-33] org.glassfish.jersey.server.ServerRuntime$Responder.process An exception mapping did not successfully produce and processed a response. Logging the exception propagated to the default exception mapper.
	java.lang.ClassCastException: class java.util.ArrayList cannot be cast to class modelo.Favorito (java.util.ArrayList is in module java.base of loader 'bootstrap'; modelo.Favorito is in unnamed module of loader org.apache.catalina.loader.ParallelWebappClassLoader @6e22546a)
		at controlador.FavoritoResource.getFavoritoPorId(FavoritoResource.java:26)
		at java.base/jdk.internal.reflect.DirectMethodHandleAccessor.invoke(DirectMethodHandleAccessor.java:103)
		at java.base/java.lang.reflect.Method.invoke(Method.java:580)
		at org.glassfish.jersey.server.model.internal.ResourceMethodInvocationHandlerFactory.lambda$static$0(ResourceMethodInvocationHandlerFactory.java:52)
		at org.glassfish.jersey.server.model.internal.AbstractJavaResourceMethodDispatcher$1.run(AbstractJavaResourceMethodDispatcher.java:146)
		at org.glassfish.jersey.server.model.internal.AbstractJavaResourceMethodDispatcher.invoke(AbstractJavaResourceMethodDispatcher.java:189)
		at org.glassfish.jersey.server.model.internal.JavaResourceMethodDispatcherProvider$ResponseOutInvoker.doDispatch(JavaResourceMethodDispatcherProvider.java:176)
		at org.glassfish.jersey.server.model.internal.AbstractJavaResourceMethodDispatcher.dispatch(AbstractJavaResourceMethodDispatcher.java:93)
		at org.glassfish.jersey.server.model.ResourceMethodInvoker.invoke(ResourceMethodInvoker.java:478)
		at org.glassfish.jersey.server.model.ResourceMethodInvoker.apply(ResourceMethodInvoker.java:400)
		at org.glassfish.jersey.server.model.ResourceMethodInvoker.apply(ResourceMethodInvoker.java:81)
		at org.glassfish.jersey.server.ServerRuntime$1.run(ServerRuntime.java:261)
		at org.glassfish.jersey.internal.Errors$1.call(Errors.java:248)
		at org.glassfish.jersey.internal.Errors$1.call(Errors.java:244)
		at org.glassfish.jersey.internal.Errors.process(Errors.java:292)
		at org.glassfish.jersey.internal.Errors.process(Errors.java:274)
		at org.glassfish.jersey.internal.Errors.process(Errors.java:244)
		at org.glassfish.jersey.process.internal.RequestScope.runInScope(RequestScope.java:265)
		at org.glassfish.jersey.server.ServerRuntime.process(ServerRuntime.java:240)
		at org.glassfish.jersey.server.ApplicationHandler.handle(ApplicationHandler.java:697)
		at org.glassfish.jersey.servlet.WebComponent.serviceImpl(WebComponent.java:394)
		at org.glassfish.jersey.servlet.WebComponent.service(WebComponent.java:346)
		at org.glassfish.jersey.servlet.ServletContainer.service(ServletContainer.java:357)
		at org.glassfish.jersey.servlet.ServletContainer.service(ServletContainer.java:311)
		at org.glassfish.jersey.servlet.ServletContainer.service(ServletContainer.java:205)
		at org.apache.catalina.core.ApplicationFilterChain.doFilter(ApplicationFilterChain.java:130)
		at org.apache.tomcat.websocket.server.WsFilter.doFilter(WsFilter.java:53)
		at org.apache.catalina.core.ApplicationFilterChain.doFilter(ApplicationFilterChain.java:109)
		at org.apache.catalina.core.StandardWrapperValve.invoke(StandardWrapperValve.java:167)
		at org.apache.catalina.core.StandardContextValve.invoke(StandardContextValve.java:79)
		at org.apache.catalina.authenticator.AuthenticatorBase.invoke(AuthenticatorBase.java:483)
		at org.apache.catalina.core.StandardHostValve.invoke(StandardHostValve.java:116)
		at org.apache.catalina.valves.ErrorReportValve.invoke(ErrorReportValve.java:93)
		at org.apache.catalina.valves.AbstractAccessLogValve.invoke(AbstractAccessLogValve.java:666)
		at org.apache.catalina.core.StandardEngineValve.invoke(StandardEngineValve.java:74)
		at org.apache.catalina.connector.CoyoteAdapter.service(CoyoteAdapter.java:343)
		at org.apache.coyote.http11.Http11Processor.service(Http11Processor.java:396)
		at org.apache.coyote.AbstractProcessorLight.process(AbstractProcessorLight.java:63)
		at org.apache.coyote.AbstractProtocol$ConnectionHandler.process(AbstractProtocol.java:903)
		at org.apache.tomcat.util.net.NioEndpoint$SocketProcessor.doRun(NioEndpoint.java:1773)
		at org.apache.tomcat.util.net.SocketProcessorBase.run(SocketProcessorBase.java:52)
		at org.apache.tomcat.util.threads.ThreadPoolExecutor.runWorker(ThreadPoolExecutor.java:1149)
		at org.apache.tomcat.util.threads.ThreadPoolExecutor$Worker.run(ThreadPoolExecutor.java:637)
		at org.apache.tomcat.util.threads.TaskThread$WrappingRunnable.run(TaskThread.java:59)
		at java.base/java.lang.Thread.run(Thread.java:1570)
28-Jul-2025 16:43:49.066 SEVERE [http-nio-8080-exec-33] org.glassfish.jersey.server.ServerRuntime$Responder.writeResponse Error while closing the output stream in order to commit response.
	org.glassfish.jersey.server.ContainerException: java.util.concurrent.ExecutionException: java.lang.ClassCastException: class java.util.ArrayList cannot be cast to class modelo.Favorito (java.util.ArrayList is in module java.base of loader 'bootstrap'; modelo.Favorito is in unnamed module of loader org.apache.catalina.loader.ParallelWebappClassLoader @6e22546a)
		at org.glassfish.jersey.servlet.internal.ResponseWriter.getResponseContext(ResponseWriter.java:278)
		at org.glassfish.jersey.servlet.internal.ResponseWriter.writeResponseStatusAndHeaders(ResponseWriter.java:128)
		at org.glassfish.jersey.server.ServerRuntime$Responder$1.getOutputStream(ServerRuntime.java:667)
		at org.glassfish.jersey.message.internal.CommittingOutputStream.commitStream(CommittingOutputStream.java:171)
		at org.glassfish.jersey.message.internal.CommittingOutputStream.flushBuffer(CommittingOutputStream.java:276)
		at org.glassfish.jersey.message.internal.CommittingOutputStream.commit(CommittingOutputStream.java:232)
		at org.glassfish.jersey.message.internal.CommittingOutputStream.close(CommittingOutputStream.java:247)
		at org.glassfish.jersey.message.internal.OutboundMessageContext.close(OutboundMessageContext.java:865)
		at org.glassfish.jersey.server.ContainerResponse.close(ContainerResponse.java:403)
		at org.glassfish.jersey.server.ServerRuntime$Responder.writeResponse(ServerRuntime.java:749)
		at org.glassfish.jersey.server.ServerRuntime$Responder.processResponse(ServerRuntime.java:385)
		at org.glassfish.jersey.server.ServerRuntime$Responder.processResponseWithDefaultExceptionMapper(ServerRuntime.java:633)
		at org.glassfish.jersey.server.ServerRuntime$Responder.process(ServerRuntime.java:458)
		at org.glassfish.jersey.server.ServerRuntime$1.run(ServerRuntime.java:269)
		at org.glassfish.jersey.internal.Errors$1.call(Errors.java:248)
		at org.glassfish.jersey.internal.Errors$1.call(Errors.java:244)
		at org.glassfish.jersey.internal.Errors.process(Errors.java:292)
		at org.glassfish.jersey.internal.Errors.process(Errors.java:274)
		at org.glassfish.jersey.internal.Errors.process(Errors.java:244)
		at org.glassfish.jersey.process.internal.RequestScope.runInScope(RequestScope.java:265)
		at org.glassfish.jersey.server.ServerRuntime.process(ServerRuntime.java:240)
		at org.glassfish.jersey.server.ApplicationHandler.handle(ApplicationHandler.java:697)
		at org.glassfish.jersey.servlet.WebComponent.serviceImpl(WebComponent.java:394)
		at org.glassfish.jersey.servlet.WebComponent.service(WebComponent.java:346)
		at org.glassfish.jersey.servlet.ServletContainer.service(ServletContainer.java:357)
		at org.glassfish.jersey.servlet.ServletContainer.service(ServletContainer.java:311)
		at org.glassfish.jersey.servlet.ServletContainer.service(ServletContainer.java:205)
		at org.apache.catalina.core.ApplicationFilterChain.doFilter(ApplicationFilterChain.java:130)
		at org.apache.tomcat.websocket.server.WsFilter.doFilter(WsFilter.java:53)
		at org.apache.catalina.core.ApplicationFilterChain.doFilter(ApplicationFilterChain.java:109)
		at org.apache.catalina.core.StandardWrapperValve.invoke(StandardWrapperValve.java:167)
		at org.apache.catalina.core.StandardContextValve.invoke(StandardContextValve.java:79)
		at org.apache.catalina.authenticator.AuthenticatorBase.invoke(AuthenticatorBase.java:483)
		at org.apache.catalina.core.StandardHostValve.invoke(StandardHostValve.java:116)
		at org.apache.catalina.valves.ErrorReportValve.invoke(ErrorReportValve.java:93)
		at org.apache.catalina.valves.AbstractAccessLogValve.invoke(AbstractAccessLogValve.java:666)
		at org.apache.catalina.core.StandardEngineValve.invoke(StandardEngineValve.java:74)
		at org.apache.catalina.connector.CoyoteAdapter.service(CoyoteAdapter.java:343)
		at org.apache.coyote.http11.Http11Processor.service(Http11Processor.java:396)
		at org.apache.coyote.AbstractProcessorLight.process(AbstractProcessorLight.java:63)
		at org.apache.coyote.AbstractProtocol$ConnectionHandler.process(AbstractProtocol.java:903)
		at org.apache.tomcat.util.net.NioEndpoint$SocketProcessor.doRun(NioEndpoint.java:1773)
		at org.apache.tomcat.util.net.SocketProcessorBase.run(SocketProcessorBase.java:52)
		at org.apache.tomcat.util.threads.ThreadPoolExecutor.runWorker(ThreadPoolExecutor.java:1149)
		at org.apache.tomcat.util.threads.ThreadPoolExecutor$Worker.run(ThreadPoolExecutor.java:637)
		at org.apache.tomcat.util.threads.TaskThread$WrappingRunnable.run(TaskThread.java:59)
		at java.base/java.lang.Thread.run(Thread.java:1570)
	Caused by: java.util.concurrent.ExecutionException: java.lang.ClassCastException: class java.util.ArrayList cannot be cast to class modelo.Favorito (java.util.ArrayList is in module java.base of loader 'bootstrap'; modelo.Favorito is in unnamed module of loader org.apache.catalina.loader.ParallelWebappClassLoader @6e22546a)
		at java.base/java.util.concurrent.CompletableFuture.reportGet(CompletableFuture.java:396)
		at java.base/java.util.concurrent.CompletableFuture.get(CompletableFuture.java:2073)
		at org.glassfish.jersey.servlet.internal.ResponseWriter.getResponseContext(ResponseWriter.java:276)
		... 46 more
	Caused by: java.lang.ClassCastException: class java.util.ArrayList cannot be cast to class modelo.Favorito (java.util.ArrayList is in module java.base of loader 'bootstrap'; modelo.Favorito is in unnamed module of loader org.apache.catalina.loader.ParallelWebappClassLoader @6e22546a)
		at controlador.FavoritoResource.getFavoritoPorId(FavoritoResource.java:26)
		at java.base/jdk.internal.reflect.DirectMethodHandleAccessor.invoke(DirectMethodHandleAccessor.java:103)
		at java.base/java.lang.reflect.Method.invoke(Method.java:580)
		at org.glassfish.jersey.server.model.internal.ResourceMethodInvocationHandlerFactory.lambda$static$0(ResourceMethodInvocationHandlerFactory.java:52)
		at org.glassfish.jersey.server.model.internal.AbstractJavaResourceMethodDispatcher$1.run(AbstractJavaResourceMethodDispatcher.java:146)
		at org.glassfish.jersey.server.model.internal.AbstractJavaResourceMethodDispatcher.invoke(AbstractJavaResourceMethodDispatcher.java:189)
		at org.glassfish.jersey.server.model.internal.JavaResourceMethodDispatcherProvider$ResponseOutInvoker.doDispatch(JavaResourceMethodDispatcherProvider.java:176)
		at org.glassfish.jersey.server.model.internal.AbstractJavaResourceMethodDispatcher.dispatch(AbstractJavaResourceMethodDispatcher.java:93)
		at org.glassfish.jersey.server.model.ResourceMethodInvoker.invoke(ResourceMethodInvoker.java:478)
		at org.glassfish.jersey.server.model.ResourceMethodInvoker.apply(ResourceMethodInvoker.java:400)
		at org.glassfish.jersey.server.model.ResourceMethodInvoker.apply(ResourceMethodInvoker.java:81)
		at org.glassfish.jersey.server.ServerRuntime$1.run(ServerRuntime.java:261)
		... 33 more
28-Jul-2025 16:44:32.428 WARNING [http-nio-8080-exec-33] org.glassfish.jersey.server.ServerRuntime$Responder.process An exception mapping did not successfully produce and processed a response. Logging the exception propagated to the default exception mapper.
	java.lang.ClassCastException: class java.util.ArrayList cannot be cast to class modelo.Favorito (java.util.ArrayList is in module java.base of loader 'bootstrap'; modelo.Favorito is in unnamed module of loader org.apache.catalina.loader.ParallelWebappClassLoader @6e22546a)
		at controlador.FavoritoResource.getFavoritoPorId(FavoritoResource.java:26)
		at java.base/jdk.internal.reflect.DirectMethodHandleAccessor.invoke(DirectMethodHandleAccessor.java:103)
		at java.base/java.lang.reflect.Method.invoke(Method.java:580)
		at org.glassfish.jersey.server.model.internal.ResourceMethodInvocationHandlerFactory.lambda$static$0(ResourceMethodInvocationHandlerFactory.java:52)
		at org.glassfish.jersey.server.model.internal.AbstractJavaResourceMethodDispatcher$1.run(AbstractJavaResourceMethodDispatcher.java:146)
		at org.glassfish.jersey.server.model.internal.AbstractJavaResourceMethodDispatcher.invoke(AbstractJavaResourceMethodDispatcher.java:189)
		at org.glassfish.jersey.server.model.internal.JavaResourceMethodDispatcherProvider$ResponseOutInvoker.doDispatch(JavaResourceMethodDispatcherProvider.java:176)
		at org.glassfish.jersey.server.model.internal.AbstractJavaResourceMethodDispatcher.dispatch(AbstractJavaResourceMethodDispatcher.java:93)
		at org.glassfish.jersey.server.model.ResourceMethodInvoker.invoke(ResourceMethodInvoker.java:478)
		at org.glassfish.jersey.server.model.ResourceMethodInvoker.apply(ResourceMethodInvoker.java:400)
		at org.glassfish.jersey.server.model.ResourceMethodInvoker.apply(ResourceMethodInvoker.java:81)
		at org.glassfish.jersey.server.ServerRuntime$1.run(ServerRuntime.java:261)
		at org.glassfish.jersey.internal.Errors$1.call(Errors.java:248)
		at org.glassfish.jersey.internal.Errors$1.call(Errors.java:244)
		at org.glassfish.jersey.internal.Errors.process(Errors.java:292)
		at org.glassfish.jersey.internal.Errors.process(Errors.java:274)
		at org.glassfish.jersey.internal.Errors.process(Errors.java:244)
		at org.glassfish.jersey.process.internal.RequestScope.runInScope(RequestScope.java:265)
		at org.glassfish.jersey.server.ServerRuntime.process(ServerRuntime.java:240)
		at org.glassfish.jersey.server.ApplicationHandler.handle(ApplicationHandler.java:697)
		at org.glassfish.jersey.servlet.WebComponent.serviceImpl(WebComponent.java:394)
		at org.glassfish.jersey.servlet.WebComponent.service(WebComponent.java:346)
		at org.glassfish.jersey.servlet.ServletContainer.service(ServletContainer.java:357)
		at org.glassfish.jersey.servlet.ServletContainer.service(ServletContainer.java:311)
		at org.glassfish.jersey.servlet.ServletContainer.service(ServletContainer.java:205)
		at org.apache.catalina.core.ApplicationFilterChain.doFilter(ApplicationFilterChain.java:130)
		at org.apache.tomcat.websocket.server.WsFilter.doFilter(WsFilter.java:53)
		at org.apache.catalina.core.ApplicationFilterChain.doFilter(ApplicationFilterChain.java:109)
		at org.apache.catalina.core.StandardWrapperValve.invoke(StandardWrapperValve.java:167)
		at org.apache.catalina.core.StandardContextValve.invoke(StandardContextValve.java:79)
		at org.apache.catalina.authenticator.AuthenticatorBase.invoke(AuthenticatorBase.java:483)
		at org.apache.catalina.core.StandardHostValve.invoke(StandardHostValve.java:116)
		at org.apache.catalina.valves.ErrorReportValve.invoke(ErrorReportValve.java:93)
		at org.apache.catalina.valves.AbstractAccessLogValve.invoke(AbstractAccessLogValve.java:666)
		at org.apache.catalina.core.StandardEngineValve.invoke(StandardEngineValve.java:74)
		at org.apache.catalina.connector.CoyoteAdapter.service(CoyoteAdapter.java:343)
		at org.apache.coyote.http11.Http11Processor.service(Http11Processor.java:396)
		at org.apache.coyote.AbstractProcessorLight.process(AbstractProcessorLight.java:63)
		at org.apache.coyote.AbstractProtocol$ConnectionHandler.process(AbstractProtocol.java:903)
		at org.apache.tomcat.util.net.NioEndpoint$SocketProcessor.doRun(NioEndpoint.java:1773)
		at org.apache.tomcat.util.net.SocketProcessorBase.run(SocketProcessorBase.java:52)
		at org.apache.tomcat.util.threads.ThreadPoolExecutor.runWorker(ThreadPoolExecutor.java:1149)
		at org.apache.tomcat.util.threads.ThreadPoolExecutor$Worker.run(ThreadPoolExecutor.java:637)
		at org.apache.tomcat.util.threads.TaskThread$WrappingRunnable.run(TaskThread.java:59)
		at java.base/java.lang.Thread.run(Thread.java:1570)
28-Jul-2025 16:44:32.546 SEVERE [http-nio-8080-exec-33] org.glassfish.jersey.server.ServerRuntime$Responder.writeResponse Error while closing the output stream in order to commit response.
	org.glassfish.jersey.server.ContainerException: java.util.concurrent.ExecutionException: java.lang.ClassCastException: class java.util.ArrayList cannot be cast to class modelo.Favorito (java.util.ArrayList is in module java.base of loader 'bootstrap'; modelo.Favorito is in unnamed module of loader org.apache.catalina.loader.ParallelWebappClassLoader @6e22546a)
		at org.glassfish.jersey.servlet.internal.ResponseWriter.getResponseContext(ResponseWriter.java:278)
		at org.glassfish.jersey.servlet.internal.ResponseWriter.writeResponseStatusAndHeaders(ResponseWriter.java:128)
		at org.glassfish.jersey.server.ServerRuntime$Responder$1.getOutputStream(ServerRuntime.java:667)
		at org.glassfish.jersey.message.internal.CommittingOutputStream.commitStream(CommittingOutputStream.java:171)
		at org.glassfish.jersey.message.internal.CommittingOutputStream.flushBuffer(CommittingOutputStream.java:276)
		at org.glassfish.jersey.message.internal.CommittingOutputStream.commit(CommittingOutputStream.java:232)
		at org.glassfish.jersey.message.internal.CommittingOutputStream.close(CommittingOutputStream.java:247)
		at org.glassfish.jersey.message.internal.OutboundMessageContext.close(OutboundMessageContext.java:865)
		at org.glassfish.jersey.server.ContainerResponse.close(ContainerResponse.java:403)
		at org.glassfish.jersey.server.ServerRuntime$Responder.writeResponse(ServerRuntime.java:749)
		at org.glassfish.jersey.server.ServerRuntime$Responder.processResponse(ServerRuntime.java:385)
		at org.glassfish.jersey.server.ServerRuntime$Responder.processResponseWithDefaultExceptionMapper(ServerRuntime.java:633)
		at org.glassfish.jersey.server.ServerRuntime$Responder.process(ServerRuntime.java:458)
		at org.glassfish.jersey.server.ServerRuntime$1.run(ServerRuntime.java:269)
		at org.glassfish.jersey.internal.Errors$1.call(Errors.java:248)
		at org.glassfish.jersey.internal.Errors$1.call(Errors.java:244)
		at org.glassfish.jersey.internal.Errors.process(Errors.java:292)
		at org.glassfish.jersey.internal.Errors.process(Errors.java:274)
		at org.glassfish.jersey.internal.Errors.process(Errors.java:244)
		at org.glassfish.jersey.process.internal.RequestScope.runInScope(RequestScope.java:265)
		at org.glassfish.jersey.server.ServerRuntime.process(ServerRuntime.java:240)
		at org.glassfish.jersey.server.ApplicationHandler.handle(ApplicationHandler.java:697)
		at org.glassfish.jersey.servlet.WebComponent.serviceImpl(WebComponent.java:394)
		at org.glassfish.jersey.servlet.WebComponent.service(WebComponent.java:346)
		at org.glassfish.jersey.servlet.ServletContainer.service(ServletContainer.java:357)
		at org.glassfish.jersey.servlet.ServletContainer.service(ServletContainer.java:311)
		at org.glassfish.jersey.servlet.ServletContainer.service(ServletContainer.java:205)
		at org.apache.catalina.core.ApplicationFilterChain.doFilter(ApplicationFilterChain.java:130)
		at org.apache.tomcat.websocket.server.WsFilter.doFilter(WsFilter.java:53)
		at org.apache.catalina.core.ApplicationFilterChain.doFilter(ApplicationFilterChain.java:109)
		at org.apache.catalina.core.StandardWrapperValve.invoke(StandardWrapperValve.java:167)
		at org.apache.catalina.core.StandardContextValve.invoke(StandardContextValve.java:79)
		at org.apache.catalina.authenticator.AuthenticatorBase.invoke(AuthenticatorBase.java:483)
		at org.apache.catalina.core.StandardHostValve.invoke(StandardHostValve.java:116)
		at org.apache.catalina.valves.ErrorReportValve.invoke(ErrorReportValve.java:93)
		at org.apache.catalina.valves.AbstractAccessLogValve.invoke(AbstractAccessLogValve.java:666)
		at org.apache.catalina.core.StandardEngineValve.invoke(StandardEngineValve.java:74)
		at org.apache.catalina.connector.CoyoteAdapter.service(CoyoteAdapter.java:343)
		at org.apache.coyote.http11.Http11Processor.service(Http11Processor.java:396)
		at org.apache.coyote.AbstractProcessorLight.process(AbstractProcessorLight.java:63)
		at org.apache.coyote.AbstractProtocol$ConnectionHandler.process(AbstractProtocol.java:903)
		at org.apache.tomcat.util.net.NioEndpoint$SocketProcessor.doRun(NioEndpoint.java:1773)
		at org.apache.tomcat.util.net.SocketProcessorBase.run(SocketProcessorBase.java:52)
		at org.apache.tomcat.util.threads.ThreadPoolExecutor.runWorker(ThreadPoolExecutor.java:1149)
		at org.apache.tomcat.util.threads.ThreadPoolExecutor$Worker.run(ThreadPoolExecutor.java:637)
		at org.apache.tomcat.util.threads.TaskThread$WrappingRunnable.run(TaskThread.java:59)
		at java.base/java.lang.Thread.run(Thread.java:1570)
	Caused by: java.util.concurrent.ExecutionException: java.lang.ClassCastException: class java.util.ArrayList cannot be cast to class modelo.Favorito (java.util.ArrayList is in module java.base of loader 'bootstrap'; modelo.Favorito is in unnamed module of loader org.apache.catalina.loader.ParallelWebappClassLoader @6e22546a)
		at java.base/java.util.concurrent.CompletableFuture.reportGet(CompletableFuture.java:396)
		at java.base/java.util.concurrent.CompletableFuture.get(CompletableFuture.java:2073)
		at org.glassfish.jersey.servlet.internal.ResponseWriter.getResponseContext(ResponseWriter.java:276)
		... 46 more
	Caused by: java.lang.ClassCastException: class java.util.ArrayList cannot be cast to class modelo.Favorito (java.util.ArrayList is in module java.base of loader 'bootstrap'; modelo.Favorito is in unnamed module of loader org.apache.catalina.loader.ParallelWebappClassLoader @6e22546a)
		at controlador.FavoritoResource.getFavoritoPorId(FavoritoResource.java:26)
		at java.base/jdk.internal.reflect.DirectMethodHandleAccessor.invoke(DirectMethodHandleAccessor.java:103)
		at java.base/java.lang.reflect.Method.invoke(Method.java:580)
		at org.glassfish.jersey.server.model.internal.ResourceMethodInvocationHandlerFactory.lambda$static$0(ResourceMethodInvocationHandlerFactory.java:52)
		at org.glassfish.jersey.server.model.internal.AbstractJavaResourceMethodDispatcher$1.run(AbstractJavaResourceMethodDispatcher.java:146)
		at org.glassfish.jersey.server.model.internal.AbstractJavaResourceMethodDispatcher.invoke(AbstractJavaResourceMethodDispatcher.java:189)
		at org.glassfish.jersey.server.model.internal.JavaResourceMethodDispatcherProvider$ResponseOutInvoker.doDispatch(JavaResourceMethodDispatcherProvider.java:176)
		at org.glassfish.jersey.server.model.internal.AbstractJavaResourceMethodDispatcher.dispatch(AbstractJavaResourceMethodDispatcher.java:93)
		at org.glassfish.jersey.server.model.ResourceMethodInvoker.invoke(ResourceMethodInvoker.java:478)
		at org.glassfish.jersey.server.model.ResourceMethodInvoker.apply(ResourceMethodInvoker.java:400)
		at org.glassfish.jersey.server.model.ResourceMethodInvoker.apply(ResourceMethodInvoker.java:81)
		at org.glassfish.jersey.server.ServerRuntime$1.run(ServerRuntime.java:261)
		... 33 more
28-Jul-2025 16:44:36.208 WARNING [http-nio-8080-exec-37] org.glassfish.jersey.server.ServerRuntime$Responder.process An exception mapping did not successfully produce and processed a response. Logging the exception propagated to the default exception mapper.
	java.lang.ClassCastException: class java.util.ArrayList cannot be cast to class modelo.Favorito (java.util.ArrayList is in module java.base of loader 'bootstrap'; modelo.Favorito is in unnamed module of loader org.apache.catalina.loader.ParallelWebappClassLoader @6e22546a)
		at controlador.FavoritoResource.getFavoritoPorId(FavoritoResource.java:26)
		at java.base/jdk.internal.reflect.DirectMethodHandleAccessor.invoke(DirectMethodHandleAccessor.java:103)
		at java.base/java.lang.reflect.Method.invoke(Method.java:580)
		at org.glassfish.jersey.server.model.internal.ResourceMethodInvocationHandlerFactory.lambda$static$0(ResourceMethodInvocationHandlerFactory.java:52)
		at org.glassfish.jersey.server.model.internal.AbstractJavaResourceMethodDispatcher$1.run(AbstractJavaResourceMethodDispatcher.java:146)
		at org.glassfish.jersey.server.model.internal.AbstractJavaResourceMethodDispatcher.invoke(AbstractJavaResourceMethodDispatcher.java:189)
		at org.glassfish.jersey.server.model.internal.JavaResourceMethodDispatcherProvider$ResponseOutInvoker.doDispatch(JavaResourceMethodDispatcherProvider.java:176)
		at org.glassfish.jersey.server.model.internal.AbstractJavaResourceMethodDispatcher.dispatch(AbstractJavaResourceMethodDispatcher.java:93)
		at org.glassfish.jersey.server.model.ResourceMethodInvoker.invoke(ResourceMethodInvoker.java:478)
		at org.glassfish.jersey.server.model.ResourceMethodInvoker.apply(ResourceMethodInvoker.java:400)
		at org.glassfish.jersey.server.model.ResourceMethodInvoker.apply(ResourceMethodInvoker.java:81)
		at org.glassfish.jersey.server.ServerRuntime$1.run(ServerRuntime.java:261)
		at org.glassfish.jersey.internal.Errors$1.call(Errors.java:248)
		at org.glassfish.jersey.internal.Errors$1.call(Errors.java:244)
		at org.glassfish.jersey.internal.Errors.process(Errors.java:292)
		at org.glassfish.jersey.internal.Errors.process(Errors.java:274)
		at org.glassfish.jersey.internal.Errors.process(Errors.java:244)
		at org.glassfish.jersey.process.internal.RequestScope.runInScope(RequestScope.java:265)
		at org.glassfish.jersey.server.ServerRuntime.process(ServerRuntime.java:240)
		at org.glassfish.jersey.server.ApplicationHandler.handle(ApplicationHandler.java:697)
		at org.glassfish.jersey.servlet.WebComponent.serviceImpl(WebComponent.java:394)
		at org.glassfish.jersey.servlet.WebComponent.service(WebComponent.java:346)
		at org.glassfish.jersey.servlet.ServletContainer.service(ServletContainer.java:357)
		at org.glassfish.jersey.servlet.ServletContainer.service(ServletContainer.java:311)
		at org.glassfish.jersey.servlet.ServletContainer.service(ServletContainer.java:205)
		at org.apache.catalina.core.ApplicationFilterChain.doFilter(ApplicationFilterChain.java:130)
		at org.apache.tomcat.websocket.server.WsFilter.doFilter(WsFilter.java:53)
		at org.apache.catalina.core.ApplicationFilterChain.doFilter(ApplicationFilterChain.java:109)
		at org.apache.catalina.core.StandardWrapperValve.invoke(StandardWrapperValve.java:167)
		at org.apache.catalina.core.StandardContextValve.invoke(StandardContextValve.java:79)
		at org.apache.catalina.authenticator.AuthenticatorBase.invoke(AuthenticatorBase.java:483)
		at org.apache.catalina.core.StandardHostValve.invoke(StandardHostValve.java:116)
		at org.apache.catalina.valves.ErrorReportValve.invoke(ErrorReportValve.java:93)
		at org.apache.catalina.valves.AbstractAccessLogValve.invoke(AbstractAccessLogValve.java:666)
		at org.apache.catalina.core.StandardEngineValve.invoke(StandardEngineValve.java:74)
		at org.apache.catalina.connector.CoyoteAdapter.service(CoyoteAdapter.java:343)
		at org.apache.coyote.http11.Http11Processor.service(Http11Processor.java:396)
		at org.apache.coyote.AbstractProcessorLight.process(AbstractProcessorLight.java:63)
		at org.apache.coyote.AbstractProtocol$ConnectionHandler.process(AbstractProtocol.java:903)
		at org.apache.tomcat.util.net.NioEndpoint$SocketProcessor.doRun(NioEndpoint.java:1773)
		at org.apache.tomcat.util.net.SocketProcessorBase.run(SocketProcessorBase.java:52)
		at org.apache.tomcat.util.threads.ThreadPoolExecutor.runWorker(ThreadPoolExecutor.java:1149)
		at org.apache.tomcat.util.threads.ThreadPoolExecutor$Worker.run(ThreadPoolExecutor.java:637)
		at org.apache.tomcat.util.threads.TaskThread$WrappingRunnable.run(TaskThread.java:59)
		at java.base/java.lang.Thread.run(Thread.java:1570)
28-Jul-2025 16:44:36.256 SEVERE [http-nio-8080-exec-37] org.glassfish.jersey.server.ServerRuntime$Responder.writeResponse Error while closing the output stream in order to commit response.
	org.glassfish.jersey.server.ContainerException: java.util.concurrent.ExecutionException: java.lang.ClassCastException: class java.util.ArrayList cannot be cast to class modelo.Favorito (java.util.ArrayList is in module java.base of loader 'bootstrap'; modelo.Favorito is in unnamed module of loader org.apache.catalina.loader.ParallelWebappClassLoader @6e22546a)
		at org.glassfish.jersey.servlet.internal.ResponseWriter.getResponseContext(ResponseWriter.java:278)
		at org.glassfish.jersey.servlet.internal.ResponseWriter.writeResponseStatusAndHeaders(ResponseWriter.java:128)
		at org.glassfish.jersey.server.ServerRuntime$Responder$1.getOutputStream(ServerRuntime.java:667)
		at org.glassfish.jersey.message.internal.CommittingOutputStream.commitStream(CommittingOutputStream.java:171)
		at org.glassfish.jersey.message.internal.CommittingOutputStream.flushBuffer(CommittingOutputStream.java:276)
		at org.glassfish.jersey.message.internal.CommittingOutputStream.commit(CommittingOutputStream.java:232)
		at org.glassfish.jersey.message.internal.CommittingOutputStream.close(CommittingOutputStream.java:247)
		at org.glassfish.jersey.message.internal.OutboundMessageContext.close(OutboundMessageContext.java:865)
		at org.glassfish.jersey.server.ContainerResponse.close(ContainerResponse.java:403)
		at org.glassfish.jersey.server.ServerRuntime$Responder.writeResponse(ServerRuntime.java:749)
		at org.glassfish.jersey.server.ServerRuntime$Responder.processResponse(ServerRuntime.java:385)
		at org.glassfish.jersey.server.ServerRuntime$Responder.processResponseWithDefaultExceptionMapper(ServerRuntime.java:633)
		at org.glassfish.jersey.server.ServerRuntime$Responder.process(ServerRuntime.java:458)
		at org.glassfish.jersey.server.ServerRuntime$1.run(ServerRuntime.java:269)
		at org.glassfish.jersey.internal.Errors$1.call(Errors.java:248)
		at org.glassfish.jersey.internal.Errors$1.call(Errors.java:244)
		at org.glassfish.jersey.internal.Errors.process(Errors.java:292)
		at org.glassfish.jersey.internal.Errors.process(Errors.java:274)
		at org.glassfish.jersey.internal.Errors.process(Errors.java:244)
		at org.glassfish.jersey.process.internal.RequestScope.runInScope(RequestScope.java:265)
		at org.glassfish.jersey.server.ServerRuntime.process(ServerRuntime.java:240)
		at org.glassfish.jersey.server.ApplicationHandler.handle(ApplicationHandler.java:697)
		at org.glassfish.jersey.servlet.WebComponent.serviceImpl(WebComponent.java:394)
		at org.glassfish.jersey.servlet.WebComponent.service(WebComponent.java:346)
		at org.glassfish.jersey.servlet.ServletContainer.service(ServletContainer.java:357)
		at org.glassfish.jersey.servlet.ServletContainer.service(ServletContainer.java:311)
		at org.glassfish.jersey.servlet.ServletContainer.service(ServletContainer.java:205)
		at org.apache.catalina.core.ApplicationFilterChain.doFilter(ApplicationFilterChain.java:130)
		at org.apache.tomcat.websocket.server.WsFilter.doFilter(WsFilter.java:53)
		at org.apache.catalina.core.ApplicationFilterChain.doFilter(ApplicationFilterChain.java:109)
		at org.apache.catalina.core.StandardWrapperValve.invoke(StandardWrapperValve.java:167)
		at org.apache.catalina.core.StandardContextValve.invoke(StandardContextValve.java:79)
		at org.apache.catalina.authenticator.AuthenticatorBase.invoke(AuthenticatorBase.java:483)
		at org.apache.catalina.core.StandardHostValve.invoke(StandardHostValve.java:116)
		at org.apache.catalina.valves.ErrorReportValve.invoke(ErrorReportValve.java:93)
		at org.apache.catalina.valves.AbstractAccessLogValve.invoke(AbstractAccessLogValve.java:666)
		at org.apache.catalina.core.StandardEngineValve.invoke(StandardEngineValve.java:74)
		at org.apache.catalina.connector.CoyoteAdapter.service(CoyoteAdapter.java:343)
		at org.apache.coyote.http11.Http11Processor.service(Http11Processor.java:396)
		at org.apache.coyote.AbstractProcessorLight.process(AbstractProcessorLight.java:63)
		at org.apache.coyote.AbstractProtocol$ConnectionHandler.process(AbstractProtocol.java:903)
		at org.apache.tomcat.util.net.NioEndpoint$SocketProcessor.doRun(NioEndpoint.java:1773)
		at org.apache.tomcat.util.net.SocketProcessorBase.run(SocketProcessorBase.java:52)
		at org.apache.tomcat.util.threads.ThreadPoolExecutor.runWorker(ThreadPoolExecutor.java:1149)
		at org.apache.tomcat.util.threads.ThreadPoolExecutor$Worker.run(ThreadPoolExecutor.java:637)
		at org.apache.tomcat.util.threads.TaskThread$WrappingRunnable.run(TaskThread.java:59)
		at java.base/java.lang.Thread.run(Thread.java:1570)
	Caused by: java.util.concurrent.ExecutionException: java.lang.ClassCastException: class java.util.ArrayList cannot be cast to class modelo.Favorito (java.util.ArrayList is in module java.base of loader 'bootstrap'; modelo.Favorito is in unnamed module of loader org.apache.catalina.loader.ParallelWebappClassLoader @6e22546a)
		at java.base/java.util.concurrent.CompletableFuture.reportGet(CompletableFuture.java:396)
		at java.base/java.util.concurrent.CompletableFuture.get(CompletableFuture.java:2073)
		at org.glassfish.jersey.servlet.internal.ResponseWriter.getResponseContext(ResponseWriter.java:276)
		... 46 more
	Caused by: java.lang.ClassCastException: class java.util.ArrayList cannot be cast to class modelo.Favorito (java.util.ArrayList is in module java.base of loader 'bootstrap'; modelo.Favorito is in unnamed module of loader org.apache.catalina.loader.ParallelWebappClassLoader @6e22546a)
		at controlador.FavoritoResource.getFavoritoPorId(FavoritoResource.java:26)
		at java.base/jdk.internal.reflect.DirectMethodHandleAccessor.invoke(DirectMethodHandleAccessor.java:103)
		at java.base/java.lang.reflect.Method.invoke(Method.java:580)
		at org.glassfish.jersey.server.model.internal.ResourceMethodInvocationHandlerFactory.lambda$static$0(ResourceMethodInvocationHandlerFactory.java:52)
		at org.glassfish.jersey.server.model.internal.AbstractJavaResourceMethodDispatcher$1.run(AbstractJavaResourceMethodDispatcher.java:146)
		at org.glassfish.jersey.server.model.internal.AbstractJavaResourceMethodDispatcher.invoke(AbstractJavaResourceMethodDispatcher.java:189)
		at org.glassfish.jersey.server.model.internal.JavaResourceMethodDispatcherProvider$ResponseOutInvoker.doDispatch(JavaResourceMethodDispatcherProvider.java:176)
		at org.glassfish.jersey.server.model.internal.AbstractJavaResourceMethodDispatcher.dispatch(AbstractJavaResourceMethodDispatcher.java:93)
		at org.glassfish.jersey.server.model.ResourceMethodInvoker.invoke(ResourceMethodInvoker.java:478)
		at org.glassfish.jersey.server.model.ResourceMethodInvoker.apply(ResourceMethodInvoker.java:400)
		at org.glassfish.jersey.server.model.ResourceMethodInvoker.apply(ResourceMethodInvoker.java:81)
		at org.glassfish.jersey.server.ServerRuntime$1.run(ServerRuntime.java:261)
		... 33 more
28-Jul-2025 16:45:33.651 WARNING [http-nio-8080-exec-33] org.glassfish.jersey.server.ServerRuntime$Responder.process An exception mapping did not successfully produce and processed a response. Logging the exception propagated to the default exception mapper.
	java.lang.ClassCastException: class java.util.ArrayList cannot be cast to class modelo.Favorito (java.util.ArrayList is in module java.base of loader 'bootstrap'; modelo.Favorito is in unnamed module of loader org.apache.catalina.loader.ParallelWebappClassLoader @6e22546a)
		at controlador.FavoritoResource.getFavoritoPorId(FavoritoResource.java:26)
		at java.base/jdk.internal.reflect.DirectMethodHandleAccessor.invoke(DirectMethodHandleAccessor.java:103)
		at java.base/java.lang.reflect.Method.invoke(Method.java:580)
		at org.glassfish.jersey.server.model.internal.ResourceMethodInvocationHandlerFactory.lambda$static$0(ResourceMethodInvocationHandlerFactory.java:52)
		at org.glassfish.jersey.server.model.internal.AbstractJavaResourceMethodDispatcher$1.run(AbstractJavaResourceMethodDispatcher.java:146)
		at org.glassfish.jersey.server.model.internal.AbstractJavaResourceMethodDispatcher.invoke(AbstractJavaResourceMethodDispatcher.java:189)
		at org.glassfish.jersey.server.model.internal.JavaResourceMethodDispatcherProvider$ResponseOutInvoker.doDispatch(JavaResourceMethodDispatcherProvider.java:176)
		at org.glassfish.jersey.server.model.internal.AbstractJavaResourceMethodDispatcher.dispatch(AbstractJavaResourceMethodDispatcher.java:93)
		at org.glassfish.jersey.server.model.ResourceMethodInvoker.invoke(ResourceMethodInvoker.java:478)
		at org.glassfish.jersey.server.model.ResourceMethodInvoker.apply(ResourceMethodInvoker.java:400)
		at org.glassfish.jersey.server.model.ResourceMethodInvoker.apply(ResourceMethodInvoker.java:81)
		at org.glassfish.jersey.server.ServerRuntime$1.run(ServerRuntime.java:261)
		at org.glassfish.jersey.internal.Errors$1.call(Errors.java:248)
		at org.glassfish.jersey.internal.Errors$1.call(Errors.java:244)
		at org.glassfish.jersey.internal.Errors.process(Errors.java:292)
		at org.glassfish.jersey.internal.Errors.process(Errors.java:274)
		at org.glassfish.jersey.internal.Errors.process(Errors.java:244)
		at org.glassfish.jersey.process.internal.RequestScope.runInScope(RequestScope.java:265)
		at org.glassfish.jersey.server.ServerRuntime.process(ServerRuntime.java:240)
		at org.glassfish.jersey.server.ApplicationHandler.handle(ApplicationHandler.java:697)
		at org.glassfish.jersey.servlet.WebComponent.serviceImpl(WebComponent.java:394)
		at org.glassfish.jersey.servlet.WebComponent.service(WebComponent.java:346)
		at org.glassfish.jersey.servlet.ServletContainer.service(ServletContainer.java:357)
		at org.glassfish.jersey.servlet.ServletContainer.service(ServletContainer.java:311)
		at org.glassfish.jersey.servlet.ServletContainer.service(ServletContainer.java:205)
		at org.apache.catalina.core.ApplicationFilterChain.doFilter(ApplicationFilterChain.java:130)
		at org.apache.tomcat.websocket.server.WsFilter.doFilter(WsFilter.java:53)
		at org.apache.catalina.core.ApplicationFilterChain.doFilter(ApplicationFilterChain.java:109)
		at org.apache.catalina.core.StandardWrapperValve.invoke(StandardWrapperValve.java:167)
		at org.apache.catalina.core.StandardContextValve.invoke(StandardContextValve.java:79)
		at org.apache.catalina.authenticator.AuthenticatorBase.invoke(AuthenticatorBase.java:483)
		at org.apache.catalina.core.StandardHostValve.invoke(StandardHostValve.java:116)
		at org.apache.catalina.valves.ErrorReportValve.invoke(ErrorReportValve.java:93)
		at org.apache.catalina.valves.AbstractAccessLogValve.invoke(AbstractAccessLogValve.java:666)
		at org.apache.catalina.core.StandardEngineValve.invoke(StandardEngineValve.java:74)
		at org.apache.catalina.connector.CoyoteAdapter.service(CoyoteAdapter.java:343)
		at org.apache.coyote.http11.Http11Processor.service(Http11Processor.java:396)
		at org.apache.coyote.AbstractProcessorLight.process(AbstractProcessorLight.java:63)
		at org.apache.coyote.AbstractProtocol$ConnectionHandler.process(AbstractProtocol.java:903)
		at org.apache.tomcat.util.net.NioEndpoint$SocketProcessor.doRun(NioEndpoint.java:1773)
		at org.apache.tomcat.util.net.SocketProcessorBase.run(SocketProcessorBase.java:52)
		at org.apache.tomcat.util.threads.ThreadPoolExecutor.runWorker(ThreadPoolExecutor.java:1149)
		at org.apache.tomcat.util.threads.ThreadPoolExecutor$Worker.run(ThreadPoolExecutor.java:637)
		at org.apache.tomcat.util.threads.TaskThread$WrappingRunnable.run(TaskThread.java:59)
		at java.base/java.lang.Thread.run(Thread.java:1570)
28-Jul-2025 16:45:33.715 SEVERE [http-nio-8080-exec-33] org.glassfish.jersey.server.ServerRuntime$Responder.writeResponse Error while closing the output stream in order to commit response.
	org.glassfish.jersey.server.ContainerException: java.util.concurrent.ExecutionException: java.lang.ClassCastException: class java.util.ArrayList cannot be cast to class modelo.Favorito (java.util.ArrayList is in module java.base of loader 'bootstrap'; modelo.Favorito is in unnamed module of loader org.apache.catalina.loader.ParallelWebappClassLoader @6e22546a)
		at org.glassfish.jersey.servlet.internal.ResponseWriter.getResponseContext(ResponseWriter.java:278)
		at org.glassfish.jersey.servlet.internal.ResponseWriter.writeResponseStatusAndHeaders(ResponseWriter.java:128)
		at org.glassfish.jersey.server.ServerRuntime$Responder$1.getOutputStream(ServerRuntime.java:667)
		at org.glassfish.jersey.message.internal.CommittingOutputStream.commitStream(CommittingOutputStream.java:171)
		at org.glassfish.jersey.message.internal.CommittingOutputStream.flushBuffer(CommittingOutputStream.java:276)
		at org.glassfish.jersey.message.internal.CommittingOutputStream.commit(CommittingOutputStream.java:232)
		at org.glassfish.jersey.message.internal.CommittingOutputStream.close(CommittingOutputStream.java:247)
		at org.glassfish.jersey.message.internal.OutboundMessageContext.close(OutboundMessageContext.java:865)
		at org.glassfish.jersey.server.ContainerResponse.close(ContainerResponse.java:403)
		at org.glassfish.jersey.server.ServerRuntime$Responder.writeResponse(ServerRuntime.java:749)
		at org.glassfish.jersey.server.ServerRuntime$Responder.processResponse(ServerRuntime.java:385)
		at org.glassfish.jersey.server.ServerRuntime$Responder.processResponseWithDefaultExceptionMapper(ServerRuntime.java:633)
		at org.glassfish.jersey.server.ServerRuntime$Responder.process(ServerRuntime.java:458)
		at org.glassfish.jersey.server.ServerRuntime$1.run(ServerRuntime.java:269)
		at org.glassfish.jersey.internal.Errors$1.call(Errors.java:248)
		at org.glassfish.jersey.internal.Errors$1.call(Errors.java:244)
		at org.glassfish.jersey.internal.Errors.process(Errors.java:292)
		at org.glassfish.jersey.internal.Errors.process(Errors.java:274)
		at org.glassfish.jersey.internal.Errors.process(Errors.java:244)
		at org.glassfish.jersey.process.internal.RequestScope.runInScope(RequestScope.java:265)
		at org.glassfish.jersey.server.ServerRuntime.process(ServerRuntime.java:240)
		at org.glassfish.jersey.server.ApplicationHandler.handle(ApplicationHandler.java:697)
		at org.glassfish.jersey.servlet.WebComponent.serviceImpl(WebComponent.java:394)
		at org.glassfish.jersey.servlet.WebComponent.service(WebComponent.java:346)
		at org.glassfish.jersey.servlet.ServletContainer.service(ServletContainer.java:357)
		at org.glassfish.jersey.servlet.ServletContainer.service(ServletContainer.java:311)
		at org.glassfish.jersey.servlet.ServletContainer.service(ServletContainer.java:205)
		at org.apache.catalina.core.ApplicationFilterChain.doFilter(ApplicationFilterChain.java:130)
		at org.apache.tomcat.websocket.server.WsFilter.doFilter(WsFilter.java:53)
		at org.apache.catalina.core.ApplicationFilterChain.doFilter(ApplicationFilterChain.java:109)
		at org.apache.catalina.core.StandardWrapperValve.invoke(StandardWrapperValve.java:167)
		at org.apache.catalina.core.StandardContextValve.invoke(StandardContextValve.java:79)
		at org.apache.catalina.authenticator.AuthenticatorBase.invoke(AuthenticatorBase.java:483)
		at org.apache.catalina.core.StandardHostValve.invoke(StandardHostValve.java:116)
		at org.apache.catalina.valves.ErrorReportValve.invoke(ErrorReportValve.java:93)
		at org.apache.catalina.valves.AbstractAccessLogValve.invoke(AbstractAccessLogValve.java:666)
		at org.apache.catalina.core.StandardEngineValve.invoke(StandardEngineValve.java:74)
		at org.apache.catalina.connector.CoyoteAdapter.service(CoyoteAdapter.java:343)
		at org.apache.coyote.http11.Http11Processor.service(Http11Processor.java:396)
		at org.apache.coyote.AbstractProcessorLight.process(AbstractProcessorLight.java:63)
		at org.apache.coyote.AbstractProtocol$ConnectionHandler.process(AbstractProtocol.java:903)
		at org.apache.tomcat.util.net.NioEndpoint$SocketProcessor.doRun(NioEndpoint.java:1773)
		at org.apache.tomcat.util.net.SocketProcessorBase.run(SocketProcessorBase.java:52)
		at org.apache.tomcat.util.threads.ThreadPoolExecutor.runWorker(ThreadPoolExecutor.java:1149)
		at org.apache.tomcat.util.threads.ThreadPoolExecutor$Worker.run(ThreadPoolExecutor.java:637)
		at org.apache.tomcat.util.threads.TaskThread$WrappingRunnable.run(TaskThread.java:59)
		at java.base/java.lang.Thread.run(Thread.java:1570)
	Caused by: java.util.concurrent.ExecutionException: java.lang.ClassCastException: class java.util.ArrayList cannot be cast to class modelo.Favorito (java.util.ArrayList is in module java.base of loader 'bootstrap'; modelo.Favorito is in unnamed module of loader org.apache.catalina.loader.ParallelWebappClassLoader @6e22546a)
		at java.base/java.util.concurrent.CompletableFuture.reportGet(CompletableFuture.java:396)
		at java.base/java.util.concurrent.CompletableFuture.get(CompletableFuture.java:2073)
		at org.glassfish.jersey.servlet.internal.ResponseWriter.getResponseContext(ResponseWriter.java:276)
		... 46 more
	Caused by: java.lang.ClassCastException: class java.util.ArrayList cannot be cast to class modelo.Favorito (java.util.ArrayList is in module java.base of loader 'bootstrap'; modelo.Favorito is in unnamed module of loader org.apache.catalina.loader.ParallelWebappClassLoader @6e22546a)
		at controlador.FavoritoResource.getFavoritoPorId(FavoritoResource.java:26)
		at java.base/jdk.internal.reflect.DirectMethodHandleAccessor.invoke(DirectMethodHandleAccessor.java:103)
		at java.base/java.lang.reflect.Method.invoke(Method.java:580)
		at org.glassfish.jersey.server.model.internal.ResourceMethodInvocationHandlerFactory.lambda$static$0(ResourceMethodInvocationHandlerFactory.java:52)
		at org.glassfish.jersey.server.model.internal.AbstractJavaResourceMethodDispatcher$1.run(AbstractJavaResourceMethodDispatcher.java:146)
		at org.glassfish.jersey.server.model.internal.AbstractJavaResourceMethodDispatcher.invoke(AbstractJavaResourceMethodDispatcher.java:189)
		at org.glassfish.jersey.server.model.internal.JavaResourceMethodDispatcherProvider$ResponseOutInvoker.doDispatch(JavaResourceMethodDispatcherProvider.java:176)
		at org.glassfish.jersey.server.model.internal.AbstractJavaResourceMethodDispatcher.dispatch(AbstractJavaResourceMethodDispatcher.java:93)
		at org.glassfish.jersey.server.model.ResourceMethodInvoker.invoke(ResourceMethodInvoker.java:478)
		at org.glassfish.jersey.server.model.ResourceMethodInvoker.apply(ResourceMethodInvoker.java:400)
		at org.glassfish.jersey.server.model.ResourceMethodInvoker.apply(ResourceMethodInvoker.java:81)
		at org.glassfish.jersey.server.ServerRuntime$1.run(ServerRuntime.java:261)
		... 33 more
28-Jul-2025 16:46:00.710 WARNING [http-nio-8080-exec-39] org.glassfish.jersey.server.ServerRuntime$Responder.process An exception mapping did not successfully produce and processed a response. Logging the exception propagated to the default exception mapper.
	java.lang.ClassCastException: class java.util.ArrayList cannot be cast to class modelo.Favorito (java.util.ArrayList is in module java.base of loader 'bootstrap'; modelo.Favorito is in unnamed module of loader org.apache.catalina.loader.ParallelWebappClassLoader @6e22546a)
		at controlador.FavoritoResource.getFavoritoPorId(FavoritoResource.java:26)
		at java.base/jdk.internal.reflect.DirectMethodHandleAccessor.invoke(DirectMethodHandleAccessor.java:103)
		at java.base/java.lang.reflect.Method.invoke(Method.java:580)
		at org.glassfish.jersey.server.model.internal.ResourceMethodInvocationHandlerFactory.lambda$static$0(ResourceMethodInvocationHandlerFactory.java:52)
		at org.glassfish.jersey.server.model.internal.AbstractJavaResourceMethodDispatcher$1.run(AbstractJavaResourceMethodDispatcher.java:146)
		at org.glassfish.jersey.server.model.internal.AbstractJavaResourceMethodDispatcher.invoke(AbstractJavaResourceMethodDispatcher.java:189)
		at org.glassfish.jersey.server.model.internal.JavaResourceMethodDispatcherProvider$ResponseOutInvoker.doDispatch(JavaResourceMethodDispatcherProvider.java:176)
		at org.glassfish.jersey.server.model.internal.AbstractJavaResourceMethodDispatcher.dispatch(AbstractJavaResourceMethodDispatcher.java:93)
		at org.glassfish.jersey.server.model.ResourceMethodInvoker.invoke(ResourceMethodInvoker.java:478)
		at org.glassfish.jersey.server.model.ResourceMethodInvoker.apply(ResourceMethodInvoker.java:400)
		at org.glassfish.jersey.server.model.ResourceMethodInvoker.apply(ResourceMethodInvoker.java:81)
		at org.glassfish.jersey.server.ServerRuntime$1.run(ServerRuntime.java:261)
		at org.glassfish.jersey.internal.Errors$1.call(Errors.java:248)
		at org.glassfish.jersey.internal.Errors$1.call(Errors.java:244)
		at org.glassfish.jersey.internal.Errors.process(Errors.java:292)
		at org.glassfish.jersey.internal.Errors.process(Errors.java:274)
		at org.glassfish.jersey.internal.Errors.process(Errors.java:244)
		at org.glassfish.jersey.process.internal.RequestScope.runInScope(RequestScope.java:265)
		at org.glassfish.jersey.server.ServerRuntime.process(ServerRuntime.java:240)
		at org.glassfish.jersey.server.ApplicationHandler.handle(ApplicationHandler.java:697)
		at org.glassfish.jersey.servlet.WebComponent.serviceImpl(WebComponent.java:394)
		at org.glassfish.jersey.servlet.WebComponent.service(WebComponent.java:346)
		at org.glassfish.jersey.servlet.ServletContainer.service(ServletContainer.java:357)
		at org.glassfish.jersey.servlet.ServletContainer.service(ServletContainer.java:311)
		at org.glassfish.jersey.servlet.ServletContainer.service(ServletContainer.java:205)
		at org.apache.catalina.core.ApplicationFilterChain.doFilter(ApplicationFilterChain.java:130)
		at org.apache.tomcat.websocket.server.WsFilter.doFilter(WsFilter.java:53)
		at org.apache.catalina.core.ApplicationFilterChain.doFilter(ApplicationFilterChain.java:109)
		at org.apache.catalina.core.StandardWrapperValve.invoke(StandardWrapperValve.java:167)
		at org.apache.catalina.core.StandardContextValve.invoke(StandardContextValve.java:79)
		at org.apache.catalina.authenticator.AuthenticatorBase.invoke(AuthenticatorBase.java:483)
		at org.apache.catalina.core.StandardHostValve.invoke(StandardHostValve.java:116)
		at org.apache.catalina.valves.ErrorReportValve.invoke(ErrorReportValve.java:93)
		at org.apache.catalina.valves.AbstractAccessLogValve.invoke(AbstractAccessLogValve.java:666)
		at org.apache.catalina.core.StandardEngineValve.invoke(StandardEngineValve.java:74)
		at org.apache.catalina.connector.CoyoteAdapter.service(CoyoteAdapter.java:343)
		at org.apache.coyote.http11.Http11Processor.service(Http11Processor.java:396)
		at org.apache.coyote.AbstractProcessorLight.process(AbstractProcessorLight.java:63)
		at org.apache.coyote.AbstractProtocol$ConnectionHandler.process(AbstractProtocol.java:903)
		at org.apache.tomcat.util.net.NioEndpoint$SocketProcessor.doRun(NioEndpoint.java:1773)
		at org.apache.tomcat.util.net.SocketProcessorBase.run(SocketProcessorBase.java:52)
		at org.apache.tomcat.util.threads.ThreadPoolExecutor.runWorker(ThreadPoolExecutor.java:1149)
		at org.apache.tomcat.util.threads.ThreadPoolExecutor$Worker.run(ThreadPoolExecutor.java:637)
		at org.apache.tomcat.util.threads.TaskThread$WrappingRunnable.run(TaskThread.java:59)
		at java.base/java.lang.Thread.run(Thread.java:1570)
28-Jul-2025 16:46:00.874 SEVERE [http-nio-8080-exec-39] org.glassfish.jersey.server.ServerRuntime$Responder.writeResponse Error while closing the output stream in order to commit response.
	org.glassfish.jersey.server.ContainerException: java.util.concurrent.ExecutionException: java.lang.ClassCastException: class java.util.ArrayList cannot be cast to class modelo.Favorito (java.util.ArrayList is in module java.base of loader 'bootstrap'; modelo.Favorito is in unnamed module of loader org.apache.catalina.loader.ParallelWebappClassLoader @6e22546a)
		at org.glassfish.jersey.servlet.internal.ResponseWriter.getResponseContext(ResponseWriter.java:278)
		at org.glassfish.jersey.servlet.internal.ResponseWriter.writeResponseStatusAndHeaders(ResponseWriter.java:128)
		at org.glassfish.jersey.server.ServerRuntime$Responder$1.getOutputStream(ServerRuntime.java:667)
		at org.glassfish.jersey.message.internal.CommittingOutputStream.commitStream(CommittingOutputStream.java:171)
		at org.glassfish.jersey.message.internal.CommittingOutputStream.flushBuffer(CommittingOutputStream.java:276)
		at org.glassfish.jersey.message.internal.CommittingOutputStream.commit(CommittingOutputStream.java:232)
		at org.glassfish.jersey.message.internal.CommittingOutputStream.close(CommittingOutputStream.java:247)
		at org.glassfish.jersey.message.internal.OutboundMessageContext.close(OutboundMessageContext.java:865)
		at org.glassfish.jersey.server.ContainerResponse.close(ContainerResponse.java:403)
		at org.glassfish.jersey.server.ServerRuntime$Responder.writeResponse(ServerRuntime.java:749)
		at org.glassfish.jersey.server.ServerRuntime$Responder.processResponse(ServerRuntime.java:385)
		at org.glassfish.jersey.server.ServerRuntime$Responder.processResponseWithDefaultExceptionMapper(ServerRuntime.java:633)
		at org.glassfish.jersey.server.ServerRuntime$Responder.process(ServerRuntime.java:458)
		at org.glassfish.jersey.server.ServerRuntime$1.run(ServerRuntime.java:269)
		at org.glassfish.jersey.internal.Errors$1.call(Errors.java:248)
		at org.glassfish.jersey.internal.Errors$1.call(Errors.java:244)
		at org.glassfish.jersey.internal.Errors.process(Errors.java:292)
		at org.glassfish.jersey.internal.Errors.process(Errors.java:274)
		at org.glassfish.jersey.internal.Errors.process(Errors.java:244)
		at org.glassfish.jersey.process.internal.RequestScope.runInScope(RequestScope.java:265)
		at org.glassfish.jersey.server.ServerRuntime.process(ServerRuntime.java:240)
		at org.glassfish.jersey.server.ApplicationHandler.handle(ApplicationHandler.java:697)
		at org.glassfish.jersey.servlet.WebComponent.serviceImpl(WebComponent.java:394)
		at org.glassfish.jersey.servlet.WebComponent.service(WebComponent.java:346)
		at org.glassfish.jersey.servlet.ServletContainer.service(ServletContainer.java:357)
		at org.glassfish.jersey.servlet.ServletContainer.service(ServletContainer.java:311)
		at org.glassfish.jersey.servlet.ServletContainer.service(ServletContainer.java:205)
		at org.apache.catalina.core.ApplicationFilterChain.doFilter(ApplicationFilterChain.java:130)
		at org.apache.tomcat.websocket.server.WsFilter.doFilter(WsFilter.java:53)
		at org.apache.catalina.core.ApplicationFilterChain.doFilter(ApplicationFilterChain.java:109)
		at org.apache.catalina.core.StandardWrapperValve.invoke(StandardWrapperValve.java:167)
		at org.apache.catalina.core.StandardContextValve.invoke(StandardContextValve.java:79)
		at org.apache.catalina.authenticator.AuthenticatorBase.invoke(AuthenticatorBase.java:483)
		at org.apache.catalina.core.StandardHostValve.invoke(StandardHostValve.java:116)
		at org.apache.catalina.valves.ErrorReportValve.invoke(ErrorReportValve.java:93)
		at org.apache.catalina.valves.AbstractAccessLogValve.invoke(AbstractAccessLogValve.java:666)
		at org.apache.catalina.core.StandardEngineValve.invoke(StandardEngineValve.java:74)
		at org.apache.catalina.connector.CoyoteAdapter.service(CoyoteAdapter.java:343)
		at org.apache.coyote.http11.Http11Processor.service(Http11Processor.java:396)
		at org.apache.coyote.AbstractProcessorLight.process(AbstractProcessorLight.java:63)
		at org.apache.coyote.AbstractProtocol$ConnectionHandler.process(AbstractProtocol.java:903)
		at org.apache.tomcat.util.net.NioEndpoint$SocketProcessor.doRun(NioEndpoint.java:1773)
		at org.apache.tomcat.util.net.SocketProcessorBase.run(SocketProcessorBase.java:52)
		at org.apache.tomcat.util.threads.ThreadPoolExecutor.runWorker(ThreadPoolExecutor.java:1149)
		at org.apache.tomcat.util.threads.ThreadPoolExecutor$Worker.run(ThreadPoolExecutor.java:637)
		at org.apache.tomcat.util.threads.TaskThread$WrappingRunnable.run(TaskThread.java:59)
		at java.base/java.lang.Thread.run(Thread.java:1570)
	Caused by: java.util.concurrent.ExecutionException: java.lang.ClassCastException: class java.util.ArrayList cannot be cast to class modelo.Favorito (java.util.ArrayList is in module java.base of loader 'bootstrap'; modelo.Favorito is in unnamed module of loader org.apache.catalina.loader.ParallelWebappClassLoader @6e22546a)
		at java.base/java.util.concurrent.CompletableFuture.reportGet(CompletableFuture.java:396)
		at java.base/java.util.concurrent.CompletableFuture.get(CompletableFuture.java:2073)
		at org.glassfish.jersey.servlet.internal.ResponseWriter.getResponseContext(ResponseWriter.java:276)
		... 46 more
	Caused by: java.lang.ClassCastException: class java.util.ArrayList cannot be cast to class modelo.Favorito (java.util.ArrayList is in module java.base of loader 'bootstrap'; modelo.Favorito is in unnamed module of loader org.apache.catalina.loader.ParallelWebappClassLoader @6e22546a)
		at controlador.FavoritoResource.getFavoritoPorId(FavoritoResource.java:26)
		at java.base/jdk.internal.reflect.DirectMethodHandleAccessor.invoke(DirectMethodHandleAccessor.java:103)
		at java.base/java.lang.reflect.Method.invoke(Method.java:580)
		at org.glassfish.jersey.server.model.internal.ResourceMethodInvocationHandlerFactory.lambda$static$0(ResourceMethodInvocationHandlerFactory.java:52)
		at org.glassfish.jersey.server.model.internal.AbstractJavaResourceMethodDispatcher$1.run(AbstractJavaResourceMethodDispatcher.java:146)
		at org.glassfish.jersey.server.model.internal.AbstractJavaResourceMethodDispatcher.invoke(AbstractJavaResourceMethodDispatcher.java:189)
		at org.glassfish.jersey.server.model.internal.JavaResourceMethodDispatcherProvider$ResponseOutInvoker.doDispatch(JavaResourceMethodDispatcherProvider.java:176)
		at org.glassfish.jersey.server.model.internal.AbstractJavaResourceMethodDispatcher.dispatch(AbstractJavaResourceMethodDispatcher.java:93)
		at org.glassfish.jersey.server.model.ResourceMethodInvoker.invoke(ResourceMethodInvoker.java:478)
		at org.glassfish.jersey.server.model.ResourceMethodInvoker.apply(ResourceMethodInvoker.java:400)
		at org.glassfish.jersey.server.model.ResourceMethodInvoker.apply(ResourceMethodInvoker.java:81)
		at org.glassfish.jersey.server.ServerRuntime$1.run(ServerRuntime.java:261)
		... 33 more
28-Jul-2025 16:47:57.276 WARNING [http-nio-8080-exec-32] org.apache.catalina.loader.WebappClassLoaderBase.clearReferencesJdbc La aplicación web [helder] registró el conductor JDBC [com.mysql.cj.jdbc.Driver] pero falló al anular el registro mientras la aplicación web estaba parada. Para prevenir un fallo de memoria, se ha anulado el registro del conductor JDBC por la fuerza.
28-Jul-2025 16:47:57.277 WARNING [http-nio-8080-exec-32] org.apache.catalina.loader.WebappClassLoaderBase.clearReferencesThreads The web application [helder] appears to have started a thread named [mysql-cj-abandoned-connection-cleanup] but has failed to stop it. This is very likely to create a memory leak. Stack trace of thread:
 java.base/jdk.internal.misc.Unsafe.park(Native Method)
 java.base/java.util.concurrent.locks.LockSupport.parkNanos(LockSupport.java:269)
 java.base/java.util.concurrent.locks.AbstractQueuedSynchronizer$ConditionObject.await(AbstractQueuedSynchronizer.java:1847)
 java.base/java.lang.ref.ReferenceQueue.await(ReferenceQueue.java:71)
 java.base/java.lang.ref.ReferenceQueue.remove0(ReferenceQueue.java:143)
 java.base/java.lang.ref.ReferenceQueue.remove(ReferenceQueue.java:218)
 com.mysql.cj.jdbc.AbandonedConnectionCleanupThread.run(AbandonedConnectionCleanupThread.java:91)
 java.base/java.util.concurrent.ThreadPoolExecutor.runWorker(ThreadPoolExecutor.java:1144)
 java.base/java.util.concurrent.ThreadPoolExecutor$Worker.run(ThreadPoolExecutor.java:642)
 java.base/java.lang.Thread.run(Thread.java:1570)
28-Jul-2025 16:47:57.791 INFO [http-nio-8080-exec-32] org.apache.catalina.startup.HostConfig.undeploy Repliegue (undeploy) de la aplicación web que tiene como trayectoria de contexto [/helder]
28-Jul-2025 16:47:57.805 INFO [http-nio-8080-exec-34] org.apache.catalina.startup.HostConfig.deployDescriptor Desplieque del descriptor de configuración [C:\Users\Administrador\Documents\proyecto_final_helder_java-js\apache-tomcat-11.0.8-windows-x64\apache-tomcat-11.0.8\conf\Catalina\localhost\helder.xml]
28-Jul-2025 16:47:57.807 WARNING [http-nio-8080-exec-34] org.apache.catalina.startup.HostConfig.deployDescriptor The path attribute with value [/helder] in deployment descriptor [C:\Users\Administrador\Documents\proyecto_final_helder_java-js\apache-tomcat-11.0.8-windows-x64\apache-tomcat-11.0.8\conf\Catalina\localhost\helder.xml] has been ignored
28-Jul-2025 16:47:58.009 INFO [mysql-cj-abandoned-connection-cleanup] org.apache.catalina.loader.WebappClassLoaderBase.checkStateForResourceLoading Acceso ilegal: esta instancia de aplicación web ya ha sido parada.  Could not load [].  La eventual traza de pila que sigue ha sido motivada por un error lanzado con motivos de depuración así como para intentar terminar el hilo que motivó el acceso ilegal y no tiene impacto funcional.
	java.lang.IllegalStateException: Acceso ilegal: esta instancia de aplicación web ya ha sido parada.  Could not load [].  La eventual traza de pila que sigue ha sido motivada por un error lanzado con motivos de depuración así como para intentar terminar el hilo que motivó el acceso ilegal y no tiene impacto funcional.
		at org.apache.catalina.loader.WebappClassLoaderBase.checkStateForResourceLoading(WebappClassLoaderBase.java:1248)
		at org.apache.catalina.loader.WebappClassLoaderBase.getResource(WebappClassLoaderBase.java:857)
		at com.mysql.cj.jdbc.AbandonedConnectionCleanupThread.checkThreadContextClassLoader(AbandonedConnectionCleanupThread.java:123)
		at com.mysql.cj.jdbc.AbandonedConnectionCleanupThread.run(AbandonedConnectionCleanupThread.java:90)
		at java.base/java.util.concurrent.ThreadPoolExecutor.runWorker(ThreadPoolExecutor.java:1144)
		at java.base/java.util.concurrent.ThreadPoolExecutor$Worker.run(ThreadPoolExecutor.java:642)
		at java.base/java.lang.Thread.run(Thread.java:1570)
28-Jul-2025 16:47:58.009 INFO [mysql-cj-abandoned-connection-cleanup] org.apache.catalina.loader.WebappClassLoaderBase.checkStateForResourceLoading Acceso ilegal: esta instancia de aplicación web ya ha sido parada.  Could not load [].  La eventual traza de pila que sigue ha sido motivada por un error lanzado con motivos de depuración así como para intentar terminar el hilo que motivó el acceso ilegal y no tiene impacto funcional.
	java.lang.IllegalStateException: Acceso ilegal: esta instancia de aplicación web ya ha sido parada.  Could not load [].  La eventual traza de pila que sigue ha sido motivada por un error lanzado con motivos de depuración así como para intentar terminar el hilo que motivó el acceso ilegal y no tiene impacto funcional.
		at org.apache.catalina.loader.WebappClassLoaderBase.checkStateForResourceLoading(WebappClassLoaderBase.java:1248)
		at org.apache.catalina.loader.WebappClassLoaderBase.getResource(WebappClassLoaderBase.java:857)
		at com.mysql.cj.jdbc.AbandonedConnectionCleanupThread.checkThreadContextClassLoader(AbandonedConnectionCleanupThread.java:123)
		at com.mysql.cj.jdbc.AbandonedConnectionCleanupThread.run(AbandonedConnectionCleanupThread.java:90)
		at java.base/java.util.concurrent.ThreadPoolExecutor.runWorker(ThreadPoolExecutor.java:1144)
		at java.base/java.util.concurrent.ThreadPoolExecutor$Worker.run(ThreadPoolExecutor.java:642)
		at java.base/java.lang.Thread.run(Thread.java:1570)
28-Jul-2025 16:47:58.009 INFO [mysql-cj-abandoned-connection-cleanup] org.apache.catalina.loader.WebappClassLoaderBase.checkStateForResourceLoading Acceso ilegal: esta instancia de aplicación web ya ha sido parada.  Could not load [].  La eventual traza de pila que sigue ha sido motivada por un error lanzado con motivos de depuración así como para intentar terminar el hilo que motivó el acceso ilegal y no tiene impacto funcional.
	java.lang.IllegalStateException: Acceso ilegal: esta instancia de aplicación web ya ha sido parada.  Could not load [].  La eventual traza de pila que sigue ha sido motivada por un error lanzado con motivos de depuración así como para intentar terminar el hilo que motivó el acceso ilegal y no tiene impacto funcional.
		at org.apache.catalina.loader.WebappClassLoaderBase.checkStateForResourceLoading(WebappClassLoaderBase.java:1248)
		at org.apache.catalina.loader.WebappClassLoaderBase.getResource(WebappClassLoaderBase.java:857)
		at com.mysql.cj.jdbc.AbandonedConnectionCleanupThread.checkThreadContextClassLoader(AbandonedConnectionCleanupThread.java:123)
		at com.mysql.cj.jdbc.AbandonedConnectionCleanupThread.run(AbandonedConnectionCleanupThread.java:90)
		at java.base/java.util.concurrent.ThreadPoolExecutor.runWorker(ThreadPoolExecutor.java:1144)
		at java.base/java.util.concurrent.ThreadPoolExecutor$Worker.run(ThreadPoolExecutor.java:642)
		at java.base/java.lang.Thread.run(Thread.java:1570)
28-Jul-2025 16:47:58.029 INFO [mysql-cj-abandoned-connection-cleanup] org.apache.catalina.loader.WebappClassLoaderBase.checkStateForResourceLoading Acceso ilegal: esta instancia de aplicación web ya ha sido parada.  Could not load [].  La eventual traza de pila que sigue ha sido motivada por un error lanzado con motivos de depuración así como para intentar terminar el hilo que motivó el acceso ilegal y no tiene impacto funcional.
	java.lang.IllegalStateException: Acceso ilegal: esta instancia de aplicación web ya ha sido parada.  Could not load [].  La eventual traza de pila que sigue ha sido motivada por un error lanzado con motivos de depuración así como para intentar terminar el hilo que motivó el acceso ilegal y no tiene impacto funcional.
		at org.apache.catalina.loader.WebappClassLoaderBase.checkStateForResourceLoading(WebappClassLoaderBase.java:1248)
		at org.apache.catalina.loader.WebappClassLoaderBase.getResource(WebappClassLoaderBase.java:857)
		at com.mysql.cj.jdbc.AbandonedConnectionCleanupThread.checkThreadContextClassLoader(AbandonedConnectionCleanupThread.java:123)
		at com.mysql.cj.jdbc.AbandonedConnectionCleanupThread.run(AbandonedConnectionCleanupThread.java:90)
		at java.base/java.util.concurrent.ThreadPoolExecutor.runWorker(ThreadPoolExecutor.java:1144)
		at java.base/java.util.concurrent.ThreadPoolExecutor$Worker.run(ThreadPoolExecutor.java:642)
		at java.base/java.lang.Thread.run(Thread.java:1570)
28-Jul-2025 16:47:58.029 INFO [mysql-cj-abandoned-connection-cleanup] org.apache.catalina.loader.WebappClassLoaderBase.checkStateForResourceLoading Acceso ilegal: esta instancia de aplicación web ya ha sido parada.  Could not load [].  La eventual traza de pila que sigue ha sido motivada por un error lanzado con motivos de depuración así como para intentar terminar el hilo que motivó el acceso ilegal y no tiene impacto funcional.
	java.lang.IllegalStateException: Acceso ilegal: esta instancia de aplicación web ya ha sido parada.  Could not load [].  La eventual traza de pila que sigue ha sido motivada por un error lanzado con motivos de depuración así como para intentar terminar el hilo que motivó el acceso ilegal y no tiene impacto funcional.
		at org.apache.catalina.loader.WebappClassLoaderBase.checkStateForResourceLoading(WebappClassLoaderBase.java:1248)
		at org.apache.catalina.loader.WebappClassLoaderBase.getResource(WebappClassLoaderBase.java:857)
		at com.mysql.cj.jdbc.AbandonedConnectionCleanupThread.checkThreadContextClassLoader(AbandonedConnectionCleanupThread.java:123)
		at com.mysql.cj.jdbc.AbandonedConnectionCleanupThread.run(AbandonedConnectionCleanupThread.java:90)
		at java.base/java.util.concurrent.ThreadPoolExecutor.runWorker(ThreadPoolExecutor.java:1144)
		at java.base/java.util.concurrent.ThreadPoolExecutor$Worker.run(ThreadPoolExecutor.java:642)
		at java.base/java.lang.Thread.run(Thread.java:1570)
28-Jul-2025 16:47:58.029 INFO [mysql-cj-abandoned-connection-cleanup] org.apache.catalina.loader.WebappClassLoaderBase.checkStateForResourceLoading Acceso ilegal: esta instancia de aplicación web ya ha sido parada.  Could not load [].  La eventual traza de pila que sigue ha sido motivada por un error lanzado con motivos de depuración así como para intentar terminar el hilo que motivó el acceso ilegal y no tiene impacto funcional.
	java.lang.IllegalStateException: Acceso ilegal: esta instancia de aplicación web ya ha sido parada.  Could not load [].  La eventual traza de pila que sigue ha sido motivada por un error lanzado con motivos de depuración así como para intentar terminar el hilo que motivó el acceso ilegal y no tiene impacto funcional.
		at org.apache.catalina.loader.WebappClassLoaderBase.checkStateForResourceLoading(WebappClassLoaderBase.java:1248)
		at org.apache.catalina.loader.WebappClassLoaderBase.getResource(WebappClassLoaderBase.java:857)
		at com.mysql.cj.jdbc.AbandonedConnectionCleanupThread.checkThreadContextClassLoader(AbandonedConnectionCleanupThread.java:123)
		at com.mysql.cj.jdbc.AbandonedConnectionCleanupThread.run(AbandonedConnectionCleanupThread.java:90)
		at java.base/java.util.concurrent.ThreadPoolExecutor.runWorker(ThreadPoolExecutor.java:1144)
		at java.base/java.util.concurrent.ThreadPoolExecutor$Worker.run(ThreadPoolExecutor.java:642)
		at java.base/java.lang.Thread.run(Thread.java:1570)
28-Jul-2025 16:47:58.078 INFO [mysql-cj-abandoned-connection-cleanup] org.apache.catalina.loader.WebappClassLoaderBase.checkStateForResourceLoading Acceso ilegal: esta instancia de aplicación web ya ha sido parada.  Could not load [].  La eventual traza de pila que sigue ha sido motivada por un error lanzado con motivos de depuración así como para intentar terminar el hilo que motivó el acceso ilegal y no tiene impacto funcional.
	java.lang.IllegalStateException: Acceso ilegal: esta instancia de aplicación web ya ha sido parada.  Could not load [].  La eventual traza de pila que sigue ha sido motivada por un error lanzado con motivos de depuración así como para intentar terminar el hilo que motivó el acceso ilegal y no tiene impacto funcional.
		at org.apache.catalina.loader.WebappClassLoaderBase.checkStateForResourceLoading(WebappClassLoaderBase.java:1248)
		at org.apache.catalina.loader.WebappClassLoaderBase.getResource(WebappClassLoaderBase.java:857)
		at com.mysql.cj.jdbc.AbandonedConnectionCleanupThread.checkThreadContextClassLoader(AbandonedConnectionCleanupThread.java:123)
		at com.mysql.cj.jdbc.AbandonedConnectionCleanupThread.run(AbandonedConnectionCleanupThread.java:90)
		at java.base/java.util.concurrent.ThreadPoolExecutor.runWorker(ThreadPoolExecutor.java:1144)
		at java.base/java.util.concurrent.ThreadPoolExecutor$Worker.run(ThreadPoolExecutor.java:642)
		at java.base/java.lang.Thread.run(Thread.java:1570)
28-Jul-2025 16:47:58.078 INFO [mysql-cj-abandoned-connection-cleanup] org.apache.catalina.loader.WebappClassLoaderBase.checkStateForResourceLoading Acceso ilegal: esta instancia de aplicación web ya ha sido parada.  Could not load [].  La eventual traza de pila que sigue ha sido motivada por un error lanzado con motivos de depuración así como para intentar terminar el hilo que motivó el acceso ilegal y no tiene impacto funcional.
	java.lang.IllegalStateException: Acceso ilegal: esta instancia de aplicación web ya ha sido parada.  Could not load [].  La eventual traza de pila que sigue ha sido motivada por un error lanzado con motivos de depuración así como para intentar terminar el hilo que motivó el acceso ilegal y no tiene impacto funcional.
		at org.apache.catalina.loader.WebappClassLoaderBase.checkStateForResourceLoading(WebappClassLoaderBase.java:1248)
		at org.apache.catalina.loader.WebappClassLoaderBase.getResource(WebappClassLoaderBase.java:857)
		at com.mysql.cj.jdbc.AbandonedConnectionCleanupThread.checkThreadContextClassLoader(AbandonedConnectionCleanupThread.java:123)
		at com.mysql.cj.jdbc.AbandonedConnectionCleanupThread.run(AbandonedConnectionCleanupThread.java:90)
		at java.base/java.util.concurrent.ThreadPoolExecutor.runWorker(ThreadPoolExecutor.java:1144)
		at java.base/java.util.concurrent.ThreadPoolExecutor$Worker.run(ThreadPoolExecutor.java:642)
		at java.base/java.lang.Thread.run(Thread.java:1570)
28-Jul-2025 16:47:58.078 INFO [mysql-cj-abandoned-connection-cleanup] org.apache.catalina.loader.WebappClassLoaderBase.checkStateForResourceLoading Acceso ilegal: esta instancia de aplicación web ya ha sido parada.  Could not load [].  La eventual traza de pila que sigue ha sido motivada por un error lanzado con motivos de depuración así como para intentar terminar el hilo que motivó el acceso ilegal y no tiene impacto funcional.
	java.lang.IllegalStateException: Acceso ilegal: esta instancia de aplicación web ya ha sido parada.  Could not load [].  La eventual traza de pila que sigue ha sido motivada por un error lanzado con motivos de depuración así como para intentar terminar el hilo que motivó el acceso ilegal y no tiene impacto funcional.
		at org.apache.catalina.loader.WebappClassLoaderBase.checkStateForResourceLoading(WebappClassLoaderBase.java:1248)
		at org.apache.catalina.loader.WebappClassLoaderBase.getResource(WebappClassLoaderBase.java:857)
		at com.mysql.cj.jdbc.AbandonedConnectionCleanupThread.checkThreadContextClassLoader(AbandonedConnectionCleanupThread.java:123)
		at com.mysql.cj.jdbc.AbandonedConnectionCleanupThread.run(AbandonedConnectionCleanupThread.java:90)
		at java.base/java.util.concurrent.ThreadPoolExecutor.runWorker(ThreadPoolExecutor.java:1144)
		at java.base/java.util.concurrent.ThreadPoolExecutor$Worker.run(ThreadPoolExecutor.java:642)
		at java.base/java.lang.Thread.run(Thread.java:1570)
28-Jul-2025 16:47:58.132 INFO [mysql-cj-abandoned-connection-cleanup] org.apache.catalina.loader.WebappClassLoaderBase.checkStateForResourceLoading Acceso ilegal: esta instancia de aplicación web ya ha sido parada.  Could not load [].  La eventual traza de pila que sigue ha sido motivada por un error lanzado con motivos de depuración así como para intentar terminar el hilo que motivó el acceso ilegal y no tiene impacto funcional.
	java.lang.IllegalStateException: Acceso ilegal: esta instancia de aplicación web ya ha sido parada.  Could not load [].  La eventual traza de pila que sigue ha sido motivada por un error lanzado con motivos de depuración así como para intentar terminar el hilo que motivó el acceso ilegal y no tiene impacto funcional.
		at org.apache.catalina.loader.WebappClassLoaderBase.checkStateForResourceLoading(WebappClassLoaderBase.java:1248)
		at org.apache.catalina.loader.WebappClassLoaderBase.getResource(WebappClassLoaderBase.java:857)
		at com.mysql.cj.jdbc.AbandonedConnectionCleanupThread.checkThreadContextClassLoader(AbandonedConnectionCleanupThread.java:123)
		at com.mysql.cj.jdbc.AbandonedConnectionCleanupThread.run(AbandonedConnectionCleanupThread.java:90)
		at java.base/java.util.concurrent.ThreadPoolExecutor.runWorker(ThreadPoolExecutor.java:1144)
		at java.base/java.util.concurrent.ThreadPoolExecutor$Worker.run(ThreadPoolExecutor.java:642)
		at java.base/java.lang.Thread.run(Thread.java:1570)
28-Jul-2025 16:47:58.132 INFO [mysql-cj-abandoned-connection-cleanup] org.apache.catalina.loader.WebappClassLoaderBase.checkStateForResourceLoading Acceso ilegal: esta instancia de aplicación web ya ha sido parada.  Could not load [].  La eventual traza de pila que sigue ha sido motivada por un error lanzado con motivos de depuración así como para intentar terminar el hilo que motivó el acceso ilegal y no tiene impacto funcional.
	java.lang.IllegalStateException: Acceso ilegal: esta instancia de aplicación web ya ha sido parada.  Could not load [].  La eventual traza de pila que sigue ha sido motivada por un error lanzado con motivos de depuración así como para intentar terminar el hilo que motivó el acceso ilegal y no tiene impacto funcional.
		at org.apache.catalina.loader.WebappClassLoaderBase.checkStateForResourceLoading(WebappClassLoaderBase.java:1248)
		at org.apache.catalina.loader.WebappClassLoaderBase.getResource(WebappClassLoaderBase.java:857)
		at com.mysql.cj.jdbc.AbandonedConnectionCleanupThread.checkThreadContextClassLoader(AbandonedConnectionCleanupThread.java:123)
		at com.mysql.cj.jdbc.AbandonedConnectionCleanupThread.run(AbandonedConnectionCleanupThread.java:90)
		at java.base/java.util.concurrent.ThreadPoolExecutor.runWorker(ThreadPoolExecutor.java:1144)
		at java.base/java.util.concurrent.ThreadPoolExecutor$Worker.run(ThreadPoolExecutor.java:642)
		at java.base/java.lang.Thread.run(Thread.java:1570)
28-Jul-2025 16:47:58.132 INFO [mysql-cj-abandoned-connection-cleanup] org.apache.catalina.loader.WebappClassLoaderBase.checkStateForResourceLoading Acceso ilegal: esta instancia de aplicación web ya ha sido parada.  Could not load [].  La eventual traza de pila que sigue ha sido motivada por un error lanzado con motivos de depuración así como para intentar terminar el hilo que motivó el acceso ilegal y no tiene impacto funcional.
	java.lang.IllegalStateException: Acceso ilegal: esta instancia de aplicación web ya ha sido parada.  Could not load [].  La eventual traza de pila que sigue ha sido motivada por un error lanzado con motivos de depuración así como para intentar terminar el hilo que motivó el acceso ilegal y no tiene impacto funcional.
		at org.apache.catalina.loader.WebappClassLoaderBase.checkStateForResourceLoading(WebappClassLoaderBase.java:1248)
		at org.apache.catalina.loader.WebappClassLoaderBase.getResource(WebappClassLoaderBase.java:857)
		at com.mysql.cj.jdbc.AbandonedConnectionCleanupThread.checkThreadContextClassLoader(AbandonedConnectionCleanupThread.java:123)
		at com.mysql.cj.jdbc.AbandonedConnectionCleanupThread.run(AbandonedConnectionCleanupThread.java:90)
		at java.base/java.util.concurrent.ThreadPoolExecutor.runWorker(ThreadPoolExecutor.java:1144)
		at java.base/java.util.concurrent.ThreadPoolExecutor$Worker.run(ThreadPoolExecutor.java:642)
		at java.base/java.lang.Thread.run(Thread.java:1570)
28-Jul-2025 16:47:58.186 INFO [mysql-cj-abandoned-connection-cleanup] org.apache.catalina.loader.WebappClassLoaderBase.checkStateForResourceLoading Acceso ilegal: esta instancia de aplicación web ya ha sido parada.  Could not load [].  La eventual traza de pila que sigue ha sido motivada por un error lanzado con motivos de depuración así como para intentar terminar el hilo que motivó el acceso ilegal y no tiene impacto funcional.
	java.lang.IllegalStateException: Acceso ilegal: esta instancia de aplicación web ya ha sido parada.  Could not load [].  La eventual traza de pila que sigue ha sido motivada por un error lanzado con motivos de depuración así como para intentar terminar el hilo que motivó el acceso ilegal y no tiene impacto funcional.
		at org.apache.catalina.loader.WebappClassLoaderBase.checkStateForResourceLoading(WebappClassLoaderBase.java:1248)
		at org.apache.catalina.loader.WebappClassLoaderBase.getResource(WebappClassLoaderBase.java:857)
		at com.mysql.cj.jdbc.AbandonedConnectionCleanupThread.checkThreadContextClassLoader(AbandonedConnectionCleanupThread.java:123)
		at com.mysql.cj.jdbc.AbandonedConnectionCleanupThread.run(AbandonedConnectionCleanupThread.java:90)
		at java.base/java.util.concurrent.ThreadPoolExecutor.runWorker(ThreadPoolExecutor.java:1144)
		at java.base/java.util.concurrent.ThreadPoolExecutor$Worker.run(ThreadPoolExecutor.java:642)
		at java.base/java.lang.Thread.run(Thread.java:1570)
28-Jul-2025 16:47:58.186 INFO [mysql-cj-abandoned-connection-cleanup] org.apache.catalina.loader.WebappClassLoaderBase.checkStateForResourceLoading Acceso ilegal: esta instancia de aplicación web ya ha sido parada.  Could not load [].  La eventual traza de pila que sigue ha sido motivada por un error lanzado con motivos de depuración así como para intentar terminar el hilo que motivó el acceso ilegal y no tiene impacto funcional.
	java.lang.IllegalStateException: Acceso ilegal: esta instancia de aplicación web ya ha sido parada.  Could not load [].  La eventual traza de pila que sigue ha sido motivada por un error lanzado con motivos de depuración así como para intentar terminar el hilo que motivó el acceso ilegal y no tiene impacto funcional.
		at org.apache.catalina.loader.WebappClassLoaderBase.checkStateForResourceLoading(WebappClassLoaderBase.java:1248)
		at org.apache.catalina.loader.WebappClassLoaderBase.getResource(WebappClassLoaderBase.java:857)
		at com.mysql.cj.jdbc.AbandonedConnectionCleanupThread.checkThreadContextClassLoader(AbandonedConnectionCleanupThread.java:123)
		at com.mysql.cj.jdbc.AbandonedConnectionCleanupThread.run(AbandonedConnectionCleanupThread.java:90)
		at java.base/java.util.concurrent.ThreadPoolExecutor.runWorker(ThreadPoolExecutor.java:1144)
		at java.base/java.util.concurrent.ThreadPoolExecutor$Worker.run(ThreadPoolExecutor.java:642)
		at java.base/java.lang.Thread.run(Thread.java:1570)
28-Jul-2025 16:47:58.186 INFO [mysql-cj-abandoned-connection-cleanup] org.apache.catalina.loader.WebappClassLoaderBase.checkStateForResourceLoading Acceso ilegal: esta instancia de aplicación web ya ha sido parada.  Could not load [].  La eventual traza de pila que sigue ha sido motivada por un error lanzado con motivos de depuración así como para intentar terminar el hilo que motivó el acceso ilegal y no tiene impacto funcional.
	java.lang.IllegalStateException: Acceso ilegal: esta instancia de aplicación web ya ha sido parada.  Could not load [].  La eventual traza de pila que sigue ha sido motivada por un error lanzado con motivos de depuración así como para intentar terminar el hilo que motivó el acceso ilegal y no tiene impacto funcional.
		at org.apache.catalina.loader.WebappClassLoaderBase.checkStateForResourceLoading(WebappClassLoaderBase.java:1248)
		at org.apache.catalina.loader.WebappClassLoaderBase.getResource(WebappClassLoaderBase.java:857)
		at com.mysql.cj.jdbc.AbandonedConnectionCleanupThread.checkThreadContextClassLoader(AbandonedConnectionCleanupThread.java:123)
		at com.mysql.cj.jdbc.AbandonedConnectionCleanupThread.run(AbandonedConnectionCleanupThread.java:90)
		at java.base/java.util.concurrent.ThreadPoolExecutor.runWorker(ThreadPoolExecutor.java:1144)
		at java.base/java.util.concurrent.ThreadPoolExecutor$Worker.run(ThreadPoolExecutor.java:642)
		at java.base/java.lang.Thread.run(Thread.java:1570)
28-Jul-2025 16:47:58.240 INFO [mysql-cj-abandoned-connection-cleanup] org.apache.catalina.loader.WebappClassLoaderBase.checkStateForResourceLoading Acceso ilegal: esta instancia de aplicación web ya ha sido parada.  Could not load [].  La eventual traza de pila que sigue ha sido motivada por un error lanzado con motivos de depuración así como para intentar terminar el hilo que motivó el acceso ilegal y no tiene impacto funcional.
	java.lang.IllegalStateException: Acceso ilegal: esta instancia de aplicación web ya ha sido parada.  Could not load [].  La eventual traza de pila que sigue ha sido motivada por un error lanzado con motivos de depuración así como para intentar terminar el hilo que motivó el acceso ilegal y no tiene impacto funcional.
		at org.apache.catalina.loader.WebappClassLoaderBase.checkStateForResourceLoading(WebappClassLoaderBase.java:1248)
		at org.apache.catalina.loader.WebappClassLoaderBase.getResource(WebappClassLoaderBase.java:857)
		at com.mysql.cj.jdbc.AbandonedConnectionCleanupThread.checkThreadContextClassLoader(AbandonedConnectionCleanupThread.java:123)
		at com.mysql.cj.jdbc.AbandonedConnectionCleanupThread.run(AbandonedConnectionCleanupThread.java:90)
		at java.base/java.util.concurrent.ThreadPoolExecutor.runWorker(ThreadPoolExecutor.java:1144)
		at java.base/java.util.concurrent.ThreadPoolExecutor$Worker.run(ThreadPoolExecutor.java:642)
		at java.base/java.lang.Thread.run(Thread.java:1570)
28-Jul-2025 16:47:58.240 INFO [mysql-cj-abandoned-connection-cleanup] org.apache.catalina.loader.WebappClassLoaderBase.checkStateForResourceLoading Acceso ilegal: esta instancia de aplicación web ya ha sido parada.  Could not load [].  La eventual traza de pila que sigue ha sido motivada por un error lanzado con motivos de depuración así como para intentar terminar el hilo que motivó el acceso ilegal y no tiene impacto funcional.
	java.lang.IllegalStateException: Acceso ilegal: esta instancia de aplicación web ya ha sido parada.  Could not load [].  La eventual traza de pila que sigue ha sido motivada por un error lanzado con motivos de depuración así como para intentar terminar el hilo que motivó el acceso ilegal y no tiene impacto funcional.
		at org.apache.catalina.loader.WebappClassLoaderBase.checkStateForResourceLoading(WebappClassLoaderBase.java:1248)
		at org.apache.catalina.loader.WebappClassLoaderBase.getResource(WebappClassLoaderBase.java:857)
		at com.mysql.cj.jdbc.AbandonedConnectionCleanupThread.checkThreadContextClassLoader(AbandonedConnectionCleanupThread.java:123)
		at com.mysql.cj.jdbc.AbandonedConnectionCleanupThread.run(AbandonedConnectionCleanupThread.java:90)
		at java.base/java.util.concurrent.ThreadPoolExecutor.runWorker(ThreadPoolExecutor.java:1144)
		at java.base/java.util.concurrent.ThreadPoolExecutor$Worker.run(ThreadPoolExecutor.java:642)
		at java.base/java.lang.Thread.run(Thread.java:1570)
28-Jul-2025 16:47:58.240 INFO [mysql-cj-abandoned-connection-cleanup] org.apache.catalina.loader.WebappClassLoaderBase.checkStateForResourceLoading Acceso ilegal: esta instancia de aplicación web ya ha sido parada.  Could not load [].  La eventual traza de pila que sigue ha sido motivada por un error lanzado con motivos de depuración así como para intentar terminar el hilo que motivó el acceso ilegal y no tiene impacto funcional.
	java.lang.IllegalStateException: Acceso ilegal: esta instancia de aplicación web ya ha sido parada.  Could not load [].  La eventual traza de pila que sigue ha sido motivada por un error lanzado con motivos de depuración así como para intentar terminar el hilo que motivó el acceso ilegal y no tiene impacto funcional.
		at org.apache.catalina.loader.WebappClassLoaderBase.checkStateForResourceLoading(WebappClassLoaderBase.java:1248)
		at org.apache.catalina.loader.WebappClassLoaderBase.getResource(WebappClassLoaderBase.java:857)
		at com.mysql.cj.jdbc.AbandonedConnectionCleanupThread.checkThreadContextClassLoader(AbandonedConnectionCleanupThread.java:123)
		at com.mysql.cj.jdbc.AbandonedConnectionCleanupThread.run(AbandonedConnectionCleanupThread.java:90)
		at java.base/java.util.concurrent.ThreadPoolExecutor.runWorker(ThreadPoolExecutor.java:1144)
		at java.base/java.util.concurrent.ThreadPoolExecutor$Worker.run(ThreadPoolExecutor.java:642)
		at java.base/java.lang.Thread.run(Thread.java:1570)
28-Jul-2025 16:47:58.294 INFO [mysql-cj-abandoned-connection-cleanup] org.apache.catalina.loader.WebappClassLoaderBase.checkStateForResourceLoading Acceso ilegal: esta instancia de aplicación web ya ha sido parada.  Could not load [].  La eventual traza de pila que sigue ha sido motivada por un error lanzado con motivos de depuración así como para intentar terminar el hilo que motivó el acceso ilegal y no tiene impacto funcional.
	java.lang.IllegalStateException: Acceso ilegal: esta instancia de aplicación web ya ha sido parada.  Could not load [].  La eventual traza de pila que sigue ha sido motivada por un error lanzado con motivos de depuración así como para intentar terminar el hilo que motivó el acceso ilegal y no tiene impacto funcional.
		at org.apache.catalina.loader.WebappClassLoaderBase.checkStateForResourceLoading(WebappClassLoaderBase.java:1248)
		at org.apache.catalina.loader.WebappClassLoaderBase.getResource(WebappClassLoaderBase.java:857)
		at com.mysql.cj.jdbc.AbandonedConnectionCleanupThread.checkThreadContextClassLoader(AbandonedConnectionCleanupThread.java:123)
		at com.mysql.cj.jdbc.AbandonedConnectionCleanupThread.run(AbandonedConnectionCleanupThread.java:90)
		at java.base/java.util.concurrent.ThreadPoolExecutor.runWorker(ThreadPoolExecutor.java:1144)
		at java.base/java.util.concurrent.ThreadPoolExecutor$Worker.run(ThreadPoolExecutor.java:642)
		at java.base/java.lang.Thread.run(Thread.java:1570)
28-Jul-2025 16:47:58.294 INFO [mysql-cj-abandoned-connection-cleanup] org.apache.catalina.loader.WebappClassLoaderBase.checkStateForResourceLoading Acceso ilegal: esta instancia de aplicación web ya ha sido parada.  Could not load [].  La eventual traza de pila que sigue ha sido motivada por un error lanzado con motivos de depuración así como para intentar terminar el hilo que motivó el acceso ilegal y no tiene impacto funcional.
	java.lang.IllegalStateException: Acceso ilegal: esta instancia de aplicación web ya ha sido parada.  Could not load [].  La eventual traza de pila que sigue ha sido motivada por un error lanzado con motivos de depuración así como para intentar terminar el hilo que motivó el acceso ilegal y no tiene impacto funcional.
		at org.apache.catalina.loader.WebappClassLoaderBase.checkStateForResourceLoading(WebappClassLoaderBase.java:1248)
		at org.apache.catalina.loader.WebappClassLoaderBase.getResource(WebappClassLoaderBase.java:857)
		at com.mysql.cj.jdbc.AbandonedConnectionCleanupThread.checkThreadContextClassLoader(AbandonedConnectionCleanupThread.java:123)
		at com.mysql.cj.jdbc.AbandonedConnectionCleanupThread.run(AbandonedConnectionCleanupThread.java:90)
		at java.base/java.util.concurrent.ThreadPoolExecutor.runWorker(ThreadPoolExecutor.java:1144)
		at java.base/java.util.concurrent.ThreadPoolExecutor$Worker.run(ThreadPoolExecutor.java:642)
		at java.base/java.lang.Thread.run(Thread.java:1570)
28-Jul-2025 16:47:58.294 INFO [mysql-cj-abandoned-connection-cleanup] org.apache.catalina.loader.WebappClassLoaderBase.checkStateForResourceLoading Acceso ilegal: esta instancia de aplicación web ya ha sido parada.  Could not load [].  La eventual traza de pila que sigue ha sido motivada por un error lanzado con motivos de depuración así como para intentar terminar el hilo que motivó el acceso ilegal y no tiene impacto funcional.
	java.lang.IllegalStateException: Acceso ilegal: esta instancia de aplicación web ya ha sido parada.  Could not load [].  La eventual traza de pila que sigue ha sido motivada por un error lanzado con motivos de depuración así como para intentar terminar el hilo que motivó el acceso ilegal y no tiene impacto funcional.
		at org.apache.catalina.loader.WebappClassLoaderBase.checkStateForResourceLoading(WebappClassLoaderBase.java:1248)
		at org.apache.catalina.loader.WebappClassLoaderBase.getResource(WebappClassLoaderBase.java:857)
		at com.mysql.cj.jdbc.AbandonedConnectionCleanupThread.checkThreadContextClassLoader(AbandonedConnectionCleanupThread.java:123)
		at com.mysql.cj.jdbc.AbandonedConnectionCleanupThread.run(AbandonedConnectionCleanupThread.java:90)
		at java.base/java.util.concurrent.ThreadPoolExecutor.runWorker(ThreadPoolExecutor.java:1144)
		at java.base/java.util.concurrent.ThreadPoolExecutor$Worker.run(ThreadPoolExecutor.java:642)
		at java.base/java.lang.Thread.run(Thread.java:1570)
28-Jul-2025 16:47:58.348 INFO [mysql-cj-abandoned-connection-cleanup] org.apache.catalina.loader.WebappClassLoaderBase.checkStateForResourceLoading Acceso ilegal: esta instancia de aplicación web ya ha sido parada.  Could not load [].  La eventual traza de pila que sigue ha sido motivada por un error lanzado con motivos de depuración así como para intentar terminar el hilo que motivó el acceso ilegal y no tiene impacto funcional.
	java.lang.IllegalStateException: Acceso ilegal: esta instancia de aplicación web ya ha sido parada.  Could not load [].  La eventual traza de pila que sigue ha sido motivada por un error lanzado con motivos de depuración así como para intentar terminar el hilo que motivó el acceso ilegal y no tiene impacto funcional.
		at org.apache.catalina.loader.WebappClassLoaderBase.checkStateForResourceLoading(WebappClassLoaderBase.java:1248)
		at org.apache.catalina.loader.WebappClassLoaderBase.getResource(WebappClassLoaderBase.java:857)
		at com.mysql.cj.jdbc.AbandonedConnectionCleanupThread.checkThreadContextClassLoader(AbandonedConnectionCleanupThread.java:123)
		at com.mysql.cj.jdbc.AbandonedConnectionCleanupThread.run(AbandonedConnectionCleanupThread.java:90)
		at java.base/java.util.concurrent.ThreadPoolExecutor.runWorker(ThreadPoolExecutor.java:1144)
		at java.base/java.util.concurrent.ThreadPoolExecutor$Worker.run(ThreadPoolExecutor.java:642)
		at java.base/java.lang.Thread.run(Thread.java:1570)
28-Jul-2025 16:47:58.348 INFO [mysql-cj-abandoned-connection-cleanup] org.apache.catalina.loader.WebappClassLoaderBase.checkStateForResourceLoading Acceso ilegal: esta instancia de aplicación web ya ha sido parada.  Could not load [].  La eventual traza de pila que sigue ha sido motivada por un error lanzado con motivos de depuración así como para intentar terminar el hilo que motivó el acceso ilegal y no tiene impacto funcional.
	java.lang.IllegalStateException: Acceso ilegal: esta instancia de aplicación web ya ha sido parada.  Could not load [].  La eventual traza de pila que sigue ha sido motivada por un error lanzado con motivos de depuración así como para intentar terminar el hilo que motivó el acceso ilegal y no tiene impacto funcional.
		at org.apache.catalina.loader.WebappClassLoaderBase.checkStateForResourceLoading(WebappClassLoaderBase.java:1248)
		at org.apache.catalina.loader.WebappClassLoaderBase.getResource(WebappClassLoaderBase.java:857)
		at com.mysql.cj.jdbc.AbandonedConnectionCleanupThread.checkThreadContextClassLoader(AbandonedConnectionCleanupThread.java:123)
		at com.mysql.cj.jdbc.AbandonedConnectionCleanupThread.run(AbandonedConnectionCleanupThread.java:90)
		at java.base/java.util.concurrent.ThreadPoolExecutor.runWorker(ThreadPoolExecutor.java:1144)
		at java.base/java.util.concurrent.ThreadPoolExecutor$Worker.run(ThreadPoolExecutor.java:642)
		at java.base/java.lang.Thread.run(Thread.java:1570)
28-Jul-2025 16:47:58.348 INFO [mysql-cj-abandoned-connection-cleanup] org.apache.catalina.loader.WebappClassLoaderBase.checkStateForResourceLoading Acceso ilegal: esta instancia de aplicación web ya ha sido parada.  Could not load [].  La eventual traza de pila que sigue ha sido motivada por un error lanzado con motivos de depuración así como para intentar terminar el hilo que motivó el acceso ilegal y no tiene impacto funcional.
	java.lang.IllegalStateException: Acceso ilegal: esta instancia de aplicación web ya ha sido parada.  Could not load [].  La eventual traza de pila que sigue ha sido motivada por un error lanzado con motivos de depuración así como para intentar terminar el hilo que motivó el acceso ilegal y no tiene impacto funcional.
		at org.apache.catalina.loader.WebappClassLoaderBase.checkStateForResourceLoading(WebappClassLoaderBase.java:1248)
		at org.apache.catalina.loader.WebappClassLoaderBase.getResource(WebappClassLoaderBase.java:857)
		at com.mysql.cj.jdbc.AbandonedConnectionCleanupThread.checkThreadContextClassLoader(AbandonedConnectionCleanupThread.java:123)
		at com.mysql.cj.jdbc.AbandonedConnectionCleanupThread.run(AbandonedConnectionCleanupThread.java:90)
		at java.base/java.util.concurrent.ThreadPoolExecutor.runWorker(ThreadPoolExecutor.java:1144)
		at java.base/java.util.concurrent.ThreadPoolExecutor$Worker.run(ThreadPoolExecutor.java:642)
		at java.base/java.lang.Thread.run(Thread.java:1570)
28-Jul-2025 16:47:58.402 INFO [mysql-cj-abandoned-connection-cleanup] org.apache.catalina.loader.WebappClassLoaderBase.checkStateForResourceLoading Acceso ilegal: esta instancia de aplicación web ya ha sido parada.  Could not load [].  La eventual traza de pila que sigue ha sido motivada por un error lanzado con motivos de depuración así como para intentar terminar el hilo que motivó el acceso ilegal y no tiene impacto funcional.
	java.lang.IllegalStateException: Acceso ilegal: esta instancia de aplicación web ya ha sido parada.  Could not load [].  La eventual traza de pila que sigue ha sido motivada por un error lanzado con motivos de depuración así como para intentar terminar el hilo que motivó el acceso ilegal y no tiene impacto funcional.
		at org.apache.catalina.loader.WebappClassLoaderBase.checkStateForResourceLoading(WebappClassLoaderBase.java:1248)
		at org.apache.catalina.loader.WebappClassLoaderBase.getResource(WebappClassLoaderBase.java:857)
		at com.mysql.cj.jdbc.AbandonedConnectionCleanupThread.checkThreadContextClassLoader(AbandonedConnectionCleanupThread.java:123)
		at com.mysql.cj.jdbc.AbandonedConnectionCleanupThread.run(AbandonedConnectionCleanupThread.java:90)
		at java.base/java.util.concurrent.ThreadPoolExecutor.runWorker(ThreadPoolExecutor.java:1144)
		at java.base/java.util.concurrent.ThreadPoolExecutor$Worker.run(ThreadPoolExecutor.java:642)
		at java.base/java.lang.Thread.run(Thread.java:1570)
28-Jul-2025 16:47:58.402 INFO [mysql-cj-abandoned-connection-cleanup] org.apache.catalina.loader.WebappClassLoaderBase.checkStateForResourceLoading Acceso ilegal: esta instancia de aplicación web ya ha sido parada.  Could not load [].  La eventual traza de pila que sigue ha sido motivada por un error lanzado con motivos de depuración así como para intentar terminar el hilo que motivó el acceso ilegal y no tiene impacto funcional.
	java.lang.IllegalStateException: Acceso ilegal: esta instancia de aplicación web ya ha sido parada.  Could not load [].  La eventual traza de pila que sigue ha sido motivada por un error lanzado con motivos de depuración así como para intentar terminar el hilo que motivó el acceso ilegal y no tiene impacto funcional.
		at org.apache.catalina.loader.WebappClassLoaderBase.checkStateForResourceLoading(WebappClassLoaderBase.java:1248)
		at org.apache.catalina.loader.WebappClassLoaderBase.getResource(WebappClassLoaderBase.java:857)
		at com.mysql.cj.jdbc.AbandonedConnectionCleanupThread.checkThreadContextClassLoader(AbandonedConnectionCleanupThread.java:123)
		at com.mysql.cj.jdbc.AbandonedConnectionCleanupThread.run(AbandonedConnectionCleanupThread.java:90)
		at java.base/java.util.concurrent.ThreadPoolExecutor.runWorker(ThreadPoolExecutor.java:1144)
		at java.base/java.util.concurrent.ThreadPoolExecutor$Worker.run(ThreadPoolExecutor.java:642)
		at java.base/java.lang.Thread.run(Thread.java:1570)
28-Jul-2025 16:47:58.402 INFO [mysql-cj-abandoned-connection-cleanup] org.apache.catalina.loader.WebappClassLoaderBase.checkStateForResourceLoading Acceso ilegal: esta instancia de aplicación web ya ha sido parada.  Could not load [].  La eventual traza de pila que sigue ha sido motivada por un error lanzado con motivos de depuración así como para intentar terminar el hilo que motivó el acceso ilegal y no tiene impacto funcional.
	java.lang.IllegalStateException: Acceso ilegal: esta instancia de aplicación web ya ha sido parada.  Could not load [].  La eventual traza de pila que sigue ha sido motivada por un error lanzado con motivos de depuración así como para intentar terminar el hilo que motivó el acceso ilegal y no tiene impacto funcional.
		at org.apache.catalina.loader.WebappClassLoaderBase.checkStateForResourceLoading(WebappClassLoaderBase.java:1248)
		at org.apache.catalina.loader.WebappClassLoaderBase.getResource(WebappClassLoaderBase.java:857)
		at com.mysql.cj.jdbc.AbandonedConnectionCleanupThread.checkThreadContextClassLoader(AbandonedConnectionCleanupThread.java:123)
		at com.mysql.cj.jdbc.AbandonedConnectionCleanupThread.run(AbandonedConnectionCleanupThread.java:90)
		at java.base/java.util.concurrent.ThreadPoolExecutor.runWorker(ThreadPoolExecutor.java:1144)
		at java.base/java.util.concurrent.ThreadPoolExecutor$Worker.run(ThreadPoolExecutor.java:642)
		at java.base/java.lang.Thread.run(Thread.java:1570)
28-Jul-2025 16:47:58.456 INFO [mysql-cj-abandoned-connection-cleanup] org.apache.catalina.loader.WebappClassLoaderBase.checkStateForResourceLoading Acceso ilegal: esta instancia de aplicación web ya ha sido parada.  Could not load [].  La eventual traza de pila que sigue ha sido motivada por un error lanzado con motivos de depuración así como para intentar terminar el hilo que motivó el acceso ilegal y no tiene impacto funcional.
	java.lang.IllegalStateException: Acceso ilegal: esta instancia de aplicación web ya ha sido parada.  Could not load [].  La eventual traza de pila que sigue ha sido motivada por un error lanzado con motivos de depuración así como para intentar terminar el hilo que motivó el acceso ilegal y no tiene impacto funcional.
		at org.apache.catalina.loader.WebappClassLoaderBase.checkStateForResourceLoading(WebappClassLoaderBase.java:1248)
		at org.apache.catalina.loader.WebappClassLoaderBase.getResource(WebappClassLoaderBase.java:857)
		at com.mysql.cj.jdbc.AbandonedConnectionCleanupThread.checkThreadContextClassLoader(AbandonedConnectionCleanupThread.java:123)
		at com.mysql.cj.jdbc.AbandonedConnectionCleanupThread.run(AbandonedConnectionCleanupThread.java:90)
		at java.base/java.util.concurrent.ThreadPoolExecutor.runWorker(ThreadPoolExecutor.java:1144)
		at java.base/java.util.concurrent.ThreadPoolExecutor$Worker.run(ThreadPoolExecutor.java:642)
		at java.base/java.lang.Thread.run(Thread.java:1570)
28-Jul-2025 16:47:58.456 INFO [mysql-cj-abandoned-connection-cleanup] org.apache.catalina.loader.WebappClassLoaderBase.checkStateForResourceLoading Acceso ilegal: esta instancia de aplicación web ya ha sido parada.  Could not load [].  La eventual traza de pila que sigue ha sido motivada por un error lanzado con motivos de depuración así como para intentar terminar el hilo que motivó el acceso ilegal y no tiene impacto funcional.
	java.lang.IllegalStateException: Acceso ilegal: esta instancia de aplicación web ya ha sido parada.  Could not load [].  La eventual traza de pila que sigue ha sido motivada por un error lanzado con motivos de depuración así como para intentar terminar el hilo que motivó el acceso ilegal y no tiene impacto funcional.
		at org.apache.catalina.loader.WebappClassLoaderBase.checkStateForResourceLoading(WebappClassLoaderBase.java:1248)
		at org.apache.catalina.loader.WebappClassLoaderBase.getResource(WebappClassLoaderBase.java:857)
		at com.mysql.cj.jdbc.AbandonedConnectionCleanupThread.checkThreadContextClassLoader(AbandonedConnectionCleanupThread.java:123)
		at com.mysql.cj.jdbc.AbandonedConnectionCleanupThread.run(AbandonedConnectionCleanupThread.java:90)
		at java.base/java.util.concurrent.ThreadPoolExecutor.runWorker(ThreadPoolExecutor.java:1144)
		at java.base/java.util.concurrent.ThreadPoolExecutor$Worker.run(ThreadPoolExecutor.java:642)
		at java.base/java.lang.Thread.run(Thread.java:1570)
28-Jul-2025 16:47:58.456 INFO [mysql-cj-abandoned-connection-cleanup] org.apache.catalina.loader.WebappClassLoaderBase.checkStateForResourceLoading Acceso ilegal: esta instancia de aplicación web ya ha sido parada.  Could not load [].  La eventual traza de pila que sigue ha sido motivada por un error lanzado con motivos de depuración así como para intentar terminar el hilo que motivó el acceso ilegal y no tiene impacto funcional.
	java.lang.IllegalStateException: Acceso ilegal: esta instancia de aplicación web ya ha sido parada.  Could not load [].  La eventual traza de pila que sigue ha sido motivada por un error lanzado con motivos de depuración así como para intentar terminar el hilo que motivó el acceso ilegal y no tiene impacto funcional.
		at org.apache.catalina.loader.WebappClassLoaderBase.checkStateForResourceLoading(WebappClassLoaderBase.java:1248)
		at org.apache.catalina.loader.WebappClassLoaderBase.getResource(WebappClassLoaderBase.java:857)
		at com.mysql.cj.jdbc.AbandonedConnectionCleanupThread.checkThreadContextClassLoader(AbandonedConnectionCleanupThread.java:123)
		at com.mysql.cj.jdbc.AbandonedConnectionCleanupThread.run(AbandonedConnectionCleanupThread.java:90)
		at java.base/java.util.concurrent.ThreadPoolExecutor.runWorker(ThreadPoolExecutor.java:1144)
		at java.base/java.util.concurrent.ThreadPoolExecutor$Worker.run(ThreadPoolExecutor.java:642)
		at java.base/java.lang.Thread.run(Thread.java:1570)
28-Jul-2025 16:47:58.511 INFO [mysql-cj-abandoned-connection-cleanup] org.apache.catalina.loader.WebappClassLoaderBase.checkStateForResourceLoading Acceso ilegal: esta instancia de aplicación web ya ha sido parada.  Could not load [].  La eventual traza de pila que sigue ha sido motivada por un error lanzado con motivos de depuración así como para intentar terminar el hilo que motivó el acceso ilegal y no tiene impacto funcional.
	java.lang.IllegalStateException: Acceso ilegal: esta instancia de aplicación web ya ha sido parada.  Could not load [].  La eventual traza de pila que sigue ha sido motivada por un error lanzado con motivos de depuración así como para intentar terminar el hilo que motivó el acceso ilegal y no tiene impacto funcional.
		at org.apache.catalina.loader.WebappClassLoaderBase.checkStateForResourceLoading(WebappClassLoaderBase.java:1248)
		at org.apache.catalina.loader.WebappClassLoaderBase.getResource(WebappClassLoaderBase.java:857)
		at com.mysql.cj.jdbc.AbandonedConnectionCleanupThread.checkThreadContextClassLoader(AbandonedConnectionCleanupThread.java:123)
		at com.mysql.cj.jdbc.AbandonedConnectionCleanupThread.run(AbandonedConnectionCleanupThread.java:90)
		at java.base/java.util.concurrent.ThreadPoolExecutor.runWorker(ThreadPoolExecutor.java:1144)
		at java.base/java.util.concurrent.ThreadPoolExecutor$Worker.run(ThreadPoolExecutor.java:642)
		at java.base/java.lang.Thread.run(Thread.java:1570)
28-Jul-2025 16:47:58.511 INFO [mysql-cj-abandoned-connection-cleanup] org.apache.catalina.loader.WebappClassLoaderBase.checkStateForResourceLoading Acceso ilegal: esta instancia de aplicación web ya ha sido parada.  Could not load [].  La eventual traza de pila que sigue ha sido motivada por un error lanzado con motivos de depuración así como para intentar terminar el hilo que motivó el acceso ilegal y no tiene impacto funcional.
	java.lang.IllegalStateException: Acceso ilegal: esta instancia de aplicación web ya ha sido parada.  Could not load [].  La eventual traza de pila que sigue ha sido motivada por un error lanzado con motivos de depuración así como para intentar terminar el hilo que motivó el acceso ilegal y no tiene impacto funcional.
		at org.apache.catalina.loader.WebappClassLoaderBase.checkStateForResourceLoading(WebappClassLoaderBase.java:1248)
		at org.apache.catalina.loader.WebappClassLoaderBase.getResource(WebappClassLoaderBase.java:857)
		at com.mysql.cj.jdbc.AbandonedConnectionCleanupThread.checkThreadContextClassLoader(AbandonedConnectionCleanupThread.java:123)
		at com.mysql.cj.jdbc.AbandonedConnectionCleanupThread.run(AbandonedConnectionCleanupThread.java:90)
		at java.base/java.util.concurrent.ThreadPoolExecutor.runWorker(ThreadPoolExecutor.java:1144)
		at java.base/java.util.concurrent.ThreadPoolExecutor$Worker.run(ThreadPoolExecutor.java:642)
		at java.base/java.lang.Thread.run(Thread.java:1570)
28-Jul-2025 16:47:58.511 INFO [mysql-cj-abandoned-connection-cleanup] org.apache.catalina.loader.WebappClassLoaderBase.checkStateForResourceLoading Acceso ilegal: esta instancia de aplicación web ya ha sido parada.  Could not load [].  La eventual traza de pila que sigue ha sido motivada por un error lanzado con motivos de depuración así como para intentar terminar el hilo que motivó el acceso ilegal y no tiene impacto funcional.
	java.lang.IllegalStateException: Acceso ilegal: esta instancia de aplicación web ya ha sido parada.  Could not load [].  La eventual traza de pila que sigue ha sido motivada por un error lanzado con motivos de depuración así como para intentar terminar el hilo que motivó el acceso ilegal y no tiene impacto funcional.
		at org.apache.catalina.loader.WebappClassLoaderBase.checkStateForResourceLoading(WebappClassLoaderBase.java:1248)
		at org.apache.catalina.loader.WebappClassLoaderBase.getResource(WebappClassLoaderBase.java:857)
		at com.mysql.cj.jdbc.AbandonedConnectionCleanupThread.checkThreadContextClassLoader(AbandonedConnectionCleanupThread.java:123)
		at com.mysql.cj.jdbc.AbandonedConnectionCleanupThread.run(AbandonedConnectionCleanupThread.java:90)
		at java.base/java.util.concurrent.ThreadPoolExecutor.runWorker(ThreadPoolExecutor.java:1144)
		at java.base/java.util.concurrent.ThreadPoolExecutor$Worker.run(ThreadPoolExecutor.java:642)
		at java.base/java.lang.Thread.run(Thread.java:1570)
28-Jul-2025 16:47:58.566 INFO [mysql-cj-abandoned-connection-cleanup] org.apache.catalina.loader.WebappClassLoaderBase.checkStateForResourceLoading Acceso ilegal: esta instancia de aplicación web ya ha sido parada.  Could not load [].  La eventual traza de pila que sigue ha sido motivada por un error lanzado con motivos de depuración así como para intentar terminar el hilo que motivó el acceso ilegal y no tiene impacto funcional.
	java.lang.IllegalStateException: Acceso ilegal: esta instancia de aplicación web ya ha sido parada.  Could not load [].  La eventual traza de pila que sigue ha sido motivada por un error lanzado con motivos de depuración así como para intentar terminar el hilo que motivó el acceso ilegal y no tiene impacto funcional.
		at org.apache.catalina.loader.WebappClassLoaderBase.checkStateForResourceLoading(WebappClassLoaderBase.java:1248)
		at org.apache.catalina.loader.WebappClassLoaderBase.getResource(WebappClassLoaderBase.java:857)
		at com.mysql.cj.jdbc.AbandonedConnectionCleanupThread.checkThreadContextClassLoader(AbandonedConnectionCleanupThread.java:123)
		at com.mysql.cj.jdbc.AbandonedConnectionCleanupThread.run(AbandonedConnectionCleanupThread.java:90)
		at java.base/java.util.concurrent.ThreadPoolExecutor.runWorker(ThreadPoolExecutor.java:1144)
		at java.base/java.util.concurrent.ThreadPoolExecutor$Worker.run(ThreadPoolExecutor.java:642)
		at java.base/java.lang.Thread.run(Thread.java:1570)
28-Jul-2025 16:47:58.566 INFO [mysql-cj-abandoned-connection-cleanup] org.apache.catalina.loader.WebappClassLoaderBase.checkStateForResourceLoading Acceso ilegal: esta instancia de aplicación web ya ha sido parada.  Could not load [].  La eventual traza de pila que sigue ha sido motivada por un error lanzado con motivos de depuración así como para intentar terminar el hilo que motivó el acceso ilegal y no tiene impacto funcional.
	java.lang.IllegalStateException: Acceso ilegal: esta instancia de aplicación web ya ha sido parada.  Could not load [].  La eventual traza de pila que sigue ha sido motivada por un error lanzado con motivos de depuración así como para intentar terminar el hilo que motivó el acceso ilegal y no tiene impacto funcional.
		at org.apache.catalina.loader.WebappClassLoaderBase.checkStateForResourceLoading(WebappClassLoaderBase.java:1248)
		at org.apache.catalina.loader.WebappClassLoaderBase.getResource(WebappClassLoaderBase.java:857)
		at com.mysql.cj.jdbc.AbandonedConnectionCleanupThread.checkThreadContextClassLoader(AbandonedConnectionCleanupThread.java:123)
		at com.mysql.cj.jdbc.AbandonedConnectionCleanupThread.run(AbandonedConnectionCleanupThread.java:90)
		at java.base/java.util.concurrent.ThreadPoolExecutor.runWorker(ThreadPoolExecutor.java:1144)
		at java.base/java.util.concurrent.ThreadPoolExecutor$Worker.run(ThreadPoolExecutor.java:642)
		at java.base/java.lang.Thread.run(Thread.java:1570)
28-Jul-2025 16:47:58.566 INFO [mysql-cj-abandoned-connection-cleanup] org.apache.catalina.loader.WebappClassLoaderBase.checkStateForResourceLoading Acceso ilegal: esta instancia de aplicación web ya ha sido parada.  Could not load [].  La eventual traza de pila que sigue ha sido motivada por un error lanzado con motivos de depuración así como para intentar terminar el hilo que motivó el acceso ilegal y no tiene impacto funcional.
	java.lang.IllegalStateException: Acceso ilegal: esta instancia de aplicación web ya ha sido parada.  Could not load [].  La eventual traza de pila que sigue ha sido motivada por un error lanzado con motivos de depuración así como para intentar terminar el hilo que motivó el acceso ilegal y no tiene impacto funcional.
		at org.apache.catalina.loader.WebappClassLoaderBase.checkStateForResourceLoading(WebappClassLoaderBase.java:1248)
		at org.apache.catalina.loader.WebappClassLoaderBase.getResource(WebappClassLoaderBase.java:857)
		at com.mysql.cj.jdbc.AbandonedConnectionCleanupThread.checkThreadContextClassLoader(AbandonedConnectionCleanupThread.java:123)
		at com.mysql.cj.jdbc.AbandonedConnectionCleanupThread.run(AbandonedConnectionCleanupThread.java:90)
		at java.base/java.util.concurrent.ThreadPoolExecutor.runWorker(ThreadPoolExecutor.java:1144)
		at java.base/java.util.concurrent.ThreadPoolExecutor$Worker.run(ThreadPoolExecutor.java:642)
		at java.base/java.lang.Thread.run(Thread.java:1570)
28-Jul-2025 16:47:58.622 INFO [mysql-cj-abandoned-connection-cleanup] org.apache.catalina.loader.WebappClassLoaderBase.checkStateForResourceLoading Acceso ilegal: esta instancia de aplicación web ya ha sido parada.  Could not load [].  La eventual traza de pila que sigue ha sido motivada por un error lanzado con motivos de depuración así como para intentar terminar el hilo que motivó el acceso ilegal y no tiene impacto funcional.
	java.lang.IllegalStateException: Acceso ilegal: esta instancia de aplicación web ya ha sido parada.  Could not load [].  La eventual traza de pila que sigue ha sido motivada por un error lanzado con motivos de depuración así como para intentar terminar el hilo que motivó el acceso ilegal y no tiene impacto funcional.
		at org.apache.catalina.loader.WebappClassLoaderBase.checkStateForResourceLoading(WebappClassLoaderBase.java:1248)
		at org.apache.catalina.loader.WebappClassLoaderBase.getResource(WebappClassLoaderBase.java:857)
		at com.mysql.cj.jdbc.AbandonedConnectionCleanupThread.checkThreadContextClassLoader(AbandonedConnectionCleanupThread.java:123)
		at com.mysql.cj.jdbc.AbandonedConnectionCleanupThread.run(AbandonedConnectionCleanupThread.java:90)
		at java.base/java.util.concurrent.ThreadPoolExecutor.runWorker(ThreadPoolExecutor.java:1144)
		at java.base/java.util.concurrent.ThreadPoolExecutor$Worker.run(ThreadPoolExecutor.java:642)
		at java.base/java.lang.Thread.run(Thread.java:1570)
28-Jul-2025 16:47:58.622 INFO [mysql-cj-abandoned-connection-cleanup] org.apache.catalina.loader.WebappClassLoaderBase.checkStateForResourceLoading Acceso ilegal: esta instancia de aplicación web ya ha sido parada.  Could not load [].  La eventual traza de pila que sigue ha sido motivada por un error lanzado con motivos de depuración así como para intentar terminar el hilo que motivó el acceso ilegal y no tiene impacto funcional.
	java.lang.IllegalStateException: Acceso ilegal: esta instancia de aplicación web ya ha sido parada.  Could not load [].  La eventual traza de pila que sigue ha sido motivada por un error lanzado con motivos de depuración así como para intentar terminar el hilo que motivó el acceso ilegal y no tiene impacto funcional.
		at org.apache.catalina.loader.WebappClassLoaderBase.checkStateForResourceLoading(WebappClassLoaderBase.java:1248)
		at org.apache.catalina.loader.WebappClassLoaderBase.getResource(WebappClassLoaderBase.java:857)
		at com.mysql.cj.jdbc.AbandonedConnectionCleanupThread.checkThreadContextClassLoader(AbandonedConnectionCleanupThread.java:123)
		at com.mysql.cj.jdbc.AbandonedConnectionCleanupThread.run(AbandonedConnectionCleanupThread.java:90)
		at java.base/java.util.concurrent.ThreadPoolExecutor.runWorker(ThreadPoolExecutor.java:1144)
		at java.base/java.util.concurrent.ThreadPoolExecutor$Worker.run(ThreadPoolExecutor.java:642)
		at java.base/java.lang.Thread.run(Thread.java:1570)
28-Jul-2025 16:47:58.622 INFO [mysql-cj-abandoned-connection-cleanup] org.apache.catalina.loader.WebappClassLoaderBase.checkStateForResourceLoading Acceso ilegal: esta instancia de aplicación web ya ha sido parada.  Could not load [].  La eventual traza de pila que sigue ha sido motivada por un error lanzado con motivos de depuración así como para intentar terminar el hilo que motivó el acceso ilegal y no tiene impacto funcional.
	java.lang.IllegalStateException: Acceso ilegal: esta instancia de aplicación web ya ha sido parada.  Could not load [].  La eventual traza de pila que sigue ha sido motivada por un error lanzado con motivos de depuración así como para intentar terminar el hilo que motivó el acceso ilegal y no tiene impacto funcional.
		at org.apache.catalina.loader.WebappClassLoaderBase.checkStateForResourceLoading(WebappClassLoaderBase.java:1248)
		at org.apache.catalina.loader.WebappClassLoaderBase.getResource(WebappClassLoaderBase.java:857)
		at com.mysql.cj.jdbc.AbandonedConnectionCleanupThread.checkThreadContextClassLoader(AbandonedConnectionCleanupThread.java:123)
		at com.mysql.cj.jdbc.AbandonedConnectionCleanupThread.run(AbandonedConnectionCleanupThread.java:90)
		at java.base/java.util.concurrent.ThreadPoolExecutor.runWorker(ThreadPoolExecutor.java:1144)
		at java.base/java.util.concurrent.ThreadPoolExecutor$Worker.run(ThreadPoolExecutor.java:642)
		at java.base/java.lang.Thread.run(Thread.java:1570)
28-Jul-2025 16:47:58.681 INFO [mysql-cj-abandoned-connection-cleanup] org.apache.catalina.loader.WebappClassLoaderBase.checkStateForResourceLoading Acceso ilegal: esta instancia de aplicación web ya ha sido parada.  Could not load [].  La eventual traza de pila que sigue ha sido motivada por un error lanzado con motivos de depuración así como para intentar terminar el hilo que motivó el acceso ilegal y no tiene impacto funcional.
	java.lang.IllegalStateException: Acceso ilegal: esta instancia de aplicación web ya ha sido parada.  Could not load [].  La eventual traza de pila que sigue ha sido motivada por un error lanzado con motivos de depuración así como para intentar terminar el hilo que motivó el acceso ilegal y no tiene impacto funcional.
		at org.apache.catalina.loader.WebappClassLoaderBase.checkStateForResourceLoading(WebappClassLoaderBase.java:1248)
		at org.apache.catalina.loader.WebappClassLoaderBase.getResource(WebappClassLoaderBase.java:857)
		at com.mysql.cj.jdbc.AbandonedConnectionCleanupThread.checkThreadContextClassLoader(AbandonedConnectionCleanupThread.java:123)
		at com.mysql.cj.jdbc.AbandonedConnectionCleanupThread.run(AbandonedConnectionCleanupThread.java:90)
		at java.base/java.util.concurrent.ThreadPoolExecutor.runWorker(ThreadPoolExecutor.java:1144)
		at java.base/java.util.concurrent.ThreadPoolExecutor$Worker.run(ThreadPoolExecutor.java:642)
		at java.base/java.lang.Thread.run(Thread.java:1570)
28-Jul-2025 16:47:58.681 INFO [mysql-cj-abandoned-connection-cleanup] org.apache.catalina.loader.WebappClassLoaderBase.checkStateForResourceLoading Acceso ilegal: esta instancia de aplicación web ya ha sido parada.  Could not load [].  La eventual traza de pila que sigue ha sido motivada por un error lanzado con motivos de depuración así como para intentar terminar el hilo que motivó el acceso ilegal y no tiene impacto funcional.
	java.lang.IllegalStateException: Acceso ilegal: esta instancia de aplicación web ya ha sido parada.  Could not load [].  La eventual traza de pila que sigue ha sido motivada por un error lanzado con motivos de depuración así como para intentar terminar el hilo que motivó el acceso ilegal y no tiene impacto funcional.
		at org.apache.catalina.loader.WebappClassLoaderBase.checkStateForResourceLoading(WebappClassLoaderBase.java:1248)
		at org.apache.catalina.loader.WebappClassLoaderBase.getResource(WebappClassLoaderBase.java:857)
		at com.mysql.cj.jdbc.AbandonedConnectionCleanupThread.checkThreadContextClassLoader(AbandonedConnectionCleanupThread.java:123)
		at com.mysql.cj.jdbc.AbandonedConnectionCleanupThread.run(AbandonedConnectionCleanupThread.java:90)
		at java.base/java.util.concurrent.ThreadPoolExecutor.runWorker(ThreadPoolExecutor.java:1144)
		at java.base/java.util.concurrent.ThreadPoolExecutor$Worker.run(ThreadPoolExecutor.java:642)
		at java.base/java.lang.Thread.run(Thread.java:1570)
28-Jul-2025 16:47:58.682 INFO [mysql-cj-abandoned-connection-cleanup] org.apache.catalina.loader.WebappClassLoaderBase.checkStateForResourceLoading Acceso ilegal: esta instancia de aplicación web ya ha sido parada.  Could not load [].  La eventual traza de pila que sigue ha sido motivada por un error lanzado con motivos de depuración así como para intentar terminar el hilo que motivó el acceso ilegal y no tiene impacto funcional.
	java.lang.IllegalStateException: Acceso ilegal: esta instancia de aplicación web ya ha sido parada.  Could not load [].  La eventual traza de pila que sigue ha sido motivada por un error lanzado con motivos de depuración así como para intentar terminar el hilo que motivó el acceso ilegal y no tiene impacto funcional.
		at org.apache.catalina.loader.WebappClassLoaderBase.checkStateForResourceLoading(WebappClassLoaderBase.java:1248)
		at org.apache.catalina.loader.WebappClassLoaderBase.getResource(WebappClassLoaderBase.java:857)
		at com.mysql.cj.jdbc.AbandonedConnectionCleanupThread.checkThreadContextClassLoader(AbandonedConnectionCleanupThread.java:123)
		at com.mysql.cj.jdbc.AbandonedConnectionCleanupThread.run(AbandonedConnectionCleanupThread.java:90)
		at java.base/java.util.concurrent.ThreadPoolExecutor.runWorker(ThreadPoolExecutor.java:1144)
		at java.base/java.util.concurrent.ThreadPoolExecutor$Worker.run(ThreadPoolExecutor.java:642)
		at java.base/java.lang.Thread.run(Thread.java:1570)
28-Jul-2025 16:47:58.711 INFO [http-nio-8080-exec-34] org.apache.jasper.servlet.TldScanner.scanJars Al menos un JAR, que se ha explorado buscando TLDs, aún no contenía TLDs. Activar historial de depuración para este historiador para una completa lista de los JARs que fueron explorados y de los que nos se halló TLDs. Saltarse JARs no necesarios durante la exploración puede dar lugar a una mejora de tiempo significativa en el arranque y compilación de JSP .
28-Jul-2025 16:47:58.730 INFO [mysql-cj-abandoned-connection-cleanup] org.apache.catalina.loader.WebappClassLoaderBase.checkStateForResourceLoading Acceso ilegal: esta instancia de aplicación web ya ha sido parada.  Could not load [].  La eventual traza de pila que sigue ha sido motivada por un error lanzado con motivos de depuración así como para intentar terminar el hilo que motivó el acceso ilegal y no tiene impacto funcional.
	java.lang.IllegalStateException: Acceso ilegal: esta instancia de aplicación web ya ha sido parada.  Could not load [].  La eventual traza de pila que sigue ha sido motivada por un error lanzado con motivos de depuración así como para intentar terminar el hilo que motivó el acceso ilegal y no tiene impacto funcional.
		at org.apache.catalina.loader.WebappClassLoaderBase.checkStateForResourceLoading(WebappClassLoaderBase.java:1248)
		at org.apache.catalina.loader.WebappClassLoaderBase.getResource(WebappClassLoaderBase.java:857)
		at com.mysql.cj.jdbc.AbandonedConnectionCleanupThread.checkThreadContextClassLoader(AbandonedConnectionCleanupThread.java:123)
		at com.mysql.cj.jdbc.AbandonedConnectionCleanupThread.run(AbandonedConnectionCleanupThread.java:90)
		at java.base/java.util.concurrent.ThreadPoolExecutor.runWorker(ThreadPoolExecutor.java:1144)
		at java.base/java.util.concurrent.ThreadPoolExecutor$Worker.run(ThreadPoolExecutor.java:642)
		at java.base/java.lang.Thread.run(Thread.java:1570)
28-Jul-2025 16:47:58.730 INFO [mysql-cj-abandoned-connection-cleanup] org.apache.catalina.loader.WebappClassLoaderBase.checkStateForResourceLoading Acceso ilegal: esta instancia de aplicación web ya ha sido parada.  Could not load [].  La eventual traza de pila que sigue ha sido motivada por un error lanzado con motivos de depuración así como para intentar terminar el hilo que motivó el acceso ilegal y no tiene impacto funcional.
	java.lang.IllegalStateException: Acceso ilegal: esta instancia de aplicación web ya ha sido parada.  Could not load [].  La eventual traza de pila que sigue ha sido motivada por un error lanzado con motivos de depuración así como para intentar terminar el hilo que motivó el acceso ilegal y no tiene impacto funcional.
		at org.apache.catalina.loader.WebappClassLoaderBase.checkStateForResourceLoading(WebappClassLoaderBase.java:1248)
		at org.apache.catalina.loader.WebappClassLoaderBase.getResource(WebappClassLoaderBase.java:857)
		at com.mysql.cj.jdbc.AbandonedConnectionCleanupThread.checkThreadContextClassLoader(AbandonedConnectionCleanupThread.java:123)
		at com.mysql.cj.jdbc.AbandonedConnectionCleanupThread.run(AbandonedConnectionCleanupThread.java:90)
		at java.base/java.util.concurrent.ThreadPoolExecutor.runWorker(ThreadPoolExecutor.java:1144)
		at java.base/java.util.concurrent.ThreadPoolExecutor$Worker.run(ThreadPoolExecutor.java:642)
		at java.base/java.lang.Thread.run(Thread.java:1570)
28-Jul-2025 16:47:58.730 INFO [mysql-cj-abandoned-connection-cleanup] org.apache.catalina.loader.WebappClassLoaderBase.checkStateForResourceLoading Acceso ilegal: esta instancia de aplicación web ya ha sido parada.  Could not load [].  La eventual traza de pila que sigue ha sido motivada por un error lanzado con motivos de depuración así como para intentar terminar el hilo que motivó el acceso ilegal y no tiene impacto funcional.
	java.lang.IllegalStateException: Acceso ilegal: esta instancia de aplicación web ya ha sido parada.  Could not load [].  La eventual traza de pila que sigue ha sido motivada por un error lanzado con motivos de depuración así como para intentar terminar el hilo que motivó el acceso ilegal y no tiene impacto funcional.
		at org.apache.catalina.loader.WebappClassLoaderBase.checkStateForResourceLoading(WebappClassLoaderBase.java:1248)
		at org.apache.catalina.loader.WebappClassLoaderBase.getResource(WebappClassLoaderBase.java:857)
		at com.mysql.cj.jdbc.AbandonedConnectionCleanupThread.checkThreadContextClassLoader(AbandonedConnectionCleanupThread.java:123)
		at com.mysql.cj.jdbc.AbandonedConnectionCleanupThread.run(AbandonedConnectionCleanupThread.java:90)
		at java.base/java.util.concurrent.ThreadPoolExecutor.runWorker(ThreadPoolExecutor.java:1144)
		at java.base/java.util.concurrent.ThreadPoolExecutor$Worker.run(ThreadPoolExecutor.java:642)
		at java.base/java.lang.Thread.run(Thread.java:1570)
28-Jul-2025 16:47:58.791 INFO [mysql-cj-abandoned-connection-cleanup] org.apache.catalina.loader.WebappClassLoaderBase.checkStateForResourceLoading Acceso ilegal: esta instancia de aplicación web ya ha sido parada.  Could not load [].  La eventual traza de pila que sigue ha sido motivada por un error lanzado con motivos de depuración así como para intentar terminar el hilo que motivó el acceso ilegal y no tiene impacto funcional.
	java.lang.IllegalStateException: Acceso ilegal: esta instancia de aplicación web ya ha sido parada.  Could not load [].  La eventual traza de pila que sigue ha sido motivada por un error lanzado con motivos de depuración así como para intentar terminar el hilo que motivó el acceso ilegal y no tiene impacto funcional.
		at org.apache.catalina.loader.WebappClassLoaderBase.checkStateForResourceLoading(WebappClassLoaderBase.java:1248)
		at org.apache.catalina.loader.WebappClassLoaderBase.getResource(WebappClassLoaderBase.java:857)
		at com.mysql.cj.jdbc.AbandonedConnectionCleanupThread.checkThreadContextClassLoader(AbandonedConnectionCleanupThread.java:123)
		at com.mysql.cj.jdbc.AbandonedConnectionCleanupThread.run(AbandonedConnectionCleanupThread.java:90)
		at java.base/java.util.concurrent.ThreadPoolExecutor.runWorker(ThreadPoolExecutor.java:1144)
		at java.base/java.util.concurrent.ThreadPoolExecutor$Worker.run(ThreadPoolExecutor.java:642)
		at java.base/java.lang.Thread.run(Thread.java:1570)
28-Jul-2025 16:47:58.791 INFO [mysql-cj-abandoned-connection-cleanup] org.apache.catalina.loader.WebappClassLoaderBase.checkStateForResourceLoading Acceso ilegal: esta instancia de aplicación web ya ha sido parada.  Could not load [].  La eventual traza de pila que sigue ha sido motivada por un error lanzado con motivos de depuración así como para intentar terminar el hilo que motivó el acceso ilegal y no tiene impacto funcional.
	java.lang.IllegalStateException: Acceso ilegal: esta instancia de aplicación web ya ha sido parada.  Could not load [].  La eventual traza de pila que sigue ha sido motivada por un error lanzado con motivos de depuración así como para intentar terminar el hilo que motivó el acceso ilegal y no tiene impacto funcional.
		at org.apache.catalina.loader.WebappClassLoaderBase.checkStateForResourceLoading(WebappClassLoaderBase.java:1248)
		at org.apache.catalina.loader.WebappClassLoaderBase.getResource(WebappClassLoaderBase.java:857)
		at com.mysql.cj.jdbc.AbandonedConnectionCleanupThread.checkThreadContextClassLoader(AbandonedConnectionCleanupThread.java:123)
		at com.mysql.cj.jdbc.AbandonedConnectionCleanupThread.run(AbandonedConnectionCleanupThread.java:90)
		at java.base/java.util.concurrent.ThreadPoolExecutor.runWorker(ThreadPoolExecutor.java:1144)
		at java.base/java.util.concurrent.ThreadPoolExecutor$Worker.run(ThreadPoolExecutor.java:642)
		at java.base/java.lang.Thread.run(Thread.java:1570)
28-Jul-2025 16:47:58.791 INFO [mysql-cj-abandoned-connection-cleanup] org.apache.catalina.loader.WebappClassLoaderBase.checkStateForResourceLoading Acceso ilegal: esta instancia de aplicación web ya ha sido parada.  Could not load [].  La eventual traza de pila que sigue ha sido motivada por un error lanzado con motivos de depuración así como para intentar terminar el hilo que motivó el acceso ilegal y no tiene impacto funcional.
	java.lang.IllegalStateException: Acceso ilegal: esta instancia de aplicación web ya ha sido parada.  Could not load [].  La eventual traza de pila que sigue ha sido motivada por un error lanzado con motivos de depuración así como para intentar terminar el hilo que motivó el acceso ilegal y no tiene impacto funcional.
		at org.apache.catalina.loader.WebappClassLoaderBase.checkStateForResourceLoading(WebappClassLoaderBase.java:1248)
		at org.apache.catalina.loader.WebappClassLoaderBase.getResource(WebappClassLoaderBase.java:857)
		at com.mysql.cj.jdbc.AbandonedConnectionCleanupThread.checkThreadContextClassLoader(AbandonedConnectionCleanupThread.java:123)
		at com.mysql.cj.jdbc.AbandonedConnectionCleanupThread.run(AbandonedConnectionCleanupThread.java:90)
		at java.base/java.util.concurrent.ThreadPoolExecutor.runWorker(ThreadPoolExecutor.java:1144)
		at java.base/java.util.concurrent.ThreadPoolExecutor$Worker.run(ThreadPoolExecutor.java:642)
		at java.base/java.lang.Thread.run(Thread.java:1570)
28-Jul-2025 16:47:58.846 INFO [mysql-cj-abandoned-connection-cleanup] org.apache.catalina.loader.WebappClassLoaderBase.checkStateForResourceLoading Acceso ilegal: esta instancia de aplicación web ya ha sido parada.  Could not load [].  La eventual traza de pila que sigue ha sido motivada por un error lanzado con motivos de depuración así como para intentar terminar el hilo que motivó el acceso ilegal y no tiene impacto funcional.
	java.lang.IllegalStateException: Acceso ilegal: esta instancia de aplicación web ya ha sido parada.  Could not load [].  La eventual traza de pila que sigue ha sido motivada por un error lanzado con motivos de depuración así como para intentar terminar el hilo que motivó el acceso ilegal y no tiene impacto funcional.
		at org.apache.catalina.loader.WebappClassLoaderBase.checkStateForResourceLoading(WebappClassLoaderBase.java:1248)
		at org.apache.catalina.loader.WebappClassLoaderBase.getResource(WebappClassLoaderBase.java:857)
		at com.mysql.cj.jdbc.AbandonedConnectionCleanupThread.checkThreadContextClassLoader(AbandonedConnectionCleanupThread.java:123)
		at com.mysql.cj.jdbc.AbandonedConnectionCleanupThread.run(AbandonedConnectionCleanupThread.java:90)
		at java.base/java.util.concurrent.ThreadPoolExecutor.runWorker(ThreadPoolExecutor.java:1144)
		at java.base/java.util.concurrent.ThreadPoolExecutor$Worker.run(ThreadPoolExecutor.java:642)
		at java.base/java.lang.Thread.run(Thread.java:1570)
28-Jul-2025 16:47:58.846 INFO [mysql-cj-abandoned-connection-cleanup] org.apache.catalina.loader.WebappClassLoaderBase.checkStateForResourceLoading Acceso ilegal: esta instancia de aplicación web ya ha sido parada.  Could not load [].  La eventual traza de pila que sigue ha sido motivada por un error lanzado con motivos de depuración así como para intentar terminar el hilo que motivó el acceso ilegal y no tiene impacto funcional.
	java.lang.IllegalStateException: Acceso ilegal: esta instancia de aplicación web ya ha sido parada.  Could not load [].  La eventual traza de pila que sigue ha sido motivada por un error lanzado con motivos de depuración así como para intentar terminar el hilo que motivó el acceso ilegal y no tiene impacto funcional.
		at org.apache.catalina.loader.WebappClassLoaderBase.checkStateForResourceLoading(WebappClassLoaderBase.java:1248)
		at org.apache.catalina.loader.WebappClassLoaderBase.getResource(WebappClassLoaderBase.java:857)
		at com.mysql.cj.jdbc.AbandonedConnectionCleanupThread.checkThreadContextClassLoader(AbandonedConnectionCleanupThread.java:123)
		at com.mysql.cj.jdbc.AbandonedConnectionCleanupThread.run(AbandonedConnectionCleanupThread.java:90)
		at java.base/java.util.concurrent.ThreadPoolExecutor.runWorker(ThreadPoolExecutor.java:1144)
		at java.base/java.util.concurrent.ThreadPoolExecutor$Worker.run(ThreadPoolExecutor.java:642)
		at java.base/java.lang.Thread.run(Thread.java:1570)
28-Jul-2025 16:47:58.846 INFO [mysql-cj-abandoned-connection-cleanup] org.apache.catalina.loader.WebappClassLoaderBase.checkStateForResourceLoading Acceso ilegal: esta instancia de aplicación web ya ha sido parada.  Could not load [].  La eventual traza de pila que sigue ha sido motivada por un error lanzado con motivos de depuración así como para intentar terminar el hilo que motivó el acceso ilegal y no tiene impacto funcional.
	java.lang.IllegalStateException: Acceso ilegal: esta instancia de aplicación web ya ha sido parada.  Could not load [].  La eventual traza de pila que sigue ha sido motivada por un error lanzado con motivos de depuración así como para intentar terminar el hilo que motivó el acceso ilegal y no tiene impacto funcional.
		at org.apache.catalina.loader.WebappClassLoaderBase.checkStateForResourceLoading(WebappClassLoaderBase.java:1248)
		at org.apache.catalina.loader.WebappClassLoaderBase.getResource(WebappClassLoaderBase.java:857)
		at com.mysql.cj.jdbc.AbandonedConnectionCleanupThread.checkThreadContextClassLoader(AbandonedConnectionCleanupThread.java:123)
		at com.mysql.cj.jdbc.AbandonedConnectionCleanupThread.run(AbandonedConnectionCleanupThread.java:90)
		at java.base/java.util.concurrent.ThreadPoolExecutor.runWorker(ThreadPoolExecutor.java:1144)
		at java.base/java.util.concurrent.ThreadPoolExecutor$Worker.run(ThreadPoolExecutor.java:642)
		at java.base/java.lang.Thread.run(Thread.java:1570)
28-Jul-2025 16:47:58.899 INFO [mysql-cj-abandoned-connection-cleanup] org.apache.catalina.loader.WebappClassLoaderBase.checkStateForResourceLoading Acceso ilegal: esta instancia de aplicación web ya ha sido parada.  Could not load [].  La eventual traza de pila que sigue ha sido motivada por un error lanzado con motivos de depuración así como para intentar terminar el hilo que motivó el acceso ilegal y no tiene impacto funcional.
	java.lang.IllegalStateException: Acceso ilegal: esta instancia de aplicación web ya ha sido parada.  Could not load [].  La eventual traza de pila que sigue ha sido motivada por un error lanzado con motivos de depuración así como para intentar terminar el hilo que motivó el acceso ilegal y no tiene impacto funcional.
		at org.apache.catalina.loader.WebappClassLoaderBase.checkStateForResourceLoading(WebappClassLoaderBase.java:1248)
		at org.apache.catalina.loader.WebappClassLoaderBase.getResource(WebappClassLoaderBase.java:857)
		at com.mysql.cj.jdbc.AbandonedConnectionCleanupThread.checkThreadContextClassLoader(AbandonedConnectionCleanupThread.java:123)
		at com.mysql.cj.jdbc.AbandonedConnectionCleanupThread.run(AbandonedConnectionCleanupThread.java:90)
		at java.base/java.util.concurrent.ThreadPoolExecutor.runWorker(ThreadPoolExecutor.java:1144)
		at java.base/java.util.concurrent.ThreadPoolExecutor$Worker.run(ThreadPoolExecutor.java:642)
		at java.base/java.lang.Thread.run(Thread.java:1570)
28-Jul-2025 16:47:58.899 INFO [mysql-cj-abandoned-connection-cleanup] org.apache.catalina.loader.WebappClassLoaderBase.checkStateForResourceLoading Acceso ilegal: esta instancia de aplicación web ya ha sido parada.  Could not load [].  La eventual traza de pila que sigue ha sido motivada por un error lanzado con motivos de depuración así como para intentar terminar el hilo que motivó el acceso ilegal y no tiene impacto funcional.
	java.lang.IllegalStateException: Acceso ilegal: esta instancia de aplicación web ya ha sido parada.  Could not load [].  La eventual traza de pila que sigue ha sido motivada por un error lanzado con motivos de depuración así como para intentar terminar el hilo que motivó el acceso ilegal y no tiene impacto funcional.
		at org.apache.catalina.loader.WebappClassLoaderBase.checkStateForResourceLoading(WebappClassLoaderBase.java:1248)
		at org.apache.catalina.loader.WebappClassLoaderBase.getResource(WebappClassLoaderBase.java:857)
		at com.mysql.cj.jdbc.AbandonedConnectionCleanupThread.checkThreadContextClassLoader(AbandonedConnectionCleanupThread.java:123)
		at com.mysql.cj.jdbc.AbandonedConnectionCleanupThread.run(AbandonedConnectionCleanupThread.java:90)
		at java.base/java.util.concurrent.ThreadPoolExecutor.runWorker(ThreadPoolExecutor.java:1144)
		at java.base/java.util.concurrent.ThreadPoolExecutor$Worker.run(ThreadPoolExecutor.java:642)
		at java.base/java.lang.Thread.run(Thread.java:1570)
28-Jul-2025 16:47:58.899 INFO [mysql-cj-abandoned-connection-cleanup] org.apache.catalina.loader.WebappClassLoaderBase.checkStateForResourceLoading Acceso ilegal: esta instancia de aplicación web ya ha sido parada.  Could not load [].  La eventual traza de pila que sigue ha sido motivada por un error lanzado con motivos de depuración así como para intentar terminar el hilo que motivó el acceso ilegal y no tiene impacto funcional.
	java.lang.IllegalStateException: Acceso ilegal: esta instancia de aplicación web ya ha sido parada.  Could not load [].  La eventual traza de pila que sigue ha sido motivada por un error lanzado con motivos de depuración así como para intentar terminar el hilo que motivó el acceso ilegal y no tiene impacto funcional.
		at org.apache.catalina.loader.WebappClassLoaderBase.checkStateForResourceLoading(WebappClassLoaderBase.java:1248)
		at org.apache.catalina.loader.WebappClassLoaderBase.getResource(WebappClassLoaderBase.java:857)
		at com.mysql.cj.jdbc.AbandonedConnectionCleanupThread.checkThreadContextClassLoader(AbandonedConnectionCleanupThread.java:123)
		at com.mysql.cj.jdbc.AbandonedConnectionCleanupThread.run(AbandonedConnectionCleanupThread.java:90)
		at java.base/java.util.concurrent.ThreadPoolExecutor.runWorker(ThreadPoolExecutor.java:1144)
		at java.base/java.util.concurrent.ThreadPoolExecutor$Worker.run(ThreadPoolExecutor.java:642)
		at java.base/java.lang.Thread.run(Thread.java:1570)
28-Jul-2025 16:47:58.953 INFO [mysql-cj-abandoned-connection-cleanup] org.apache.catalina.loader.WebappClassLoaderBase.checkStateForResourceLoading Acceso ilegal: esta instancia de aplicación web ya ha sido parada.  Could not load [].  La eventual traza de pila que sigue ha sido motivada por un error lanzado con motivos de depuración así como para intentar terminar el hilo que motivó el acceso ilegal y no tiene impacto funcional.
	java.lang.IllegalStateException: Acceso ilegal: esta instancia de aplicación web ya ha sido parada.  Could not load [].  La eventual traza de pila que sigue ha sido motivada por un error lanzado con motivos de depuración así como para intentar terminar el hilo que motivó el acceso ilegal y no tiene impacto funcional.
		at org.apache.catalina.loader.WebappClassLoaderBase.checkStateForResourceLoading(WebappClassLoaderBase.java:1248)
		at org.apache.catalina.loader.WebappClassLoaderBase.getResource(WebappClassLoaderBase.java:857)
		at com.mysql.cj.jdbc.AbandonedConnectionCleanupThread.checkThreadContextClassLoader(AbandonedConnectionCleanupThread.java:123)
		at com.mysql.cj.jdbc.AbandonedConnectionCleanupThread.run(AbandonedConnectionCleanupThread.java:90)
		at java.base/java.util.concurrent.ThreadPoolExecutor.runWorker(ThreadPoolExecutor.java:1144)
		at java.base/java.util.concurrent.ThreadPoolExecutor$Worker.run(ThreadPoolExecutor.java:642)
		at java.base/java.lang.Thread.run(Thread.java:1570)
28-Jul-2025 16:47:58.953 INFO [mysql-cj-abandoned-connection-cleanup] org.apache.catalina.loader.WebappClassLoaderBase.checkStateForResourceLoading Acceso ilegal: esta instancia de aplicación web ya ha sido parada.  Could not load [].  La eventual traza de pila que sigue ha sido motivada por un error lanzado con motivos de depuración así como para intentar terminar el hilo que motivó el acceso ilegal y no tiene impacto funcional.
	java.lang.IllegalStateException: Acceso ilegal: esta instancia de aplicación web ya ha sido parada.  Could not load [].  La eventual traza de pila que sigue ha sido motivada por un error lanzado con motivos de depuración así como para intentar terminar el hilo que motivó el acceso ilegal y no tiene impacto funcional.
		at org.apache.catalina.loader.WebappClassLoaderBase.checkStateForResourceLoading(WebappClassLoaderBase.java:1248)
		at org.apache.catalina.loader.WebappClassLoaderBase.getResource(WebappClassLoaderBase.java:857)
		at com.mysql.cj.jdbc.AbandonedConnectionCleanupThread.checkThreadContextClassLoader(AbandonedConnectionCleanupThread.java:123)
		at com.mysql.cj.jdbc.AbandonedConnectionCleanupThread.run(AbandonedConnectionCleanupThread.java:90)
		at java.base/java.util.concurrent.ThreadPoolExecutor.runWorker(ThreadPoolExecutor.java:1144)
		at java.base/java.util.concurrent.ThreadPoolExecutor$Worker.run(ThreadPoolExecutor.java:642)
		at java.base/java.lang.Thread.run(Thread.java:1570)
28-Jul-2025 16:47:58.953 INFO [mysql-cj-abandoned-connection-cleanup] org.apache.catalina.loader.WebappClassLoaderBase.checkStateForResourceLoading Acceso ilegal: esta instancia de aplicación web ya ha sido parada.  Could not load [].  La eventual traza de pila que sigue ha sido motivada por un error lanzado con motivos de depuración así como para intentar terminar el hilo que motivó el acceso ilegal y no tiene impacto funcional.
	java.lang.IllegalStateException: Acceso ilegal: esta instancia de aplicación web ya ha sido parada.  Could not load [].  La eventual traza de pila que sigue ha sido motivada por un error lanzado con motivos de depuración así como para intentar terminar el hilo que motivó el acceso ilegal y no tiene impacto funcional.
		at org.apache.catalina.loader.WebappClassLoaderBase.checkStateForResourceLoading(WebappClassLoaderBase.java:1248)
		at org.apache.catalina.loader.WebappClassLoaderBase.getResource(WebappClassLoaderBase.java:857)
		at com.mysql.cj.jdbc.AbandonedConnectionCleanupThread.checkThreadContextClassLoader(AbandonedConnectionCleanupThread.java:123)
		at com.mysql.cj.jdbc.AbandonedConnectionCleanupThread.run(AbandonedConnectionCleanupThread.java:90)
		at java.base/java.util.concurrent.ThreadPoolExecutor.runWorker(ThreadPoolExecutor.java:1144)
		at java.base/java.util.concurrent.ThreadPoolExecutor$Worker.run(ThreadPoolExecutor.java:642)
		at java.base/java.lang.Thread.run(Thread.java:1570)
28-Jul-2025 16:47:59.006 INFO [mysql-cj-abandoned-connection-cleanup] org.apache.catalina.loader.WebappClassLoaderBase.checkStateForResourceLoading Acceso ilegal: esta instancia de aplicación web ya ha sido parada.  Could not load [].  La eventual traza de pila que sigue ha sido motivada por un error lanzado con motivos de depuración así como para intentar terminar el hilo que motivó el acceso ilegal y no tiene impacto funcional.
	java.lang.IllegalStateException: Acceso ilegal: esta instancia de aplicación web ya ha sido parada.  Could not load [].  La eventual traza de pila que sigue ha sido motivada por un error lanzado con motivos de depuración así como para intentar terminar el hilo que motivó el acceso ilegal y no tiene impacto funcional.
		at org.apache.catalina.loader.WebappClassLoaderBase.checkStateForResourceLoading(WebappClassLoaderBase.java:1248)
		at org.apache.catalina.loader.WebappClassLoaderBase.getResource(WebappClassLoaderBase.java:857)
		at com.mysql.cj.jdbc.AbandonedConnectionCleanupThread.checkThreadContextClassLoader(AbandonedConnectionCleanupThread.java:123)
		at com.mysql.cj.jdbc.AbandonedConnectionCleanupThread.run(AbandonedConnectionCleanupThread.java:90)
		at java.base/java.util.concurrent.ThreadPoolExecutor.runWorker(ThreadPoolExecutor.java:1144)
		at java.base/java.util.concurrent.ThreadPoolExecutor$Worker.run(ThreadPoolExecutor.java:642)
		at java.base/java.lang.Thread.run(Thread.java:1570)
28-Jul-2025 16:47:59.006 INFO [mysql-cj-abandoned-connection-cleanup] org.apache.catalina.loader.WebappClassLoaderBase.checkStateForResourceLoading Acceso ilegal: esta instancia de aplicación web ya ha sido parada.  Could not load [].  La eventual traza de pila que sigue ha sido motivada por un error lanzado con motivos de depuración así como para intentar terminar el hilo que motivó el acceso ilegal y no tiene impacto funcional.
	java.lang.IllegalStateException: Acceso ilegal: esta instancia de aplicación web ya ha sido parada.  Could not load [].  La eventual traza de pila que sigue ha sido motivada por un error lanzado con motivos de depuración así como para intentar terminar el hilo que motivó el acceso ilegal y no tiene impacto funcional.
		at org.apache.catalina.loader.WebappClassLoaderBase.checkStateForResourceLoading(WebappClassLoaderBase.java:1248)
		at org.apache.catalina.loader.WebappClassLoaderBase.getResource(WebappClassLoaderBase.java:857)
		at com.mysql.cj.jdbc.AbandonedConnectionCleanupThread.checkThreadContextClassLoader(AbandonedConnectionCleanupThread.java:123)
		at com.mysql.cj.jdbc.AbandonedConnectionCleanupThread.run(AbandonedConnectionCleanupThread.java:90)
		at java.base/java.util.concurrent.ThreadPoolExecutor.runWorker(ThreadPoolExecutor.java:1144)
		at java.base/java.util.concurrent.ThreadPoolExecutor$Worker.run(ThreadPoolExecutor.java:642)
		at java.base/java.lang.Thread.run(Thread.java:1570)
28-Jul-2025 16:47:59.006 INFO [mysql-cj-abandoned-connection-cleanup] org.apache.catalina.loader.WebappClassLoaderBase.checkStateForResourceLoading Acceso ilegal: esta instancia de aplicación web ya ha sido parada.  Could not load [].  La eventual traza de pila que sigue ha sido motivada por un error lanzado con motivos de depuración así como para intentar terminar el hilo que motivó el acceso ilegal y no tiene impacto funcional.
	java.lang.IllegalStateException: Acceso ilegal: esta instancia de aplicación web ya ha sido parada.  Could not load [].  La eventual traza de pila que sigue ha sido motivada por un error lanzado con motivos de depuración así como para intentar terminar el hilo que motivó el acceso ilegal y no tiene impacto funcional.
		at org.apache.catalina.loader.WebappClassLoaderBase.checkStateForResourceLoading(WebappClassLoaderBase.java:1248)
		at org.apache.catalina.loader.WebappClassLoaderBase.getResource(WebappClassLoaderBase.java:857)
		at com.mysql.cj.jdbc.AbandonedConnectionCleanupThread.checkThreadContextClassLoader(AbandonedConnectionCleanupThread.java:123)
		at com.mysql.cj.jdbc.AbandonedConnectionCleanupThread.run(AbandonedConnectionCleanupThread.java:90)
		at java.base/java.util.concurrent.ThreadPoolExecutor.runWorker(ThreadPoolExecutor.java:1144)
		at java.base/java.util.concurrent.ThreadPoolExecutor$Worker.run(ThreadPoolExecutor.java:642)
		at java.base/java.lang.Thread.run(Thread.java:1570)
28-Jul-2025 16:47:59.062 INFO [mysql-cj-abandoned-connection-cleanup] org.apache.catalina.loader.WebappClassLoaderBase.checkStateForResourceLoading Acceso ilegal: esta instancia de aplicación web ya ha sido parada.  Could not load [].  La eventual traza de pila que sigue ha sido motivada por un error lanzado con motivos de depuración así como para intentar terminar el hilo que motivó el acceso ilegal y no tiene impacto funcional.
	java.lang.IllegalStateException: Acceso ilegal: esta instancia de aplicación web ya ha sido parada.  Could not load [].  La eventual traza de pila que sigue ha sido motivada por un error lanzado con motivos de depuración así como para intentar terminar el hilo que motivó el acceso ilegal y no tiene impacto funcional.
		at org.apache.catalina.loader.WebappClassLoaderBase.checkStateForResourceLoading(WebappClassLoaderBase.java:1248)
		at org.apache.catalina.loader.WebappClassLoaderBase.getResource(WebappClassLoaderBase.java:857)
		at com.mysql.cj.jdbc.AbandonedConnectionCleanupThread.checkThreadContextClassLoader(AbandonedConnectionCleanupThread.java:123)
		at com.mysql.cj.jdbc.AbandonedConnectionCleanupThread.run(AbandonedConnectionCleanupThread.java:90)
		at java.base/java.util.concurrent.ThreadPoolExecutor.runWorker(ThreadPoolExecutor.java:1144)
		at java.base/java.util.concurrent.ThreadPoolExecutor$Worker.run(ThreadPoolExecutor.java:642)
		at java.base/java.lang.Thread.run(Thread.java:1570)
28-Jul-2025 16:47:59.062 INFO [mysql-cj-abandoned-connection-cleanup] org.apache.catalina.loader.WebappClassLoaderBase.checkStateForResourceLoading Acceso ilegal: esta instancia de aplicación web ya ha sido parada.  Could not load [].  La eventual traza de pila que sigue ha sido motivada por un error lanzado con motivos de depuración así como para intentar terminar el hilo que motivó el acceso ilegal y no tiene impacto funcional.
	java.lang.IllegalStateException: Acceso ilegal: esta instancia de aplicación web ya ha sido parada.  Could not load [].  La eventual traza de pila que sigue ha sido motivada por un error lanzado con motivos de depuración así como para intentar terminar el hilo que motivó el acceso ilegal y no tiene impacto funcional.
		at org.apache.catalina.loader.WebappClassLoaderBase.checkStateForResourceLoading(WebappClassLoaderBase.java:1248)
		at org.apache.catalina.loader.WebappClassLoaderBase.getResource(WebappClassLoaderBase.java:857)
		at com.mysql.cj.jdbc.AbandonedConnectionCleanupThread.checkThreadContextClassLoader(AbandonedConnectionCleanupThread.java:123)
		at com.mysql.cj.jdbc.AbandonedConnectionCleanupThread.run(AbandonedConnectionCleanupThread.java:90)
		at java.base/java.util.concurrent.ThreadPoolExecutor.runWorker(ThreadPoolExecutor.java:1144)
		at java.base/java.util.concurrent.ThreadPoolExecutor$Worker.run(ThreadPoolExecutor.java:642)
		at java.base/java.lang.Thread.run(Thread.java:1570)
28-Jul-2025 16:47:59.062 INFO [mysql-cj-abandoned-connection-cleanup] org.apache.catalina.loader.WebappClassLoaderBase.checkStateForResourceLoading Acceso ilegal: esta instancia de aplicación web ya ha sido parada.  Could not load [].  La eventual traza de pila que sigue ha sido motivada por un error lanzado con motivos de depuración así como para intentar terminar el hilo que motivó el acceso ilegal y no tiene impacto funcional.
	java.lang.IllegalStateException: Acceso ilegal: esta instancia de aplicación web ya ha sido parada.  Could not load [].  La eventual traza de pila que sigue ha sido motivada por un error lanzado con motivos de depuración así como para intentar terminar el hilo que motivó el acceso ilegal y no tiene impacto funcional.
		at org.apache.catalina.loader.WebappClassLoaderBase.checkStateForResourceLoading(WebappClassLoaderBase.java:1248)
		at org.apache.catalina.loader.WebappClassLoaderBase.getResource(WebappClassLoaderBase.java:857)
		at com.mysql.cj.jdbc.AbandonedConnectionCleanupThread.checkThreadContextClassLoader(AbandonedConnectionCleanupThread.java:123)
		at com.mysql.cj.jdbc.AbandonedConnectionCleanupThread.run(AbandonedConnectionCleanupThread.java:90)
		at java.base/java.util.concurrent.ThreadPoolExecutor.runWorker(ThreadPoolExecutor.java:1144)
		at java.base/java.util.concurrent.ThreadPoolExecutor$Worker.run(ThreadPoolExecutor.java:642)
		at java.base/java.lang.Thread.run(Thread.java:1570)
28-Jul-2025 16:47:59.116 INFO [mysql-cj-abandoned-connection-cleanup] org.apache.catalina.loader.WebappClassLoaderBase.checkStateForResourceLoading Acceso ilegal: esta instancia de aplicación web ya ha sido parada.  Could not load [].  La eventual traza de pila que sigue ha sido motivada por un error lanzado con motivos de depuración así como para intentar terminar el hilo que motivó el acceso ilegal y no tiene impacto funcional.
	java.lang.IllegalStateException: Acceso ilegal: esta instancia de aplicación web ya ha sido parada.  Could not load [].  La eventual traza de pila que sigue ha sido motivada por un error lanzado con motivos de depuración así como para intentar terminar el hilo que motivó el acceso ilegal y no tiene impacto funcional.
		at org.apache.catalina.loader.WebappClassLoaderBase.checkStateForResourceLoading(WebappClassLoaderBase.java:1248)
		at org.apache.catalina.loader.WebappClassLoaderBase.getResource(WebappClassLoaderBase.java:857)
		at com.mysql.cj.jdbc.AbandonedConnectionCleanupThread.checkThreadContextClassLoader(AbandonedConnectionCleanupThread.java:123)
		at com.mysql.cj.jdbc.AbandonedConnectionCleanupThread.run(AbandonedConnectionCleanupThread.java:90)
		at java.base/java.util.concurrent.ThreadPoolExecutor.runWorker(ThreadPoolExecutor.java:1144)
		at java.base/java.util.concurrent.ThreadPoolExecutor$Worker.run(ThreadPoolExecutor.java:642)
		at java.base/java.lang.Thread.run(Thread.java:1570)
28-Jul-2025 16:47:59.116 INFO [mysql-cj-abandoned-connection-cleanup] org.apache.catalina.loader.WebappClassLoaderBase.checkStateForResourceLoading Acceso ilegal: esta instancia de aplicación web ya ha sido parada.  Could not load [].  La eventual traza de pila que sigue ha sido motivada por un error lanzado con motivos de depuración así como para intentar terminar el hilo que motivó el acceso ilegal y no tiene impacto funcional.
	java.lang.IllegalStateException: Acceso ilegal: esta instancia de aplicación web ya ha sido parada.  Could not load [].  La eventual traza de pila que sigue ha sido motivada por un error lanzado con motivos de depuración así como para intentar terminar el hilo que motivó el acceso ilegal y no tiene impacto funcional.
		at org.apache.catalina.loader.WebappClassLoaderBase.checkStateForResourceLoading(WebappClassLoaderBase.java:1248)
		at org.apache.catalina.loader.WebappClassLoaderBase.getResource(WebappClassLoaderBase.java:857)
		at com.mysql.cj.jdbc.AbandonedConnectionCleanupThread.checkThreadContextClassLoader(AbandonedConnectionCleanupThread.java:123)
		at com.mysql.cj.jdbc.AbandonedConnectionCleanupThread.run(AbandonedConnectionCleanupThread.java:90)
		at java.base/java.util.concurrent.ThreadPoolExecutor.runWorker(ThreadPoolExecutor.java:1144)
		at java.base/java.util.concurrent.ThreadPoolExecutor$Worker.run(ThreadPoolExecutor.java:642)
		at java.base/java.lang.Thread.run(Thread.java:1570)
28-Jul-2025 16:47:59.116 INFO [mysql-cj-abandoned-connection-cleanup] org.apache.catalina.loader.WebappClassLoaderBase.checkStateForResourceLoading Acceso ilegal: esta instancia de aplicación web ya ha sido parada.  Could not load [].  La eventual traza de pila que sigue ha sido motivada por un error lanzado con motivos de depuración así como para intentar terminar el hilo que motivó el acceso ilegal y no tiene impacto funcional.
	java.lang.IllegalStateException: Acceso ilegal: esta instancia de aplicación web ya ha sido parada.  Could not load [].  La eventual traza de pila que sigue ha sido motivada por un error lanzado con motivos de depuración así como para intentar terminar el hilo que motivó el acceso ilegal y no tiene impacto funcional.
		at org.apache.catalina.loader.WebappClassLoaderBase.checkStateForResourceLoading(WebappClassLoaderBase.java:1248)
		at org.apache.catalina.loader.WebappClassLoaderBase.getResource(WebappClassLoaderBase.java:857)
		at com.mysql.cj.jdbc.AbandonedConnectionCleanupThread.checkThreadContextClassLoader(AbandonedConnectionCleanupThread.java:123)
		at com.mysql.cj.jdbc.AbandonedConnectionCleanupThread.run(AbandonedConnectionCleanupThread.java:90)
		at java.base/java.util.concurrent.ThreadPoolExecutor.runWorker(ThreadPoolExecutor.java:1144)
		at java.base/java.util.concurrent.ThreadPoolExecutor$Worker.run(ThreadPoolExecutor.java:642)
		at java.base/java.lang.Thread.run(Thread.java:1570)
28-Jul-2025 16:47:59.170 INFO [mysql-cj-abandoned-connection-cleanup] org.apache.catalina.loader.WebappClassLoaderBase.checkStateForResourceLoading Acceso ilegal: esta instancia de aplicación web ya ha sido parada.  Could not load [].  La eventual traza de pila que sigue ha sido motivada por un error lanzado con motivos de depuración así como para intentar terminar el hilo que motivó el acceso ilegal y no tiene impacto funcional.
	java.lang.IllegalStateException: Acceso ilegal: esta instancia de aplicación web ya ha sido parada.  Could not load [].  La eventual traza de pila que sigue ha sido motivada por un error lanzado con motivos de depuración así como para intentar terminar el hilo que motivó el acceso ilegal y no tiene impacto funcional.
		at org.apache.catalina.loader.WebappClassLoaderBase.checkStateForResourceLoading(WebappClassLoaderBase.java:1248)
		at org.apache.catalina.loader.WebappClassLoaderBase.getResource(WebappClassLoaderBase.java:857)
		at com.mysql.cj.jdbc.AbandonedConnectionCleanupThread.checkThreadContextClassLoader(AbandonedConnectionCleanupThread.java:123)
		at com.mysql.cj.jdbc.AbandonedConnectionCleanupThread.run(AbandonedConnectionCleanupThread.java:90)
		at java.base/java.util.concurrent.ThreadPoolExecutor.runWorker(ThreadPoolExecutor.java:1144)
		at java.base/java.util.concurrent.ThreadPoolExecutor$Worker.run(ThreadPoolExecutor.java:642)
		at java.base/java.lang.Thread.run(Thread.java:1570)
28-Jul-2025 16:47:59.170 INFO [mysql-cj-abandoned-connection-cleanup] org.apache.catalina.loader.WebappClassLoaderBase.checkStateForResourceLoading Acceso ilegal: esta instancia de aplicación web ya ha sido parada.  Could not load [].  La eventual traza de pila que sigue ha sido motivada por un error lanzado con motivos de depuración así como para intentar terminar el hilo que motivó el acceso ilegal y no tiene impacto funcional.
	java.lang.IllegalStateException: Acceso ilegal: esta instancia de aplicación web ya ha sido parada.  Could not load [].  La eventual traza de pila que sigue ha sido motivada por un error lanzado con motivos de depuración así como para intentar terminar el hilo que motivó el acceso ilegal y no tiene impacto funcional.
		at org.apache.catalina.loader.WebappClassLoaderBase.checkStateForResourceLoading(WebappClassLoaderBase.java:1248)
		at org.apache.catalina.loader.WebappClassLoaderBase.getResource(WebappClassLoaderBase.java:857)
		at com.mysql.cj.jdbc.AbandonedConnectionCleanupThread.checkThreadContextClassLoader(AbandonedConnectionCleanupThread.java:123)
		at com.mysql.cj.jdbc.AbandonedConnectionCleanupThread.run(AbandonedConnectionCleanupThread.java:90)
		at java.base/java.util.concurrent.ThreadPoolExecutor.runWorker(ThreadPoolExecutor.java:1144)
		at java.base/java.util.concurrent.ThreadPoolExecutor$Worker.run(ThreadPoolExecutor.java:642)
		at java.base/java.lang.Thread.run(Thread.java:1570)
28-Jul-2025 16:47:59.170 INFO [mysql-cj-abandoned-connection-cleanup] org.apache.catalina.loader.WebappClassLoaderBase.checkStateForResourceLoading Acceso ilegal: esta instancia de aplicación web ya ha sido parada.  Could not load [].  La eventual traza de pila que sigue ha sido motivada por un error lanzado con motivos de depuración así como para intentar terminar el hilo que motivó el acceso ilegal y no tiene impacto funcional.
	java.lang.IllegalStateException: Acceso ilegal: esta instancia de aplicación web ya ha sido parada.  Could not load [].  La eventual traza de pila que sigue ha sido motivada por un error lanzado con motivos de depuración así como para intentar terminar el hilo que motivó el acceso ilegal y no tiene impacto funcional.
		at org.apache.catalina.loader.WebappClassLoaderBase.checkStateForResourceLoading(WebappClassLoaderBase.java:1248)
		at org.apache.catalina.loader.WebappClassLoaderBase.getResource(WebappClassLoaderBase.java:857)
		at com.mysql.cj.jdbc.AbandonedConnectionCleanupThread.checkThreadContextClassLoader(AbandonedConnectionCleanupThread.java:123)
		at com.mysql.cj.jdbc.AbandonedConnectionCleanupThread.run(AbandonedConnectionCleanupThread.java:90)
		at java.base/java.util.concurrent.ThreadPoolExecutor.runWorker(ThreadPoolExecutor.java:1144)
		at java.base/java.util.concurrent.ThreadPoolExecutor$Worker.run(ThreadPoolExecutor.java:642)
		at java.base/java.lang.Thread.run(Thread.java:1570)
28-Jul-2025 16:47:59.224 INFO [mysql-cj-abandoned-connection-cleanup] org.apache.catalina.loader.WebappClassLoaderBase.checkStateForResourceLoading Acceso ilegal: esta instancia de aplicación web ya ha sido parada.  Could not load [].  La eventual traza de pila que sigue ha sido motivada por un error lanzado con motivos de depuración así como para intentar terminar el hilo que motivó el acceso ilegal y no tiene impacto funcional.
	java.lang.IllegalStateException: Acceso ilegal: esta instancia de aplicación web ya ha sido parada.  Could not load [].  La eventual traza de pila que sigue ha sido motivada por un error lanzado con motivos de depuración así como para intentar terminar el hilo que motivó el acceso ilegal y no tiene impacto funcional.
		at org.apache.catalina.loader.WebappClassLoaderBase.checkStateForResourceLoading(WebappClassLoaderBase.java:1248)
		at org.apache.catalina.loader.WebappClassLoaderBase.getResource(WebappClassLoaderBase.java:857)
		at com.mysql.cj.jdbc.AbandonedConnectionCleanupThread.checkThreadContextClassLoader(AbandonedConnectionCleanupThread.java:123)
		at com.mysql.cj.jdbc.AbandonedConnectionCleanupThread.run(AbandonedConnectionCleanupThread.java:90)
		at java.base/java.util.concurrent.ThreadPoolExecutor.runWorker(ThreadPoolExecutor.java:1144)
		at java.base/java.util.concurrent.ThreadPoolExecutor$Worker.run(ThreadPoolExecutor.java:642)
		at java.base/java.lang.Thread.run(Thread.java:1570)
28-Jul-2025 16:47:59.224 INFO [mysql-cj-abandoned-connection-cleanup] org.apache.catalina.loader.WebappClassLoaderBase.checkStateForResourceLoading Acceso ilegal: esta instancia de aplicación web ya ha sido parada.  Could not load [].  La eventual traza de pila que sigue ha sido motivada por un error lanzado con motivos de depuración así como para intentar terminar el hilo que motivó el acceso ilegal y no tiene impacto funcional.
	java.lang.IllegalStateException: Acceso ilegal: esta instancia de aplicación web ya ha sido parada.  Could not load [].  La eventual traza de pila que sigue ha sido motivada por un error lanzado con motivos de depuración así como para intentar terminar el hilo que motivó el acceso ilegal y no tiene impacto funcional.
		at org.apache.catalina.loader.WebappClassLoaderBase.checkStateForResourceLoading(WebappClassLoaderBase.java:1248)
		at org.apache.catalina.loader.WebappClassLoaderBase.getResource(WebappClassLoaderBase.java:857)
		at com.mysql.cj.jdbc.AbandonedConnectionCleanupThread.checkThreadContextClassLoader(AbandonedConnectionCleanupThread.java:123)
		at com.mysql.cj.jdbc.AbandonedConnectionCleanupThread.run(AbandonedConnectionCleanupThread.java:90)
		at java.base/java.util.concurrent.ThreadPoolExecutor.runWorker(ThreadPoolExecutor.java:1144)
		at java.base/java.util.concurrent.ThreadPoolExecutor$Worker.run(ThreadPoolExecutor.java:642)
		at java.base/java.lang.Thread.run(Thread.java:1570)
28-Jul-2025 16:47:59.224 INFO [mysql-cj-abandoned-connection-cleanup] org.apache.catalina.loader.WebappClassLoaderBase.checkStateForResourceLoading Acceso ilegal: esta instancia de aplicación web ya ha sido parada.  Could not load [].  La eventual traza de pila que sigue ha sido motivada por un error lanzado con motivos de depuración así como para intentar terminar el hilo que motivó el acceso ilegal y no tiene impacto funcional.
	java.lang.IllegalStateException: Acceso ilegal: esta instancia de aplicación web ya ha sido parada.  Could not load [].  La eventual traza de pila que sigue ha sido motivada por un error lanzado con motivos de depuración así como para intentar terminar el hilo que motivó el acceso ilegal y no tiene impacto funcional.
		at org.apache.catalina.loader.WebappClassLoaderBase.checkStateForResourceLoading(WebappClassLoaderBase.java:1248)
		at org.apache.catalina.loader.WebappClassLoaderBase.getResource(WebappClassLoaderBase.java:857)
		at com.mysql.cj.jdbc.AbandonedConnectionCleanupThread.checkThreadContextClassLoader(AbandonedConnectionCleanupThread.java:123)
		at com.mysql.cj.jdbc.AbandonedConnectionCleanupThread.run(AbandonedConnectionCleanupThread.java:90)
		at java.base/java.util.concurrent.ThreadPoolExecutor.runWorker(ThreadPoolExecutor.java:1144)
		at java.base/java.util.concurrent.ThreadPoolExecutor$Worker.run(ThreadPoolExecutor.java:642)
		at java.base/java.lang.Thread.run(Thread.java:1570)
28-Jul-2025 16:47:59.229 WARNING [http-nio-8080-exec-34] org.glassfish.jersey.server.internal.scanning.AnnotationAcceptingListener$ClassReaderWrapper.accept Unsupported class file major version 66
28-Jul-2025 16:47:59.288 INFO [mysql-cj-abandoned-connection-cleanup] org.apache.catalina.loader.WebappClassLoaderBase.checkStateForResourceLoading Acceso ilegal: esta instancia de aplicación web ya ha sido parada.  Could not load [].  La eventual traza de pila que sigue ha sido motivada por un error lanzado con motivos de depuración así como para intentar terminar el hilo que motivó el acceso ilegal y no tiene impacto funcional.
	java.lang.IllegalStateException: Acceso ilegal: esta instancia de aplicación web ya ha sido parada.  Could not load [].  La eventual traza de pila que sigue ha sido motivada por un error lanzado con motivos de depuración así como para intentar terminar el hilo que motivó el acceso ilegal y no tiene impacto funcional.
		at org.apache.catalina.loader.WebappClassLoaderBase.checkStateForResourceLoading(WebappClassLoaderBase.java:1248)
		at org.apache.catalina.loader.WebappClassLoaderBase.getResource(WebappClassLoaderBase.java:857)
		at com.mysql.cj.jdbc.AbandonedConnectionCleanupThread.checkThreadContextClassLoader(AbandonedConnectionCleanupThread.java:123)
		at com.mysql.cj.jdbc.AbandonedConnectionCleanupThread.run(AbandonedConnectionCleanupThread.java:90)
		at java.base/java.util.concurrent.ThreadPoolExecutor.runWorker(ThreadPoolExecutor.java:1144)
		at java.base/java.util.concurrent.ThreadPoolExecutor$Worker.run(ThreadPoolExecutor.java:642)
		at java.base/java.lang.Thread.run(Thread.java:1570)
28-Jul-2025 16:47:59.288 INFO [mysql-cj-abandoned-connection-cleanup] org.apache.catalina.loader.WebappClassLoaderBase.checkStateForResourceLoading Acceso ilegal: esta instancia de aplicación web ya ha sido parada.  Could not load [].  La eventual traza de pila que sigue ha sido motivada por un error lanzado con motivos de depuración así como para intentar terminar el hilo que motivó el acceso ilegal y no tiene impacto funcional.
	java.lang.IllegalStateException: Acceso ilegal: esta instancia de aplicación web ya ha sido parada.  Could not load [].  La eventual traza de pila que sigue ha sido motivada por un error lanzado con motivos de depuración así como para intentar terminar el hilo que motivó el acceso ilegal y no tiene impacto funcional.
		at org.apache.catalina.loader.WebappClassLoaderBase.checkStateForResourceLoading(WebappClassLoaderBase.java:1248)
		at org.apache.catalina.loader.WebappClassLoaderBase.getResource(WebappClassLoaderBase.java:857)
		at com.mysql.cj.jdbc.AbandonedConnectionCleanupThread.checkThreadContextClassLoader(AbandonedConnectionCleanupThread.java:123)
		at com.mysql.cj.jdbc.AbandonedConnectionCleanupThread.run(AbandonedConnectionCleanupThread.java:90)
		at java.base/java.util.concurrent.ThreadPoolExecutor.runWorker(ThreadPoolExecutor.java:1144)
		at java.base/java.util.concurrent.ThreadPoolExecutor$Worker.run(ThreadPoolExecutor.java:642)
		at java.base/java.lang.Thread.run(Thread.java:1570)
28-Jul-2025 16:47:59.288 INFO [mysql-cj-abandoned-connection-cleanup] org.apache.catalina.loader.WebappClassLoaderBase.checkStateForResourceLoading Acceso ilegal: esta instancia de aplicación web ya ha sido parada.  Could not load [].  La eventual traza de pila que sigue ha sido motivada por un error lanzado con motivos de depuración así como para intentar terminar el hilo que motivó el acceso ilegal y no tiene impacto funcional.
	java.lang.IllegalStateException: Acceso ilegal: esta instancia de aplicación web ya ha sido parada.  Could not load [].  La eventual traza de pila que sigue ha sido motivada por un error lanzado con motivos de depuración así como para intentar terminar el hilo que motivó el acceso ilegal y no tiene impacto funcional.
		at org.apache.catalina.loader.WebappClassLoaderBase.checkStateForResourceLoading(WebappClassLoaderBase.java:1248)
		at org.apache.catalina.loader.WebappClassLoaderBase.getResource(WebappClassLoaderBase.java:857)
		at com.mysql.cj.jdbc.AbandonedConnectionCleanupThread.checkThreadContextClassLoader(AbandonedConnectionCleanupThread.java:123)
		at com.mysql.cj.jdbc.AbandonedConnectionCleanupThread.run(AbandonedConnectionCleanupThread.java:90)
		at java.base/java.util.concurrent.ThreadPoolExecutor.runWorker(ThreadPoolExecutor.java:1144)
		at java.base/java.util.concurrent.ThreadPoolExecutor$Worker.run(ThreadPoolExecutor.java:642)
		at java.base/java.lang.Thread.run(Thread.java:1570)
28-Jul-2025 16:47:59.291 WARNING [http-nio-8080-exec-34] org.glassfish.jersey.server.internal.scanning.AnnotationAcceptingListener$ClassReaderWrapper.accept Unsupported class file major version 66
28-Jul-2025 16:47:59.343 INFO [mysql-cj-abandoned-connection-cleanup] org.apache.catalina.loader.WebappClassLoaderBase.checkStateForResourceLoading Acceso ilegal: esta instancia de aplicación web ya ha sido parada.  Could not load [].  La eventual traza de pila que sigue ha sido motivada por un error lanzado con motivos de depuración así como para intentar terminar el hilo que motivó el acceso ilegal y no tiene impacto funcional.
	java.lang.IllegalStateException: Acceso ilegal: esta instancia de aplicación web ya ha sido parada.  Could not load [].  La eventual traza de pila que sigue ha sido motivada por un error lanzado con motivos de depuración así como para intentar terminar el hilo que motivó el acceso ilegal y no tiene impacto funcional.
		at org.apache.catalina.loader.WebappClassLoaderBase.checkStateForResourceLoading(WebappClassLoaderBase.java:1248)
		at org.apache.catalina.loader.WebappClassLoaderBase.getResource(WebappClassLoaderBase.java:857)
		at com.mysql.cj.jdbc.AbandonedConnectionCleanupThread.checkThreadContextClassLoader(AbandonedConnectionCleanupThread.java:123)
		at com.mysql.cj.jdbc.AbandonedConnectionCleanupThread.run(AbandonedConnectionCleanupThread.java:90)
		at java.base/java.util.concurrent.ThreadPoolExecutor.runWorker(ThreadPoolExecutor.java:1144)
		at java.base/java.util.concurrent.ThreadPoolExecutor$Worker.run(ThreadPoolExecutor.java:642)
		at java.base/java.lang.Thread.run(Thread.java:1570)
28-Jul-2025 16:47:59.343 INFO [mysql-cj-abandoned-connection-cleanup] org.apache.catalina.loader.WebappClassLoaderBase.checkStateForResourceLoading Acceso ilegal: esta instancia de aplicación web ya ha sido parada.  Could not load [].  La eventual traza de pila que sigue ha sido motivada por un error lanzado con motivos de depuración así como para intentar terminar el hilo que motivó el acceso ilegal y no tiene impacto funcional.
	java.lang.IllegalStateException: Acceso ilegal: esta instancia de aplicación web ya ha sido parada.  Could not load [].  La eventual traza de pila que sigue ha sido motivada por un error lanzado con motivos de depuración así como para intentar terminar el hilo que motivó el acceso ilegal y no tiene impacto funcional.
		at org.apache.catalina.loader.WebappClassLoaderBase.checkStateForResourceLoading(WebappClassLoaderBase.java:1248)
		at org.apache.catalina.loader.WebappClassLoaderBase.getResource(WebappClassLoaderBase.java:857)
		at com.mysql.cj.jdbc.AbandonedConnectionCleanupThread.checkThreadContextClassLoader(AbandonedConnectionCleanupThread.java:123)
		at com.mysql.cj.jdbc.AbandonedConnectionCleanupThread.run(AbandonedConnectionCleanupThread.java:90)
		at java.base/java.util.concurrent.ThreadPoolExecutor.runWorker(ThreadPoolExecutor.java:1144)
		at java.base/java.util.concurrent.ThreadPoolExecutor$Worker.run(ThreadPoolExecutor.java:642)
		at java.base/java.lang.Thread.run(Thread.java:1570)
28-Jul-2025 16:47:59.343 INFO [mysql-cj-abandoned-connection-cleanup] org.apache.catalina.loader.WebappClassLoaderBase.checkStateForResourceLoading Acceso ilegal: esta instancia de aplicación web ya ha sido parada.  Could not load [].  La eventual traza de pila que sigue ha sido motivada por un error lanzado con motivos de depuración así como para intentar terminar el hilo que motivó el acceso ilegal y no tiene impacto funcional.
	java.lang.IllegalStateException: Acceso ilegal: esta instancia de aplicación web ya ha sido parada.  Could not load [].  La eventual traza de pila que sigue ha sido motivada por un error lanzado con motivos de depuración así como para intentar terminar el hilo que motivó el acceso ilegal y no tiene impacto funcional.
		at org.apache.catalina.loader.WebappClassLoaderBase.checkStateForResourceLoading(WebappClassLoaderBase.java:1248)
		at org.apache.catalina.loader.WebappClassLoaderBase.getResource(WebappClassLoaderBase.java:857)
		at com.mysql.cj.jdbc.AbandonedConnectionCleanupThread.checkThreadContextClassLoader(AbandonedConnectionCleanupThread.java:123)
		at com.mysql.cj.jdbc.AbandonedConnectionCleanupThread.run(AbandonedConnectionCleanupThread.java:90)
		at java.base/java.util.concurrent.ThreadPoolExecutor.runWorker(ThreadPoolExecutor.java:1144)
		at java.base/java.util.concurrent.ThreadPoolExecutor$Worker.run(ThreadPoolExecutor.java:642)
		at java.base/java.lang.Thread.run(Thread.java:1570)
28-Jul-2025 16:47:59.343 WARNING [http-nio-8080-exec-34] org.glassfish.jersey.server.internal.scanning.AnnotationAcceptingListener$ClassReaderWrapper.accept Unsupported class file major version 66
28-Jul-2025 16:47:59.397 INFO [mysql-cj-abandoned-connection-cleanup] org.apache.catalina.loader.WebappClassLoaderBase.checkStateForResourceLoading Acceso ilegal: esta instancia de aplicación web ya ha sido parada.  Could not load [].  La eventual traza de pila que sigue ha sido motivada por un error lanzado con motivos de depuración así como para intentar terminar el hilo que motivó el acceso ilegal y no tiene impacto funcional.
	java.lang.IllegalStateException: Acceso ilegal: esta instancia de aplicación web ya ha sido parada.  Could not load [].  La eventual traza de pila que sigue ha sido motivada por un error lanzado con motivos de depuración así como para intentar terminar el hilo que motivó el acceso ilegal y no tiene impacto funcional.
		at org.apache.catalina.loader.WebappClassLoaderBase.checkStateForResourceLoading(WebappClassLoaderBase.java:1248)
		at org.apache.catalina.loader.WebappClassLoaderBase.getResource(WebappClassLoaderBase.java:857)
		at com.mysql.cj.jdbc.AbandonedConnectionCleanupThread.checkThreadContextClassLoader(AbandonedConnectionCleanupThread.java:123)
		at com.mysql.cj.jdbc.AbandonedConnectionCleanupThread.run(AbandonedConnectionCleanupThread.java:90)
		at java.base/java.util.concurrent.ThreadPoolExecutor.runWorker(ThreadPoolExecutor.java:1144)
		at java.base/java.util.concurrent.ThreadPoolExecutor$Worker.run(ThreadPoolExecutor.java:642)
		at java.base/java.lang.Thread.run(Thread.java:1570)
28-Jul-2025 16:47:59.397 INFO [mysql-cj-abandoned-connection-cleanup] org.apache.catalina.loader.WebappClassLoaderBase.checkStateForResourceLoading Acceso ilegal: esta instancia de aplicación web ya ha sido parada.  Could not load [].  La eventual traza de pila que sigue ha sido motivada por un error lanzado con motivos de depuración así como para intentar terminar el hilo que motivó el acceso ilegal y no tiene impacto funcional.
	java.lang.IllegalStateException: Acceso ilegal: esta instancia de aplicación web ya ha sido parada.  Could not load [].  La eventual traza de pila que sigue ha sido motivada por un error lanzado con motivos de depuración así como para intentar terminar el hilo que motivó el acceso ilegal y no tiene impacto funcional.
		at org.apache.catalina.loader.WebappClassLoaderBase.checkStateForResourceLoading(WebappClassLoaderBase.java:1248)
		at org.apache.catalina.loader.WebappClassLoaderBase.getResource(WebappClassLoaderBase.java:857)
		at com.mysql.cj.jdbc.AbandonedConnectionCleanupThread.checkThreadContextClassLoader(AbandonedConnectionCleanupThread.java:123)
		at com.mysql.cj.jdbc.AbandonedConnectionCleanupThread.run(AbandonedConnectionCleanupThread.java:90)
		at java.base/java.util.concurrent.ThreadPoolExecutor.runWorker(ThreadPoolExecutor.java:1144)
		at java.base/java.util.concurrent.ThreadPoolExecutor$Worker.run(ThreadPoolExecutor.java:642)
		at java.base/java.lang.Thread.run(Thread.java:1570)
28-Jul-2025 16:47:59.397 INFO [mysql-cj-abandoned-connection-cleanup] org.apache.catalina.loader.WebappClassLoaderBase.checkStateForResourceLoading Acceso ilegal: esta instancia de aplicación web ya ha sido parada.  Could not load [].  La eventual traza de pila que sigue ha sido motivada por un error lanzado con motivos de depuración así como para intentar terminar el hilo que motivó el acceso ilegal y no tiene impacto funcional.
	java.lang.IllegalStateException: Acceso ilegal: esta instancia de aplicación web ya ha sido parada.  Could not load [].  La eventual traza de pila que sigue ha sido motivada por un error lanzado con motivos de depuración así como para intentar terminar el hilo que motivó el acceso ilegal y no tiene impacto funcional.
		at org.apache.catalina.loader.WebappClassLoaderBase.checkStateForResourceLoading(WebappClassLoaderBase.java:1248)
		at org.apache.catalina.loader.WebappClassLoaderBase.getResource(WebappClassLoaderBase.java:857)
		at com.mysql.cj.jdbc.AbandonedConnectionCleanupThread.checkThreadContextClassLoader(AbandonedConnectionCleanupThread.java:123)
		at com.mysql.cj.jdbc.AbandonedConnectionCleanupThread.run(AbandonedConnectionCleanupThread.java:90)
		at java.base/java.util.concurrent.ThreadPoolExecutor.runWorker(ThreadPoolExecutor.java:1144)
		at java.base/java.util.concurrent.ThreadPoolExecutor$Worker.run(ThreadPoolExecutor.java:642)
		at java.base/java.lang.Thread.run(Thread.java:1570)
28-Jul-2025 16:47:59.398 WARNING [http-nio-8080-exec-34] org.glassfish.jersey.server.internal.scanning.AnnotationAcceptingListener$ClassReaderWrapper.accept Unsupported class file major version 66
28-Jul-2025 16:47:59.451 INFO [mysql-cj-abandoned-connection-cleanup] org.apache.catalina.loader.WebappClassLoaderBase.checkStateForResourceLoading Acceso ilegal: esta instancia de aplicación web ya ha sido parada.  Could not load [].  La eventual traza de pila que sigue ha sido motivada por un error lanzado con motivos de depuración así como para intentar terminar el hilo que motivó el acceso ilegal y no tiene impacto funcional.
	java.lang.IllegalStateException: Acceso ilegal: esta instancia de aplicación web ya ha sido parada.  Could not load [].  La eventual traza de pila que sigue ha sido motivada por un error lanzado con motivos de depuración así como para intentar terminar el hilo que motivó el acceso ilegal y no tiene impacto funcional.
		at org.apache.catalina.loader.WebappClassLoaderBase.checkStateForResourceLoading(WebappClassLoaderBase.java:1248)
		at org.apache.catalina.loader.WebappClassLoaderBase.getResource(WebappClassLoaderBase.java:857)
		at com.mysql.cj.jdbc.AbandonedConnectionCleanupThread.checkThreadContextClassLoader(AbandonedConnectionCleanupThread.java:123)
		at com.mysql.cj.jdbc.AbandonedConnectionCleanupThread.run(AbandonedConnectionCleanupThread.java:90)
		at java.base/java.util.concurrent.ThreadPoolExecutor.runWorker(ThreadPoolExecutor.java:1144)
		at java.base/java.util.concurrent.ThreadPoolExecutor$Worker.run(ThreadPoolExecutor.java:642)
		at java.base/java.lang.Thread.run(Thread.java:1570)
28-Jul-2025 16:47:59.451 INFO [mysql-cj-abandoned-connection-cleanup] org.apache.catalina.loader.WebappClassLoaderBase.checkStateForResourceLoading Acceso ilegal: esta instancia de aplicación web ya ha sido parada.  Could not load [].  La eventual traza de pila que sigue ha sido motivada por un error lanzado con motivos de depuración así como para intentar terminar el hilo que motivó el acceso ilegal y no tiene impacto funcional.
	java.lang.IllegalStateException: Acceso ilegal: esta instancia de aplicación web ya ha sido parada.  Could not load [].  La eventual traza de pila que sigue ha sido motivada por un error lanzado con motivos de depuración así como para intentar terminar el hilo que motivó el acceso ilegal y no tiene impacto funcional.
		at org.apache.catalina.loader.WebappClassLoaderBase.checkStateForResourceLoading(WebappClassLoaderBase.java:1248)
		at org.apache.catalina.loader.WebappClassLoaderBase.getResource(WebappClassLoaderBase.java:857)
		at com.mysql.cj.jdbc.AbandonedConnectionCleanupThread.checkThreadContextClassLoader(AbandonedConnectionCleanupThread.java:123)
		at com.mysql.cj.jdbc.AbandonedConnectionCleanupThread.run(AbandonedConnectionCleanupThread.java:90)
		at java.base/java.util.concurrent.ThreadPoolExecutor.runWorker(ThreadPoolExecutor.java:1144)
		at java.base/java.util.concurrent.ThreadPoolExecutor$Worker.run(ThreadPoolExecutor.java:642)
		at java.base/java.lang.Thread.run(Thread.java:1570)
28-Jul-2025 16:47:59.452 INFO [mysql-cj-abandoned-connection-cleanup] org.apache.catalina.loader.WebappClassLoaderBase.checkStateForResourceLoading Acceso ilegal: esta instancia de aplicación web ya ha sido parada.  Could not load [].  La eventual traza de pila que sigue ha sido motivada por un error lanzado con motivos de depuración así como para intentar terminar el hilo que motivó el acceso ilegal y no tiene impacto funcional.
	java.lang.IllegalStateException: Acceso ilegal: esta instancia de aplicación web ya ha sido parada.  Could not load [].  La eventual traza de pila que sigue ha sido motivada por un error lanzado con motivos de depuración así como para intentar terminar el hilo que motivó el acceso ilegal y no tiene impacto funcional.
		at org.apache.catalina.loader.WebappClassLoaderBase.checkStateForResourceLoading(WebappClassLoaderBase.java:1248)
		at org.apache.catalina.loader.WebappClassLoaderBase.getResource(WebappClassLoaderBase.java:857)
		at com.mysql.cj.jdbc.AbandonedConnectionCleanupThread.checkThreadContextClassLoader(AbandonedConnectionCleanupThread.java:123)
		at com.mysql.cj.jdbc.AbandonedConnectionCleanupThread.run(AbandonedConnectionCleanupThread.java:90)
		at java.base/java.util.concurrent.ThreadPoolExecutor.runWorker(ThreadPoolExecutor.java:1144)
		at java.base/java.util.concurrent.ThreadPoolExecutor$Worker.run(ThreadPoolExecutor.java:642)
		at java.base/java.lang.Thread.run(Thread.java:1570)
28-Jul-2025 16:47:59.452 WARNING [http-nio-8080-exec-34] org.glassfish.jersey.server.internal.scanning.AnnotationAcceptingListener$ClassReaderWrapper.accept Unsupported class file major version 66
28-Jul-2025 16:47:59.522 INFO [mysql-cj-abandoned-connection-cleanup] org.apache.catalina.loader.WebappClassLoaderBase.checkStateForResourceLoading Acceso ilegal: esta instancia de aplicación web ya ha sido parada.  Could not load [].  La eventual traza de pila que sigue ha sido motivada por un error lanzado con motivos de depuración así como para intentar terminar el hilo que motivó el acceso ilegal y no tiene impacto funcional.
	java.lang.IllegalStateException: Acceso ilegal: esta instancia de aplicación web ya ha sido parada.  Could not load [].  La eventual traza de pila que sigue ha sido motivada por un error lanzado con motivos de depuración así como para intentar terminar el hilo que motivó el acceso ilegal y no tiene impacto funcional.
		at org.apache.catalina.loader.WebappClassLoaderBase.checkStateForResourceLoading(WebappClassLoaderBase.java:1248)
		at org.apache.catalina.loader.WebappClassLoaderBase.getResource(WebappClassLoaderBase.java:857)
		at com.mysql.cj.jdbc.AbandonedConnectionCleanupThread.checkThreadContextClassLoader(AbandonedConnectionCleanupThread.java:123)
		at com.mysql.cj.jdbc.AbandonedConnectionCleanupThread.run(AbandonedConnectionCleanupThread.java:90)
		at java.base/java.util.concurrent.ThreadPoolExecutor.runWorker(ThreadPoolExecutor.java:1144)
		at java.base/java.util.concurrent.ThreadPoolExecutor$Worker.run(ThreadPoolExecutor.java:642)
		at java.base/java.lang.Thread.run(Thread.java:1570)
28-Jul-2025 16:47:59.523 WARNING [http-nio-8080-exec-34] org.glassfish.jersey.server.internal.scanning.AnnotationAcceptingListener$ClassReaderWrapper.accept Unsupported class file major version 66
28-Jul-2025 16:47:59.524 WARNING [http-nio-8080-exec-34] org.glassfish.jersey.server.internal.scanning.AnnotationAcceptingListener$ClassReaderWrapper.accept Unsupported class file major version 66
28-Jul-2025 16:47:59.524 WARNING [http-nio-8080-exec-34] org.glassfish.jersey.server.internal.scanning.AnnotationAcceptingListener$ClassReaderWrapper.accept Unsupported class file major version 66
28-Jul-2025 16:47:59.525 WARNING [http-nio-8080-exec-34] org.glassfish.jersey.server.internal.scanning.AnnotationAcceptingListener$ClassReaderWrapper.accept Unsupported class file major version 66
28-Jul-2025 16:47:59.526 WARNING [http-nio-8080-exec-34] org.glassfish.jersey.server.internal.scanning.AnnotationAcceptingListener$ClassReaderWrapper.accept Unsupported class file major version 66
28-Jul-2025 16:47:59.526 WARNING [http-nio-8080-exec-34] org.glassfish.jersey.server.internal.scanning.AnnotationAcceptingListener$ClassReaderWrapper.accept Unsupported class file major version 66
28-Jul-2025 16:47:59.527 WARNING [http-nio-8080-exec-34] org.glassfish.jersey.server.internal.scanning.AnnotationAcceptingListener$ClassReaderWrapper.accept Unsupported class file major version 66
28-Jul-2025 16:47:59.527 WARNING [http-nio-8080-exec-34] org.glassfish.jersey.server.internal.scanning.AnnotationAcceptingListener$ClassReaderWrapper.accept Unsupported class file major version 66
28-Jul-2025 16:47:59.528 WARNING [http-nio-8080-exec-34] org.glassfish.jersey.server.internal.scanning.AnnotationAcceptingListener$ClassReaderWrapper.accept Unsupported class file major version 66
28-Jul-2025 16:47:59.528 WARNING [http-nio-8080-exec-34] org.glassfish.jersey.server.internal.scanning.AnnotationAcceptingListener$ClassReaderWrapper.accept Unsupported class file major version 66
28-Jul-2025 16:47:59.529 WARNING [http-nio-8080-exec-34] org.glassfish.jersey.server.internal.scanning.AnnotationAcceptingListener$ClassReaderWrapper.accept Unsupported class file major version 66
28-Jul-2025 16:47:59.529 WARNING [http-nio-8080-exec-34] org.glassfish.jersey.server.internal.scanning.AnnotationAcceptingListener$ClassReaderWrapper.accept Unsupported class file major version 66
28-Jul-2025 16:47:59.530 WARNING [http-nio-8080-exec-34] org.glassfish.jersey.server.internal.scanning.AnnotationAcceptingListener$ClassReaderWrapper.accept Unsupported class file major version 66
28-Jul-2025 16:47:59.578 WARNING [http-nio-8080-exec-34] org.glassfish.jersey.server.internal.scanning.AnnotationAcceptingListener$ClassReaderWrapper.accept Unsupported class file major version 66
28-Jul-2025 16:47:59.664 WARNING [http-nio-8080-exec-34] org.glassfish.jersey.server.wadl.WadlFeature.configure JAXBContext implementation could not be found. WADL feature is disabled.
28-Jul-2025 16:47:59.964 INFO [http-nio-8080-exec-34] org.apache.catalina.startup.HostConfig.deployDescriptor Deployment of deployment descriptor [C:\Users\Administrador\Documents\proyecto_final_helder_java-js\apache-tomcat-11.0.8-windows-x64\apache-tomcat-11.0.8\conf\Catalina\localhost\helder.xml] has finished in [2.159] ms
28-Jul-2025 16:47:59.967 INFO [http-nio-8080-exec-31] org.apache.catalina.util.LifecycleBase.start The start() method was called on component [StandardEngine[Catalina].StandardHost[localhost].StandardContext[/helder]] after start() had already been called. The second call will be ignored.
28-Jul-2025 16:49:20.262 WARNING [http-nio-8080-exec-43] org.glassfish.jersey.server.ServerRuntime$Responder.process An exception mapping did not successfully produce and processed a response. Logging the exception propagated to the default exception mapper.
	java.lang.ClassCastException: class java.util.ArrayList cannot be cast to class modelo.Favorito (java.util.ArrayList is in module java.base of loader 'bootstrap'; modelo.Favorito is in unnamed module of loader org.apache.catalina.loader.ParallelWebappClassLoader @45487de8)
		at controlador.FavoritoResource.getFavoritoPorId(FavoritoResource.java:26)
		at java.base/jdk.internal.reflect.DirectMethodHandleAccessor.invoke(DirectMethodHandleAccessor.java:103)
		at java.base/java.lang.reflect.Method.invoke(Method.java:580)
		at org.glassfish.jersey.server.model.internal.ResourceMethodInvocationHandlerFactory.lambda$static$0(ResourceMethodInvocationHandlerFactory.java:52)
		at org.glassfish.jersey.server.model.internal.AbstractJavaResourceMethodDispatcher$1.run(AbstractJavaResourceMethodDispatcher.java:146)
		at org.glassfish.jersey.server.model.internal.AbstractJavaResourceMethodDispatcher.invoke(AbstractJavaResourceMethodDispatcher.java:189)
		at org.glassfish.jersey.server.model.internal.JavaResourceMethodDispatcherProvider$ResponseOutInvoker.doDispatch(JavaResourceMethodDispatcherProvider.java:176)
		at org.glassfish.jersey.server.model.internal.AbstractJavaResourceMethodDispatcher.dispatch(AbstractJavaResourceMethodDispatcher.java:93)
		at org.glassfish.jersey.server.model.ResourceMethodInvoker.invoke(ResourceMethodInvoker.java:478)
		at org.glassfish.jersey.server.model.ResourceMethodInvoker.apply(ResourceMethodInvoker.java:400)
		at org.glassfish.jersey.server.model.ResourceMethodInvoker.apply(ResourceMethodInvoker.java:81)
		at org.glassfish.jersey.server.ServerRuntime$1.run(ServerRuntime.java:261)
		at org.glassfish.jersey.internal.Errors$1.call(Errors.java:248)
		at org.glassfish.jersey.internal.Errors$1.call(Errors.java:244)
		at org.glassfish.jersey.internal.Errors.process(Errors.java:292)
		at org.glassfish.jersey.internal.Errors.process(Errors.java:274)
		at org.glassfish.jersey.internal.Errors.process(Errors.java:244)
		at org.glassfish.jersey.process.internal.RequestScope.runInScope(RequestScope.java:265)
		at org.glassfish.jersey.server.ServerRuntime.process(ServerRuntime.java:240)
		at org.glassfish.jersey.server.ApplicationHandler.handle(ApplicationHandler.java:697)
		at org.glassfish.jersey.servlet.WebComponent.serviceImpl(WebComponent.java:394)
		at org.glassfish.jersey.servlet.WebComponent.service(WebComponent.java:346)
		at org.glassfish.jersey.servlet.ServletContainer.service(ServletContainer.java:357)
		at org.glassfish.jersey.servlet.ServletContainer.service(ServletContainer.java:311)
		at org.glassfish.jersey.servlet.ServletContainer.service(ServletContainer.java:205)
		at org.apache.catalina.core.ApplicationFilterChain.doFilter(ApplicationFilterChain.java:130)
		at org.apache.tomcat.websocket.server.WsFilter.doFilter(WsFilter.java:53)
		at org.apache.catalina.core.ApplicationFilterChain.doFilter(ApplicationFilterChain.java:109)
		at org.apache.catalina.core.StandardWrapperValve.invoke(StandardWrapperValve.java:167)
		at org.apache.catalina.core.StandardContextValve.invoke(StandardContextValve.java:79)
		at org.apache.catalina.authenticator.AuthenticatorBase.invoke(AuthenticatorBase.java:483)
		at org.apache.catalina.core.StandardHostValve.invoke(StandardHostValve.java:116)
		at org.apache.catalina.valves.ErrorReportValve.invoke(ErrorReportValve.java:93)
		at org.apache.catalina.valves.AbstractAccessLogValve.invoke(AbstractAccessLogValve.java:666)
		at org.apache.catalina.core.StandardEngineValve.invoke(StandardEngineValve.java:74)
		at org.apache.catalina.connector.CoyoteAdapter.service(CoyoteAdapter.java:343)
		at org.apache.coyote.http11.Http11Processor.service(Http11Processor.java:396)
		at org.apache.coyote.AbstractProcessorLight.process(AbstractProcessorLight.java:63)
		at org.apache.coyote.AbstractProtocol$ConnectionHandler.process(AbstractProtocol.java:903)
		at org.apache.tomcat.util.net.NioEndpoint$SocketProcessor.doRun(NioEndpoint.java:1773)
		at org.apache.tomcat.util.net.SocketProcessorBase.run(SocketProcessorBase.java:52)
		at org.apache.tomcat.util.threads.ThreadPoolExecutor.runWorker(ThreadPoolExecutor.java:1149)
		at org.apache.tomcat.util.threads.ThreadPoolExecutor$Worker.run(ThreadPoolExecutor.java:637)
		at org.apache.tomcat.util.threads.TaskThread$WrappingRunnable.run(TaskThread.java:59)
		at java.base/java.lang.Thread.run(Thread.java:1570)
28-Jul-2025 16:49:20.368 SEVERE [http-nio-8080-exec-43] org.glassfish.jersey.server.ServerRuntime$Responder.writeResponse Error while closing the output stream in order to commit response.
	org.glassfish.jersey.server.ContainerException: java.util.concurrent.ExecutionException: java.lang.ClassCastException: class java.util.ArrayList cannot be cast to class modelo.Favorito (java.util.ArrayList is in module java.base of loader 'bootstrap'; modelo.Favorito is in unnamed module of loader org.apache.catalina.loader.ParallelWebappClassLoader @45487de8)
		at org.glassfish.jersey.servlet.internal.ResponseWriter.getResponseContext(ResponseWriter.java:278)
		at org.glassfish.jersey.servlet.internal.ResponseWriter.writeResponseStatusAndHeaders(ResponseWriter.java:128)
		at org.glassfish.jersey.server.ServerRuntime$Responder$1.getOutputStream(ServerRuntime.java:667)
		at org.glassfish.jersey.message.internal.CommittingOutputStream.commitStream(CommittingOutputStream.java:171)
		at org.glassfish.jersey.message.internal.CommittingOutputStream.flushBuffer(CommittingOutputStream.java:276)
		at org.glassfish.jersey.message.internal.CommittingOutputStream.commit(CommittingOutputStream.java:232)
		at org.glassfish.jersey.message.internal.CommittingOutputStream.close(CommittingOutputStream.java:247)
		at org.glassfish.jersey.message.internal.OutboundMessageContext.close(OutboundMessageContext.java:865)
		at org.glassfish.jersey.server.ContainerResponse.close(ContainerResponse.java:403)
		at org.glassfish.jersey.server.ServerRuntime$Responder.writeResponse(ServerRuntime.java:749)
		at org.glassfish.jersey.server.ServerRuntime$Responder.processResponse(ServerRuntime.java:385)
		at org.glassfish.jersey.server.ServerRuntime$Responder.processResponseWithDefaultExceptionMapper(ServerRuntime.java:633)
		at org.glassfish.jersey.server.ServerRuntime$Responder.process(ServerRuntime.java:458)
		at org.glassfish.jersey.server.ServerRuntime$1.run(ServerRuntime.java:269)
		at org.glassfish.jersey.internal.Errors$1.call(Errors.java:248)
		at org.glassfish.jersey.internal.Errors$1.call(Errors.java:244)
		at org.glassfish.jersey.internal.Errors.process(Errors.java:292)
		at org.glassfish.jersey.internal.Errors.process(Errors.java:274)
		at org.glassfish.jersey.internal.Errors.process(Errors.java:244)
		at org.glassfish.jersey.process.internal.RequestScope.runInScope(RequestScope.java:265)
		at org.glassfish.jersey.server.ServerRuntime.process(ServerRuntime.java:240)
		at org.glassfish.jersey.server.ApplicationHandler.handle(ApplicationHandler.java:697)
		at org.glassfish.jersey.servlet.WebComponent.serviceImpl(WebComponent.java:394)
		at org.glassfish.jersey.servlet.WebComponent.service(WebComponent.java:346)
		at org.glassfish.jersey.servlet.ServletContainer.service(ServletContainer.java:357)
		at org.glassfish.jersey.servlet.ServletContainer.service(ServletContainer.java:311)
		at org.glassfish.jersey.servlet.ServletContainer.service(ServletContainer.java:205)
		at org.apache.catalina.core.ApplicationFilterChain.doFilter(ApplicationFilterChain.java:130)
		at org.apache.tomcat.websocket.server.WsFilter.doFilter(WsFilter.java:53)
		at org.apache.catalina.core.ApplicationFilterChain.doFilter(ApplicationFilterChain.java:109)
		at org.apache.catalina.core.StandardWrapperValve.invoke(StandardWrapperValve.java:167)
		at org.apache.catalina.core.StandardContextValve.invoke(StandardContextValve.java:79)
		at org.apache.catalina.authenticator.AuthenticatorBase.invoke(AuthenticatorBase.java:483)
		at org.apache.catalina.core.StandardHostValve.invoke(StandardHostValve.java:116)
		at org.apache.catalina.valves.ErrorReportValve.invoke(ErrorReportValve.java:93)
		at org.apache.catalina.valves.AbstractAccessLogValve.invoke(AbstractAccessLogValve.java:666)
		at org.apache.catalina.core.StandardEngineValve.invoke(StandardEngineValve.java:74)
		at org.apache.catalina.connector.CoyoteAdapter.service(CoyoteAdapter.java:343)
		at org.apache.coyote.http11.Http11Processor.service(Http11Processor.java:396)
		at org.apache.coyote.AbstractProcessorLight.process(AbstractProcessorLight.java:63)
		at org.apache.coyote.AbstractProtocol$ConnectionHandler.process(AbstractProtocol.java:903)
		at org.apache.tomcat.util.net.NioEndpoint$SocketProcessor.doRun(NioEndpoint.java:1773)
		at org.apache.tomcat.util.net.SocketProcessorBase.run(SocketProcessorBase.java:52)
		at org.apache.tomcat.util.threads.ThreadPoolExecutor.runWorker(ThreadPoolExecutor.java:1149)
		at org.apache.tomcat.util.threads.ThreadPoolExecutor$Worker.run(ThreadPoolExecutor.java:637)
		at org.apache.tomcat.util.threads.TaskThread$WrappingRunnable.run(TaskThread.java:59)
		at java.base/java.lang.Thread.run(Thread.java:1570)
	Caused by: java.util.concurrent.ExecutionException: java.lang.ClassCastException: class java.util.ArrayList cannot be cast to class modelo.Favorito (java.util.ArrayList is in module java.base of loader 'bootstrap'; modelo.Favorito is in unnamed module of loader org.apache.catalina.loader.ParallelWebappClassLoader @45487de8)
		at java.base/java.util.concurrent.CompletableFuture.reportGet(CompletableFuture.java:396)
		at java.base/java.util.concurrent.CompletableFuture.get(CompletableFuture.java:2073)
		at org.glassfish.jersey.servlet.internal.ResponseWriter.getResponseContext(ResponseWriter.java:276)
		... 46 more
	Caused by: java.lang.ClassCastException: class java.util.ArrayList cannot be cast to class modelo.Favorito (java.util.ArrayList is in module java.base of loader 'bootstrap'; modelo.Favorito is in unnamed module of loader org.apache.catalina.loader.ParallelWebappClassLoader @45487de8)
		at controlador.FavoritoResource.getFavoritoPorId(FavoritoResource.java:26)
		at java.base/jdk.internal.reflect.DirectMethodHandleAccessor.invoke(DirectMethodHandleAccessor.java:103)
		at java.base/java.lang.reflect.Method.invoke(Method.java:580)
		at org.glassfish.jersey.server.model.internal.ResourceMethodInvocationHandlerFactory.lambda$static$0(ResourceMethodInvocationHandlerFactory.java:52)
		at org.glassfish.jersey.server.model.internal.AbstractJavaResourceMethodDispatcher$1.run(AbstractJavaResourceMethodDispatcher.java:146)
		at org.glassfish.jersey.server.model.internal.AbstractJavaResourceMethodDispatcher.invoke(AbstractJavaResourceMethodDispatcher.java:189)
		at org.glassfish.jersey.server.model.internal.JavaResourceMethodDispatcherProvider$ResponseOutInvoker.doDispatch(JavaResourceMethodDispatcherProvider.java:176)
		at org.glassfish.jersey.server.model.internal.AbstractJavaResourceMethodDispatcher.dispatch(AbstractJavaResourceMethodDispatcher.java:93)
		at org.glassfish.jersey.server.model.ResourceMethodInvoker.invoke(ResourceMethodInvoker.java:478)
		at org.glassfish.jersey.server.model.ResourceMethodInvoker.apply(ResourceMethodInvoker.java:400)
		at org.glassfish.jersey.server.model.ResourceMethodInvoker.apply(ResourceMethodInvoker.java:81)
		at org.glassfish.jersey.server.ServerRuntime$1.run(ServerRuntime.java:261)
		... 33 more
28-Jul-2025 16:50:43.360 WARNING [http-nio-8080-exec-42] org.apache.catalina.loader.WebappClassLoaderBase.clearReferencesJdbc La aplicación web [helder] registró el conductor JDBC [com.mysql.cj.jdbc.Driver] pero falló al anular el registro mientras la aplicación web estaba parada. Para prevenir un fallo de memoria, se ha anulado el registro del conductor JDBC por la fuerza.
28-Jul-2025 16:50:43.360 WARNING [http-nio-8080-exec-42] org.apache.catalina.loader.WebappClassLoaderBase.clearReferencesThreads The web application [helder] appears to have started a thread named [mysql-cj-abandoned-connection-cleanup] but has failed to stop it. This is very likely to create a memory leak. Stack trace of thread:
 java.base/jdk.internal.misc.Unsafe.park(Native Method)
 java.base/java.util.concurrent.locks.LockSupport.parkNanos(LockSupport.java:269)
 java.base/java.util.concurrent.locks.AbstractQueuedSynchronizer$ConditionObject.await(AbstractQueuedSynchronizer.java:1847)
 java.base/java.lang.ref.ReferenceQueue.await(ReferenceQueue.java:71)
 java.base/java.lang.ref.ReferenceQueue.remove0(ReferenceQueue.java:143)
 java.base/java.lang.ref.ReferenceQueue.remove(ReferenceQueue.java:218)
 com.mysql.cj.jdbc.AbandonedConnectionCleanupThread.run(AbandonedConnectionCleanupThread.java:91)
 java.base/java.util.concurrent.ThreadPoolExecutor.runWorker(ThreadPoolExecutor.java:1144)
 java.base/java.util.concurrent.ThreadPoolExecutor$Worker.run(ThreadPoolExecutor.java:642)
 java.base/java.lang.Thread.run(Thread.java:1570)
28-Jul-2025 16:50:43.871 INFO [http-nio-8080-exec-42] org.apache.catalina.startup.HostConfig.undeploy Repliegue (undeploy) de la aplicación web que tiene como trayectoria de contexto [/helder]
28-Jul-2025 16:50:43.882 INFO [http-nio-8080-exec-44] org.apache.catalina.startup.HostConfig.deployDescriptor Desplieque del descriptor de configuración [C:\Users\Administrador\Documents\proyecto_final_helder_java-js\apache-tomcat-11.0.8-windows-x64\apache-tomcat-11.0.8\conf\Catalina\localhost\helder.xml]
28-Jul-2025 16:50:43.883 WARNING [http-nio-8080-exec-44] org.apache.catalina.startup.HostConfig.deployDescriptor The path attribute with value [/helder] in deployment descriptor [C:\Users\Administrador\Documents\proyecto_final_helder_java-js\apache-tomcat-11.0.8-windows-x64\apache-tomcat-11.0.8\conf\Catalina\localhost\helder.xml] has been ignored
28-Jul-2025 16:50:44.156 INFO [mysql-cj-abandoned-connection-cleanup] org.apache.catalina.loader.WebappClassLoaderBase.checkStateForResourceLoading Acceso ilegal: esta instancia de aplicación web ya ha sido parada.  Could not load [].  La eventual traza de pila que sigue ha sido motivada por un error lanzado con motivos de depuración así como para intentar terminar el hilo que motivó el acceso ilegal y no tiene impacto funcional.
	java.lang.IllegalStateException: Acceso ilegal: esta instancia de aplicación web ya ha sido parada.  Could not load [].  La eventual traza de pila que sigue ha sido motivada por un error lanzado con motivos de depuración así como para intentar terminar el hilo que motivó el acceso ilegal y no tiene impacto funcional.
		at org.apache.catalina.loader.WebappClassLoaderBase.checkStateForResourceLoading(WebappClassLoaderBase.java:1248)
		at org.apache.catalina.loader.WebappClassLoaderBase.getResource(WebappClassLoaderBase.java:857)
		at com.mysql.cj.jdbc.AbandonedConnectionCleanupThread.checkThreadContextClassLoader(AbandonedConnectionCleanupThread.java:123)
		at com.mysql.cj.jdbc.AbandonedConnectionCleanupThread.run(AbandonedConnectionCleanupThread.java:90)
		at java.base/java.util.concurrent.ThreadPoolExecutor.runWorker(ThreadPoolExecutor.java:1144)
		at java.base/java.util.concurrent.ThreadPoolExecutor$Worker.run(ThreadPoolExecutor.java:642)
		at java.base/java.lang.Thread.run(Thread.java:1570)
28-Jul-2025 16:50:44.156 INFO [mysql-cj-abandoned-connection-cleanup] org.apache.catalina.loader.WebappClassLoaderBase.checkStateForResourceLoading Acceso ilegal: esta instancia de aplicación web ya ha sido parada.  Could not load [].  La eventual traza de pila que sigue ha sido motivada por un error lanzado con motivos de depuración así como para intentar terminar el hilo que motivó el acceso ilegal y no tiene impacto funcional.
	java.lang.IllegalStateException: Acceso ilegal: esta instancia de aplicación web ya ha sido parada.  Could not load [].  La eventual traza de pila que sigue ha sido motivada por un error lanzado con motivos de depuración así como para intentar terminar el hilo que motivó el acceso ilegal y no tiene impacto funcional.
		at org.apache.catalina.loader.WebappClassLoaderBase.checkStateForResourceLoading(WebappClassLoaderBase.java:1248)
		at org.apache.catalina.loader.WebappClassLoaderBase.getResource(WebappClassLoaderBase.java:857)
		at com.mysql.cj.jdbc.AbandonedConnectionCleanupThread.checkThreadContextClassLoader(AbandonedConnectionCleanupThread.java:123)
		at com.mysql.cj.jdbc.AbandonedConnectionCleanupThread.run(AbandonedConnectionCleanupThread.java:90)
		at java.base/java.util.concurrent.ThreadPoolExecutor.runWorker(ThreadPoolExecutor.java:1144)
		at java.base/java.util.concurrent.ThreadPoolExecutor$Worker.run(ThreadPoolExecutor.java:642)
		at java.base/java.lang.Thread.run(Thread.java:1570)
28-Jul-2025 16:50:44.156 INFO [mysql-cj-abandoned-connection-cleanup] org.apache.catalina.loader.WebappClassLoaderBase.checkStateForResourceLoading Acceso ilegal: esta instancia de aplicación web ya ha sido parada.  Could not load [].  La eventual traza de pila que sigue ha sido motivada por un error lanzado con motivos de depuración así como para intentar terminar el hilo que motivó el acceso ilegal y no tiene impacto funcional.
	java.lang.IllegalStateException: Acceso ilegal: esta instancia de aplicación web ya ha sido parada.  Could not load [].  La eventual traza de pila que sigue ha sido motivada por un error lanzado con motivos de depuración así como para intentar terminar el hilo que motivó el acceso ilegal y no tiene impacto funcional.
		at org.apache.catalina.loader.WebappClassLoaderBase.checkStateForResourceLoading(WebappClassLoaderBase.java:1248)
		at org.apache.catalina.loader.WebappClassLoaderBase.getResource(WebappClassLoaderBase.java:857)
		at com.mysql.cj.jdbc.AbandonedConnectionCleanupThread.checkThreadContextClassLoader(AbandonedConnectionCleanupThread.java:123)
		at com.mysql.cj.jdbc.AbandonedConnectionCleanupThread.run(AbandonedConnectionCleanupThread.java:90)
		at java.base/java.util.concurrent.ThreadPoolExecutor.runWorker(ThreadPoolExecutor.java:1144)
		at java.base/java.util.concurrent.ThreadPoolExecutor$Worker.run(ThreadPoolExecutor.java:642)
		at java.base/java.lang.Thread.run(Thread.java:1570)
28-Jul-2025 16:50:44.162 INFO [mysql-cj-abandoned-connection-cleanup] org.apache.catalina.loader.WebappClassLoaderBase.checkStateForResourceLoading Acceso ilegal: esta instancia de aplicación web ya ha sido parada.  Could not load [].  La eventual traza de pila que sigue ha sido motivada por un error lanzado con motivos de depuración así como para intentar terminar el hilo que motivó el acceso ilegal y no tiene impacto funcional.
	java.lang.IllegalStateException: Acceso ilegal: esta instancia de aplicación web ya ha sido parada.  Could not load [].  La eventual traza de pila que sigue ha sido motivada por un error lanzado con motivos de depuración así como para intentar terminar el hilo que motivó el acceso ilegal y no tiene impacto funcional.
		at org.apache.catalina.loader.WebappClassLoaderBase.checkStateForResourceLoading(WebappClassLoaderBase.java:1248)
		at org.apache.catalina.loader.WebappClassLoaderBase.getResource(WebappClassLoaderBase.java:857)
		at com.mysql.cj.jdbc.AbandonedConnectionCleanupThread.checkThreadContextClassLoader(AbandonedConnectionCleanupThread.java:123)
		at com.mysql.cj.jdbc.AbandonedConnectionCleanupThread.run(AbandonedConnectionCleanupThread.java:90)
		at java.base/java.util.concurrent.ThreadPoolExecutor.runWorker(ThreadPoolExecutor.java:1144)
		at java.base/java.util.concurrent.ThreadPoolExecutor$Worker.run(ThreadPoolExecutor.java:642)
		at java.base/java.lang.Thread.run(Thread.java:1570)
28-Jul-2025 16:50:44.162 INFO [mysql-cj-abandoned-connection-cleanup] org.apache.catalina.loader.WebappClassLoaderBase.checkStateForResourceLoading Acceso ilegal: esta instancia de aplicación web ya ha sido parada.  Could not load [].  La eventual traza de pila que sigue ha sido motivada por un error lanzado con motivos de depuración así como para intentar terminar el hilo que motivó el acceso ilegal y no tiene impacto funcional.
	java.lang.IllegalStateException: Acceso ilegal: esta instancia de aplicación web ya ha sido parada.  Could not load [].  La eventual traza de pila que sigue ha sido motivada por un error lanzado con motivos de depuración así como para intentar terminar el hilo que motivó el acceso ilegal y no tiene impacto funcional.
		at org.apache.catalina.loader.WebappClassLoaderBase.checkStateForResourceLoading(WebappClassLoaderBase.java:1248)
		at org.apache.catalina.loader.WebappClassLoaderBase.getResource(WebappClassLoaderBase.java:857)
		at com.mysql.cj.jdbc.AbandonedConnectionCleanupThread.checkThreadContextClassLoader(AbandonedConnectionCleanupThread.java:123)
		at com.mysql.cj.jdbc.AbandonedConnectionCleanupThread.run(AbandonedConnectionCleanupThread.java:90)
		at java.base/java.util.concurrent.ThreadPoolExecutor.runWorker(ThreadPoolExecutor.java:1144)
		at java.base/java.util.concurrent.ThreadPoolExecutor$Worker.run(ThreadPoolExecutor.java:642)
		at java.base/java.lang.Thread.run(Thread.java:1570)
28-Jul-2025 16:50:44.162 INFO [mysql-cj-abandoned-connection-cleanup] org.apache.catalina.loader.WebappClassLoaderBase.checkStateForResourceLoading Acceso ilegal: esta instancia de aplicación web ya ha sido parada.  Could not load [].  La eventual traza de pila que sigue ha sido motivada por un error lanzado con motivos de depuración así como para intentar terminar el hilo que motivó el acceso ilegal y no tiene impacto funcional.
	java.lang.IllegalStateException: Acceso ilegal: esta instancia de aplicación web ya ha sido parada.  Could not load [].  La eventual traza de pila que sigue ha sido motivada por un error lanzado con motivos de depuración así como para intentar terminar el hilo que motivó el acceso ilegal y no tiene impacto funcional.
		at org.apache.catalina.loader.WebappClassLoaderBase.checkStateForResourceLoading(WebappClassLoaderBase.java:1248)
		at org.apache.catalina.loader.WebappClassLoaderBase.getResource(WebappClassLoaderBase.java:857)
		at com.mysql.cj.jdbc.AbandonedConnectionCleanupThread.checkThreadContextClassLoader(AbandonedConnectionCleanupThread.java:123)
		at com.mysql.cj.jdbc.AbandonedConnectionCleanupThread.run(AbandonedConnectionCleanupThread.java:90)
		at java.base/java.util.concurrent.ThreadPoolExecutor.runWorker(ThreadPoolExecutor.java:1144)
		at java.base/java.util.concurrent.ThreadPoolExecutor$Worker.run(ThreadPoolExecutor.java:642)
		at java.base/java.lang.Thread.run(Thread.java:1570)
28-Jul-2025 16:50:44.220 INFO [mysql-cj-abandoned-connection-cleanup] org.apache.catalina.loader.WebappClassLoaderBase.checkStateForResourceLoading Acceso ilegal: esta instancia de aplicación web ya ha sido parada.  Could not load [].  La eventual traza de pila que sigue ha sido motivada por un error lanzado con motivos de depuración así como para intentar terminar el hilo que motivó el acceso ilegal y no tiene impacto funcional.
	java.lang.IllegalStateException: Acceso ilegal: esta instancia de aplicación web ya ha sido parada.  Could not load [].  La eventual traza de pila que sigue ha sido motivada por un error lanzado con motivos de depuración así como para intentar terminar el hilo que motivó el acceso ilegal y no tiene impacto funcional.
		at org.apache.catalina.loader.WebappClassLoaderBase.checkStateForResourceLoading(WebappClassLoaderBase.java:1248)
		at org.apache.catalina.loader.WebappClassLoaderBase.getResource(WebappClassLoaderBase.java:857)
		at com.mysql.cj.jdbc.AbandonedConnectionCleanupThread.checkThreadContextClassLoader(AbandonedConnectionCleanupThread.java:123)
		at com.mysql.cj.jdbc.AbandonedConnectionCleanupThread.run(AbandonedConnectionCleanupThread.java:90)
		at java.base/java.util.concurrent.ThreadPoolExecutor.runWorker(ThreadPoolExecutor.java:1144)
		at java.base/java.util.concurrent.ThreadPoolExecutor$Worker.run(ThreadPoolExecutor.java:642)
		at java.base/java.lang.Thread.run(Thread.java:1570)
28-Jul-2025 16:50:44.220 INFO [mysql-cj-abandoned-connection-cleanup] org.apache.catalina.loader.WebappClassLoaderBase.checkStateForResourceLoading Acceso ilegal: esta instancia de aplicación web ya ha sido parada.  Could not load [].  La eventual traza de pila que sigue ha sido motivada por un error lanzado con motivos de depuración así como para intentar terminar el hilo que motivó el acceso ilegal y no tiene impacto funcional.
	java.lang.IllegalStateException: Acceso ilegal: esta instancia de aplicación web ya ha sido parada.  Could not load [].  La eventual traza de pila que sigue ha sido motivada por un error lanzado con motivos de depuración así como para intentar terminar el hilo que motivó el acceso ilegal y no tiene impacto funcional.
		at org.apache.catalina.loader.WebappClassLoaderBase.checkStateForResourceLoading(WebappClassLoaderBase.java:1248)
		at org.apache.catalina.loader.WebappClassLoaderBase.getResource(WebappClassLoaderBase.java:857)
		at com.mysql.cj.jdbc.AbandonedConnectionCleanupThread.checkThreadContextClassLoader(AbandonedConnectionCleanupThread.java:123)
		at com.mysql.cj.jdbc.AbandonedConnectionCleanupThread.run(AbandonedConnectionCleanupThread.java:90)
		at java.base/java.util.concurrent.ThreadPoolExecutor.runWorker(ThreadPoolExecutor.java:1144)
		at java.base/java.util.concurrent.ThreadPoolExecutor$Worker.run(ThreadPoolExecutor.java:642)
		at java.base/java.lang.Thread.run(Thread.java:1570)
28-Jul-2025 16:50:44.220 INFO [mysql-cj-abandoned-connection-cleanup] org.apache.catalina.loader.WebappClassLoaderBase.checkStateForResourceLoading Acceso ilegal: esta instancia de aplicación web ya ha sido parada.  Could not load [].  La eventual traza de pila que sigue ha sido motivada por un error lanzado con motivos de depuración así como para intentar terminar el hilo que motivó el acceso ilegal y no tiene impacto funcional.
	java.lang.IllegalStateException: Acceso ilegal: esta instancia de aplicación web ya ha sido parada.  Could not load [].  La eventual traza de pila que sigue ha sido motivada por un error lanzado con motivos de depuración así como para intentar terminar el hilo que motivó el acceso ilegal y no tiene impacto funcional.
		at org.apache.catalina.loader.WebappClassLoaderBase.checkStateForResourceLoading(WebappClassLoaderBase.java:1248)
		at org.apache.catalina.loader.WebappClassLoaderBase.getResource(WebappClassLoaderBase.java:857)
		at com.mysql.cj.jdbc.AbandonedConnectionCleanupThread.checkThreadContextClassLoader(AbandonedConnectionCleanupThread.java:123)
		at com.mysql.cj.jdbc.AbandonedConnectionCleanupThread.run(AbandonedConnectionCleanupThread.java:90)
		at java.base/java.util.concurrent.ThreadPoolExecutor.runWorker(ThreadPoolExecutor.java:1144)
		at java.base/java.util.concurrent.ThreadPoolExecutor$Worker.run(ThreadPoolExecutor.java:642)
		at java.base/java.lang.Thread.run(Thread.java:1570)
28-Jul-2025 16:50:44.274 INFO [mysql-cj-abandoned-connection-cleanup] org.apache.catalina.loader.WebappClassLoaderBase.checkStateForResourceLoading Acceso ilegal: esta instancia de aplicación web ya ha sido parada.  Could not load [].  La eventual traza de pila que sigue ha sido motivada por un error lanzado con motivos de depuración así como para intentar terminar el hilo que motivó el acceso ilegal y no tiene impacto funcional.
	java.lang.IllegalStateException: Acceso ilegal: esta instancia de aplicación web ya ha sido parada.  Could not load [].  La eventual traza de pila que sigue ha sido motivada por un error lanzado con motivos de depuración así como para intentar terminar el hilo que motivó el acceso ilegal y no tiene impacto funcional.
		at org.apache.catalina.loader.WebappClassLoaderBase.checkStateForResourceLoading(WebappClassLoaderBase.java:1248)
		at org.apache.catalina.loader.WebappClassLoaderBase.getResource(WebappClassLoaderBase.java:857)
		at com.mysql.cj.jdbc.AbandonedConnectionCleanupThread.checkThreadContextClassLoader(AbandonedConnectionCleanupThread.java:123)
		at com.mysql.cj.jdbc.AbandonedConnectionCleanupThread.run(AbandonedConnectionCleanupThread.java:90)
		at java.base/java.util.concurrent.ThreadPoolExecutor.runWorker(ThreadPoolExecutor.java:1144)
		at java.base/java.util.concurrent.ThreadPoolExecutor$Worker.run(ThreadPoolExecutor.java:642)
		at java.base/java.lang.Thread.run(Thread.java:1570)
28-Jul-2025 16:50:44.274 INFO [mysql-cj-abandoned-connection-cleanup] org.apache.catalina.loader.WebappClassLoaderBase.checkStateForResourceLoading Acceso ilegal: esta instancia de aplicación web ya ha sido parada.  Could not load [].  La eventual traza de pila que sigue ha sido motivada por un error lanzado con motivos de depuración así como para intentar terminar el hilo que motivó el acceso ilegal y no tiene impacto funcional.
	java.lang.IllegalStateException: Acceso ilegal: esta instancia de aplicación web ya ha sido parada.  Could not load [].  La eventual traza de pila que sigue ha sido motivada por un error lanzado con motivos de depuración así como para intentar terminar el hilo que motivó el acceso ilegal y no tiene impacto funcional.
		at org.apache.catalina.loader.WebappClassLoaderBase.checkStateForResourceLoading(WebappClassLoaderBase.java:1248)
		at org.apache.catalina.loader.WebappClassLoaderBase.getResource(WebappClassLoaderBase.java:857)
		at com.mysql.cj.jdbc.AbandonedConnectionCleanupThread.checkThreadContextClassLoader(AbandonedConnectionCleanupThread.java:123)
		at com.mysql.cj.jdbc.AbandonedConnectionCleanupThread.run(AbandonedConnectionCleanupThread.java:90)
		at java.base/java.util.concurrent.ThreadPoolExecutor.runWorker(ThreadPoolExecutor.java:1144)
		at java.base/java.util.concurrent.ThreadPoolExecutor$Worker.run(ThreadPoolExecutor.java:642)
		at java.base/java.lang.Thread.run(Thread.java:1570)
28-Jul-2025 16:50:44.274 INFO [mysql-cj-abandoned-connection-cleanup] org.apache.catalina.loader.WebappClassLoaderBase.checkStateForResourceLoading Acceso ilegal: esta instancia de aplicación web ya ha sido parada.  Could not load [].  La eventual traza de pila que sigue ha sido motivada por un error lanzado con motivos de depuración así como para intentar terminar el hilo que motivó el acceso ilegal y no tiene impacto funcional.
	java.lang.IllegalStateException: Acceso ilegal: esta instancia de aplicación web ya ha sido parada.  Could not load [].  La eventual traza de pila que sigue ha sido motivada por un error lanzado con motivos de depuración así como para intentar terminar el hilo que motivó el acceso ilegal y no tiene impacto funcional.
		at org.apache.catalina.loader.WebappClassLoaderBase.checkStateForResourceLoading(WebappClassLoaderBase.java:1248)
		at org.apache.catalina.loader.WebappClassLoaderBase.getResource(WebappClassLoaderBase.java:857)
		at com.mysql.cj.jdbc.AbandonedConnectionCleanupThread.checkThreadContextClassLoader(AbandonedConnectionCleanupThread.java:123)
		at com.mysql.cj.jdbc.AbandonedConnectionCleanupThread.run(AbandonedConnectionCleanupThread.java:90)
		at java.base/java.util.concurrent.ThreadPoolExecutor.runWorker(ThreadPoolExecutor.java:1144)
		at java.base/java.util.concurrent.ThreadPoolExecutor$Worker.run(ThreadPoolExecutor.java:642)
		at java.base/java.lang.Thread.run(Thread.java:1570)
28-Jul-2025 16:50:44.329 INFO [mysql-cj-abandoned-connection-cleanup] org.apache.catalina.loader.WebappClassLoaderBase.checkStateForResourceLoading Acceso ilegal: esta instancia de aplicación web ya ha sido parada.  Could not load [].  La eventual traza de pila que sigue ha sido motivada por un error lanzado con motivos de depuración así como para intentar terminar el hilo que motivó el acceso ilegal y no tiene impacto funcional.
	java.lang.IllegalStateException: Acceso ilegal: esta instancia de aplicación web ya ha sido parada.  Could not load [].  La eventual traza de pila que sigue ha sido motivada por un error lanzado con motivos de depuración así como para intentar terminar el hilo que motivó el acceso ilegal y no tiene impacto funcional.
		at org.apache.catalina.loader.WebappClassLoaderBase.checkStateForResourceLoading(WebappClassLoaderBase.java:1248)
		at org.apache.catalina.loader.WebappClassLoaderBase.getResource(WebappClassLoaderBase.java:857)
		at com.mysql.cj.jdbc.AbandonedConnectionCleanupThread.checkThreadContextClassLoader(AbandonedConnectionCleanupThread.java:123)
		at com.mysql.cj.jdbc.AbandonedConnectionCleanupThread.run(AbandonedConnectionCleanupThread.java:90)
		at java.base/java.util.concurrent.ThreadPoolExecutor.runWorker(ThreadPoolExecutor.java:1144)
		at java.base/java.util.concurrent.ThreadPoolExecutor$Worker.run(ThreadPoolExecutor.java:642)
		at java.base/java.lang.Thread.run(Thread.java:1570)
28-Jul-2025 16:50:44.329 INFO [mysql-cj-abandoned-connection-cleanup] org.apache.catalina.loader.WebappClassLoaderBase.checkStateForResourceLoading Acceso ilegal: esta instancia de aplicación web ya ha sido parada.  Could not load [].  La eventual traza de pila que sigue ha sido motivada por un error lanzado con motivos de depuración así como para intentar terminar el hilo que motivó el acceso ilegal y no tiene impacto funcional.
	java.lang.IllegalStateException: Acceso ilegal: esta instancia de aplicación web ya ha sido parada.  Could not load [].  La eventual traza de pila que sigue ha sido motivada por un error lanzado con motivos de depuración así como para intentar terminar el hilo que motivó el acceso ilegal y no tiene impacto funcional.
		at org.apache.catalina.loader.WebappClassLoaderBase.checkStateForResourceLoading(WebappClassLoaderBase.java:1248)
		at org.apache.catalina.loader.WebappClassLoaderBase.getResource(WebappClassLoaderBase.java:857)
		at com.mysql.cj.jdbc.AbandonedConnectionCleanupThread.checkThreadContextClassLoader(AbandonedConnectionCleanupThread.java:123)
		at com.mysql.cj.jdbc.AbandonedConnectionCleanupThread.run(AbandonedConnectionCleanupThread.java:90)
		at java.base/java.util.concurrent.ThreadPoolExecutor.runWorker(ThreadPoolExecutor.java:1144)
		at java.base/java.util.concurrent.ThreadPoolExecutor$Worker.run(ThreadPoolExecutor.java:642)
		at java.base/java.lang.Thread.run(Thread.java:1570)
28-Jul-2025 16:50:44.329 INFO [mysql-cj-abandoned-connection-cleanup] org.apache.catalina.loader.WebappClassLoaderBase.checkStateForResourceLoading Acceso ilegal: esta instancia de aplicación web ya ha sido parada.  Could not load [].  La eventual traza de pila que sigue ha sido motivada por un error lanzado con motivos de depuración así como para intentar terminar el hilo que motivó el acceso ilegal y no tiene impacto funcional.
	java.lang.IllegalStateException: Acceso ilegal: esta instancia de aplicación web ya ha sido parada.  Could not load [].  La eventual traza de pila que sigue ha sido motivada por un error lanzado con motivos de depuración así como para intentar terminar el hilo que motivó el acceso ilegal y no tiene impacto funcional.
		at org.apache.catalina.loader.WebappClassLoaderBase.checkStateForResourceLoading(WebappClassLoaderBase.java:1248)
		at org.apache.catalina.loader.WebappClassLoaderBase.getResource(WebappClassLoaderBase.java:857)
		at com.mysql.cj.jdbc.AbandonedConnectionCleanupThread.checkThreadContextClassLoader(AbandonedConnectionCleanupThread.java:123)
		at com.mysql.cj.jdbc.AbandonedConnectionCleanupThread.run(AbandonedConnectionCleanupThread.java:90)
		at java.base/java.util.concurrent.ThreadPoolExecutor.runWorker(ThreadPoolExecutor.java:1144)
		at java.base/java.util.concurrent.ThreadPoolExecutor$Worker.run(ThreadPoolExecutor.java:642)
		at java.base/java.lang.Thread.run(Thread.java:1570)
28-Jul-2025 16:50:44.382 INFO [mysql-cj-abandoned-connection-cleanup] org.apache.catalina.loader.WebappClassLoaderBase.checkStateForResourceLoading Acceso ilegal: esta instancia de aplicación web ya ha sido parada.  Could not load [].  La eventual traza de pila que sigue ha sido motivada por un error lanzado con motivos de depuración así como para intentar terminar el hilo que motivó el acceso ilegal y no tiene impacto funcional.
	java.lang.IllegalStateException: Acceso ilegal: esta instancia de aplicación web ya ha sido parada.  Could not load [].  La eventual traza de pila que sigue ha sido motivada por un error lanzado con motivos de depuración así como para intentar terminar el hilo que motivó el acceso ilegal y no tiene impacto funcional.
		at org.apache.catalina.loader.WebappClassLoaderBase.checkStateForResourceLoading(WebappClassLoaderBase.java:1248)
		at org.apache.catalina.loader.WebappClassLoaderBase.getResource(WebappClassLoaderBase.java:857)
		at com.mysql.cj.jdbc.AbandonedConnectionCleanupThread.checkThreadContextClassLoader(AbandonedConnectionCleanupThread.java:123)
		at com.mysql.cj.jdbc.AbandonedConnectionCleanupThread.run(AbandonedConnectionCleanupThread.java:90)
		at java.base/java.util.concurrent.ThreadPoolExecutor.runWorker(ThreadPoolExecutor.java:1144)
		at java.base/java.util.concurrent.ThreadPoolExecutor$Worker.run(ThreadPoolExecutor.java:642)
		at java.base/java.lang.Thread.run(Thread.java:1570)
28-Jul-2025 16:50:44.382 INFO [mysql-cj-abandoned-connection-cleanup] org.apache.catalina.loader.WebappClassLoaderBase.checkStateForResourceLoading Acceso ilegal: esta instancia de aplicación web ya ha sido parada.  Could not load [].  La eventual traza de pila que sigue ha sido motivada por un error lanzado con motivos de depuración así como para intentar terminar el hilo que motivó el acceso ilegal y no tiene impacto funcional.
	java.lang.IllegalStateException: Acceso ilegal: esta instancia de aplicación web ya ha sido parada.  Could not load [].  La eventual traza de pila que sigue ha sido motivada por un error lanzado con motivos de depuración así como para intentar terminar el hilo que motivó el acceso ilegal y no tiene impacto funcional.
		at org.apache.catalina.loader.WebappClassLoaderBase.checkStateForResourceLoading(WebappClassLoaderBase.java:1248)
		at org.apache.catalina.loader.WebappClassLoaderBase.getResource(WebappClassLoaderBase.java:857)
		at com.mysql.cj.jdbc.AbandonedConnectionCleanupThread.checkThreadContextClassLoader(AbandonedConnectionCleanupThread.java:123)
		at com.mysql.cj.jdbc.AbandonedConnectionCleanupThread.run(AbandonedConnectionCleanupThread.java:90)
		at java.base/java.util.concurrent.ThreadPoolExecutor.runWorker(ThreadPoolExecutor.java:1144)
		at java.base/java.util.concurrent.ThreadPoolExecutor$Worker.run(ThreadPoolExecutor.java:642)
		at java.base/java.lang.Thread.run(Thread.java:1570)
28-Jul-2025 16:50:44.382 INFO [mysql-cj-abandoned-connection-cleanup] org.apache.catalina.loader.WebappClassLoaderBase.checkStateForResourceLoading Acceso ilegal: esta instancia de aplicación web ya ha sido parada.  Could not load [].  La eventual traza de pila que sigue ha sido motivada por un error lanzado con motivos de depuración así como para intentar terminar el hilo que motivó el acceso ilegal y no tiene impacto funcional.
	java.lang.IllegalStateException: Acceso ilegal: esta instancia de aplicación web ya ha sido parada.  Could not load [].  La eventual traza de pila que sigue ha sido motivada por un error lanzado con motivos de depuración así como para intentar terminar el hilo que motivó el acceso ilegal y no tiene impacto funcional.
		at org.apache.catalina.loader.WebappClassLoaderBase.checkStateForResourceLoading(WebappClassLoaderBase.java:1248)
		at org.apache.catalina.loader.WebappClassLoaderBase.getResource(WebappClassLoaderBase.java:857)
		at com.mysql.cj.jdbc.AbandonedConnectionCleanupThread.checkThreadContextClassLoader(AbandonedConnectionCleanupThread.java:123)
		at com.mysql.cj.jdbc.AbandonedConnectionCleanupThread.run(AbandonedConnectionCleanupThread.java:90)
		at java.base/java.util.concurrent.ThreadPoolExecutor.runWorker(ThreadPoolExecutor.java:1144)
		at java.base/java.util.concurrent.ThreadPoolExecutor$Worker.run(ThreadPoolExecutor.java:642)
		at java.base/java.lang.Thread.run(Thread.java:1570)
28-Jul-2025 16:50:44.438 INFO [mysql-cj-abandoned-connection-cleanup] org.apache.catalina.loader.WebappClassLoaderBase.checkStateForResourceLoading Acceso ilegal: esta instancia de aplicación web ya ha sido parada.  Could not load [].  La eventual traza de pila que sigue ha sido motivada por un error lanzado con motivos de depuración así como para intentar terminar el hilo que motivó el acceso ilegal y no tiene impacto funcional.
	java.lang.IllegalStateException: Acceso ilegal: esta instancia de aplicación web ya ha sido parada.  Could not load [].  La eventual traza de pila que sigue ha sido motivada por un error lanzado con motivos de depuración así como para intentar terminar el hilo que motivó el acceso ilegal y no tiene impacto funcional.
		at org.apache.catalina.loader.WebappClassLoaderBase.checkStateForResourceLoading(WebappClassLoaderBase.java:1248)
		at org.apache.catalina.loader.WebappClassLoaderBase.getResource(WebappClassLoaderBase.java:857)
		at com.mysql.cj.jdbc.AbandonedConnectionCleanupThread.checkThreadContextClassLoader(AbandonedConnectionCleanupThread.java:123)
		at com.mysql.cj.jdbc.AbandonedConnectionCleanupThread.run(AbandonedConnectionCleanupThread.java:90)
		at java.base/java.util.concurrent.ThreadPoolExecutor.runWorker(ThreadPoolExecutor.java:1144)
		at java.base/java.util.concurrent.ThreadPoolExecutor$Worker.run(ThreadPoolExecutor.java:642)
		at java.base/java.lang.Thread.run(Thread.java:1570)
28-Jul-2025 16:50:44.787 INFO [http-nio-8080-exec-44] org.apache.jasper.servlet.TldScanner.scanJars Al menos un JAR, que se ha explorado buscando TLDs, aún no contenía TLDs. Activar historial de depuración para este historiador para una completa lista de los JARs que fueron explorados y de los que nos se halló TLDs. Saltarse JARs no necesarios durante la exploración puede dar lugar a una mejora de tiempo significativa en el arranque y compilación de JSP .
28-Jul-2025 16:50:45.254 WARNING [http-nio-8080-exec-44] org.glassfish.jersey.server.internal.scanning.AnnotationAcceptingListener$ClassReaderWrapper.accept Unsupported class file major version 66
28-Jul-2025 16:50:45.256 WARNING [http-nio-8080-exec-44] org.glassfish.jersey.server.internal.scanning.AnnotationAcceptingListener$ClassReaderWrapper.accept Unsupported class file major version 66
28-Jul-2025 16:50:45.256 WARNING [http-nio-8080-exec-44] org.glassfish.jersey.server.internal.scanning.AnnotationAcceptingListener$ClassReaderWrapper.accept Unsupported class file major version 66
28-Jul-2025 16:50:45.257 WARNING [http-nio-8080-exec-44] org.glassfish.jersey.server.internal.scanning.AnnotationAcceptingListener$ClassReaderWrapper.accept Unsupported class file major version 66
28-Jul-2025 16:50:45.257 WARNING [http-nio-8080-exec-44] org.glassfish.jersey.server.internal.scanning.AnnotationAcceptingListener$ClassReaderWrapper.accept Unsupported class file major version 66
28-Jul-2025 16:50:45.257 WARNING [http-nio-8080-exec-44] org.glassfish.jersey.server.internal.scanning.AnnotationAcceptingListener$ClassReaderWrapper.accept Unsupported class file major version 66
28-Jul-2025 16:50:45.257 WARNING [http-nio-8080-exec-44] org.glassfish.jersey.server.internal.scanning.AnnotationAcceptingListener$ClassReaderWrapper.accept Unsupported class file major version 66
28-Jul-2025 16:50:45.258 WARNING [http-nio-8080-exec-44] org.glassfish.jersey.server.internal.scanning.AnnotationAcceptingListener$ClassReaderWrapper.accept Unsupported class file major version 66
28-Jul-2025 16:50:45.258 WARNING [http-nio-8080-exec-44] org.glassfish.jersey.server.internal.scanning.AnnotationAcceptingListener$ClassReaderWrapper.accept Unsupported class file major version 66
28-Jul-2025 16:50:45.258 WARNING [http-nio-8080-exec-44] org.glassfish.jersey.server.internal.scanning.AnnotationAcceptingListener$ClassReaderWrapper.accept Unsupported class file major version 66
28-Jul-2025 16:50:45.259 WARNING [http-nio-8080-exec-44] org.glassfish.jersey.server.internal.scanning.AnnotationAcceptingListener$ClassReaderWrapper.accept Unsupported class file major version 66
28-Jul-2025 16:50:45.259 WARNING [http-nio-8080-exec-44] org.glassfish.jersey.server.internal.scanning.AnnotationAcceptingListener$ClassReaderWrapper.accept Unsupported class file major version 66
28-Jul-2025 16:50:45.259 WARNING [http-nio-8080-exec-44] org.glassfish.jersey.server.internal.scanning.AnnotationAcceptingListener$ClassReaderWrapper.accept Unsupported class file major version 66
28-Jul-2025 16:50:45.260 WARNING [http-nio-8080-exec-44] org.glassfish.jersey.server.internal.scanning.AnnotationAcceptingListener$ClassReaderWrapper.accept Unsupported class file major version 66
28-Jul-2025 16:50:45.260 WARNING [http-nio-8080-exec-44] org.glassfish.jersey.server.internal.scanning.AnnotationAcceptingListener$ClassReaderWrapper.accept Unsupported class file major version 66
28-Jul-2025 16:50:45.260 WARNING [http-nio-8080-exec-44] org.glassfish.jersey.server.internal.scanning.AnnotationAcceptingListener$ClassReaderWrapper.accept Unsupported class file major version 66
28-Jul-2025 16:50:45.261 WARNING [http-nio-8080-exec-44] org.glassfish.jersey.server.internal.scanning.AnnotationAcceptingListener$ClassReaderWrapper.accept Unsupported class file major version 66
28-Jul-2025 16:50:45.261 WARNING [http-nio-8080-exec-44] org.glassfish.jersey.server.internal.scanning.AnnotationAcceptingListener$ClassReaderWrapper.accept Unsupported class file major version 66
28-Jul-2025 16:50:45.261 WARNING [http-nio-8080-exec-44] org.glassfish.jersey.server.internal.scanning.AnnotationAcceptingListener$ClassReaderWrapper.accept Unsupported class file major version 66
28-Jul-2025 16:50:45.340 WARNING [http-nio-8080-exec-44] org.glassfish.jersey.server.wadl.WadlFeature.configure JAXBContext implementation could not be found. WADL feature is disabled.
28-Jul-2025 16:50:45.610 INFO [http-nio-8080-exec-44] org.apache.catalina.startup.HostConfig.deployDescriptor Deployment of deployment descriptor [C:\Users\Administrador\Documents\proyecto_final_helder_java-js\apache-tomcat-11.0.8-windows-x64\apache-tomcat-11.0.8\conf\Catalina\localhost\helder.xml] has finished in [1.728] ms
28-Jul-2025 16:50:45.612 INFO [http-nio-8080-exec-45] org.apache.catalina.util.LifecycleBase.start The start() method was called on component [StandardEngine[Catalina].StandardHost[localhost].StandardContext[/helder]] after start() had already been called. The second call will be ignored.
28-Jul-2025 16:50:56.317 WARNING [http-nio-8080-exec-45] org.glassfish.jersey.server.ServerRuntime$Responder.process An exception mapping did not successfully produce and processed a response. Logging the exception propagated to the default exception mapper.
	java.lang.ClassCastException: class java.util.ArrayList cannot be cast to class modelo.Favorito (java.util.ArrayList is in module java.base of loader 'bootstrap'; modelo.Favorito is in unnamed module of loader org.apache.catalina.loader.ParallelWebappClassLoader @495de336)
		at controlador.FavoritoResource.getFavoritoPorId(FavoritoResource.java:26)
		at java.base/jdk.internal.reflect.DirectMethodHandleAccessor.invoke(DirectMethodHandleAccessor.java:103)
		at java.base/java.lang.reflect.Method.invoke(Method.java:580)
		at org.glassfish.jersey.server.model.internal.ResourceMethodInvocationHandlerFactory.lambda$static$0(ResourceMethodInvocationHandlerFactory.java:52)
		at org.glassfish.jersey.server.model.internal.AbstractJavaResourceMethodDispatcher$1.run(AbstractJavaResourceMethodDispatcher.java:146)
		at org.glassfish.jersey.server.model.internal.AbstractJavaResourceMethodDispatcher.invoke(AbstractJavaResourceMethodDispatcher.java:189)
		at org.glassfish.jersey.server.model.internal.JavaResourceMethodDispatcherProvider$ResponseOutInvoker.doDispatch(JavaResourceMethodDispatcherProvider.java:176)
		at org.glassfish.jersey.server.model.internal.AbstractJavaResourceMethodDispatcher.dispatch(AbstractJavaResourceMethodDispatcher.java:93)
		at org.glassfish.jersey.server.model.ResourceMethodInvoker.invoke(ResourceMethodInvoker.java:478)
		at org.glassfish.jersey.server.model.ResourceMethodInvoker.apply(ResourceMethodInvoker.java:400)
		at org.glassfish.jersey.server.model.ResourceMethodInvoker.apply(ResourceMethodInvoker.java:81)
		at org.glassfish.jersey.server.ServerRuntime$1.run(ServerRuntime.java:261)
		at org.glassfish.jersey.internal.Errors$1.call(Errors.java:248)
		at org.glassfish.jersey.internal.Errors$1.call(Errors.java:244)
		at org.glassfish.jersey.internal.Errors.process(Errors.java:292)
		at org.glassfish.jersey.internal.Errors.process(Errors.java:274)
		at org.glassfish.jersey.internal.Errors.process(Errors.java:244)
		at org.glassfish.jersey.process.internal.RequestScope.runInScope(RequestScope.java:265)
		at org.glassfish.jersey.server.ServerRuntime.process(ServerRuntime.java:240)
		at org.glassfish.jersey.server.ApplicationHandler.handle(ApplicationHandler.java:697)
		at org.glassfish.jersey.servlet.WebComponent.serviceImpl(WebComponent.java:394)
		at org.glassfish.jersey.servlet.WebComponent.service(WebComponent.java:346)
		at org.glassfish.jersey.servlet.ServletContainer.service(ServletContainer.java:357)
		at org.glassfish.jersey.servlet.ServletContainer.service(ServletContainer.java:311)
		at org.glassfish.jersey.servlet.ServletContainer.service(ServletContainer.java:205)
		at org.apache.catalina.core.ApplicationFilterChain.doFilter(ApplicationFilterChain.java:130)
		at org.apache.tomcat.websocket.server.WsFilter.doFilter(WsFilter.java:53)
		at org.apache.catalina.core.ApplicationFilterChain.doFilter(ApplicationFilterChain.java:109)
		at org.apache.catalina.core.StandardWrapperValve.invoke(StandardWrapperValve.java:167)
		at org.apache.catalina.core.StandardContextValve.invoke(StandardContextValve.java:79)
		at org.apache.catalina.authenticator.AuthenticatorBase.invoke(AuthenticatorBase.java:483)
		at org.apache.catalina.core.StandardHostValve.invoke(StandardHostValve.java:116)
		at org.apache.catalina.valves.ErrorReportValve.invoke(ErrorReportValve.java:93)
		at org.apache.catalina.valves.AbstractAccessLogValve.invoke(AbstractAccessLogValve.java:666)
		at org.apache.catalina.core.StandardEngineValve.invoke(StandardEngineValve.java:74)
		at org.apache.catalina.connector.CoyoteAdapter.service(CoyoteAdapter.java:343)
		at org.apache.coyote.http11.Http11Processor.service(Http11Processor.java:396)
		at org.apache.coyote.AbstractProcessorLight.process(AbstractProcessorLight.java:63)
		at org.apache.coyote.AbstractProtocol$ConnectionHandler.process(AbstractProtocol.java:903)
		at org.apache.tomcat.util.net.NioEndpoint$SocketProcessor.doRun(NioEndpoint.java:1773)
		at org.apache.tomcat.util.net.SocketProcessorBase.run(SocketProcessorBase.java:52)
		at org.apache.tomcat.util.threads.ThreadPoolExecutor.runWorker(ThreadPoolExecutor.java:1149)
		at org.apache.tomcat.util.threads.ThreadPoolExecutor$Worker.run(ThreadPoolExecutor.java:637)
		at org.apache.tomcat.util.threads.TaskThread$WrappingRunnable.run(TaskThread.java:59)
		at java.base/java.lang.Thread.run(Thread.java:1570)
28-Jul-2025 16:50:56.478 SEVERE [http-nio-8080-exec-45] org.glassfish.jersey.server.ServerRuntime$Responder.writeResponse Error while closing the output stream in order to commit response.
	org.glassfish.jersey.server.ContainerException: java.util.concurrent.ExecutionException: java.lang.ClassCastException: class java.util.ArrayList cannot be cast to class modelo.Favorito (java.util.ArrayList is in module java.base of loader 'bootstrap'; modelo.Favorito is in unnamed module of loader org.apache.catalina.loader.ParallelWebappClassLoader @495de336)
		at org.glassfish.jersey.servlet.internal.ResponseWriter.getResponseContext(ResponseWriter.java:278)
		at org.glassfish.jersey.servlet.internal.ResponseWriter.writeResponseStatusAndHeaders(ResponseWriter.java:128)
		at org.glassfish.jersey.server.ServerRuntime$Responder$1.getOutputStream(ServerRuntime.java:667)
		at org.glassfish.jersey.message.internal.CommittingOutputStream.commitStream(CommittingOutputStream.java:171)
		at org.glassfish.jersey.message.internal.CommittingOutputStream.flushBuffer(CommittingOutputStream.java:276)
		at org.glassfish.jersey.message.internal.CommittingOutputStream.commit(CommittingOutputStream.java:232)
		at org.glassfish.jersey.message.internal.CommittingOutputStream.close(CommittingOutputStream.java:247)
		at org.glassfish.jersey.message.internal.OutboundMessageContext.close(OutboundMessageContext.java:865)
		at org.glassfish.jersey.server.ContainerResponse.close(ContainerResponse.java:403)
		at org.glassfish.jersey.server.ServerRuntime$Responder.writeResponse(ServerRuntime.java:749)
		at org.glassfish.jersey.server.ServerRuntime$Responder.processResponse(ServerRuntime.java:385)
		at org.glassfish.jersey.server.ServerRuntime$Responder.processResponseWithDefaultExceptionMapper(ServerRuntime.java:633)
		at org.glassfish.jersey.server.ServerRuntime$Responder.process(ServerRuntime.java:458)
		at org.glassfish.jersey.server.ServerRuntime$1.run(ServerRuntime.java:269)
		at org.glassfish.jersey.internal.Errors$1.call(Errors.java:248)
		at org.glassfish.jersey.internal.Errors$1.call(Errors.java:244)
		at org.glassfish.jersey.internal.Errors.process(Errors.java:292)
		at org.glassfish.jersey.internal.Errors.process(Errors.java:274)
		at org.glassfish.jersey.internal.Errors.process(Errors.java:244)
		at org.glassfish.jersey.process.internal.RequestScope.runInScope(RequestScope.java:265)
		at org.glassfish.jersey.server.ServerRuntime.process(ServerRuntime.java:240)
		at org.glassfish.jersey.server.ApplicationHandler.handle(ApplicationHandler.java:697)
		at org.glassfish.jersey.servlet.WebComponent.serviceImpl(WebComponent.java:394)
		at org.glassfish.jersey.servlet.WebComponent.service(WebComponent.java:346)
		at org.glassfish.jersey.servlet.ServletContainer.service(ServletContainer.java:357)
		at org.glassfish.jersey.servlet.ServletContainer.service(ServletContainer.java:311)
		at org.glassfish.jersey.servlet.ServletContainer.service(ServletContainer.java:205)
		at org.apache.catalina.core.ApplicationFilterChain.doFilter(ApplicationFilterChain.java:130)
		at org.apache.tomcat.websocket.server.WsFilter.doFilter(WsFilter.java:53)
		at org.apache.catalina.core.ApplicationFilterChain.doFilter(ApplicationFilterChain.java:109)
		at org.apache.catalina.core.StandardWrapperValve.invoke(StandardWrapperValve.java:167)
		at org.apache.catalina.core.StandardContextValve.invoke(StandardContextValve.java:79)
		at org.apache.catalina.authenticator.AuthenticatorBase.invoke(AuthenticatorBase.java:483)
		at org.apache.catalina.core.StandardHostValve.invoke(StandardHostValve.java:116)
		at org.apache.catalina.valves.ErrorReportValve.invoke(ErrorReportValve.java:93)
		at org.apache.catalina.valves.AbstractAccessLogValve.invoke(AbstractAccessLogValve.java:666)
		at org.apache.catalina.core.StandardEngineValve.invoke(StandardEngineValve.java:74)
		at org.apache.catalina.connector.CoyoteAdapter.service(CoyoteAdapter.java:343)
		at org.apache.coyote.http11.Http11Processor.service(Http11Processor.java:396)
		at org.apache.coyote.AbstractProcessorLight.process(AbstractProcessorLight.java:63)
		at org.apache.coyote.AbstractProtocol$ConnectionHandler.process(AbstractProtocol.java:903)
		at org.apache.tomcat.util.net.NioEndpoint$SocketProcessor.doRun(NioEndpoint.java:1773)
		at org.apache.tomcat.util.net.SocketProcessorBase.run(SocketProcessorBase.java:52)
		at org.apache.tomcat.util.threads.ThreadPoolExecutor.runWorker(ThreadPoolExecutor.java:1149)
		at org.apache.tomcat.util.threads.ThreadPoolExecutor$Worker.run(ThreadPoolExecutor.java:637)
		at org.apache.tomcat.util.threads.TaskThread$WrappingRunnable.run(TaskThread.java:59)
		at java.base/java.lang.Thread.run(Thread.java:1570)
	Caused by: java.util.concurrent.ExecutionException: java.lang.ClassCastException: class java.util.ArrayList cannot be cast to class modelo.Favorito (java.util.ArrayList is in module java.base of loader 'bootstrap'; modelo.Favorito is in unnamed module of loader org.apache.catalina.loader.ParallelWebappClassLoader @495de336)
		at java.base/java.util.concurrent.CompletableFuture.reportGet(CompletableFuture.java:396)
		at java.base/java.util.concurrent.CompletableFuture.get(CompletableFuture.java:2073)
		at org.glassfish.jersey.servlet.internal.ResponseWriter.getResponseContext(ResponseWriter.java:276)
		... 46 more
	Caused by: java.lang.ClassCastException: class java.util.ArrayList cannot be cast to class modelo.Favorito (java.util.ArrayList is in module java.base of loader 'bootstrap'; modelo.Favorito is in unnamed module of loader org.apache.catalina.loader.ParallelWebappClassLoader @495de336)
		at controlador.FavoritoResource.getFavoritoPorId(FavoritoResource.java:26)
		at java.base/jdk.internal.reflect.DirectMethodHandleAccessor.invoke(DirectMethodHandleAccessor.java:103)
		at java.base/java.lang.reflect.Method.invoke(Method.java:580)
		at org.glassfish.jersey.server.model.internal.ResourceMethodInvocationHandlerFactory.lambda$static$0(ResourceMethodInvocationHandlerFactory.java:52)
		at org.glassfish.jersey.server.model.internal.AbstractJavaResourceMethodDispatcher$1.run(AbstractJavaResourceMethodDispatcher.java:146)
		at org.glassfish.jersey.server.model.internal.AbstractJavaResourceMethodDispatcher.invoke(AbstractJavaResourceMethodDispatcher.java:189)
		at org.glassfish.jersey.server.model.internal.JavaResourceMethodDispatcherProvider$ResponseOutInvoker.doDispatch(JavaResourceMethodDispatcherProvider.java:176)
		at org.glassfish.jersey.server.model.internal.AbstractJavaResourceMethodDispatcher.dispatch(AbstractJavaResourceMethodDispatcher.java:93)
		at org.glassfish.jersey.server.model.ResourceMethodInvoker.invoke(ResourceMethodInvoker.java:478)
		at org.glassfish.jersey.server.model.ResourceMethodInvoker.apply(ResourceMethodInvoker.java:400)
		at org.glassfish.jersey.server.model.ResourceMethodInvoker.apply(ResourceMethodInvoker.java:81)
		at org.glassfish.jersey.server.ServerRuntime$1.run(ServerRuntime.java:261)
		... 33 more
28-Jul-2025 16:50:58.970 WARNING [http-nio-8080-exec-52] org.glassfish.jersey.server.ServerRuntime$Responder.process An exception mapping did not successfully produce and processed a response. Logging the exception propagated to the default exception mapper.
	java.lang.ClassCastException: class java.util.ArrayList cannot be cast to class modelo.Favorito (java.util.ArrayList is in module java.base of loader 'bootstrap'; modelo.Favorito is in unnamed module of loader org.apache.catalina.loader.ParallelWebappClassLoader @495de336)
		at controlador.FavoritoResource.getFavoritoPorId(FavoritoResource.java:26)
		at java.base/jdk.internal.reflect.DirectMethodHandleAccessor.invoke(DirectMethodHandleAccessor.java:103)
		at java.base/java.lang.reflect.Method.invoke(Method.java:580)
		at org.glassfish.jersey.server.model.internal.ResourceMethodInvocationHandlerFactory.lambda$static$0(ResourceMethodInvocationHandlerFactory.java:52)
		at org.glassfish.jersey.server.model.internal.AbstractJavaResourceMethodDispatcher$1.run(AbstractJavaResourceMethodDispatcher.java:146)
		at org.glassfish.jersey.server.model.internal.AbstractJavaResourceMethodDispatcher.invoke(AbstractJavaResourceMethodDispatcher.java:189)
		at org.glassfish.jersey.server.model.internal.JavaResourceMethodDispatcherProvider$ResponseOutInvoker.doDispatch(JavaResourceMethodDispatcherProvider.java:176)
		at org.glassfish.jersey.server.model.internal.AbstractJavaResourceMethodDispatcher.dispatch(AbstractJavaResourceMethodDispatcher.java:93)
		at org.glassfish.jersey.server.model.ResourceMethodInvoker.invoke(ResourceMethodInvoker.java:478)
		at org.glassfish.jersey.server.model.ResourceMethodInvoker.apply(ResourceMethodInvoker.java:400)
		at org.glassfish.jersey.server.model.ResourceMethodInvoker.apply(ResourceMethodInvoker.java:81)
		at org.glassfish.jersey.server.ServerRuntime$1.run(ServerRuntime.java:261)
		at org.glassfish.jersey.internal.Errors$1.call(Errors.java:248)
		at org.glassfish.jersey.internal.Errors$1.call(Errors.java:244)
		at org.glassfish.jersey.internal.Errors.process(Errors.java:292)
		at org.glassfish.jersey.internal.Errors.process(Errors.java:274)
		at org.glassfish.jersey.internal.Errors.process(Errors.java:244)
		at org.glassfish.jersey.process.internal.RequestScope.runInScope(RequestScope.java:265)
		at org.glassfish.jersey.server.ServerRuntime.process(ServerRuntime.java:240)
		at org.glassfish.jersey.server.ApplicationHandler.handle(ApplicationHandler.java:697)
		at org.glassfish.jersey.servlet.WebComponent.serviceImpl(WebComponent.java:394)
		at org.glassfish.jersey.servlet.WebComponent.service(WebComponent.java:346)
		at org.glassfish.jersey.servlet.ServletContainer.service(ServletContainer.java:357)
		at org.glassfish.jersey.servlet.ServletContainer.service(ServletContainer.java:311)
		at org.glassfish.jersey.servlet.ServletContainer.service(ServletContainer.java:205)
		at org.apache.catalina.core.ApplicationFilterChain.doFilter(ApplicationFilterChain.java:130)
		at org.apache.tomcat.websocket.server.WsFilter.doFilter(WsFilter.java:53)
		at org.apache.catalina.core.ApplicationFilterChain.doFilter(ApplicationFilterChain.java:109)
		at org.apache.catalina.core.StandardWrapperValve.invoke(StandardWrapperValve.java:167)
		at org.apache.catalina.core.StandardContextValve.invoke(StandardContextValve.java:79)
		at org.apache.catalina.authenticator.AuthenticatorBase.invoke(AuthenticatorBase.java:483)
		at org.apache.catalina.core.StandardHostValve.invoke(StandardHostValve.java:116)
		at org.apache.catalina.valves.ErrorReportValve.invoke(ErrorReportValve.java:93)
		at org.apache.catalina.valves.AbstractAccessLogValve.invoke(AbstractAccessLogValve.java:666)
		at org.apache.catalina.core.StandardEngineValve.invoke(StandardEngineValve.java:74)
		at org.apache.catalina.connector.CoyoteAdapter.service(CoyoteAdapter.java:343)
		at org.apache.coyote.http11.Http11Processor.service(Http11Processor.java:396)
		at org.apache.coyote.AbstractProcessorLight.process(AbstractProcessorLight.java:63)
		at org.apache.coyote.AbstractProtocol$ConnectionHandler.process(AbstractProtocol.java:903)
		at org.apache.tomcat.util.net.NioEndpoint$SocketProcessor.doRun(NioEndpoint.java:1773)
		at org.apache.tomcat.util.net.SocketProcessorBase.run(SocketProcessorBase.java:52)
		at org.apache.tomcat.util.threads.ThreadPoolExecutor.runWorker(ThreadPoolExecutor.java:1149)
		at org.apache.tomcat.util.threads.ThreadPoolExecutor$Worker.run(ThreadPoolExecutor.java:637)
		at org.apache.tomcat.util.threads.TaskThread$WrappingRunnable.run(TaskThread.java:59)
		at java.base/java.lang.Thread.run(Thread.java:1570)
28-Jul-2025 16:50:59.077 SEVERE [http-nio-8080-exec-52] org.glassfish.jersey.server.ServerRuntime$Responder.writeResponse Error while closing the output stream in order to commit response.
	org.glassfish.jersey.server.ContainerException: java.util.concurrent.ExecutionException: java.lang.ClassCastException: class java.util.ArrayList cannot be cast to class modelo.Favorito (java.util.ArrayList is in module java.base of loader 'bootstrap'; modelo.Favorito is in unnamed module of loader org.apache.catalina.loader.ParallelWebappClassLoader @495de336)
		at org.glassfish.jersey.servlet.internal.ResponseWriter.getResponseContext(ResponseWriter.java:278)
		at org.glassfish.jersey.servlet.internal.ResponseWriter.writeResponseStatusAndHeaders(ResponseWriter.java:128)
		at org.glassfish.jersey.server.ServerRuntime$Responder$1.getOutputStream(ServerRuntime.java:667)
		at org.glassfish.jersey.message.internal.CommittingOutputStream.commitStream(CommittingOutputStream.java:171)
		at org.glassfish.jersey.message.internal.CommittingOutputStream.flushBuffer(CommittingOutputStream.java:276)
		at org.glassfish.jersey.message.internal.CommittingOutputStream.commit(CommittingOutputStream.java:232)
		at org.glassfish.jersey.message.internal.CommittingOutputStream.close(CommittingOutputStream.java:247)
		at org.glassfish.jersey.message.internal.OutboundMessageContext.close(OutboundMessageContext.java:865)
		at org.glassfish.jersey.server.ContainerResponse.close(ContainerResponse.java:403)
		at org.glassfish.jersey.server.ServerRuntime$Responder.writeResponse(ServerRuntime.java:749)
		at org.glassfish.jersey.server.ServerRuntime$Responder.processResponse(ServerRuntime.java:385)
		at org.glassfish.jersey.server.ServerRuntime$Responder.processResponseWithDefaultExceptionMapper(ServerRuntime.java:633)
		at org.glassfish.jersey.server.ServerRuntime$Responder.process(ServerRuntime.java:458)
		at org.glassfish.jersey.server.ServerRuntime$1.run(ServerRuntime.java:269)
		at org.glassfish.jersey.internal.Errors$1.call(Errors.java:248)
		at org.glassfish.jersey.internal.Errors$1.call(Errors.java:244)
		at org.glassfish.jersey.internal.Errors.process(Errors.java:292)
		at org.glassfish.jersey.internal.Errors.process(Errors.java:274)
		at org.glassfish.jersey.internal.Errors.process(Errors.java:244)
		at org.glassfish.jersey.process.internal.RequestScope.runInScope(RequestScope.java:265)
		at org.glassfish.jersey.server.ServerRuntime.process(ServerRuntime.java:240)
		at org.glassfish.jersey.server.ApplicationHandler.handle(ApplicationHandler.java:697)
		at org.glassfish.jersey.servlet.WebComponent.serviceImpl(WebComponent.java:394)
		at org.glassfish.jersey.servlet.WebComponent.service(WebComponent.java:346)
		at org.glassfish.jersey.servlet.ServletContainer.service(ServletContainer.java:357)
		at org.glassfish.jersey.servlet.ServletContainer.service(ServletContainer.java:311)
		at org.glassfish.jersey.servlet.ServletContainer.service(ServletContainer.java:205)
		at org.apache.catalina.core.ApplicationFilterChain.doFilter(ApplicationFilterChain.java:130)
		at org.apache.tomcat.websocket.server.WsFilter.doFilter(WsFilter.java:53)
		at org.apache.catalina.core.ApplicationFilterChain.doFilter(ApplicationFilterChain.java:109)
		at org.apache.catalina.core.StandardWrapperValve.invoke(StandardWrapperValve.java:167)
		at org.apache.catalina.core.StandardContextValve.invoke(StandardContextValve.java:79)
		at org.apache.catalina.authenticator.AuthenticatorBase.invoke(AuthenticatorBase.java:483)
		at org.apache.catalina.core.StandardHostValve.invoke(StandardHostValve.java:116)
		at org.apache.catalina.valves.ErrorReportValve.invoke(ErrorReportValve.java:93)
		at org.apache.catalina.valves.AbstractAccessLogValve.invoke(AbstractAccessLogValve.java:666)
		at org.apache.catalina.core.StandardEngineValve.invoke(StandardEngineValve.java:74)
		at org.apache.catalina.connector.CoyoteAdapter.service(CoyoteAdapter.java:343)
		at org.apache.coyote.http11.Http11Processor.service(Http11Processor.java:396)
		at org.apache.coyote.AbstractProcessorLight.process(AbstractProcessorLight.java:63)
		at org.apache.coyote.AbstractProtocol$ConnectionHandler.process(AbstractProtocol.java:903)
		at org.apache.tomcat.util.net.NioEndpoint$SocketProcessor.doRun(NioEndpoint.java:1773)
		at org.apache.tomcat.util.net.SocketProcessorBase.run(SocketProcessorBase.java:52)
		at org.apache.tomcat.util.threads.ThreadPoolExecutor.runWorker(ThreadPoolExecutor.java:1149)
		at org.apache.tomcat.util.threads.ThreadPoolExecutor$Worker.run(ThreadPoolExecutor.java:637)
		at org.apache.tomcat.util.threads.TaskThread$WrappingRunnable.run(TaskThread.java:59)
		at java.base/java.lang.Thread.run(Thread.java:1570)
	Caused by: java.util.concurrent.ExecutionException: java.lang.ClassCastException: class java.util.ArrayList cannot be cast to class modelo.Favorito (java.util.ArrayList is in module java.base of loader 'bootstrap'; modelo.Favorito is in unnamed module of loader org.apache.catalina.loader.ParallelWebappClassLoader @495de336)
		at java.base/java.util.concurrent.CompletableFuture.reportGet(CompletableFuture.java:396)
		at java.base/java.util.concurrent.CompletableFuture.get(CompletableFuture.java:2073)
		at org.glassfish.jersey.servlet.internal.ResponseWriter.getResponseContext(ResponseWriter.java:276)
		... 46 more
	Caused by: java.lang.ClassCastException: class java.util.ArrayList cannot be cast to class modelo.Favorito (java.util.ArrayList is in module java.base of loader 'bootstrap'; modelo.Favorito is in unnamed module of loader org.apache.catalina.loader.ParallelWebappClassLoader @495de336)
		at controlador.FavoritoResource.getFavoritoPorId(FavoritoResource.java:26)
		at java.base/jdk.internal.reflect.DirectMethodHandleAccessor.invoke(DirectMethodHandleAccessor.java:103)
		at java.base/java.lang.reflect.Method.invoke(Method.java:580)
		at org.glassfish.jersey.server.model.internal.ResourceMethodInvocationHandlerFactory.lambda$static$0(ResourceMethodInvocationHandlerFactory.java:52)
		at org.glassfish.jersey.server.model.internal.AbstractJavaResourceMethodDispatcher$1.run(AbstractJavaResourceMethodDispatcher.java:146)
		at org.glassfish.jersey.server.model.internal.AbstractJavaResourceMethodDispatcher.invoke(AbstractJavaResourceMethodDispatcher.java:189)
		at org.glassfish.jersey.server.model.internal.JavaResourceMethodDispatcherProvider$ResponseOutInvoker.doDispatch(JavaResourceMethodDispatcherProvider.java:176)
		at org.glassfish.jersey.server.model.internal.AbstractJavaResourceMethodDispatcher.dispatch(AbstractJavaResourceMethodDispatcher.java:93)
		at org.glassfish.jersey.server.model.ResourceMethodInvoker.invoke(ResourceMethodInvoker.java:478)
		at org.glassfish.jersey.server.model.ResourceMethodInvoker.apply(ResourceMethodInvoker.java:400)
		at org.glassfish.jersey.server.model.ResourceMethodInvoker.apply(ResourceMethodInvoker.java:81)
		at org.glassfish.jersey.server.ServerRuntime$1.run(ServerRuntime.java:261)
		... 33 more
28-Jul-2025 16:52:41.696 WARNING [http-nio-8080-exec-53] org.glassfish.jersey.server.ServerRuntime$Responder.process An exception mapping did not successfully produce and processed a response. Logging the exception propagated to the default exception mapper.
	java.lang.ClassCastException: class java.util.ArrayList cannot be cast to class modelo.Favorito (java.util.ArrayList is in module java.base of loader 'bootstrap'; modelo.Favorito is in unnamed module of loader org.apache.catalina.loader.ParallelWebappClassLoader @495de336)
		at controlador.FavoritoResource.getFavoritoPorId(FavoritoResource.java:26)
		at java.base/jdk.internal.reflect.DirectMethodHandleAccessor.invoke(DirectMethodHandleAccessor.java:103)
		at java.base/java.lang.reflect.Method.invoke(Method.java:580)
		at org.glassfish.jersey.server.model.internal.ResourceMethodInvocationHandlerFactory.lambda$static$0(ResourceMethodInvocationHandlerFactory.java:52)
		at org.glassfish.jersey.server.model.internal.AbstractJavaResourceMethodDispatcher$1.run(AbstractJavaResourceMethodDispatcher.java:146)
		at org.glassfish.jersey.server.model.internal.AbstractJavaResourceMethodDispatcher.invoke(AbstractJavaResourceMethodDispatcher.java:189)
		at org.glassfish.jersey.server.model.internal.JavaResourceMethodDispatcherProvider$ResponseOutInvoker.doDispatch(JavaResourceMethodDispatcherProvider.java:176)
		at org.glassfish.jersey.server.model.internal.AbstractJavaResourceMethodDispatcher.dispatch(AbstractJavaResourceMethodDispatcher.java:93)
		at org.glassfish.jersey.server.model.ResourceMethodInvoker.invoke(ResourceMethodInvoker.java:478)
		at org.glassfish.jersey.server.model.ResourceMethodInvoker.apply(ResourceMethodInvoker.java:400)
		at org.glassfish.jersey.server.model.ResourceMethodInvoker.apply(ResourceMethodInvoker.java:81)
		at org.glassfish.jersey.server.ServerRuntime$1.run(ServerRuntime.java:261)
		at org.glassfish.jersey.internal.Errors$1.call(Errors.java:248)
		at org.glassfish.jersey.internal.Errors$1.call(Errors.java:244)
		at org.glassfish.jersey.internal.Errors.process(Errors.java:292)
		at org.glassfish.jersey.internal.Errors.process(Errors.java:274)
		at org.glassfish.jersey.internal.Errors.process(Errors.java:244)
		at org.glassfish.jersey.process.internal.RequestScope.runInScope(RequestScope.java:265)
		at org.glassfish.jersey.server.ServerRuntime.process(ServerRuntime.java:240)
		at org.glassfish.jersey.server.ApplicationHandler.handle(ApplicationHandler.java:697)
		at org.glassfish.jersey.servlet.WebComponent.serviceImpl(WebComponent.java:394)
		at org.glassfish.jersey.servlet.WebComponent.service(WebComponent.java:346)
		at org.glassfish.jersey.servlet.ServletContainer.service(ServletContainer.java:357)
		at org.glassfish.jersey.servlet.ServletContainer.service(ServletContainer.java:311)
		at org.glassfish.jersey.servlet.ServletContainer.service(ServletContainer.java:205)
		at org.apache.catalina.core.ApplicationFilterChain.doFilter(ApplicationFilterChain.java:130)
		at org.apache.tomcat.websocket.server.WsFilter.doFilter(WsFilter.java:53)
		at org.apache.catalina.core.ApplicationFilterChain.doFilter(ApplicationFilterChain.java:109)
		at org.apache.catalina.core.StandardWrapperValve.invoke(StandardWrapperValve.java:167)
		at org.apache.catalina.core.StandardContextValve.invoke(StandardContextValve.java:79)
		at org.apache.catalina.authenticator.AuthenticatorBase.invoke(AuthenticatorBase.java:483)
		at org.apache.catalina.core.StandardHostValve.invoke(StandardHostValve.java:116)
		at org.apache.catalina.valves.ErrorReportValve.invoke(ErrorReportValve.java:93)
		at org.apache.catalina.valves.AbstractAccessLogValve.invoke(AbstractAccessLogValve.java:666)
		at org.apache.catalina.core.StandardEngineValve.invoke(StandardEngineValve.java:74)
		at org.apache.catalina.connector.CoyoteAdapter.service(CoyoteAdapter.java:343)
		at org.apache.coyote.http11.Http11Processor.service(Http11Processor.java:396)
		at org.apache.coyote.AbstractProcessorLight.process(AbstractProcessorLight.java:63)
		at org.apache.coyote.AbstractProtocol$ConnectionHandler.process(AbstractProtocol.java:903)
		at org.apache.tomcat.util.net.NioEndpoint$SocketProcessor.doRun(NioEndpoint.java:1773)
		at org.apache.tomcat.util.net.SocketProcessorBase.run(SocketProcessorBase.java:52)
		at org.apache.tomcat.util.threads.ThreadPoolExecutor.runWorker(ThreadPoolExecutor.java:1149)
		at org.apache.tomcat.util.threads.ThreadPoolExecutor$Worker.run(ThreadPoolExecutor.java:637)
		at org.apache.tomcat.util.threads.TaskThread$WrappingRunnable.run(TaskThread.java:59)
		at java.base/java.lang.Thread.run(Thread.java:1570)
28-Jul-2025 16:52:41.952 SEVERE [http-nio-8080-exec-53] org.glassfish.jersey.server.ServerRuntime$Responder.writeResponse Error while closing the output stream in order to commit response.
	org.glassfish.jersey.server.ContainerException: java.util.concurrent.ExecutionException: java.lang.ClassCastException: class java.util.ArrayList cannot be cast to class modelo.Favorito (java.util.ArrayList is in module java.base of loader 'bootstrap'; modelo.Favorito is in unnamed module of loader org.apache.catalina.loader.ParallelWebappClassLoader @495de336)
		at org.glassfish.jersey.servlet.internal.ResponseWriter.getResponseContext(ResponseWriter.java:278)
		at org.glassfish.jersey.servlet.internal.ResponseWriter.writeResponseStatusAndHeaders(ResponseWriter.java:128)
		at org.glassfish.jersey.server.ServerRuntime$Responder$1.getOutputStream(ServerRuntime.java:667)
		at org.glassfish.jersey.message.internal.CommittingOutputStream.commitStream(CommittingOutputStream.java:171)
		at org.glassfish.jersey.message.internal.CommittingOutputStream.flushBuffer(CommittingOutputStream.java:276)
		at org.glassfish.jersey.message.internal.CommittingOutputStream.commit(CommittingOutputStream.java:232)
		at org.glassfish.jersey.message.internal.CommittingOutputStream.close(CommittingOutputStream.java:247)
		at org.glassfish.jersey.message.internal.OutboundMessageContext.close(OutboundMessageContext.java:865)
		at org.glassfish.jersey.server.ContainerResponse.close(ContainerResponse.java:403)
		at org.glassfish.jersey.server.ServerRuntime$Responder.writeResponse(ServerRuntime.java:749)
		at org.glassfish.jersey.server.ServerRuntime$Responder.processResponse(ServerRuntime.java:385)
		at org.glassfish.jersey.server.ServerRuntime$Responder.processResponseWithDefaultExceptionMapper(ServerRuntime.java:633)
		at org.glassfish.jersey.server.ServerRuntime$Responder.process(ServerRuntime.java:458)
		at org.glassfish.jersey.server.ServerRuntime$1.run(ServerRuntime.java:269)
		at org.glassfish.jersey.internal.Errors$1.call(Errors.java:248)
		at org.glassfish.jersey.internal.Errors$1.call(Errors.java:244)
		at org.glassfish.jersey.internal.Errors.process(Errors.java:292)
		at org.glassfish.jersey.internal.Errors.process(Errors.java:274)
		at org.glassfish.jersey.internal.Errors.process(Errors.java:244)
		at org.glassfish.jersey.process.internal.RequestScope.runInScope(RequestScope.java:265)
		at org.glassfish.jersey.server.ServerRuntime.process(ServerRuntime.java:240)
		at org.glassfish.jersey.server.ApplicationHandler.handle(ApplicationHandler.java:697)
		at org.glassfish.jersey.servlet.WebComponent.serviceImpl(WebComponent.java:394)
		at org.glassfish.jersey.servlet.WebComponent.service(WebComponent.java:346)
		at org.glassfish.jersey.servlet.ServletContainer.service(ServletContainer.java:357)
		at org.glassfish.jersey.servlet.ServletContainer.service(ServletContainer.java:311)
		at org.glassfish.jersey.servlet.ServletContainer.service(ServletContainer.java:205)
		at org.apache.catalina.core.ApplicationFilterChain.doFilter(ApplicationFilterChain.java:130)
		at org.apache.tomcat.websocket.server.WsFilter.doFilter(WsFilter.java:53)
		at org.apache.catalina.core.ApplicationFilterChain.doFilter(ApplicationFilterChain.java:109)
		at org.apache.catalina.core.StandardWrapperValve.invoke(StandardWrapperValve.java:167)
		at org.apache.catalina.core.StandardContextValve.invoke(StandardContextValve.java:79)
		at org.apache.catalina.authenticator.AuthenticatorBase.invoke(AuthenticatorBase.java:483)
		at org.apache.catalina.core.StandardHostValve.invoke(StandardHostValve.java:116)
		at org.apache.catalina.valves.ErrorReportValve.invoke(ErrorReportValve.java:93)
		at org.apache.catalina.valves.AbstractAccessLogValve.invoke(AbstractAccessLogValve.java:666)
		at org.apache.catalina.core.StandardEngineValve.invoke(StandardEngineValve.java:74)
		at org.apache.catalina.connector.CoyoteAdapter.service(CoyoteAdapter.java:343)
		at org.apache.coyote.http11.Http11Processor.service(Http11Processor.java:396)
		at org.apache.coyote.AbstractProcessorLight.process(AbstractProcessorLight.java:63)
		at org.apache.coyote.AbstractProtocol$ConnectionHandler.process(AbstractProtocol.java:903)
		at org.apache.tomcat.util.net.NioEndpoint$SocketProcessor.doRun(NioEndpoint.java:1773)
		at org.apache.tomcat.util.net.SocketProcessorBase.run(SocketProcessorBase.java:52)
		at org.apache.tomcat.util.threads.ThreadPoolExecutor.runWorker(ThreadPoolExecutor.java:1149)
		at org.apache.tomcat.util.threads.ThreadPoolExecutor$Worker.run(ThreadPoolExecutor.java:637)
		at org.apache.tomcat.util.threads.TaskThread$WrappingRunnable.run(TaskThread.java:59)
		at java.base/java.lang.Thread.run(Thread.java:1570)
	Caused by: java.util.concurrent.ExecutionException: java.lang.ClassCastException: class java.util.ArrayList cannot be cast to class modelo.Favorito (java.util.ArrayList is in module java.base of loader 'bootstrap'; modelo.Favorito is in unnamed module of loader org.apache.catalina.loader.ParallelWebappClassLoader @495de336)
		at java.base/java.util.concurrent.CompletableFuture.reportGet(CompletableFuture.java:396)
		at java.base/java.util.concurrent.CompletableFuture.get(CompletableFuture.java:2073)
		at org.glassfish.jersey.servlet.internal.ResponseWriter.getResponseContext(ResponseWriter.java:276)
		... 46 more
	Caused by: java.lang.ClassCastException: class java.util.ArrayList cannot be cast to class modelo.Favorito (java.util.ArrayList is in module java.base of loader 'bootstrap'; modelo.Favorito is in unnamed module of loader org.apache.catalina.loader.ParallelWebappClassLoader @495de336)
		at controlador.FavoritoResource.getFavoritoPorId(FavoritoResource.java:26)
		at java.base/jdk.internal.reflect.DirectMethodHandleAccessor.invoke(DirectMethodHandleAccessor.java:103)
		at java.base/java.lang.reflect.Method.invoke(Method.java:580)
		at org.glassfish.jersey.server.model.internal.ResourceMethodInvocationHandlerFactory.lambda$static$0(ResourceMethodInvocationHandlerFactory.java:52)
		at org.glassfish.jersey.server.model.internal.AbstractJavaResourceMethodDispatcher$1.run(AbstractJavaResourceMethodDispatcher.java:146)
		at org.glassfish.jersey.server.model.internal.AbstractJavaResourceMethodDispatcher.invoke(AbstractJavaResourceMethodDispatcher.java:189)
		at org.glassfish.jersey.server.model.internal.JavaResourceMethodDispatcherProvider$ResponseOutInvoker.doDispatch(JavaResourceMethodDispatcherProvider.java:176)
		at org.glassfish.jersey.server.model.internal.AbstractJavaResourceMethodDispatcher.dispatch(AbstractJavaResourceMethodDispatcher.java:93)
		at org.glassfish.jersey.server.model.ResourceMethodInvoker.invoke(ResourceMethodInvoker.java:478)
		at org.glassfish.jersey.server.model.ResourceMethodInvoker.apply(ResourceMethodInvoker.java:400)
		at org.glassfish.jersey.server.model.ResourceMethodInvoker.apply(ResourceMethodInvoker.java:81)
		at org.glassfish.jersey.server.ServerRuntime$1.run(ServerRuntime.java:261)
		... 33 more
28-Jul-2025 16:56:17.689 WARNING [http-nio-8080-exec-58] org.apache.catalina.loader.WebappClassLoaderBase.clearReferencesJdbc La aplicación web [helder] registró el conductor JDBC [com.mysql.cj.jdbc.Driver] pero falló al anular el registro mientras la aplicación web estaba parada. Para prevenir un fallo de memoria, se ha anulado el registro del conductor JDBC por la fuerza.
28-Jul-2025 16:56:17.689 WARNING [http-nio-8080-exec-58] org.apache.catalina.loader.WebappClassLoaderBase.clearReferencesThreads The web application [helder] appears to have started a thread named [mysql-cj-abandoned-connection-cleanup] but has failed to stop it. This is very likely to create a memory leak. Stack trace of thread:
 java.base/jdk.internal.misc.Unsafe.park(Native Method)
 java.base/java.util.concurrent.locks.LockSupport.parkNanos(LockSupport.java:269)
 java.base/java.util.concurrent.locks.AbstractQueuedSynchronizer$ConditionObject.await(AbstractQueuedSynchronizer.java:1847)
 java.base/java.lang.ref.ReferenceQueue.await(ReferenceQueue.java:71)
 java.base/java.lang.ref.ReferenceQueue.remove0(ReferenceQueue.java:143)
 java.base/java.lang.ref.ReferenceQueue.remove(ReferenceQueue.java:218)
 com.mysql.cj.jdbc.AbandonedConnectionCleanupThread.run(AbandonedConnectionCleanupThread.java:91)
 java.base/java.util.concurrent.ThreadPoolExecutor.runWorker(ThreadPoolExecutor.java:1144)
 java.base/java.util.concurrent.ThreadPoolExecutor$Worker.run(ThreadPoolExecutor.java:642)
 java.base/java.lang.Thread.run(Thread.java:1570)
28-Jul-2025 16:56:18.205 INFO [http-nio-8080-exec-58] org.apache.catalina.startup.HostConfig.undeploy Repliegue (undeploy) de la aplicación web que tiene como trayectoria de contexto [/helder]
28-Jul-2025 16:56:18.234 INFO [http-nio-8080-exec-60] org.apache.catalina.startup.HostConfig.deployDescriptor Desplieque del descriptor de configuración [C:\Users\Administrador\Documents\proyecto_final_helder_java-js\apache-tomcat-11.0.8-windows-x64\apache-tomcat-11.0.8\conf\Catalina\localhost\helder.xml]
28-Jul-2025 16:56:18.235 WARNING [http-nio-8080-exec-60] org.apache.catalina.startup.HostConfig.deployDescriptor The path attribute with value [/helder] in deployment descriptor [C:\Users\Administrador\Documents\proyecto_final_helder_java-js\apache-tomcat-11.0.8-windows-x64\apache-tomcat-11.0.8\conf\Catalina\localhost\helder.xml] has been ignored
28-Jul-2025 16:56:18.441 INFO [mysql-cj-abandoned-connection-cleanup] org.apache.catalina.loader.WebappClassLoaderBase.checkStateForResourceLoading Acceso ilegal: esta instancia de aplicación web ya ha sido parada.  Could not load [].  La eventual traza de pila que sigue ha sido motivada por un error lanzado con motivos de depuración así como para intentar terminar el hilo que motivó el acceso ilegal y no tiene impacto funcional.
	java.lang.IllegalStateException: Acceso ilegal: esta instancia de aplicación web ya ha sido parada.  Could not load [].  La eventual traza de pila que sigue ha sido motivada por un error lanzado con motivos de depuración así como para intentar terminar el hilo que motivó el acceso ilegal y no tiene impacto funcional.
		at org.apache.catalina.loader.WebappClassLoaderBase.checkStateForResourceLoading(WebappClassLoaderBase.java:1248)
		at org.apache.catalina.loader.WebappClassLoaderBase.getResource(WebappClassLoaderBase.java:857)
		at com.mysql.cj.jdbc.AbandonedConnectionCleanupThread.checkThreadContextClassLoader(AbandonedConnectionCleanupThread.java:123)
		at com.mysql.cj.jdbc.AbandonedConnectionCleanupThread.run(AbandonedConnectionCleanupThread.java:90)
		at java.base/java.util.concurrent.ThreadPoolExecutor.runWorker(ThreadPoolExecutor.java:1144)
		at java.base/java.util.concurrent.ThreadPoolExecutor$Worker.run(ThreadPoolExecutor.java:642)
		at java.base/java.lang.Thread.run(Thread.java:1570)
28-Jul-2025 16:56:18.441 INFO [mysql-cj-abandoned-connection-cleanup] org.apache.catalina.loader.WebappClassLoaderBase.checkStateForResourceLoading Acceso ilegal: esta instancia de aplicación web ya ha sido parada.  Could not load [].  La eventual traza de pila que sigue ha sido motivada por un error lanzado con motivos de depuración así como para intentar terminar el hilo que motivó el acceso ilegal y no tiene impacto funcional.
	java.lang.IllegalStateException: Acceso ilegal: esta instancia de aplicación web ya ha sido parada.  Could not load [].  La eventual traza de pila que sigue ha sido motivada por un error lanzado con motivos de depuración así como para intentar terminar el hilo que motivó el acceso ilegal y no tiene impacto funcional.
		at org.apache.catalina.loader.WebappClassLoaderBase.checkStateForResourceLoading(WebappClassLoaderBase.java:1248)
		at org.apache.catalina.loader.WebappClassLoaderBase.getResource(WebappClassLoaderBase.java:857)
		at com.mysql.cj.jdbc.AbandonedConnectionCleanupThread.checkThreadContextClassLoader(AbandonedConnectionCleanupThread.java:123)
		at com.mysql.cj.jdbc.AbandonedConnectionCleanupThread.run(AbandonedConnectionCleanupThread.java:90)
		at java.base/java.util.concurrent.ThreadPoolExecutor.runWorker(ThreadPoolExecutor.java:1144)
		at java.base/java.util.concurrent.ThreadPoolExecutor$Worker.run(ThreadPoolExecutor.java:642)
		at java.base/java.lang.Thread.run(Thread.java:1570)
28-Jul-2025 16:56:18.441 INFO [mysql-cj-abandoned-connection-cleanup] org.apache.catalina.loader.WebappClassLoaderBase.checkStateForResourceLoading Acceso ilegal: esta instancia de aplicación web ya ha sido parada.  Could not load [].  La eventual traza de pila que sigue ha sido motivada por un error lanzado con motivos de depuración así como para intentar terminar el hilo que motivó el acceso ilegal y no tiene impacto funcional.
	java.lang.IllegalStateException: Acceso ilegal: esta instancia de aplicación web ya ha sido parada.  Could not load [].  La eventual traza de pila que sigue ha sido motivada por un error lanzado con motivos de depuración así como para intentar terminar el hilo que motivó el acceso ilegal y no tiene impacto funcional.
		at org.apache.catalina.loader.WebappClassLoaderBase.checkStateForResourceLoading(WebappClassLoaderBase.java:1248)
		at org.apache.catalina.loader.WebappClassLoaderBase.getResource(WebappClassLoaderBase.java:857)
		at com.mysql.cj.jdbc.AbandonedConnectionCleanupThread.checkThreadContextClassLoader(AbandonedConnectionCleanupThread.java:123)
		at com.mysql.cj.jdbc.AbandonedConnectionCleanupThread.run(AbandonedConnectionCleanupThread.java:90)
		at java.base/java.util.concurrent.ThreadPoolExecutor.runWorker(ThreadPoolExecutor.java:1144)
		at java.base/java.util.concurrent.ThreadPoolExecutor$Worker.run(ThreadPoolExecutor.java:642)
		at java.base/java.lang.Thread.run(Thread.java:1570)
28-Jul-2025 16:56:18.475 INFO [mysql-cj-abandoned-connection-cleanup] org.apache.catalina.loader.WebappClassLoaderBase.checkStateForResourceLoading Acceso ilegal: esta instancia de aplicación web ya ha sido parada.  Could not load [].  La eventual traza de pila que sigue ha sido motivada por un error lanzado con motivos de depuración así como para intentar terminar el hilo que motivó el acceso ilegal y no tiene impacto funcional.
	java.lang.IllegalStateException: Acceso ilegal: esta instancia de aplicación web ya ha sido parada.  Could not load [].  La eventual traza de pila que sigue ha sido motivada por un error lanzado con motivos de depuración así como para intentar terminar el hilo que motivó el acceso ilegal y no tiene impacto funcional.
		at org.apache.catalina.loader.WebappClassLoaderBase.checkStateForResourceLoading(WebappClassLoaderBase.java:1248)
		at org.apache.catalina.loader.WebappClassLoaderBase.getResource(WebappClassLoaderBase.java:857)
		at com.mysql.cj.jdbc.AbandonedConnectionCleanupThread.checkThreadContextClassLoader(AbandonedConnectionCleanupThread.java:123)
		at com.mysql.cj.jdbc.AbandonedConnectionCleanupThread.run(AbandonedConnectionCleanupThread.java:90)
		at java.base/java.util.concurrent.ThreadPoolExecutor.runWorker(ThreadPoolExecutor.java:1144)
		at java.base/java.util.concurrent.ThreadPoolExecutor$Worker.run(ThreadPoolExecutor.java:642)
		at java.base/java.lang.Thread.run(Thread.java:1570)
28-Jul-2025 16:56:18.475 INFO [mysql-cj-abandoned-connection-cleanup] org.apache.catalina.loader.WebappClassLoaderBase.checkStateForResourceLoading Acceso ilegal: esta instancia de aplicación web ya ha sido parada.  Could not load [].  La eventual traza de pila que sigue ha sido motivada por un error lanzado con motivos de depuración así como para intentar terminar el hilo que motivó el acceso ilegal y no tiene impacto funcional.
	java.lang.IllegalStateException: Acceso ilegal: esta instancia de aplicación web ya ha sido parada.  Could not load [].  La eventual traza de pila que sigue ha sido motivada por un error lanzado con motivos de depuración así como para intentar terminar el hilo que motivó el acceso ilegal y no tiene impacto funcional.
		at org.apache.catalina.loader.WebappClassLoaderBase.checkStateForResourceLoading(WebappClassLoaderBase.java:1248)
		at org.apache.catalina.loader.WebappClassLoaderBase.getResource(WebappClassLoaderBase.java:857)
		at com.mysql.cj.jdbc.AbandonedConnectionCleanupThread.checkThreadContextClassLoader(AbandonedConnectionCleanupThread.java:123)
		at com.mysql.cj.jdbc.AbandonedConnectionCleanupThread.run(AbandonedConnectionCleanupThread.java:90)
		at java.base/java.util.concurrent.ThreadPoolExecutor.runWorker(ThreadPoolExecutor.java:1144)
		at java.base/java.util.concurrent.ThreadPoolExecutor$Worker.run(ThreadPoolExecutor.java:642)
		at java.base/java.lang.Thread.run(Thread.java:1570)
28-Jul-2025 16:56:18.475 INFO [mysql-cj-abandoned-connection-cleanup] org.apache.catalina.loader.WebappClassLoaderBase.checkStateForResourceLoading Acceso ilegal: esta instancia de aplicación web ya ha sido parada.  Could not load [].  La eventual traza de pila que sigue ha sido motivada por un error lanzado con motivos de depuración así como para intentar terminar el hilo que motivó el acceso ilegal y no tiene impacto funcional.
	java.lang.IllegalStateException: Acceso ilegal: esta instancia de aplicación web ya ha sido parada.  Could not load [].  La eventual traza de pila que sigue ha sido motivada por un error lanzado con motivos de depuración así como para intentar terminar el hilo que motivó el acceso ilegal y no tiene impacto funcional.
		at org.apache.catalina.loader.WebappClassLoaderBase.checkStateForResourceLoading(WebappClassLoaderBase.java:1248)
		at org.apache.catalina.loader.WebappClassLoaderBase.getResource(WebappClassLoaderBase.java:857)
		at com.mysql.cj.jdbc.AbandonedConnectionCleanupThread.checkThreadContextClassLoader(AbandonedConnectionCleanupThread.java:123)
		at com.mysql.cj.jdbc.AbandonedConnectionCleanupThread.run(AbandonedConnectionCleanupThread.java:90)
		at java.base/java.util.concurrent.ThreadPoolExecutor.runWorker(ThreadPoolExecutor.java:1144)
		at java.base/java.util.concurrent.ThreadPoolExecutor$Worker.run(ThreadPoolExecutor.java:642)
		at java.base/java.lang.Thread.run(Thread.java:1570)
28-Jul-2025 16:56:18.531 INFO [mysql-cj-abandoned-connection-cleanup] org.apache.catalina.loader.WebappClassLoaderBase.checkStateForResourceLoading Acceso ilegal: esta instancia de aplicación web ya ha sido parada.  Could not load [].  La eventual traza de pila que sigue ha sido motivada por un error lanzado con motivos de depuración así como para intentar terminar el hilo que motivó el acceso ilegal y no tiene impacto funcional.
	java.lang.IllegalStateException: Acceso ilegal: esta instancia de aplicación web ya ha sido parada.  Could not load [].  La eventual traza de pila que sigue ha sido motivada por un error lanzado con motivos de depuración así como para intentar terminar el hilo que motivó el acceso ilegal y no tiene impacto funcional.
		at org.apache.catalina.loader.WebappClassLoaderBase.checkStateForResourceLoading(WebappClassLoaderBase.java:1248)
		at org.apache.catalina.loader.WebappClassLoaderBase.getResource(WebappClassLoaderBase.java:857)
		at com.mysql.cj.jdbc.AbandonedConnectionCleanupThread.checkThreadContextClassLoader(AbandonedConnectionCleanupThread.java:123)
		at com.mysql.cj.jdbc.AbandonedConnectionCleanupThread.run(AbandonedConnectionCleanupThread.java:90)
		at java.base/java.util.concurrent.ThreadPoolExecutor.runWorker(ThreadPoolExecutor.java:1144)
		at java.base/java.util.concurrent.ThreadPoolExecutor$Worker.run(ThreadPoolExecutor.java:642)
		at java.base/java.lang.Thread.run(Thread.java:1570)
28-Jul-2025 16:56:18.531 INFO [mysql-cj-abandoned-connection-cleanup] org.apache.catalina.loader.WebappClassLoaderBase.checkStateForResourceLoading Acceso ilegal: esta instancia de aplicación web ya ha sido parada.  Could not load [].  La eventual traza de pila que sigue ha sido motivada por un error lanzado con motivos de depuración así como para intentar terminar el hilo que motivó el acceso ilegal y no tiene impacto funcional.
	java.lang.IllegalStateException: Acceso ilegal: esta instancia de aplicación web ya ha sido parada.  Could not load [].  La eventual traza de pila que sigue ha sido motivada por un error lanzado con motivos de depuración así como para intentar terminar el hilo que motivó el acceso ilegal y no tiene impacto funcional.
		at org.apache.catalina.loader.WebappClassLoaderBase.checkStateForResourceLoading(WebappClassLoaderBase.java:1248)
		at org.apache.catalina.loader.WebappClassLoaderBase.getResource(WebappClassLoaderBase.java:857)
		at com.mysql.cj.jdbc.AbandonedConnectionCleanupThread.checkThreadContextClassLoader(AbandonedConnectionCleanupThread.java:123)
		at com.mysql.cj.jdbc.AbandonedConnectionCleanupThread.run(AbandonedConnectionCleanupThread.java:90)
		at java.base/java.util.concurrent.ThreadPoolExecutor.runWorker(ThreadPoolExecutor.java:1144)
		at java.base/java.util.concurrent.ThreadPoolExecutor$Worker.run(ThreadPoolExecutor.java:642)
		at java.base/java.lang.Thread.run(Thread.java:1570)
28-Jul-2025 16:56:18.531 INFO [mysql-cj-abandoned-connection-cleanup] org.apache.catalina.loader.WebappClassLoaderBase.checkStateForResourceLoading Acceso ilegal: esta instancia de aplicación web ya ha sido parada.  Could not load [].  La eventual traza de pila que sigue ha sido motivada por un error lanzado con motivos de depuración así como para intentar terminar el hilo que motivó el acceso ilegal y no tiene impacto funcional.
	java.lang.IllegalStateException: Acceso ilegal: esta instancia de aplicación web ya ha sido parada.  Could not load [].  La eventual traza de pila que sigue ha sido motivada por un error lanzado con motivos de depuración así como para intentar terminar el hilo que motivó el acceso ilegal y no tiene impacto funcional.
		at org.apache.catalina.loader.WebappClassLoaderBase.checkStateForResourceLoading(WebappClassLoaderBase.java:1248)
		at org.apache.catalina.loader.WebappClassLoaderBase.getResource(WebappClassLoaderBase.java:857)
		at com.mysql.cj.jdbc.AbandonedConnectionCleanupThread.checkThreadContextClassLoader(AbandonedConnectionCleanupThread.java:123)
		at com.mysql.cj.jdbc.AbandonedConnectionCleanupThread.run(AbandonedConnectionCleanupThread.java:90)
		at java.base/java.util.concurrent.ThreadPoolExecutor.runWorker(ThreadPoolExecutor.java:1144)
		at java.base/java.util.concurrent.ThreadPoolExecutor$Worker.run(ThreadPoolExecutor.java:642)
		at java.base/java.lang.Thread.run(Thread.java:1570)
28-Jul-2025 16:56:18.584 INFO [mysql-cj-abandoned-connection-cleanup] org.apache.catalina.loader.WebappClassLoaderBase.checkStateForResourceLoading Acceso ilegal: esta instancia de aplicación web ya ha sido parada.  Could not load [].  La eventual traza de pila que sigue ha sido motivada por un error lanzado con motivos de depuración así como para intentar terminar el hilo que motivó el acceso ilegal y no tiene impacto funcional.
	java.lang.IllegalStateException: Acceso ilegal: esta instancia de aplicación web ya ha sido parada.  Could not load [].  La eventual traza de pila que sigue ha sido motivada por un error lanzado con motivos de depuración así como para intentar terminar el hilo que motivó el acceso ilegal y no tiene impacto funcional.
		at org.apache.catalina.loader.WebappClassLoaderBase.checkStateForResourceLoading(WebappClassLoaderBase.java:1248)
		at org.apache.catalina.loader.WebappClassLoaderBase.getResource(WebappClassLoaderBase.java:857)
		at com.mysql.cj.jdbc.AbandonedConnectionCleanupThread.checkThreadContextClassLoader(AbandonedConnectionCleanupThread.java:123)
		at com.mysql.cj.jdbc.AbandonedConnectionCleanupThread.run(AbandonedConnectionCleanupThread.java:90)
		at java.base/java.util.concurrent.ThreadPoolExecutor.runWorker(ThreadPoolExecutor.java:1144)
		at java.base/java.util.concurrent.ThreadPoolExecutor$Worker.run(ThreadPoolExecutor.java:642)
		at java.base/java.lang.Thread.run(Thread.java:1570)
28-Jul-2025 16:56:18.584 INFO [mysql-cj-abandoned-connection-cleanup] org.apache.catalina.loader.WebappClassLoaderBase.checkStateForResourceLoading Acceso ilegal: esta instancia de aplicación web ya ha sido parada.  Could not load [].  La eventual traza de pila que sigue ha sido motivada por un error lanzado con motivos de depuración así como para intentar terminar el hilo que motivó el acceso ilegal y no tiene impacto funcional.
	java.lang.IllegalStateException: Acceso ilegal: esta instancia de aplicación web ya ha sido parada.  Could not load [].  La eventual traza de pila que sigue ha sido motivada por un error lanzado con motivos de depuración así como para intentar terminar el hilo que motivó el acceso ilegal y no tiene impacto funcional.
		at org.apache.catalina.loader.WebappClassLoaderBase.checkStateForResourceLoading(WebappClassLoaderBase.java:1248)
		at org.apache.catalina.loader.WebappClassLoaderBase.getResource(WebappClassLoaderBase.java:857)
		at com.mysql.cj.jdbc.AbandonedConnectionCleanupThread.checkThreadContextClassLoader(AbandonedConnectionCleanupThread.java:123)
		at com.mysql.cj.jdbc.AbandonedConnectionCleanupThread.run(AbandonedConnectionCleanupThread.java:90)
		at java.base/java.util.concurrent.ThreadPoolExecutor.runWorker(ThreadPoolExecutor.java:1144)
		at java.base/java.util.concurrent.ThreadPoolExecutor$Worker.run(ThreadPoolExecutor.java:642)
		at java.base/java.lang.Thread.run(Thread.java:1570)
28-Jul-2025 16:56:18.584 INFO [mysql-cj-abandoned-connection-cleanup] org.apache.catalina.loader.WebappClassLoaderBase.checkStateForResourceLoading Acceso ilegal: esta instancia de aplicación web ya ha sido parada.  Could not load [].  La eventual traza de pila que sigue ha sido motivada por un error lanzado con motivos de depuración así como para intentar terminar el hilo que motivó el acceso ilegal y no tiene impacto funcional.
	java.lang.IllegalStateException: Acceso ilegal: esta instancia de aplicación web ya ha sido parada.  Could not load [].  La eventual traza de pila que sigue ha sido motivada por un error lanzado con motivos de depuración así como para intentar terminar el hilo que motivó el acceso ilegal y no tiene impacto funcional.
		at org.apache.catalina.loader.WebappClassLoaderBase.checkStateForResourceLoading(WebappClassLoaderBase.java:1248)
		at org.apache.catalina.loader.WebappClassLoaderBase.getResource(WebappClassLoaderBase.java:857)
		at com.mysql.cj.jdbc.AbandonedConnectionCleanupThread.checkThreadContextClassLoader(AbandonedConnectionCleanupThread.java:123)
		at com.mysql.cj.jdbc.AbandonedConnectionCleanupThread.run(AbandonedConnectionCleanupThread.java:90)
		at java.base/java.util.concurrent.ThreadPoolExecutor.runWorker(ThreadPoolExecutor.java:1144)
		at java.base/java.util.concurrent.ThreadPoolExecutor$Worker.run(ThreadPoolExecutor.java:642)
		at java.base/java.lang.Thread.run(Thread.java:1570)
28-Jul-2025 16:56:18.638 INFO [mysql-cj-abandoned-connection-cleanup] org.apache.catalina.loader.WebappClassLoaderBase.checkStateForResourceLoading Acceso ilegal: esta instancia de aplicación web ya ha sido parada.  Could not load [].  La eventual traza de pila que sigue ha sido motivada por un error lanzado con motivos de depuración así como para intentar terminar el hilo que motivó el acceso ilegal y no tiene impacto funcional.
	java.lang.IllegalStateException: Acceso ilegal: esta instancia de aplicación web ya ha sido parada.  Could not load [].  La eventual traza de pila que sigue ha sido motivada por un error lanzado con motivos de depuración así como para intentar terminar el hilo que motivó el acceso ilegal y no tiene impacto funcional.
		at org.apache.catalina.loader.WebappClassLoaderBase.checkStateForResourceLoading(WebappClassLoaderBase.java:1248)
		at org.apache.catalina.loader.WebappClassLoaderBase.getResource(WebappClassLoaderBase.java:857)
		at com.mysql.cj.jdbc.AbandonedConnectionCleanupThread.checkThreadContextClassLoader(AbandonedConnectionCleanupThread.java:123)
		at com.mysql.cj.jdbc.AbandonedConnectionCleanupThread.run(AbandonedConnectionCleanupThread.java:90)
		at java.base/java.util.concurrent.ThreadPoolExecutor.runWorker(ThreadPoolExecutor.java:1144)
		at java.base/java.util.concurrent.ThreadPoolExecutor$Worker.run(ThreadPoolExecutor.java:642)
		at java.base/java.lang.Thread.run(Thread.java:1570)
28-Jul-2025 16:56:18.638 INFO [mysql-cj-abandoned-connection-cleanup] org.apache.catalina.loader.WebappClassLoaderBase.checkStateForResourceLoading Acceso ilegal: esta instancia de aplicación web ya ha sido parada.  Could not load [].  La eventual traza de pila que sigue ha sido motivada por un error lanzado con motivos de depuración así como para intentar terminar el hilo que motivó el acceso ilegal y no tiene impacto funcional.
	java.lang.IllegalStateException: Acceso ilegal: esta instancia de aplicación web ya ha sido parada.  Could not load [].  La eventual traza de pila que sigue ha sido motivada por un error lanzado con motivos de depuración así como para intentar terminar el hilo que motivó el acceso ilegal y no tiene impacto funcional.
		at org.apache.catalina.loader.WebappClassLoaderBase.checkStateForResourceLoading(WebappClassLoaderBase.java:1248)
		at org.apache.catalina.loader.WebappClassLoaderBase.getResource(WebappClassLoaderBase.java:857)
		at com.mysql.cj.jdbc.AbandonedConnectionCleanupThread.checkThreadContextClassLoader(AbandonedConnectionCleanupThread.java:123)
		at com.mysql.cj.jdbc.AbandonedConnectionCleanupThread.run(AbandonedConnectionCleanupThread.java:90)
		at java.base/java.util.concurrent.ThreadPoolExecutor.runWorker(ThreadPoolExecutor.java:1144)
		at java.base/java.util.concurrent.ThreadPoolExecutor$Worker.run(ThreadPoolExecutor.java:642)
		at java.base/java.lang.Thread.run(Thread.java:1570)
28-Jul-2025 16:56:18.638 INFO [mysql-cj-abandoned-connection-cleanup] org.apache.catalina.loader.WebappClassLoaderBase.checkStateForResourceLoading Acceso ilegal: esta instancia de aplicación web ya ha sido parada.  Could not load [].  La eventual traza de pila que sigue ha sido motivada por un error lanzado con motivos de depuración así como para intentar terminar el hilo que motivó el acceso ilegal y no tiene impacto funcional.
	java.lang.IllegalStateException: Acceso ilegal: esta instancia de aplicación web ya ha sido parada.  Could not load [].  La eventual traza de pila que sigue ha sido motivada por un error lanzado con motivos de depuración así como para intentar terminar el hilo que motivó el acceso ilegal y no tiene impacto funcional.
		at org.apache.catalina.loader.WebappClassLoaderBase.checkStateForResourceLoading(WebappClassLoaderBase.java:1248)
		at org.apache.catalina.loader.WebappClassLoaderBase.getResource(WebappClassLoaderBase.java:857)
		at com.mysql.cj.jdbc.AbandonedConnectionCleanupThread.checkThreadContextClassLoader(AbandonedConnectionCleanupThread.java:123)
		at com.mysql.cj.jdbc.AbandonedConnectionCleanupThread.run(AbandonedConnectionCleanupThread.java:90)
		at java.base/java.util.concurrent.ThreadPoolExecutor.runWorker(ThreadPoolExecutor.java:1144)
		at java.base/java.util.concurrent.ThreadPoolExecutor$Worker.run(ThreadPoolExecutor.java:642)
		at java.base/java.lang.Thread.run(Thread.java:1570)
28-Jul-2025 16:56:18.692 INFO [mysql-cj-abandoned-connection-cleanup] org.apache.catalina.loader.WebappClassLoaderBase.checkStateForResourceLoading Acceso ilegal: esta instancia de aplicación web ya ha sido parada.  Could not load [].  La eventual traza de pila que sigue ha sido motivada por un error lanzado con motivos de depuración así como para intentar terminar el hilo que motivó el acceso ilegal y no tiene impacto funcional.
	java.lang.IllegalStateException: Acceso ilegal: esta instancia de aplicación web ya ha sido parada.  Could not load [].  La eventual traza de pila que sigue ha sido motivada por un error lanzado con motivos de depuración así como para intentar terminar el hilo que motivó el acceso ilegal y no tiene impacto funcional.
		at org.apache.catalina.loader.WebappClassLoaderBase.checkStateForResourceLoading(WebappClassLoaderBase.java:1248)
		at org.apache.catalina.loader.WebappClassLoaderBase.getResource(WebappClassLoaderBase.java:857)
		at com.mysql.cj.jdbc.AbandonedConnectionCleanupThread.checkThreadContextClassLoader(AbandonedConnectionCleanupThread.java:123)
		at com.mysql.cj.jdbc.AbandonedConnectionCleanupThread.run(AbandonedConnectionCleanupThread.java:90)
		at java.base/java.util.concurrent.ThreadPoolExecutor.runWorker(ThreadPoolExecutor.java:1144)
		at java.base/java.util.concurrent.ThreadPoolExecutor$Worker.run(ThreadPoolExecutor.java:642)
		at java.base/java.lang.Thread.run(Thread.java:1570)
28-Jul-2025 16:56:18.692 INFO [mysql-cj-abandoned-connection-cleanup] org.apache.catalina.loader.WebappClassLoaderBase.checkStateForResourceLoading Acceso ilegal: esta instancia de aplicación web ya ha sido parada.  Could not load [].  La eventual traza de pila que sigue ha sido motivada por un error lanzado con motivos de depuración así como para intentar terminar el hilo que motivó el acceso ilegal y no tiene impacto funcional.
	java.lang.IllegalStateException: Acceso ilegal: esta instancia de aplicación web ya ha sido parada.  Could not load [].  La eventual traza de pila que sigue ha sido motivada por un error lanzado con motivos de depuración así como para intentar terminar el hilo que motivó el acceso ilegal y no tiene impacto funcional.
		at org.apache.catalina.loader.WebappClassLoaderBase.checkStateForResourceLoading(WebappClassLoaderBase.java:1248)
		at org.apache.catalina.loader.WebappClassLoaderBase.getResource(WebappClassLoaderBase.java:857)
		at com.mysql.cj.jdbc.AbandonedConnectionCleanupThread.checkThreadContextClassLoader(AbandonedConnectionCleanupThread.java:123)
		at com.mysql.cj.jdbc.AbandonedConnectionCleanupThread.run(AbandonedConnectionCleanupThread.java:90)
		at java.base/java.util.concurrent.ThreadPoolExecutor.runWorker(ThreadPoolExecutor.java:1144)
		at java.base/java.util.concurrent.ThreadPoolExecutor$Worker.run(ThreadPoolExecutor.java:642)
		at java.base/java.lang.Thread.run(Thread.java:1570)
28-Jul-2025 16:56:18.692 INFO [mysql-cj-abandoned-connection-cleanup] org.apache.catalina.loader.WebappClassLoaderBase.checkStateForResourceLoading Acceso ilegal: esta instancia de aplicación web ya ha sido parada.  Could not load [].  La eventual traza de pila que sigue ha sido motivada por un error lanzado con motivos de depuración así como para intentar terminar el hilo que motivó el acceso ilegal y no tiene impacto funcional.
	java.lang.IllegalStateException: Acceso ilegal: esta instancia de aplicación web ya ha sido parada.  Could not load [].  La eventual traza de pila que sigue ha sido motivada por un error lanzado con motivos de depuración así como para intentar terminar el hilo que motivó el acceso ilegal y no tiene impacto funcional.
		at org.apache.catalina.loader.WebappClassLoaderBase.checkStateForResourceLoading(WebappClassLoaderBase.java:1248)
		at org.apache.catalina.loader.WebappClassLoaderBase.getResource(WebappClassLoaderBase.java:857)
		at com.mysql.cj.jdbc.AbandonedConnectionCleanupThread.checkThreadContextClassLoader(AbandonedConnectionCleanupThread.java:123)
		at com.mysql.cj.jdbc.AbandonedConnectionCleanupThread.run(AbandonedConnectionCleanupThread.java:90)
		at java.base/java.util.concurrent.ThreadPoolExecutor.runWorker(ThreadPoolExecutor.java:1144)
		at java.base/java.util.concurrent.ThreadPoolExecutor$Worker.run(ThreadPoolExecutor.java:642)
		at java.base/java.lang.Thread.run(Thread.java:1570)
28-Jul-2025 16:56:18.746 INFO [mysql-cj-abandoned-connection-cleanup] org.apache.catalina.loader.WebappClassLoaderBase.checkStateForResourceLoading Acceso ilegal: esta instancia de aplicación web ya ha sido parada.  Could not load [].  La eventual traza de pila que sigue ha sido motivada por un error lanzado con motivos de depuración así como para intentar terminar el hilo que motivó el acceso ilegal y no tiene impacto funcional.
	java.lang.IllegalStateException: Acceso ilegal: esta instancia de aplicación web ya ha sido parada.  Could not load [].  La eventual traza de pila que sigue ha sido motivada por un error lanzado con motivos de depuración así como para intentar terminar el hilo que motivó el acceso ilegal y no tiene impacto funcional.
		at org.apache.catalina.loader.WebappClassLoaderBase.checkStateForResourceLoading(WebappClassLoaderBase.java:1248)
		at org.apache.catalina.loader.WebappClassLoaderBase.getResource(WebappClassLoaderBase.java:857)
		at com.mysql.cj.jdbc.AbandonedConnectionCleanupThread.checkThreadContextClassLoader(AbandonedConnectionCleanupThread.java:123)
		at com.mysql.cj.jdbc.AbandonedConnectionCleanupThread.run(AbandonedConnectionCleanupThread.java:90)
		at java.base/java.util.concurrent.ThreadPoolExecutor.runWorker(ThreadPoolExecutor.java:1144)
		at java.base/java.util.concurrent.ThreadPoolExecutor$Worker.run(ThreadPoolExecutor.java:642)
		at java.base/java.lang.Thread.run(Thread.java:1570)
28-Jul-2025 16:56:18.746 INFO [mysql-cj-abandoned-connection-cleanup] org.apache.catalina.loader.WebappClassLoaderBase.checkStateForResourceLoading Acceso ilegal: esta instancia de aplicación web ya ha sido parada.  Could not load [].  La eventual traza de pila que sigue ha sido motivada por un error lanzado con motivos de depuración así como para intentar terminar el hilo que motivó el acceso ilegal y no tiene impacto funcional.
	java.lang.IllegalStateException: Acceso ilegal: esta instancia de aplicación web ya ha sido parada.  Could not load [].  La eventual traza de pila que sigue ha sido motivada por un error lanzado con motivos de depuración así como para intentar terminar el hilo que motivó el acceso ilegal y no tiene impacto funcional.
		at org.apache.catalina.loader.WebappClassLoaderBase.checkStateForResourceLoading(WebappClassLoaderBase.java:1248)
		at org.apache.catalina.loader.WebappClassLoaderBase.getResource(WebappClassLoaderBase.java:857)
		at com.mysql.cj.jdbc.AbandonedConnectionCleanupThread.checkThreadContextClassLoader(AbandonedConnectionCleanupThread.java:123)
		at com.mysql.cj.jdbc.AbandonedConnectionCleanupThread.run(AbandonedConnectionCleanupThread.java:90)
		at java.base/java.util.concurrent.ThreadPoolExecutor.runWorker(ThreadPoolExecutor.java:1144)
		at java.base/java.util.concurrent.ThreadPoolExecutor$Worker.run(ThreadPoolExecutor.java:642)
		at java.base/java.lang.Thread.run(Thread.java:1570)
28-Jul-2025 16:56:18.746 INFO [mysql-cj-abandoned-connection-cleanup] org.apache.catalina.loader.WebappClassLoaderBase.checkStateForResourceLoading Acceso ilegal: esta instancia de aplicación web ya ha sido parada.  Could not load [].  La eventual traza de pila que sigue ha sido motivada por un error lanzado con motivos de depuración así como para intentar terminar el hilo que motivó el acceso ilegal y no tiene impacto funcional.
	java.lang.IllegalStateException: Acceso ilegal: esta instancia de aplicación web ya ha sido parada.  Could not load [].  La eventual traza de pila que sigue ha sido motivada por un error lanzado con motivos de depuración así como para intentar terminar el hilo que motivó el acceso ilegal y no tiene impacto funcional.
		at org.apache.catalina.loader.WebappClassLoaderBase.checkStateForResourceLoading(WebappClassLoaderBase.java:1248)
		at org.apache.catalina.loader.WebappClassLoaderBase.getResource(WebappClassLoaderBase.java:857)
		at com.mysql.cj.jdbc.AbandonedConnectionCleanupThread.checkThreadContextClassLoader(AbandonedConnectionCleanupThread.java:123)
		at com.mysql.cj.jdbc.AbandonedConnectionCleanupThread.run(AbandonedConnectionCleanupThread.java:90)
		at java.base/java.util.concurrent.ThreadPoolExecutor.runWorker(ThreadPoolExecutor.java:1144)
		at java.base/java.util.concurrent.ThreadPoolExecutor$Worker.run(ThreadPoolExecutor.java:642)
		at java.base/java.lang.Thread.run(Thread.java:1570)
28-Jul-2025 16:56:18.799 INFO [mysql-cj-abandoned-connection-cleanup] org.apache.catalina.loader.WebappClassLoaderBase.checkStateForResourceLoading Acceso ilegal: esta instancia de aplicación web ya ha sido parada.  Could not load [].  La eventual traza de pila que sigue ha sido motivada por un error lanzado con motivos de depuración así como para intentar terminar el hilo que motivó el acceso ilegal y no tiene impacto funcional.
	java.lang.IllegalStateException: Acceso ilegal: esta instancia de aplicación web ya ha sido parada.  Could not load [].  La eventual traza de pila que sigue ha sido motivada por un error lanzado con motivos de depuración así como para intentar terminar el hilo que motivó el acceso ilegal y no tiene impacto funcional.
		at org.apache.catalina.loader.WebappClassLoaderBase.checkStateForResourceLoading(WebappClassLoaderBase.java:1248)
		at org.apache.catalina.loader.WebappClassLoaderBase.getResource(WebappClassLoaderBase.java:857)
		at com.mysql.cj.jdbc.AbandonedConnectionCleanupThread.checkThreadContextClassLoader(AbandonedConnectionCleanupThread.java:123)
		at com.mysql.cj.jdbc.AbandonedConnectionCleanupThread.run(AbandonedConnectionCleanupThread.java:90)
		at java.base/java.util.concurrent.ThreadPoolExecutor.runWorker(ThreadPoolExecutor.java:1144)
		at java.base/java.util.concurrent.ThreadPoolExecutor$Worker.run(ThreadPoolExecutor.java:642)
		at java.base/java.lang.Thread.run(Thread.java:1570)
28-Jul-2025 16:56:18.799 INFO [mysql-cj-abandoned-connection-cleanup] org.apache.catalina.loader.WebappClassLoaderBase.checkStateForResourceLoading Acceso ilegal: esta instancia de aplicación web ya ha sido parada.  Could not load [].  La eventual traza de pila que sigue ha sido motivada por un error lanzado con motivos de depuración así como para intentar terminar el hilo que motivó el acceso ilegal y no tiene impacto funcional.
	java.lang.IllegalStateException: Acceso ilegal: esta instancia de aplicación web ya ha sido parada.  Could not load [].  La eventual traza de pila que sigue ha sido motivada por un error lanzado con motivos de depuración así como para intentar terminar el hilo que motivó el acceso ilegal y no tiene impacto funcional.
		at org.apache.catalina.loader.WebappClassLoaderBase.checkStateForResourceLoading(WebappClassLoaderBase.java:1248)
		at org.apache.catalina.loader.WebappClassLoaderBase.getResource(WebappClassLoaderBase.java:857)
		at com.mysql.cj.jdbc.AbandonedConnectionCleanupThread.checkThreadContextClassLoader(AbandonedConnectionCleanupThread.java:123)
		at com.mysql.cj.jdbc.AbandonedConnectionCleanupThread.run(AbandonedConnectionCleanupThread.java:90)
		at java.base/java.util.concurrent.ThreadPoolExecutor.runWorker(ThreadPoolExecutor.java:1144)
		at java.base/java.util.concurrent.ThreadPoolExecutor$Worker.run(ThreadPoolExecutor.java:642)
		at java.base/java.lang.Thread.run(Thread.java:1570)
28-Jul-2025 16:56:18.799 INFO [mysql-cj-abandoned-connection-cleanup] org.apache.catalina.loader.WebappClassLoaderBase.checkStateForResourceLoading Acceso ilegal: esta instancia de aplicación web ya ha sido parada.  Could not load [].  La eventual traza de pila que sigue ha sido motivada por un error lanzado con motivos de depuración así como para intentar terminar el hilo que motivó el acceso ilegal y no tiene impacto funcional.
	java.lang.IllegalStateException: Acceso ilegal: esta instancia de aplicación web ya ha sido parada.  Could not load [].  La eventual traza de pila que sigue ha sido motivada por un error lanzado con motivos de depuración así como para intentar terminar el hilo que motivó el acceso ilegal y no tiene impacto funcional.
		at org.apache.catalina.loader.WebappClassLoaderBase.checkStateForResourceLoading(WebappClassLoaderBase.java:1248)
		at org.apache.catalina.loader.WebappClassLoaderBase.getResource(WebappClassLoaderBase.java:857)
		at com.mysql.cj.jdbc.AbandonedConnectionCleanupThread.checkThreadContextClassLoader(AbandonedConnectionCleanupThread.java:123)
		at com.mysql.cj.jdbc.AbandonedConnectionCleanupThread.run(AbandonedConnectionCleanupThread.java:90)
		at java.base/java.util.concurrent.ThreadPoolExecutor.runWorker(ThreadPoolExecutor.java:1144)
		at java.base/java.util.concurrent.ThreadPoolExecutor$Worker.run(ThreadPoolExecutor.java:642)
		at java.base/java.lang.Thread.run(Thread.java:1570)
28-Jul-2025 16:56:18.853 INFO [mysql-cj-abandoned-connection-cleanup] org.apache.catalina.loader.WebappClassLoaderBase.checkStateForResourceLoading Acceso ilegal: esta instancia de aplicación web ya ha sido parada.  Could not load [].  La eventual traza de pila que sigue ha sido motivada por un error lanzado con motivos de depuración así como para intentar terminar el hilo que motivó el acceso ilegal y no tiene impacto funcional.
	java.lang.IllegalStateException: Acceso ilegal: esta instancia de aplicación web ya ha sido parada.  Could not load [].  La eventual traza de pila que sigue ha sido motivada por un error lanzado con motivos de depuración así como para intentar terminar el hilo que motivó el acceso ilegal y no tiene impacto funcional.
		at org.apache.catalina.loader.WebappClassLoaderBase.checkStateForResourceLoading(WebappClassLoaderBase.java:1248)
		at org.apache.catalina.loader.WebappClassLoaderBase.getResource(WebappClassLoaderBase.java:857)
		at com.mysql.cj.jdbc.AbandonedConnectionCleanupThread.checkThreadContextClassLoader(AbandonedConnectionCleanupThread.java:123)
		at com.mysql.cj.jdbc.AbandonedConnectionCleanupThread.run(AbandonedConnectionCleanupThread.java:90)
		at java.base/java.util.concurrent.ThreadPoolExecutor.runWorker(ThreadPoolExecutor.java:1144)
		at java.base/java.util.concurrent.ThreadPoolExecutor$Worker.run(ThreadPoolExecutor.java:642)
		at java.base/java.lang.Thread.run(Thread.java:1570)
28-Jul-2025 16:56:18.853 INFO [mysql-cj-abandoned-connection-cleanup] org.apache.catalina.loader.WebappClassLoaderBase.checkStateForResourceLoading Acceso ilegal: esta instancia de aplicación web ya ha sido parada.  Could not load [].  La eventual traza de pila que sigue ha sido motivada por un error lanzado con motivos de depuración así como para intentar terminar el hilo que motivó el acceso ilegal y no tiene impacto funcional.
	java.lang.IllegalStateException: Acceso ilegal: esta instancia de aplicación web ya ha sido parada.  Could not load [].  La eventual traza de pila que sigue ha sido motivada por un error lanzado con motivos de depuración así como para intentar terminar el hilo que motivó el acceso ilegal y no tiene impacto funcional.
		at org.apache.catalina.loader.WebappClassLoaderBase.checkStateForResourceLoading(WebappClassLoaderBase.java:1248)
		at org.apache.catalina.loader.WebappClassLoaderBase.getResource(WebappClassLoaderBase.java:857)
		at com.mysql.cj.jdbc.AbandonedConnectionCleanupThread.checkThreadContextClassLoader(AbandonedConnectionCleanupThread.java:123)
		at com.mysql.cj.jdbc.AbandonedConnectionCleanupThread.run(AbandonedConnectionCleanupThread.java:90)
		at java.base/java.util.concurrent.ThreadPoolExecutor.runWorker(ThreadPoolExecutor.java:1144)
		at java.base/java.util.concurrent.ThreadPoolExecutor$Worker.run(ThreadPoolExecutor.java:642)
		at java.base/java.lang.Thread.run(Thread.java:1570)
28-Jul-2025 16:56:18.853 INFO [mysql-cj-abandoned-connection-cleanup] org.apache.catalina.loader.WebappClassLoaderBase.checkStateForResourceLoading Acceso ilegal: esta instancia de aplicación web ya ha sido parada.  Could not load [].  La eventual traza de pila que sigue ha sido motivada por un error lanzado con motivos de depuración así como para intentar terminar el hilo que motivó el acceso ilegal y no tiene impacto funcional.
	java.lang.IllegalStateException: Acceso ilegal: esta instancia de aplicación web ya ha sido parada.  Could not load [].  La eventual traza de pila que sigue ha sido motivada por un error lanzado con motivos de depuración así como para intentar terminar el hilo que motivó el acceso ilegal y no tiene impacto funcional.
		at org.apache.catalina.loader.WebappClassLoaderBase.checkStateForResourceLoading(WebappClassLoaderBase.java:1248)
		at org.apache.catalina.loader.WebappClassLoaderBase.getResource(WebappClassLoaderBase.java:857)
		at com.mysql.cj.jdbc.AbandonedConnectionCleanupThread.checkThreadContextClassLoader(AbandonedConnectionCleanupThread.java:123)
		at com.mysql.cj.jdbc.AbandonedConnectionCleanupThread.run(AbandonedConnectionCleanupThread.java:90)
		at java.base/java.util.concurrent.ThreadPoolExecutor.runWorker(ThreadPoolExecutor.java:1144)
		at java.base/java.util.concurrent.ThreadPoolExecutor$Worker.run(ThreadPoolExecutor.java:642)
		at java.base/java.lang.Thread.run(Thread.java:1570)
28-Jul-2025 16:56:18.906 INFO [mysql-cj-abandoned-connection-cleanup] org.apache.catalina.loader.WebappClassLoaderBase.checkStateForResourceLoading Acceso ilegal: esta instancia de aplicación web ya ha sido parada.  Could not load [].  La eventual traza de pila que sigue ha sido motivada por un error lanzado con motivos de depuración así como para intentar terminar el hilo que motivó el acceso ilegal y no tiene impacto funcional.
	java.lang.IllegalStateException: Acceso ilegal: esta instancia de aplicación web ya ha sido parada.  Could not load [].  La eventual traza de pila que sigue ha sido motivada por un error lanzado con motivos de depuración así como para intentar terminar el hilo que motivó el acceso ilegal y no tiene impacto funcional.
		at org.apache.catalina.loader.WebappClassLoaderBase.checkStateForResourceLoading(WebappClassLoaderBase.java:1248)
		at org.apache.catalina.loader.WebappClassLoaderBase.getResource(WebappClassLoaderBase.java:857)
		at com.mysql.cj.jdbc.AbandonedConnectionCleanupThread.checkThreadContextClassLoader(AbandonedConnectionCleanupThread.java:123)
		at com.mysql.cj.jdbc.AbandonedConnectionCleanupThread.run(AbandonedConnectionCleanupThread.java:90)
		at java.base/java.util.concurrent.ThreadPoolExecutor.runWorker(ThreadPoolExecutor.java:1144)
		at java.base/java.util.concurrent.ThreadPoolExecutor$Worker.run(ThreadPoolExecutor.java:642)
		at java.base/java.lang.Thread.run(Thread.java:1570)
28-Jul-2025 16:56:18.906 INFO [mysql-cj-abandoned-connection-cleanup] org.apache.catalina.loader.WebappClassLoaderBase.checkStateForResourceLoading Acceso ilegal: esta instancia de aplicación web ya ha sido parada.  Could not load [].  La eventual traza de pila que sigue ha sido motivada por un error lanzado con motivos de depuración así como para intentar terminar el hilo que motivó el acceso ilegal y no tiene impacto funcional.
	java.lang.IllegalStateException: Acceso ilegal: esta instancia de aplicación web ya ha sido parada.  Could not load [].  La eventual traza de pila que sigue ha sido motivada por un error lanzado con motivos de depuración así como para intentar terminar el hilo que motivó el acceso ilegal y no tiene impacto funcional.
		at org.apache.catalina.loader.WebappClassLoaderBase.checkStateForResourceLoading(WebappClassLoaderBase.java:1248)
		at org.apache.catalina.loader.WebappClassLoaderBase.getResource(WebappClassLoaderBase.java:857)
		at com.mysql.cj.jdbc.AbandonedConnectionCleanupThread.checkThreadContextClassLoader(AbandonedConnectionCleanupThread.java:123)
		at com.mysql.cj.jdbc.AbandonedConnectionCleanupThread.run(AbandonedConnectionCleanupThread.java:90)
		at java.base/java.util.concurrent.ThreadPoolExecutor.runWorker(ThreadPoolExecutor.java:1144)
		at java.base/java.util.concurrent.ThreadPoolExecutor$Worker.run(ThreadPoolExecutor.java:642)
		at java.base/java.lang.Thread.run(Thread.java:1570)
28-Jul-2025 16:56:18.906 INFO [mysql-cj-abandoned-connection-cleanup] org.apache.catalina.loader.WebappClassLoaderBase.checkStateForResourceLoading Acceso ilegal: esta instancia de aplicación web ya ha sido parada.  Could not load [].  La eventual traza de pila que sigue ha sido motivada por un error lanzado con motivos de depuración así como para intentar terminar el hilo que motivó el acceso ilegal y no tiene impacto funcional.
	java.lang.IllegalStateException: Acceso ilegal: esta instancia de aplicación web ya ha sido parada.  Could not load [].  La eventual traza de pila que sigue ha sido motivada por un error lanzado con motivos de depuración así como para intentar terminar el hilo que motivó el acceso ilegal y no tiene impacto funcional.
		at org.apache.catalina.loader.WebappClassLoaderBase.checkStateForResourceLoading(WebappClassLoaderBase.java:1248)
		at org.apache.catalina.loader.WebappClassLoaderBase.getResource(WebappClassLoaderBase.java:857)
		at com.mysql.cj.jdbc.AbandonedConnectionCleanupThread.checkThreadContextClassLoader(AbandonedConnectionCleanupThread.java:123)
		at com.mysql.cj.jdbc.AbandonedConnectionCleanupThread.run(AbandonedConnectionCleanupThread.java:90)
		at java.base/java.util.concurrent.ThreadPoolExecutor.runWorker(ThreadPoolExecutor.java:1144)
		at java.base/java.util.concurrent.ThreadPoolExecutor$Worker.run(ThreadPoolExecutor.java:642)
		at java.base/java.lang.Thread.run(Thread.java:1570)
28-Jul-2025 16:56:18.959 INFO [mysql-cj-abandoned-connection-cleanup] org.apache.catalina.loader.WebappClassLoaderBase.checkStateForResourceLoading Acceso ilegal: esta instancia de aplicación web ya ha sido parada.  Could not load [].  La eventual traza de pila que sigue ha sido motivada por un error lanzado con motivos de depuración así como para intentar terminar el hilo que motivó el acceso ilegal y no tiene impacto funcional.
	java.lang.IllegalStateException: Acceso ilegal: esta instancia de aplicación web ya ha sido parada.  Could not load [].  La eventual traza de pila que sigue ha sido motivada por un error lanzado con motivos de depuración así como para intentar terminar el hilo que motivó el acceso ilegal y no tiene impacto funcional.
		at org.apache.catalina.loader.WebappClassLoaderBase.checkStateForResourceLoading(WebappClassLoaderBase.java:1248)
		at org.apache.catalina.loader.WebappClassLoaderBase.getResource(WebappClassLoaderBase.java:857)
		at com.mysql.cj.jdbc.AbandonedConnectionCleanupThread.checkThreadContextClassLoader(AbandonedConnectionCleanupThread.java:123)
		at com.mysql.cj.jdbc.AbandonedConnectionCleanupThread.run(AbandonedConnectionCleanupThread.java:90)
		at java.base/java.util.concurrent.ThreadPoolExecutor.runWorker(ThreadPoolExecutor.java:1144)
		at java.base/java.util.concurrent.ThreadPoolExecutor$Worker.run(ThreadPoolExecutor.java:642)
		at java.base/java.lang.Thread.run(Thread.java:1570)
28-Jul-2025 16:56:19.153 INFO [http-nio-8080-exec-60] org.apache.jasper.servlet.TldScanner.scanJars Al menos un JAR, que se ha explorado buscando TLDs, aún no contenía TLDs. Activar historial de depuración para este historiador para una completa lista de los JARs que fueron explorados y de los que nos se halló TLDs. Saltarse JARs no necesarios durante la exploración puede dar lugar a una mejora de tiempo significativa en el arranque y compilación de JSP .
28-Jul-2025 16:56:19.623 WARNING [http-nio-8080-exec-60] org.glassfish.jersey.server.internal.scanning.AnnotationAcceptingListener$ClassReaderWrapper.accept Unsupported class file major version 66
28-Jul-2025 16:56:19.625 WARNING [http-nio-8080-exec-60] org.glassfish.jersey.server.internal.scanning.AnnotationAcceptingListener$ClassReaderWrapper.accept Unsupported class file major version 66
28-Jul-2025 16:56:19.625 WARNING [http-nio-8080-exec-60] org.glassfish.jersey.server.internal.scanning.AnnotationAcceptingListener$ClassReaderWrapper.accept Unsupported class file major version 66
28-Jul-2025 16:56:19.625 WARNING [http-nio-8080-exec-60] org.glassfish.jersey.server.internal.scanning.AnnotationAcceptingListener$ClassReaderWrapper.accept Unsupported class file major version 66
28-Jul-2025 16:56:19.626 WARNING [http-nio-8080-exec-60] org.glassfish.jersey.server.internal.scanning.AnnotationAcceptingListener$ClassReaderWrapper.accept Unsupported class file major version 66
28-Jul-2025 16:56:19.626 WARNING [http-nio-8080-exec-60] org.glassfish.jersey.server.internal.scanning.AnnotationAcceptingListener$ClassReaderWrapper.accept Unsupported class file major version 66
28-Jul-2025 16:56:19.626 WARNING [http-nio-8080-exec-60] org.glassfish.jersey.server.internal.scanning.AnnotationAcceptingListener$ClassReaderWrapper.accept Unsupported class file major version 66
28-Jul-2025 16:56:19.627 WARNING [http-nio-8080-exec-60] org.glassfish.jersey.server.internal.scanning.AnnotationAcceptingListener$ClassReaderWrapper.accept Unsupported class file major version 66
28-Jul-2025 16:56:19.627 WARNING [http-nio-8080-exec-60] org.glassfish.jersey.server.internal.scanning.AnnotationAcceptingListener$ClassReaderWrapper.accept Unsupported class file major version 66
28-Jul-2025 16:56:19.627 WARNING [http-nio-8080-exec-60] org.glassfish.jersey.server.internal.scanning.AnnotationAcceptingListener$ClassReaderWrapper.accept Unsupported class file major version 66
28-Jul-2025 16:56:19.628 WARNING [http-nio-8080-exec-60] org.glassfish.jersey.server.internal.scanning.AnnotationAcceptingListener$ClassReaderWrapper.accept Unsupported class file major version 66
28-Jul-2025 16:56:19.628 WARNING [http-nio-8080-exec-60] org.glassfish.jersey.server.internal.scanning.AnnotationAcceptingListener$ClassReaderWrapper.accept Unsupported class file major version 66
28-Jul-2025 16:56:19.628 WARNING [http-nio-8080-exec-60] org.glassfish.jersey.server.internal.scanning.AnnotationAcceptingListener$ClassReaderWrapper.accept Unsupported class file major version 66
28-Jul-2025 16:56:19.629 WARNING [http-nio-8080-exec-60] org.glassfish.jersey.server.internal.scanning.AnnotationAcceptingListener$ClassReaderWrapper.accept Unsupported class file major version 66
28-Jul-2025 16:56:19.629 WARNING [http-nio-8080-exec-60] org.glassfish.jersey.server.internal.scanning.AnnotationAcceptingListener$ClassReaderWrapper.accept Unsupported class file major version 66
28-Jul-2025 16:56:19.630 WARNING [http-nio-8080-exec-60] org.glassfish.jersey.server.internal.scanning.AnnotationAcceptingListener$ClassReaderWrapper.accept Unsupported class file major version 66
28-Jul-2025 16:56:19.630 WARNING [http-nio-8080-exec-60] org.glassfish.jersey.server.internal.scanning.AnnotationAcceptingListener$ClassReaderWrapper.accept Unsupported class file major version 66
28-Jul-2025 16:56:19.630 WARNING [http-nio-8080-exec-60] org.glassfish.jersey.server.internal.scanning.AnnotationAcceptingListener$ClassReaderWrapper.accept Unsupported class file major version 66
28-Jul-2025 16:56:19.630 WARNING [http-nio-8080-exec-60] org.glassfish.jersey.server.internal.scanning.AnnotationAcceptingListener$ClassReaderWrapper.accept Unsupported class file major version 66
28-Jul-2025 16:56:19.710 WARNING [http-nio-8080-exec-60] org.glassfish.jersey.server.wadl.WadlFeature.configure JAXBContext implementation could not be found. WADL feature is disabled.
28-Jul-2025 16:56:19.983 INFO [http-nio-8080-exec-60] org.apache.catalina.startup.HostConfig.deployDescriptor Deployment of deployment descriptor [C:\Users\Administrador\Documents\proyecto_final_helder_java-js\apache-tomcat-11.0.8-windows-x64\apache-tomcat-11.0.8\conf\Catalina\localhost\helder.xml] has finished in [1.749] ms
28-Jul-2025 16:56:19.986 INFO [http-nio-8080-exec-59] org.apache.catalina.util.LifecycleBase.start The start() method was called on component [StandardEngine[Catalina].StandardHost[localhost].StandardContext[/helder]] after start() had already been called. The second call will be ignored.
28-Jul-2025 16:56:42.040 WARNING [http-nio-8080-exec-62] org.glassfish.jersey.server.ServerRuntime$Responder.process An exception mapping did not successfully produce and processed a response. Logging the exception propagated to the default exception mapper.
	java.lang.ClassCastException: class java.util.ArrayList cannot be cast to class modelo.Favorito (java.util.ArrayList is in module java.base of loader 'bootstrap'; modelo.Favorito is in unnamed module of loader org.apache.catalina.loader.ParallelWebappClassLoader @ddd8d0a)
		at controlador.FavoritoResource.getFavoritoPorId(FavoritoResource.java:26)
		at java.base/jdk.internal.reflect.DirectMethodHandleAccessor.invoke(DirectMethodHandleAccessor.java:103)
		at java.base/java.lang.reflect.Method.invoke(Method.java:580)
		at org.glassfish.jersey.server.model.internal.ResourceMethodInvocationHandlerFactory.lambda$static$0(ResourceMethodInvocationHandlerFactory.java:52)
		at org.glassfish.jersey.server.model.internal.AbstractJavaResourceMethodDispatcher$1.run(AbstractJavaResourceMethodDispatcher.java:146)
		at org.glassfish.jersey.server.model.internal.AbstractJavaResourceMethodDispatcher.invoke(AbstractJavaResourceMethodDispatcher.java:189)
		at org.glassfish.jersey.server.model.internal.JavaResourceMethodDispatcherProvider$ResponseOutInvoker.doDispatch(JavaResourceMethodDispatcherProvider.java:176)
		at org.glassfish.jersey.server.model.internal.AbstractJavaResourceMethodDispatcher.dispatch(AbstractJavaResourceMethodDispatcher.java:93)
		at org.glassfish.jersey.server.model.ResourceMethodInvoker.invoke(ResourceMethodInvoker.java:478)
		at org.glassfish.jersey.server.model.ResourceMethodInvoker.apply(ResourceMethodInvoker.java:400)
		at org.glassfish.jersey.server.model.ResourceMethodInvoker.apply(ResourceMethodInvoker.java:81)
		at org.glassfish.jersey.server.ServerRuntime$1.run(ServerRuntime.java:261)
		at org.glassfish.jersey.internal.Errors$1.call(Errors.java:248)
		at org.glassfish.jersey.internal.Errors$1.call(Errors.java:244)
		at org.glassfish.jersey.internal.Errors.process(Errors.java:292)
		at org.glassfish.jersey.internal.Errors.process(Errors.java:274)
		at org.glassfish.jersey.internal.Errors.process(Errors.java:244)
		at org.glassfish.jersey.process.internal.RequestScope.runInScope(RequestScope.java:265)
		at org.glassfish.jersey.server.ServerRuntime.process(ServerRuntime.java:240)
		at org.glassfish.jersey.server.ApplicationHandler.handle(ApplicationHandler.java:697)
		at org.glassfish.jersey.servlet.WebComponent.serviceImpl(WebComponent.java:394)
		at org.glassfish.jersey.servlet.WebComponent.service(WebComponent.java:346)
		at org.glassfish.jersey.servlet.ServletContainer.service(ServletContainer.java:357)
		at org.glassfish.jersey.servlet.ServletContainer.service(ServletContainer.java:311)
		at org.glassfish.jersey.servlet.ServletContainer.service(ServletContainer.java:205)
		at org.apache.catalina.core.ApplicationFilterChain.doFilter(ApplicationFilterChain.java:130)
		at org.apache.tomcat.websocket.server.WsFilter.doFilter(WsFilter.java:53)
		at org.apache.catalina.core.ApplicationFilterChain.doFilter(ApplicationFilterChain.java:109)
		at org.apache.catalina.core.StandardWrapperValve.invoke(StandardWrapperValve.java:167)
		at org.apache.catalina.core.StandardContextValve.invoke(StandardContextValve.java:79)
		at org.apache.catalina.authenticator.AuthenticatorBase.invoke(AuthenticatorBase.java:483)
		at org.apache.catalina.core.StandardHostValve.invoke(StandardHostValve.java:116)
		at org.apache.catalina.valves.ErrorReportValve.invoke(ErrorReportValve.java:93)
		at org.apache.catalina.valves.AbstractAccessLogValve.invoke(AbstractAccessLogValve.java:666)
		at org.apache.catalina.core.StandardEngineValve.invoke(StandardEngineValve.java:74)
		at org.apache.catalina.connector.CoyoteAdapter.service(CoyoteAdapter.java:343)
		at org.apache.coyote.http11.Http11Processor.service(Http11Processor.java:396)
		at org.apache.coyote.AbstractProcessorLight.process(AbstractProcessorLight.java:63)
		at org.apache.coyote.AbstractProtocol$ConnectionHandler.process(AbstractProtocol.java:903)
		at org.apache.tomcat.util.net.NioEndpoint$SocketProcessor.doRun(NioEndpoint.java:1773)
		at org.apache.tomcat.util.net.SocketProcessorBase.run(SocketProcessorBase.java:52)
		at org.apache.tomcat.util.threads.ThreadPoolExecutor.runWorker(ThreadPoolExecutor.java:1149)
		at org.apache.tomcat.util.threads.ThreadPoolExecutor$Worker.run(ThreadPoolExecutor.java:637)
		at org.apache.tomcat.util.threads.TaskThread$WrappingRunnable.run(TaskThread.java:59)
		at java.base/java.lang.Thread.run(Thread.java:1570)
28-Jul-2025 16:56:42.049 SEVERE [http-nio-8080-exec-62] org.glassfish.jersey.server.ServerRuntime$Responder.writeResponse Error while closing the output stream in order to commit response.
	org.glassfish.jersey.server.ContainerException: java.util.concurrent.ExecutionException: java.lang.ClassCastException: class java.util.ArrayList cannot be cast to class modelo.Favorito (java.util.ArrayList is in module java.base of loader 'bootstrap'; modelo.Favorito is in unnamed module of loader org.apache.catalina.loader.ParallelWebappClassLoader @ddd8d0a)
		at org.glassfish.jersey.servlet.internal.ResponseWriter.getResponseContext(ResponseWriter.java:278)
		at org.glassfish.jersey.servlet.internal.ResponseWriter.writeResponseStatusAndHeaders(ResponseWriter.java:128)
		at org.glassfish.jersey.server.ServerRuntime$Responder$1.getOutputStream(ServerRuntime.java:667)
		at org.glassfish.jersey.message.internal.CommittingOutputStream.commitStream(CommittingOutputStream.java:171)
		at org.glassfish.jersey.message.internal.CommittingOutputStream.flushBuffer(CommittingOutputStream.java:276)
		at org.glassfish.jersey.message.internal.CommittingOutputStream.commit(CommittingOutputStream.java:232)
		at org.glassfish.jersey.message.internal.CommittingOutputStream.close(CommittingOutputStream.java:247)
		at org.glassfish.jersey.message.internal.OutboundMessageContext.close(OutboundMessageContext.java:865)
		at org.glassfish.jersey.server.ContainerResponse.close(ContainerResponse.java:403)
		at org.glassfish.jersey.server.ServerRuntime$Responder.writeResponse(ServerRuntime.java:749)
		at org.glassfish.jersey.server.ServerRuntime$Responder.processResponse(ServerRuntime.java:385)
		at org.glassfish.jersey.server.ServerRuntime$Responder.processResponseWithDefaultExceptionMapper(ServerRuntime.java:633)
		at org.glassfish.jersey.server.ServerRuntime$Responder.process(ServerRuntime.java:458)
		at org.glassfish.jersey.server.ServerRuntime$1.run(ServerRuntime.java:269)
		at org.glassfish.jersey.internal.Errors$1.call(Errors.java:248)
		at org.glassfish.jersey.internal.Errors$1.call(Errors.java:244)
		at org.glassfish.jersey.internal.Errors.process(Errors.java:292)
		at org.glassfish.jersey.internal.Errors.process(Errors.java:274)
		at org.glassfish.jersey.internal.Errors.process(Errors.java:244)
		at org.glassfish.jersey.process.internal.RequestScope.runInScope(RequestScope.java:265)
		at org.glassfish.jersey.server.ServerRuntime.process(ServerRuntime.java:240)
		at org.glassfish.jersey.server.ApplicationHandler.handle(ApplicationHandler.java:697)
		at org.glassfish.jersey.servlet.WebComponent.serviceImpl(WebComponent.java:394)
		at org.glassfish.jersey.servlet.WebComponent.service(WebComponent.java:346)
		at org.glassfish.jersey.servlet.ServletContainer.service(ServletContainer.java:357)
		at org.glassfish.jersey.servlet.ServletContainer.service(ServletContainer.java:311)
		at org.glassfish.jersey.servlet.ServletContainer.service(ServletContainer.java:205)
		at org.apache.catalina.core.ApplicationFilterChain.doFilter(ApplicationFilterChain.java:130)
		at org.apache.tomcat.websocket.server.WsFilter.doFilter(WsFilter.java:53)
		at org.apache.catalina.core.ApplicationFilterChain.doFilter(ApplicationFilterChain.java:109)
		at org.apache.catalina.core.StandardWrapperValve.invoke(StandardWrapperValve.java:167)
		at org.apache.catalina.core.StandardContextValve.invoke(StandardContextValve.java:79)
		at org.apache.catalina.authenticator.AuthenticatorBase.invoke(AuthenticatorBase.java:483)
		at org.apache.catalina.core.StandardHostValve.invoke(StandardHostValve.java:116)
		at org.apache.catalina.valves.ErrorReportValve.invoke(ErrorReportValve.java:93)
		at org.apache.catalina.valves.AbstractAccessLogValve.invoke(AbstractAccessLogValve.java:666)
		at org.apache.catalina.core.StandardEngineValve.invoke(StandardEngineValve.java:74)
		at org.apache.catalina.connector.CoyoteAdapter.service(CoyoteAdapter.java:343)
		at org.apache.coyote.http11.Http11Processor.service(Http11Processor.java:396)
		at org.apache.coyote.AbstractProcessorLight.process(AbstractProcessorLight.java:63)
		at org.apache.coyote.AbstractProtocol$ConnectionHandler.process(AbstractProtocol.java:903)
		at org.apache.tomcat.util.net.NioEndpoint$SocketProcessor.doRun(NioEndpoint.java:1773)
		at org.apache.tomcat.util.net.SocketProcessorBase.run(SocketProcessorBase.java:52)
		at org.apache.tomcat.util.threads.ThreadPoolExecutor.runWorker(ThreadPoolExecutor.java:1149)
		at org.apache.tomcat.util.threads.ThreadPoolExecutor$Worker.run(ThreadPoolExecutor.java:637)
		at org.apache.tomcat.util.threads.TaskThread$WrappingRunnable.run(TaskThread.java:59)
		at java.base/java.lang.Thread.run(Thread.java:1570)
	Caused by: java.util.concurrent.ExecutionException: java.lang.ClassCastException: class java.util.ArrayList cannot be cast to class modelo.Favorito (java.util.ArrayList is in module java.base of loader 'bootstrap'; modelo.Favorito is in unnamed module of loader org.apache.catalina.loader.ParallelWebappClassLoader @ddd8d0a)
		at java.base/java.util.concurrent.CompletableFuture.reportGet(CompletableFuture.java:396)
		at java.base/java.util.concurrent.CompletableFuture.get(CompletableFuture.java:2073)
		at org.glassfish.jersey.servlet.internal.ResponseWriter.getResponseContext(ResponseWriter.java:276)
		... 46 more
	Caused by: java.lang.ClassCastException: class java.util.ArrayList cannot be cast to class modelo.Favorito (java.util.ArrayList is in module java.base of loader 'bootstrap'; modelo.Favorito is in unnamed module of loader org.apache.catalina.loader.ParallelWebappClassLoader @ddd8d0a)
		at controlador.FavoritoResource.getFavoritoPorId(FavoritoResource.java:26)
		at java.base/jdk.internal.reflect.DirectMethodHandleAccessor.invoke(DirectMethodHandleAccessor.java:103)
		at java.base/java.lang.reflect.Method.invoke(Method.java:580)
		at org.glassfish.jersey.server.model.internal.ResourceMethodInvocationHandlerFactory.lambda$static$0(ResourceMethodInvocationHandlerFactory.java:52)
		at org.glassfish.jersey.server.model.internal.AbstractJavaResourceMethodDispatcher$1.run(AbstractJavaResourceMethodDispatcher.java:146)
		at org.glassfish.jersey.server.model.internal.AbstractJavaResourceMethodDispatcher.invoke(AbstractJavaResourceMethodDispatcher.java:189)
		at org.glassfish.jersey.server.model.internal.JavaResourceMethodDispatcherProvider$ResponseOutInvoker.doDispatch(JavaResourceMethodDispatcherProvider.java:176)
		at org.glassfish.jersey.server.model.internal.AbstractJavaResourceMethodDispatcher.dispatch(AbstractJavaResourceMethodDispatcher.java:93)
		at org.glassfish.jersey.server.model.ResourceMethodInvoker.invoke(ResourceMethodInvoker.java:478)
		at org.glassfish.jersey.server.model.ResourceMethodInvoker.apply(ResourceMethodInvoker.java:400)
		at org.glassfish.jersey.server.model.ResourceMethodInvoker.apply(ResourceMethodInvoker.java:81)
		at org.glassfish.jersey.server.ServerRuntime$1.run(ServerRuntime.java:261)
		... 33 more
28-Jul-2025 17:00:16.374 WARNING [http-nio-8080-exec-69] org.apache.catalina.loader.WebappClassLoaderBase.clearReferencesJdbc La aplicación web [helder] registró el conductor JDBC [com.mysql.cj.jdbc.Driver] pero falló al anular el registro mientras la aplicación web estaba parada. Para prevenir un fallo de memoria, se ha anulado el registro del conductor JDBC por la fuerza.
28-Jul-2025 17:00:16.374 WARNING [http-nio-8080-exec-69] org.apache.catalina.loader.WebappClassLoaderBase.clearReferencesThreads The web application [helder] appears to have started a thread named [mysql-cj-abandoned-connection-cleanup] but has failed to stop it. This is very likely to create a memory leak. Stack trace of thread:
 java.base/jdk.internal.misc.Unsafe.park(Native Method)
 java.base/java.util.concurrent.locks.LockSupport.parkNanos(LockSupport.java:269)
 java.base/java.util.concurrent.locks.AbstractQueuedSynchronizer$ConditionObject.await(AbstractQueuedSynchronizer.java:1847)
 java.base/java.lang.ref.ReferenceQueue.await(ReferenceQueue.java:71)
 java.base/java.lang.ref.ReferenceQueue.remove0(ReferenceQueue.java:143)
 java.base/java.lang.ref.ReferenceQueue.remove(ReferenceQueue.java:218)
 com.mysql.cj.jdbc.AbandonedConnectionCleanupThread.run(AbandonedConnectionCleanupThread.java:91)
 java.base/java.util.concurrent.ThreadPoolExecutor.runWorker(ThreadPoolExecutor.java:1144)
 java.base/java.util.concurrent.ThreadPoolExecutor$Worker.run(ThreadPoolExecutor.java:642)
 java.base/java.lang.Thread.run(Thread.java:1570)
28-Jul-2025 17:00:16.884 INFO [http-nio-8080-exec-69] org.apache.catalina.startup.HostConfig.undeploy Repliegue (undeploy) de la aplicación web que tiene como trayectoria de contexto [/helder]
28-Jul-2025 17:00:16.894 INFO [http-nio-8080-exec-63] org.apache.catalina.startup.HostConfig.deployDescriptor Desplieque del descriptor de configuración [C:\Users\Administrador\Documents\proyecto_final_helder_java-js\apache-tomcat-11.0.8-windows-x64\apache-tomcat-11.0.8\conf\Catalina\localhost\helder.xml]
28-Jul-2025 17:00:16.895 WARNING [http-nio-8080-exec-63] org.apache.catalina.startup.HostConfig.deployDescriptor The path attribute with value [/helder] in deployment descriptor [C:\Users\Administrador\Documents\proyecto_final_helder_java-js\apache-tomcat-11.0.8-windows-x64\apache-tomcat-11.0.8\conf\Catalina\localhost\helder.xml] has been ignored
28-Jul-2025 17:00:17.207 INFO [mysql-cj-abandoned-connection-cleanup] org.apache.catalina.loader.WebappClassLoaderBase.checkStateForResourceLoading Acceso ilegal: esta instancia de aplicación web ya ha sido parada.  Could not load [].  La eventual traza de pila que sigue ha sido motivada por un error lanzado con motivos de depuración así como para intentar terminar el hilo que motivó el acceso ilegal y no tiene impacto funcional.
	java.lang.IllegalStateException: Acceso ilegal: esta instancia de aplicación web ya ha sido parada.  Could not load [].  La eventual traza de pila que sigue ha sido motivada por un error lanzado con motivos de depuración así como para intentar terminar el hilo que motivó el acceso ilegal y no tiene impacto funcional.
		at org.apache.catalina.loader.WebappClassLoaderBase.checkStateForResourceLoading(WebappClassLoaderBase.java:1248)
		at org.apache.catalina.loader.WebappClassLoaderBase.getResource(WebappClassLoaderBase.java:857)
		at com.mysql.cj.jdbc.AbandonedConnectionCleanupThread.checkThreadContextClassLoader(AbandonedConnectionCleanupThread.java:123)
		at com.mysql.cj.jdbc.AbandonedConnectionCleanupThread.run(AbandonedConnectionCleanupThread.java:90)
		at java.base/java.util.concurrent.ThreadPoolExecutor.runWorker(ThreadPoolExecutor.java:1144)
		at java.base/java.util.concurrent.ThreadPoolExecutor$Worker.run(ThreadPoolExecutor.java:642)
		at java.base/java.lang.Thread.run(Thread.java:1570)
28-Jul-2025 17:00:17.207 INFO [mysql-cj-abandoned-connection-cleanup] org.apache.catalina.loader.WebappClassLoaderBase.checkStateForResourceLoading Acceso ilegal: esta instancia de aplicación web ya ha sido parada.  Could not load [].  La eventual traza de pila que sigue ha sido motivada por un error lanzado con motivos de depuración así como para intentar terminar el hilo que motivó el acceso ilegal y no tiene impacto funcional.
	java.lang.IllegalStateException: Acceso ilegal: esta instancia de aplicación web ya ha sido parada.  Could not load [].  La eventual traza de pila que sigue ha sido motivada por un error lanzado con motivos de depuración así como para intentar terminar el hilo que motivó el acceso ilegal y no tiene impacto funcional.
		at org.apache.catalina.loader.WebappClassLoaderBase.checkStateForResourceLoading(WebappClassLoaderBase.java:1248)
		at org.apache.catalina.loader.WebappClassLoaderBase.getResource(WebappClassLoaderBase.java:857)
		at com.mysql.cj.jdbc.AbandonedConnectionCleanupThread.checkThreadContextClassLoader(AbandonedConnectionCleanupThread.java:123)
		at com.mysql.cj.jdbc.AbandonedConnectionCleanupThread.run(AbandonedConnectionCleanupThread.java:90)
		at java.base/java.util.concurrent.ThreadPoolExecutor.runWorker(ThreadPoolExecutor.java:1144)
		at java.base/java.util.concurrent.ThreadPoolExecutor$Worker.run(ThreadPoolExecutor.java:642)
		at java.base/java.lang.Thread.run(Thread.java:1570)
28-Jul-2025 17:00:17.207 INFO [mysql-cj-abandoned-connection-cleanup] org.apache.catalina.loader.WebappClassLoaderBase.checkStateForResourceLoading Acceso ilegal: esta instancia de aplicación web ya ha sido parada.  Could not load [].  La eventual traza de pila que sigue ha sido motivada por un error lanzado con motivos de depuración así como para intentar terminar el hilo que motivó el acceso ilegal y no tiene impacto funcional.
	java.lang.IllegalStateException: Acceso ilegal: esta instancia de aplicación web ya ha sido parada.  Could not load [].  La eventual traza de pila que sigue ha sido motivada por un error lanzado con motivos de depuración así como para intentar terminar el hilo que motivó el acceso ilegal y no tiene impacto funcional.
		at org.apache.catalina.loader.WebappClassLoaderBase.checkStateForResourceLoading(WebappClassLoaderBase.java:1248)
		at org.apache.catalina.loader.WebappClassLoaderBase.getResource(WebappClassLoaderBase.java:857)
		at com.mysql.cj.jdbc.AbandonedConnectionCleanupThread.checkThreadContextClassLoader(AbandonedConnectionCleanupThread.java:123)
		at com.mysql.cj.jdbc.AbandonedConnectionCleanupThread.run(AbandonedConnectionCleanupThread.java:90)
		at java.base/java.util.concurrent.ThreadPoolExecutor.runWorker(ThreadPoolExecutor.java:1144)
		at java.base/java.util.concurrent.ThreadPoolExecutor$Worker.run(ThreadPoolExecutor.java:642)
		at java.base/java.lang.Thread.run(Thread.java:1570)
28-Jul-2025 17:00:17.219 INFO [mysql-cj-abandoned-connection-cleanup] org.apache.catalina.loader.WebappClassLoaderBase.checkStateForResourceLoading Acceso ilegal: esta instancia de aplicación web ya ha sido parada.  Could not load [].  La eventual traza de pila que sigue ha sido motivada por un error lanzado con motivos de depuración así como para intentar terminar el hilo que motivó el acceso ilegal y no tiene impacto funcional.
	java.lang.IllegalStateException: Acceso ilegal: esta instancia de aplicación web ya ha sido parada.  Could not load [].  La eventual traza de pila que sigue ha sido motivada por un error lanzado con motivos de depuración así como para intentar terminar el hilo que motivó el acceso ilegal y no tiene impacto funcional.
		at org.apache.catalina.loader.WebappClassLoaderBase.checkStateForResourceLoading(WebappClassLoaderBase.java:1248)
		at org.apache.catalina.loader.WebappClassLoaderBase.getResource(WebappClassLoaderBase.java:857)
		at com.mysql.cj.jdbc.AbandonedConnectionCleanupThread.checkThreadContextClassLoader(AbandonedConnectionCleanupThread.java:123)
		at com.mysql.cj.jdbc.AbandonedConnectionCleanupThread.run(AbandonedConnectionCleanupThread.java:90)
		at java.base/java.util.concurrent.ThreadPoolExecutor.runWorker(ThreadPoolExecutor.java:1144)
		at java.base/java.util.concurrent.ThreadPoolExecutor$Worker.run(ThreadPoolExecutor.java:642)
		at java.base/java.lang.Thread.run(Thread.java:1570)
28-Jul-2025 17:00:17.219 INFO [mysql-cj-abandoned-connection-cleanup] org.apache.catalina.loader.WebappClassLoaderBase.checkStateForResourceLoading Acceso ilegal: esta instancia de aplicación web ya ha sido parada.  Could not load [].  La eventual traza de pila que sigue ha sido motivada por un error lanzado con motivos de depuración así como para intentar terminar el hilo que motivó el acceso ilegal y no tiene impacto funcional.
	java.lang.IllegalStateException: Acceso ilegal: esta instancia de aplicación web ya ha sido parada.  Could not load [].  La eventual traza de pila que sigue ha sido motivada por un error lanzado con motivos de depuración así como para intentar terminar el hilo que motivó el acceso ilegal y no tiene impacto funcional.
		at org.apache.catalina.loader.WebappClassLoaderBase.checkStateForResourceLoading(WebappClassLoaderBase.java:1248)
		at org.apache.catalina.loader.WebappClassLoaderBase.getResource(WebappClassLoaderBase.java:857)
		at com.mysql.cj.jdbc.AbandonedConnectionCleanupThread.checkThreadContextClassLoader(AbandonedConnectionCleanupThread.java:123)
		at com.mysql.cj.jdbc.AbandonedConnectionCleanupThread.run(AbandonedConnectionCleanupThread.java:90)
		at java.base/java.util.concurrent.ThreadPoolExecutor.runWorker(ThreadPoolExecutor.java:1144)
		at java.base/java.util.concurrent.ThreadPoolExecutor$Worker.run(ThreadPoolExecutor.java:642)
		at java.base/java.lang.Thread.run(Thread.java:1570)
28-Jul-2025 17:00:17.219 INFO [mysql-cj-abandoned-connection-cleanup] org.apache.catalina.loader.WebappClassLoaderBase.checkStateForResourceLoading Acceso ilegal: esta instancia de aplicación web ya ha sido parada.  Could not load [].  La eventual traza de pila que sigue ha sido motivada por un error lanzado con motivos de depuración así como para intentar terminar el hilo que motivó el acceso ilegal y no tiene impacto funcional.
	java.lang.IllegalStateException: Acceso ilegal: esta instancia de aplicación web ya ha sido parada.  Could not load [].  La eventual traza de pila que sigue ha sido motivada por un error lanzado con motivos de depuración así como para intentar terminar el hilo que motivó el acceso ilegal y no tiene impacto funcional.
		at org.apache.catalina.loader.WebappClassLoaderBase.checkStateForResourceLoading(WebappClassLoaderBase.java:1248)
		at org.apache.catalina.loader.WebappClassLoaderBase.getResource(WebappClassLoaderBase.java:857)
		at com.mysql.cj.jdbc.AbandonedConnectionCleanupThread.checkThreadContextClassLoader(AbandonedConnectionCleanupThread.java:123)
		at com.mysql.cj.jdbc.AbandonedConnectionCleanupThread.run(AbandonedConnectionCleanupThread.java:90)
		at java.base/java.util.concurrent.ThreadPoolExecutor.runWorker(ThreadPoolExecutor.java:1144)
		at java.base/java.util.concurrent.ThreadPoolExecutor$Worker.run(ThreadPoolExecutor.java:642)
		at java.base/java.lang.Thread.run(Thread.java:1570)
28-Jul-2025 17:00:17.288 INFO [mysql-cj-abandoned-connection-cleanup] org.apache.catalina.loader.WebappClassLoaderBase.checkStateForResourceLoading Acceso ilegal: esta instancia de aplicación web ya ha sido parada.  Could not load [].  La eventual traza de pila que sigue ha sido motivada por un error lanzado con motivos de depuración así como para intentar terminar el hilo que motivó el acceso ilegal y no tiene impacto funcional.
	java.lang.IllegalStateException: Acceso ilegal: esta instancia de aplicación web ya ha sido parada.  Could not load [].  La eventual traza de pila que sigue ha sido motivada por un error lanzado con motivos de depuración así como para intentar terminar el hilo que motivó el acceso ilegal y no tiene impacto funcional.
		at org.apache.catalina.loader.WebappClassLoaderBase.checkStateForResourceLoading(WebappClassLoaderBase.java:1248)
		at org.apache.catalina.loader.WebappClassLoaderBase.getResource(WebappClassLoaderBase.java:857)
		at com.mysql.cj.jdbc.AbandonedConnectionCleanupThread.checkThreadContextClassLoader(AbandonedConnectionCleanupThread.java:123)
		at com.mysql.cj.jdbc.AbandonedConnectionCleanupThread.run(AbandonedConnectionCleanupThread.java:90)
		at java.base/java.util.concurrent.ThreadPoolExecutor.runWorker(ThreadPoolExecutor.java:1144)
		at java.base/java.util.concurrent.ThreadPoolExecutor$Worker.run(ThreadPoolExecutor.java:642)
		at java.base/java.lang.Thread.run(Thread.java:1570)
28-Jul-2025 17:00:17.288 INFO [mysql-cj-abandoned-connection-cleanup] org.apache.catalina.loader.WebappClassLoaderBase.checkStateForResourceLoading Acceso ilegal: esta instancia de aplicación web ya ha sido parada.  Could not load [].  La eventual traza de pila que sigue ha sido motivada por un error lanzado con motivos de depuración así como para intentar terminar el hilo que motivó el acceso ilegal y no tiene impacto funcional.
	java.lang.IllegalStateException: Acceso ilegal: esta instancia de aplicación web ya ha sido parada.  Could not load [].  La eventual traza de pila que sigue ha sido motivada por un error lanzado con motivos de depuración así como para intentar terminar el hilo que motivó el acceso ilegal y no tiene impacto funcional.
		at org.apache.catalina.loader.WebappClassLoaderBase.checkStateForResourceLoading(WebappClassLoaderBase.java:1248)
		at org.apache.catalina.loader.WebappClassLoaderBase.getResource(WebappClassLoaderBase.java:857)
		at com.mysql.cj.jdbc.AbandonedConnectionCleanupThread.checkThreadContextClassLoader(AbandonedConnectionCleanupThread.java:123)
		at com.mysql.cj.jdbc.AbandonedConnectionCleanupThread.run(AbandonedConnectionCleanupThread.java:90)
		at java.base/java.util.concurrent.ThreadPoolExecutor.runWorker(ThreadPoolExecutor.java:1144)
		at java.base/java.util.concurrent.ThreadPoolExecutor$Worker.run(ThreadPoolExecutor.java:642)
		at java.base/java.lang.Thread.run(Thread.java:1570)
28-Jul-2025 17:00:17.288 INFO [mysql-cj-abandoned-connection-cleanup] org.apache.catalina.loader.WebappClassLoaderBase.checkStateForResourceLoading Acceso ilegal: esta instancia de aplicación web ya ha sido parada.  Could not load [].  La eventual traza de pila que sigue ha sido motivada por un error lanzado con motivos de depuración así como para intentar terminar el hilo que motivó el acceso ilegal y no tiene impacto funcional.
	java.lang.IllegalStateException: Acceso ilegal: esta instancia de aplicación web ya ha sido parada.  Could not load [].  La eventual traza de pila que sigue ha sido motivada por un error lanzado con motivos de depuración así como para intentar terminar el hilo que motivó el acceso ilegal y no tiene impacto funcional.
		at org.apache.catalina.loader.WebappClassLoaderBase.checkStateForResourceLoading(WebappClassLoaderBase.java:1248)
		at org.apache.catalina.loader.WebappClassLoaderBase.getResource(WebappClassLoaderBase.java:857)
		at com.mysql.cj.jdbc.AbandonedConnectionCleanupThread.checkThreadContextClassLoader(AbandonedConnectionCleanupThread.java:123)
		at com.mysql.cj.jdbc.AbandonedConnectionCleanupThread.run(AbandonedConnectionCleanupThread.java:90)
		at java.base/java.util.concurrent.ThreadPoolExecutor.runWorker(ThreadPoolExecutor.java:1144)
		at java.base/java.util.concurrent.ThreadPoolExecutor$Worker.run(ThreadPoolExecutor.java:642)
		at java.base/java.lang.Thread.run(Thread.java:1570)
28-Jul-2025 17:00:17.342 INFO [mysql-cj-abandoned-connection-cleanup] org.apache.catalina.loader.WebappClassLoaderBase.checkStateForResourceLoading Acceso ilegal: esta instancia de aplicación web ya ha sido parada.  Could not load [].  La eventual traza de pila que sigue ha sido motivada por un error lanzado con motivos de depuración así como para intentar terminar el hilo que motivó el acceso ilegal y no tiene impacto funcional.
	java.lang.IllegalStateException: Acceso ilegal: esta instancia de aplicación web ya ha sido parada.  Could not load [].  La eventual traza de pila que sigue ha sido motivada por un error lanzado con motivos de depuración así como para intentar terminar el hilo que motivó el acceso ilegal y no tiene impacto funcional.
		at org.apache.catalina.loader.WebappClassLoaderBase.checkStateForResourceLoading(WebappClassLoaderBase.java:1248)
		at org.apache.catalina.loader.WebappClassLoaderBase.getResource(WebappClassLoaderBase.java:857)
		at com.mysql.cj.jdbc.AbandonedConnectionCleanupThread.checkThreadContextClassLoader(AbandonedConnectionCleanupThread.java:123)
		at com.mysql.cj.jdbc.AbandonedConnectionCleanupThread.run(AbandonedConnectionCleanupThread.java:90)
		at java.base/java.util.concurrent.ThreadPoolExecutor.runWorker(ThreadPoolExecutor.java:1144)
		at java.base/java.util.concurrent.ThreadPoolExecutor$Worker.run(ThreadPoolExecutor.java:642)
		at java.base/java.lang.Thread.run(Thread.java:1570)
28-Jul-2025 17:00:17.768 INFO [http-nio-8080-exec-63] org.apache.jasper.servlet.TldScanner.scanJars Al menos un JAR, que se ha explorado buscando TLDs, aún no contenía TLDs. Activar historial de depuración para este historiador para una completa lista de los JARs que fueron explorados y de los que nos se halló TLDs. Saltarse JARs no necesarios durante la exploración puede dar lugar a una mejora de tiempo significativa en el arranque y compilación de JSP .
28-Jul-2025 17:00:18.229 WARNING [http-nio-8080-exec-63] org.glassfish.jersey.server.internal.scanning.AnnotationAcceptingListener$ClassReaderWrapper.accept Unsupported class file major version 66
28-Jul-2025 17:00:18.231 WARNING [http-nio-8080-exec-63] org.glassfish.jersey.server.internal.scanning.AnnotationAcceptingListener$ClassReaderWrapper.accept Unsupported class file major version 66
28-Jul-2025 17:00:18.231 WARNING [http-nio-8080-exec-63] org.glassfish.jersey.server.internal.scanning.AnnotationAcceptingListener$ClassReaderWrapper.accept Unsupported class file major version 66
28-Jul-2025 17:00:18.232 WARNING [http-nio-8080-exec-63] org.glassfish.jersey.server.internal.scanning.AnnotationAcceptingListener$ClassReaderWrapper.accept Unsupported class file major version 66
28-Jul-2025 17:00:18.233 WARNING [http-nio-8080-exec-63] org.glassfish.jersey.server.internal.scanning.AnnotationAcceptingListener$ClassReaderWrapper.accept Unsupported class file major version 66
28-Jul-2025 17:00:18.233 WARNING [http-nio-8080-exec-63] org.glassfish.jersey.server.internal.scanning.AnnotationAcceptingListener$ClassReaderWrapper.accept Unsupported class file major version 66
28-Jul-2025 17:00:18.233 WARNING [http-nio-8080-exec-63] org.glassfish.jersey.server.internal.scanning.AnnotationAcceptingListener$ClassReaderWrapper.accept Unsupported class file major version 66
28-Jul-2025 17:00:18.234 WARNING [http-nio-8080-exec-63] org.glassfish.jersey.server.internal.scanning.AnnotationAcceptingListener$ClassReaderWrapper.accept Unsupported class file major version 66
28-Jul-2025 17:00:18.234 WARNING [http-nio-8080-exec-63] org.glassfish.jersey.server.internal.scanning.AnnotationAcceptingListener$ClassReaderWrapper.accept Unsupported class file major version 66
28-Jul-2025 17:00:18.234 WARNING [http-nio-8080-exec-63] org.glassfish.jersey.server.internal.scanning.AnnotationAcceptingListener$ClassReaderWrapper.accept Unsupported class file major version 66
28-Jul-2025 17:00:18.234 WARNING [http-nio-8080-exec-63] org.glassfish.jersey.server.internal.scanning.AnnotationAcceptingListener$ClassReaderWrapper.accept Unsupported class file major version 66
28-Jul-2025 17:00:18.235 WARNING [http-nio-8080-exec-63] org.glassfish.jersey.server.internal.scanning.AnnotationAcceptingListener$ClassReaderWrapper.accept Unsupported class file major version 66
28-Jul-2025 17:00:18.235 WARNING [http-nio-8080-exec-63] org.glassfish.jersey.server.internal.scanning.AnnotationAcceptingListener$ClassReaderWrapper.accept Unsupported class file major version 66
28-Jul-2025 17:00:18.235 WARNING [http-nio-8080-exec-63] org.glassfish.jersey.server.internal.scanning.AnnotationAcceptingListener$ClassReaderWrapper.accept Unsupported class file major version 66
28-Jul-2025 17:00:18.235 WARNING [http-nio-8080-exec-63] org.glassfish.jersey.server.internal.scanning.AnnotationAcceptingListener$ClassReaderWrapper.accept Unsupported class file major version 66
28-Jul-2025 17:00:18.236 WARNING [http-nio-8080-exec-63] org.glassfish.jersey.server.internal.scanning.AnnotationAcceptingListener$ClassReaderWrapper.accept Unsupported class file major version 66
28-Jul-2025 17:00:18.236 WARNING [http-nio-8080-exec-63] org.glassfish.jersey.server.internal.scanning.AnnotationAcceptingListener$ClassReaderWrapper.accept Unsupported class file major version 66
28-Jul-2025 17:00:18.236 WARNING [http-nio-8080-exec-63] org.glassfish.jersey.server.internal.scanning.AnnotationAcceptingListener$ClassReaderWrapper.accept Unsupported class file major version 66
28-Jul-2025 17:00:18.236 WARNING [http-nio-8080-exec-63] org.glassfish.jersey.server.internal.scanning.AnnotationAcceptingListener$ClassReaderWrapper.accept Unsupported class file major version 66
28-Jul-2025 17:00:18.317 WARNING [http-nio-8080-exec-63] org.glassfish.jersey.server.wadl.WadlFeature.configure JAXBContext implementation could not be found. WADL feature is disabled.
28-Jul-2025 17:00:18.588 INFO [http-nio-8080-exec-63] org.apache.catalina.startup.HostConfig.deployDescriptor Deployment of deployment descriptor [C:\Users\Administrador\Documents\proyecto_final_helder_java-js\apache-tomcat-11.0.8-windows-x64\apache-tomcat-11.0.8\conf\Catalina\localhost\helder.xml] has finished in [1.693] ms
28-Jul-2025 17:00:18.590 INFO [http-nio-8080-exec-65] org.apache.catalina.util.LifecycleBase.start The start() method was called on component [StandardEngine[Catalina].StandardHost[localhost].StandardContext[/helder]] after start() had already been called. The second call will be ignored.
28-Jul-2025 17:00:25.060 WARNING [http-nio-8080-exec-64] org.glassfish.jersey.server.ServerRuntime$Responder.process An exception mapping did not successfully produce and processed a response. Logging the exception propagated to the default exception mapper.
	java.lang.ClassCastException: class java.util.ArrayList cannot be cast to class modelo.Favorito (java.util.ArrayList is in module java.base of loader 'bootstrap'; modelo.Favorito is in unnamed module of loader org.apache.catalina.loader.ParallelWebappClassLoader @4d617f10)
		at controlador.FavoritoResource.getFavoritoPorId(FavoritoResource.java:26)
		at java.base/jdk.internal.reflect.DirectMethodHandleAccessor.invoke(DirectMethodHandleAccessor.java:103)
		at java.base/java.lang.reflect.Method.invoke(Method.java:580)
		at org.glassfish.jersey.server.model.internal.ResourceMethodInvocationHandlerFactory.lambda$static$0(ResourceMethodInvocationHandlerFactory.java:52)
		at org.glassfish.jersey.server.model.internal.AbstractJavaResourceMethodDispatcher$1.run(AbstractJavaResourceMethodDispatcher.java:146)
		at org.glassfish.jersey.server.model.internal.AbstractJavaResourceMethodDispatcher.invoke(AbstractJavaResourceMethodDispatcher.java:189)
		at org.glassfish.jersey.server.model.internal.JavaResourceMethodDispatcherProvider$ResponseOutInvoker.doDispatch(JavaResourceMethodDispatcherProvider.java:176)
		at org.glassfish.jersey.server.model.internal.AbstractJavaResourceMethodDispatcher.dispatch(AbstractJavaResourceMethodDispatcher.java:93)
		at org.glassfish.jersey.server.model.ResourceMethodInvoker.invoke(ResourceMethodInvoker.java:478)
		at org.glassfish.jersey.server.model.ResourceMethodInvoker.apply(ResourceMethodInvoker.java:400)
		at org.glassfish.jersey.server.model.ResourceMethodInvoker.apply(ResourceMethodInvoker.java:81)
		at org.glassfish.jersey.server.ServerRuntime$1.run(ServerRuntime.java:261)
		at org.glassfish.jersey.internal.Errors$1.call(Errors.java:248)
		at org.glassfish.jersey.internal.Errors$1.call(Errors.java:244)
		at org.glassfish.jersey.internal.Errors.process(Errors.java:292)
		at org.glassfish.jersey.internal.Errors.process(Errors.java:274)
		at org.glassfish.jersey.internal.Errors.process(Errors.java:244)
		at org.glassfish.jersey.process.internal.RequestScope.runInScope(RequestScope.java:265)
		at org.glassfish.jersey.server.ServerRuntime.process(ServerRuntime.java:240)
		at org.glassfish.jersey.server.ApplicationHandler.handle(ApplicationHandler.java:697)
		at org.glassfish.jersey.servlet.WebComponent.serviceImpl(WebComponent.java:394)
		at org.glassfish.jersey.servlet.WebComponent.service(WebComponent.java:346)
		at org.glassfish.jersey.servlet.ServletContainer.service(ServletContainer.java:357)
		at org.glassfish.jersey.servlet.ServletContainer.service(ServletContainer.java:311)
		at org.glassfish.jersey.servlet.ServletContainer.service(ServletContainer.java:205)
		at org.apache.catalina.core.ApplicationFilterChain.doFilter(ApplicationFilterChain.java:130)
		at org.apache.tomcat.websocket.server.WsFilter.doFilter(WsFilter.java:53)
		at org.apache.catalina.core.ApplicationFilterChain.doFilter(ApplicationFilterChain.java:109)
		at org.apache.catalina.core.StandardWrapperValve.invoke(StandardWrapperValve.java:167)
		at org.apache.catalina.core.StandardContextValve.invoke(StandardContextValve.java:79)
		at org.apache.catalina.authenticator.AuthenticatorBase.invoke(AuthenticatorBase.java:483)
		at org.apache.catalina.core.StandardHostValve.invoke(StandardHostValve.java:116)
		at org.apache.catalina.valves.ErrorReportValve.invoke(ErrorReportValve.java:93)
		at org.apache.catalina.valves.AbstractAccessLogValve.invoke(AbstractAccessLogValve.java:666)
		at org.apache.catalina.core.StandardEngineValve.invoke(StandardEngineValve.java:74)
		at org.apache.catalina.connector.CoyoteAdapter.service(CoyoteAdapter.java:343)
		at org.apache.coyote.http11.Http11Processor.service(Http11Processor.java:396)
		at org.apache.coyote.AbstractProcessorLight.process(AbstractProcessorLight.java:63)
		at org.apache.coyote.AbstractProtocol$ConnectionHandler.process(AbstractProtocol.java:903)
		at org.apache.tomcat.util.net.NioEndpoint$SocketProcessor.doRun(NioEndpoint.java:1773)
		at org.apache.tomcat.util.net.SocketProcessorBase.run(SocketProcessorBase.java:52)
		at org.apache.tomcat.util.threads.ThreadPoolExecutor.runWorker(ThreadPoolExecutor.java:1149)
		at org.apache.tomcat.util.threads.ThreadPoolExecutor$Worker.run(ThreadPoolExecutor.java:637)
		at org.apache.tomcat.util.threads.TaskThread$WrappingRunnable.run(TaskThread.java:59)
		at java.base/java.lang.Thread.run(Thread.java:1570)
28-Jul-2025 17:00:25.244 SEVERE [http-nio-8080-exec-64] org.glassfish.jersey.server.ServerRuntime$Responder.writeResponse Error while closing the output stream in order to commit response.
	org.glassfish.jersey.server.ContainerException: java.util.concurrent.ExecutionException: java.lang.ClassCastException: class java.util.ArrayList cannot be cast to class modelo.Favorito (java.util.ArrayList is in module java.base of loader 'bootstrap'; modelo.Favorito is in unnamed module of loader org.apache.catalina.loader.ParallelWebappClassLoader @4d617f10)
		at org.glassfish.jersey.servlet.internal.ResponseWriter.getResponseContext(ResponseWriter.java:278)
		at org.glassfish.jersey.servlet.internal.ResponseWriter.writeResponseStatusAndHeaders(ResponseWriter.java:128)
		at org.glassfish.jersey.server.ServerRuntime$Responder$1.getOutputStream(ServerRuntime.java:667)
		at org.glassfish.jersey.message.internal.CommittingOutputStream.commitStream(CommittingOutputStream.java:171)
		at org.glassfish.jersey.message.internal.CommittingOutputStream.flushBuffer(CommittingOutputStream.java:276)
		at org.glassfish.jersey.message.internal.CommittingOutputStream.commit(CommittingOutputStream.java:232)
		at org.glassfish.jersey.message.internal.CommittingOutputStream.close(CommittingOutputStream.java:247)
		at org.glassfish.jersey.message.internal.OutboundMessageContext.close(OutboundMessageContext.java:865)
		at org.glassfish.jersey.server.ContainerResponse.close(ContainerResponse.java:403)
		at org.glassfish.jersey.server.ServerRuntime$Responder.writeResponse(ServerRuntime.java:749)
		at org.glassfish.jersey.server.ServerRuntime$Responder.processResponse(ServerRuntime.java:385)
		at org.glassfish.jersey.server.ServerRuntime$Responder.processResponseWithDefaultExceptionMapper(ServerRuntime.java:633)
		at org.glassfish.jersey.server.ServerRuntime$Responder.process(ServerRuntime.java:458)
		at org.glassfish.jersey.server.ServerRuntime$1.run(ServerRuntime.java:269)
		at org.glassfish.jersey.internal.Errors$1.call(Errors.java:248)
		at org.glassfish.jersey.internal.Errors$1.call(Errors.java:244)
		at org.glassfish.jersey.internal.Errors.process(Errors.java:292)
		at org.glassfish.jersey.internal.Errors.process(Errors.java:274)
		at org.glassfish.jersey.internal.Errors.process(Errors.java:244)
		at org.glassfish.jersey.process.internal.RequestScope.runInScope(RequestScope.java:265)
		at org.glassfish.jersey.server.ServerRuntime.process(ServerRuntime.java:240)
		at org.glassfish.jersey.server.ApplicationHandler.handle(ApplicationHandler.java:697)
		at org.glassfish.jersey.servlet.WebComponent.serviceImpl(WebComponent.java:394)
		at org.glassfish.jersey.servlet.WebComponent.service(WebComponent.java:346)
		at org.glassfish.jersey.servlet.ServletContainer.service(ServletContainer.java:357)
		at org.glassfish.jersey.servlet.ServletContainer.service(ServletContainer.java:311)
		at org.glassfish.jersey.servlet.ServletContainer.service(ServletContainer.java:205)
		at org.apache.catalina.core.ApplicationFilterChain.doFilter(ApplicationFilterChain.java:130)
		at org.apache.tomcat.websocket.server.WsFilter.doFilter(WsFilter.java:53)
		at org.apache.catalina.core.ApplicationFilterChain.doFilter(ApplicationFilterChain.java:109)
		at org.apache.catalina.core.StandardWrapperValve.invoke(StandardWrapperValve.java:167)
		at org.apache.catalina.core.StandardContextValve.invoke(StandardContextValve.java:79)
		at org.apache.catalina.authenticator.AuthenticatorBase.invoke(AuthenticatorBase.java:483)
		at org.apache.catalina.core.StandardHostValve.invoke(StandardHostValve.java:116)
		at org.apache.catalina.valves.ErrorReportValve.invoke(ErrorReportValve.java:93)
		at org.apache.catalina.valves.AbstractAccessLogValve.invoke(AbstractAccessLogValve.java:666)
		at org.apache.catalina.core.StandardEngineValve.invoke(StandardEngineValve.java:74)
		at org.apache.catalina.connector.CoyoteAdapter.service(CoyoteAdapter.java:343)
		at org.apache.coyote.http11.Http11Processor.service(Http11Processor.java:396)
		at org.apache.coyote.AbstractProcessorLight.process(AbstractProcessorLight.java:63)
		at org.apache.coyote.AbstractProtocol$ConnectionHandler.process(AbstractProtocol.java:903)
		at org.apache.tomcat.util.net.NioEndpoint$SocketProcessor.doRun(NioEndpoint.java:1773)
		at org.apache.tomcat.util.net.SocketProcessorBase.run(SocketProcessorBase.java:52)
		at org.apache.tomcat.util.threads.ThreadPoolExecutor.runWorker(ThreadPoolExecutor.java:1149)
		at org.apache.tomcat.util.threads.ThreadPoolExecutor$Worker.run(ThreadPoolExecutor.java:637)
		at org.apache.tomcat.util.threads.TaskThread$WrappingRunnable.run(TaskThread.java:59)
		at java.base/java.lang.Thread.run(Thread.java:1570)
	Caused by: java.util.concurrent.ExecutionException: java.lang.ClassCastException: class java.util.ArrayList cannot be cast to class modelo.Favorito (java.util.ArrayList is in module java.base of loader 'bootstrap'; modelo.Favorito is in unnamed module of loader org.apache.catalina.loader.ParallelWebappClassLoader @4d617f10)
		at java.base/java.util.concurrent.CompletableFuture.reportGet(CompletableFuture.java:396)
		at java.base/java.util.concurrent.CompletableFuture.get(CompletableFuture.java:2073)
		at org.glassfish.jersey.servlet.internal.ResponseWriter.getResponseContext(ResponseWriter.java:276)
		... 46 more
	Caused by: java.lang.ClassCastException: class java.util.ArrayList cannot be cast to class modelo.Favorito (java.util.ArrayList is in module java.base of loader 'bootstrap'; modelo.Favorito is in unnamed module of loader org.apache.catalina.loader.ParallelWebappClassLoader @4d617f10)
		at controlador.FavoritoResource.getFavoritoPorId(FavoritoResource.java:26)
		at java.base/jdk.internal.reflect.DirectMethodHandleAccessor.invoke(DirectMethodHandleAccessor.java:103)
		at java.base/java.lang.reflect.Method.invoke(Method.java:580)
		at org.glassfish.jersey.server.model.internal.ResourceMethodInvocationHandlerFactory.lambda$static$0(ResourceMethodInvocationHandlerFactory.java:52)
		at org.glassfish.jersey.server.model.internal.AbstractJavaResourceMethodDispatcher$1.run(AbstractJavaResourceMethodDispatcher.java:146)
		at org.glassfish.jersey.server.model.internal.AbstractJavaResourceMethodDispatcher.invoke(AbstractJavaResourceMethodDispatcher.java:189)
		at org.glassfish.jersey.server.model.internal.JavaResourceMethodDispatcherProvider$ResponseOutInvoker.doDispatch(JavaResourceMethodDispatcherProvider.java:176)
		at org.glassfish.jersey.server.model.internal.AbstractJavaResourceMethodDispatcher.dispatch(AbstractJavaResourceMethodDispatcher.java:93)
		at org.glassfish.jersey.server.model.ResourceMethodInvoker.invoke(ResourceMethodInvoker.java:478)
		at org.glassfish.jersey.server.model.ResourceMethodInvoker.apply(ResourceMethodInvoker.java:400)
		at org.glassfish.jersey.server.model.ResourceMethodInvoker.apply(ResourceMethodInvoker.java:81)
		at org.glassfish.jersey.server.ServerRuntime$1.run(ServerRuntime.java:261)
		... 33 more
28-Jul-2025 17:20:49.353 WARNING [http-nio-8080-exec-79] org.apache.catalina.loader.WebappClassLoaderBase.clearReferencesJdbc La aplicación web [helder] registró el conductor JDBC [com.mysql.cj.jdbc.Driver] pero falló al anular el registro mientras la aplicación web estaba parada. Para prevenir un fallo de memoria, se ha anulado el registro del conductor JDBC por la fuerza.
28-Jul-2025 17:20:49.354 WARNING [http-nio-8080-exec-79] org.apache.catalina.loader.WebappClassLoaderBase.clearReferencesThreads The web application [helder] appears to have started a thread named [mysql-cj-abandoned-connection-cleanup] but has failed to stop it. This is very likely to create a memory leak. Stack trace of thread:
 java.base/jdk.internal.misc.Unsafe.park(Native Method)
 java.base/java.util.concurrent.locks.LockSupport.parkNanos(LockSupport.java:269)
 java.base/java.util.concurrent.locks.AbstractQueuedSynchronizer$ConditionObject.await(AbstractQueuedSynchronizer.java:1847)
 java.base/java.lang.ref.ReferenceQueue.await(ReferenceQueue.java:71)
 java.base/java.lang.ref.ReferenceQueue.remove0(ReferenceQueue.java:143)
 java.base/java.lang.ref.ReferenceQueue.remove(ReferenceQueue.java:218)
 com.mysql.cj.jdbc.AbandonedConnectionCleanupThread.run(AbandonedConnectionCleanupThread.java:91)
 java.base/java.util.concurrent.ThreadPoolExecutor.runWorker(ThreadPoolExecutor.java:1144)
 java.base/java.util.concurrent.ThreadPoolExecutor$Worker.run(ThreadPoolExecutor.java:642)
 java.base/java.lang.Thread.run(Thread.java:1570)
28-Jul-2025 17:20:49.856 INFO [http-nio-8080-exec-79] org.apache.catalina.startup.HostConfig.undeploy Repliegue (undeploy) de la aplicación web que tiene como trayectoria de contexto [/helder]
28-Jul-2025 17:20:49.868 INFO [http-nio-8080-exec-75] org.apache.catalina.startup.HostConfig.deployDescriptor Desplieque del descriptor de configuración [C:\Users\Administrador\Documents\proyecto_final_helder_java-js\apache-tomcat-11.0.8-windows-x64\apache-tomcat-11.0.8\conf\Catalina\localhost\helder.xml]
28-Jul-2025 17:20:49.869 WARNING [http-nio-8080-exec-75] org.apache.catalina.startup.HostConfig.deployDescriptor The path attribute with value [/helder] in deployment descriptor [C:\Users\Administrador\Documents\proyecto_final_helder_java-js\apache-tomcat-11.0.8-windows-x64\apache-tomcat-11.0.8\conf\Catalina\localhost\helder.xml] has been ignored
28-Jul-2025 17:20:50.067 INFO [mysql-cj-abandoned-connection-cleanup] org.apache.catalina.loader.WebappClassLoaderBase.checkStateForResourceLoading Acceso ilegal: esta instancia de aplicación web ya ha sido parada.  Could not load [].  La eventual traza de pila que sigue ha sido motivada por un error lanzado con motivos de depuración así como para intentar terminar el hilo que motivó el acceso ilegal y no tiene impacto funcional.
	java.lang.IllegalStateException: Acceso ilegal: esta instancia de aplicación web ya ha sido parada.  Could not load [].  La eventual traza de pila que sigue ha sido motivada por un error lanzado con motivos de depuración así como para intentar terminar el hilo que motivó el acceso ilegal y no tiene impacto funcional.
		at org.apache.catalina.loader.WebappClassLoaderBase.checkStateForResourceLoading(WebappClassLoaderBase.java:1248)
		at org.apache.catalina.loader.WebappClassLoaderBase.getResource(WebappClassLoaderBase.java:857)
		at com.mysql.cj.jdbc.AbandonedConnectionCleanupThread.checkThreadContextClassLoader(AbandonedConnectionCleanupThread.java:123)
		at com.mysql.cj.jdbc.AbandonedConnectionCleanupThread.run(AbandonedConnectionCleanupThread.java:90)
		at java.base/java.util.concurrent.ThreadPoolExecutor.runWorker(ThreadPoolExecutor.java:1144)
		at java.base/java.util.concurrent.ThreadPoolExecutor$Worker.run(ThreadPoolExecutor.java:642)
		at java.base/java.lang.Thread.run(Thread.java:1570)
28-Jul-2025 17:20:50.067 INFO [mysql-cj-abandoned-connection-cleanup] org.apache.catalina.loader.WebappClassLoaderBase.checkStateForResourceLoading Acceso ilegal: esta instancia de aplicación web ya ha sido parada.  Could not load [].  La eventual traza de pila que sigue ha sido motivada por un error lanzado con motivos de depuración así como para intentar terminar el hilo que motivó el acceso ilegal y no tiene impacto funcional.
	java.lang.IllegalStateException: Acceso ilegal: esta instancia de aplicación web ya ha sido parada.  Could not load [].  La eventual traza de pila que sigue ha sido motivada por un error lanzado con motivos de depuración así como para intentar terminar el hilo que motivó el acceso ilegal y no tiene impacto funcional.
		at org.apache.catalina.loader.WebappClassLoaderBase.checkStateForResourceLoading(WebappClassLoaderBase.java:1248)
		at org.apache.catalina.loader.WebappClassLoaderBase.getResource(WebappClassLoaderBase.java:857)
		at com.mysql.cj.jdbc.AbandonedConnectionCleanupThread.checkThreadContextClassLoader(AbandonedConnectionCleanupThread.java:123)
		at com.mysql.cj.jdbc.AbandonedConnectionCleanupThread.run(AbandonedConnectionCleanupThread.java:90)
		at java.base/java.util.concurrent.ThreadPoolExecutor.runWorker(ThreadPoolExecutor.java:1144)
		at java.base/java.util.concurrent.ThreadPoolExecutor$Worker.run(ThreadPoolExecutor.java:642)
		at java.base/java.lang.Thread.run(Thread.java:1570)
28-Jul-2025 17:20:50.067 INFO [mysql-cj-abandoned-connection-cleanup] org.apache.catalina.loader.WebappClassLoaderBase.checkStateForResourceLoading Acceso ilegal: esta instancia de aplicación web ya ha sido parada.  Could not load [].  La eventual traza de pila que sigue ha sido motivada por un error lanzado con motivos de depuración así como para intentar terminar el hilo que motivó el acceso ilegal y no tiene impacto funcional.
	java.lang.IllegalStateException: Acceso ilegal: esta instancia de aplicación web ya ha sido parada.  Could not load [].  La eventual traza de pila que sigue ha sido motivada por un error lanzado con motivos de depuración así como para intentar terminar el hilo que motivó el acceso ilegal y no tiene impacto funcional.
		at org.apache.catalina.loader.WebappClassLoaderBase.checkStateForResourceLoading(WebappClassLoaderBase.java:1248)
		at org.apache.catalina.loader.WebappClassLoaderBase.getResource(WebappClassLoaderBase.java:857)
		at com.mysql.cj.jdbc.AbandonedConnectionCleanupThread.checkThreadContextClassLoader(AbandonedConnectionCleanupThread.java:123)
		at com.mysql.cj.jdbc.AbandonedConnectionCleanupThread.run(AbandonedConnectionCleanupThread.java:90)
		at java.base/java.util.concurrent.ThreadPoolExecutor.runWorker(ThreadPoolExecutor.java:1144)
		at java.base/java.util.concurrent.ThreadPoolExecutor$Worker.run(ThreadPoolExecutor.java:642)
		at java.base/java.lang.Thread.run(Thread.java:1570)
28-Jul-2025 17:20:50.102 INFO [mysql-cj-abandoned-connection-cleanup] org.apache.catalina.loader.WebappClassLoaderBase.checkStateForResourceLoading Acceso ilegal: esta instancia de aplicación web ya ha sido parada.  Could not load [].  La eventual traza de pila que sigue ha sido motivada por un error lanzado con motivos de depuración así como para intentar terminar el hilo que motivó el acceso ilegal y no tiene impacto funcional.
	java.lang.IllegalStateException: Acceso ilegal: esta instancia de aplicación web ya ha sido parada.  Could not load [].  La eventual traza de pila que sigue ha sido motivada por un error lanzado con motivos de depuración así como para intentar terminar el hilo que motivó el acceso ilegal y no tiene impacto funcional.
		at org.apache.catalina.loader.WebappClassLoaderBase.checkStateForResourceLoading(WebappClassLoaderBase.java:1248)
		at org.apache.catalina.loader.WebappClassLoaderBase.getResource(WebappClassLoaderBase.java:857)
		at com.mysql.cj.jdbc.AbandonedConnectionCleanupThread.checkThreadContextClassLoader(AbandonedConnectionCleanupThread.java:123)
		at com.mysql.cj.jdbc.AbandonedConnectionCleanupThread.run(AbandonedConnectionCleanupThread.java:90)
		at java.base/java.util.concurrent.ThreadPoolExecutor.runWorker(ThreadPoolExecutor.java:1144)
		at java.base/java.util.concurrent.ThreadPoolExecutor$Worker.run(ThreadPoolExecutor.java:642)
		at java.base/java.lang.Thread.run(Thread.java:1570)
28-Jul-2025 17:20:50.102 INFO [mysql-cj-abandoned-connection-cleanup] org.apache.catalina.loader.WebappClassLoaderBase.checkStateForResourceLoading Acceso ilegal: esta instancia de aplicación web ya ha sido parada.  Could not load [].  La eventual traza de pila que sigue ha sido motivada por un error lanzado con motivos de depuración así como para intentar terminar el hilo que motivó el acceso ilegal y no tiene impacto funcional.
	java.lang.IllegalStateException: Acceso ilegal: esta instancia de aplicación web ya ha sido parada.  Could not load [].  La eventual traza de pila que sigue ha sido motivada por un error lanzado con motivos de depuración así como para intentar terminar el hilo que motivó el acceso ilegal y no tiene impacto funcional.
		at org.apache.catalina.loader.WebappClassLoaderBase.checkStateForResourceLoading(WebappClassLoaderBase.java:1248)
		at org.apache.catalina.loader.WebappClassLoaderBase.getResource(WebappClassLoaderBase.java:857)
		at com.mysql.cj.jdbc.AbandonedConnectionCleanupThread.checkThreadContextClassLoader(AbandonedConnectionCleanupThread.java:123)
		at com.mysql.cj.jdbc.AbandonedConnectionCleanupThread.run(AbandonedConnectionCleanupThread.java:90)
		at java.base/java.util.concurrent.ThreadPoolExecutor.runWorker(ThreadPoolExecutor.java:1144)
		at java.base/java.util.concurrent.ThreadPoolExecutor$Worker.run(ThreadPoolExecutor.java:642)
		at java.base/java.lang.Thread.run(Thread.java:1570)
28-Jul-2025 17:20:50.102 INFO [mysql-cj-abandoned-connection-cleanup] org.apache.catalina.loader.WebappClassLoaderBase.checkStateForResourceLoading Acceso ilegal: esta instancia de aplicación web ya ha sido parada.  Could not load [].  La eventual traza de pila que sigue ha sido motivada por un error lanzado con motivos de depuración así como para intentar terminar el hilo que motivó el acceso ilegal y no tiene impacto funcional.
	java.lang.IllegalStateException: Acceso ilegal: esta instancia de aplicación web ya ha sido parada.  Could not load [].  La eventual traza de pila que sigue ha sido motivada por un error lanzado con motivos de depuración así como para intentar terminar el hilo que motivó el acceso ilegal y no tiene impacto funcional.
		at org.apache.catalina.loader.WebappClassLoaderBase.checkStateForResourceLoading(WebappClassLoaderBase.java:1248)
		at org.apache.catalina.loader.WebappClassLoaderBase.getResource(WebappClassLoaderBase.java:857)
		at com.mysql.cj.jdbc.AbandonedConnectionCleanupThread.checkThreadContextClassLoader(AbandonedConnectionCleanupThread.java:123)
		at com.mysql.cj.jdbc.AbandonedConnectionCleanupThread.run(AbandonedConnectionCleanupThread.java:90)
		at java.base/java.util.concurrent.ThreadPoolExecutor.runWorker(ThreadPoolExecutor.java:1144)
		at java.base/java.util.concurrent.ThreadPoolExecutor$Worker.run(ThreadPoolExecutor.java:642)
		at java.base/java.lang.Thread.run(Thread.java:1570)
28-Jul-2025 17:20:50.159 INFO [mysql-cj-abandoned-connection-cleanup] org.apache.catalina.loader.WebappClassLoaderBase.checkStateForResourceLoading Acceso ilegal: esta instancia de aplicación web ya ha sido parada.  Could not load [].  La eventual traza de pila que sigue ha sido motivada por un error lanzado con motivos de depuración así como para intentar terminar el hilo que motivó el acceso ilegal y no tiene impacto funcional.
	java.lang.IllegalStateException: Acceso ilegal: esta instancia de aplicación web ya ha sido parada.  Could not load [].  La eventual traza de pila que sigue ha sido motivada por un error lanzado con motivos de depuración así como para intentar terminar el hilo que motivó el acceso ilegal y no tiene impacto funcional.
		at org.apache.catalina.loader.WebappClassLoaderBase.checkStateForResourceLoading(WebappClassLoaderBase.java:1248)
		at org.apache.catalina.loader.WebappClassLoaderBase.getResource(WebappClassLoaderBase.java:857)
		at com.mysql.cj.jdbc.AbandonedConnectionCleanupThread.checkThreadContextClassLoader(AbandonedConnectionCleanupThread.java:123)
		at com.mysql.cj.jdbc.AbandonedConnectionCleanupThread.run(AbandonedConnectionCleanupThread.java:90)
		at java.base/java.util.concurrent.ThreadPoolExecutor.runWorker(ThreadPoolExecutor.java:1144)
		at java.base/java.util.concurrent.ThreadPoolExecutor$Worker.run(ThreadPoolExecutor.java:642)
		at java.base/java.lang.Thread.run(Thread.java:1570)
28-Jul-2025 17:20:50.159 INFO [mysql-cj-abandoned-connection-cleanup] org.apache.catalina.loader.WebappClassLoaderBase.checkStateForResourceLoading Acceso ilegal: esta instancia de aplicación web ya ha sido parada.  Could not load [].  La eventual traza de pila que sigue ha sido motivada por un error lanzado con motivos de depuración así como para intentar terminar el hilo que motivó el acceso ilegal y no tiene impacto funcional.
	java.lang.IllegalStateException: Acceso ilegal: esta instancia de aplicación web ya ha sido parada.  Could not load [].  La eventual traza de pila que sigue ha sido motivada por un error lanzado con motivos de depuración así como para intentar terminar el hilo que motivó el acceso ilegal y no tiene impacto funcional.
		at org.apache.catalina.loader.WebappClassLoaderBase.checkStateForResourceLoading(WebappClassLoaderBase.java:1248)
		at org.apache.catalina.loader.WebappClassLoaderBase.getResource(WebappClassLoaderBase.java:857)
		at com.mysql.cj.jdbc.AbandonedConnectionCleanupThread.checkThreadContextClassLoader(AbandonedConnectionCleanupThread.java:123)
		at com.mysql.cj.jdbc.AbandonedConnectionCleanupThread.run(AbandonedConnectionCleanupThread.java:90)
		at java.base/java.util.concurrent.ThreadPoolExecutor.runWorker(ThreadPoolExecutor.java:1144)
		at java.base/java.util.concurrent.ThreadPoolExecutor$Worker.run(ThreadPoolExecutor.java:642)
		at java.base/java.lang.Thread.run(Thread.java:1570)
28-Jul-2025 17:20:50.159 INFO [mysql-cj-abandoned-connection-cleanup] org.apache.catalina.loader.WebappClassLoaderBase.checkStateForResourceLoading Acceso ilegal: esta instancia de aplicación web ya ha sido parada.  Could not load [].  La eventual traza de pila que sigue ha sido motivada por un error lanzado con motivos de depuración así como para intentar terminar el hilo que motivó el acceso ilegal y no tiene impacto funcional.
	java.lang.IllegalStateException: Acceso ilegal: esta instancia de aplicación web ya ha sido parada.  Could not load [].  La eventual traza de pila que sigue ha sido motivada por un error lanzado con motivos de depuración así como para intentar terminar el hilo que motivó el acceso ilegal y no tiene impacto funcional.
		at org.apache.catalina.loader.WebappClassLoaderBase.checkStateForResourceLoading(WebappClassLoaderBase.java:1248)
		at org.apache.catalina.loader.WebappClassLoaderBase.getResource(WebappClassLoaderBase.java:857)
		at com.mysql.cj.jdbc.AbandonedConnectionCleanupThread.checkThreadContextClassLoader(AbandonedConnectionCleanupThread.java:123)
		at com.mysql.cj.jdbc.AbandonedConnectionCleanupThread.run(AbandonedConnectionCleanupThread.java:90)
		at java.base/java.util.concurrent.ThreadPoolExecutor.runWorker(ThreadPoolExecutor.java:1144)
		at java.base/java.util.concurrent.ThreadPoolExecutor$Worker.run(ThreadPoolExecutor.java:642)
		at java.base/java.lang.Thread.run(Thread.java:1570)
28-Jul-2025 17:20:50.212 INFO [mysql-cj-abandoned-connection-cleanup] org.apache.catalina.loader.WebappClassLoaderBase.checkStateForResourceLoading Acceso ilegal: esta instancia de aplicación web ya ha sido parada.  Could not load [].  La eventual traza de pila que sigue ha sido motivada por un error lanzado con motivos de depuración así como para intentar terminar el hilo que motivó el acceso ilegal y no tiene impacto funcional.
	java.lang.IllegalStateException: Acceso ilegal: esta instancia de aplicación web ya ha sido parada.  Could not load [].  La eventual traza de pila que sigue ha sido motivada por un error lanzado con motivos de depuración así como para intentar terminar el hilo que motivó el acceso ilegal y no tiene impacto funcional.
		at org.apache.catalina.loader.WebappClassLoaderBase.checkStateForResourceLoading(WebappClassLoaderBase.java:1248)
		at org.apache.catalina.loader.WebappClassLoaderBase.getResource(WebappClassLoaderBase.java:857)
		at com.mysql.cj.jdbc.AbandonedConnectionCleanupThread.checkThreadContextClassLoader(AbandonedConnectionCleanupThread.java:123)
		at com.mysql.cj.jdbc.AbandonedConnectionCleanupThread.run(AbandonedConnectionCleanupThread.java:90)
		at java.base/java.util.concurrent.ThreadPoolExecutor.runWorker(ThreadPoolExecutor.java:1144)
		at java.base/java.util.concurrent.ThreadPoolExecutor$Worker.run(ThreadPoolExecutor.java:642)
		at java.base/java.lang.Thread.run(Thread.java:1570)
28-Jul-2025 17:20:50.759 INFO [http-nio-8080-exec-75] org.apache.jasper.servlet.TldScanner.scanJars Al menos un JAR, que se ha explorado buscando TLDs, aún no contenía TLDs. Activar historial de depuración para este historiador para una completa lista de los JARs que fueron explorados y de los que nos se halló TLDs. Saltarse JARs no necesarios durante la exploración puede dar lugar a una mejora de tiempo significativa en el arranque y compilación de JSP .
28-Jul-2025 17:20:51.240 WARNING [http-nio-8080-exec-75] org.glassfish.jersey.server.internal.scanning.AnnotationAcceptingListener$ClassReaderWrapper.accept Unsupported class file major version 66
28-Jul-2025 17:20:51.242 WARNING [http-nio-8080-exec-75] org.glassfish.jersey.server.internal.scanning.AnnotationAcceptingListener$ClassReaderWrapper.accept Unsupported class file major version 66
28-Jul-2025 17:20:51.243 WARNING [http-nio-8080-exec-75] org.glassfish.jersey.server.internal.scanning.AnnotationAcceptingListener$ClassReaderWrapper.accept Unsupported class file major version 66
28-Jul-2025 17:20:51.243 WARNING [http-nio-8080-exec-75] org.glassfish.jersey.server.internal.scanning.AnnotationAcceptingListener$ClassReaderWrapper.accept Unsupported class file major version 66
28-Jul-2025 17:20:51.243 WARNING [http-nio-8080-exec-75] org.glassfish.jersey.server.internal.scanning.AnnotationAcceptingListener$ClassReaderWrapper.accept Unsupported class file major version 66
28-Jul-2025 17:20:51.244 WARNING [http-nio-8080-exec-75] org.glassfish.jersey.server.internal.scanning.AnnotationAcceptingListener$ClassReaderWrapper.accept Unsupported class file major version 66
28-Jul-2025 17:20:51.244 WARNING [http-nio-8080-exec-75] org.glassfish.jersey.server.internal.scanning.AnnotationAcceptingListener$ClassReaderWrapper.accept Unsupported class file major version 66
28-Jul-2025 17:20:51.244 WARNING [http-nio-8080-exec-75] org.glassfish.jersey.server.internal.scanning.AnnotationAcceptingListener$ClassReaderWrapper.accept Unsupported class file major version 66
28-Jul-2025 17:20:51.244 WARNING [http-nio-8080-exec-75] org.glassfish.jersey.server.internal.scanning.AnnotationAcceptingListener$ClassReaderWrapper.accept Unsupported class file major version 66
28-Jul-2025 17:20:51.245 WARNING [http-nio-8080-exec-75] org.glassfish.jersey.server.internal.scanning.AnnotationAcceptingListener$ClassReaderWrapper.accept Unsupported class file major version 66
28-Jul-2025 17:20:51.245 WARNING [http-nio-8080-exec-75] org.glassfish.jersey.server.internal.scanning.AnnotationAcceptingListener$ClassReaderWrapper.accept Unsupported class file major version 66
28-Jul-2025 17:20:51.245 WARNING [http-nio-8080-exec-75] org.glassfish.jersey.server.internal.scanning.AnnotationAcceptingListener$ClassReaderWrapper.accept Unsupported class file major version 66
28-Jul-2025 17:20:51.246 WARNING [http-nio-8080-exec-75] org.glassfish.jersey.server.internal.scanning.AnnotationAcceptingListener$ClassReaderWrapper.accept Unsupported class file major version 66
28-Jul-2025 17:20:51.246 WARNING [http-nio-8080-exec-75] org.glassfish.jersey.server.internal.scanning.AnnotationAcceptingListener$ClassReaderWrapper.accept Unsupported class file major version 66
28-Jul-2025 17:20:51.246 WARNING [http-nio-8080-exec-75] org.glassfish.jersey.server.internal.scanning.AnnotationAcceptingListener$ClassReaderWrapper.accept Unsupported class file major version 66
28-Jul-2025 17:20:51.246 WARNING [http-nio-8080-exec-75] org.glassfish.jersey.server.internal.scanning.AnnotationAcceptingListener$ClassReaderWrapper.accept Unsupported class file major version 66
28-Jul-2025 17:20:51.247 WARNING [http-nio-8080-exec-75] org.glassfish.jersey.server.internal.scanning.AnnotationAcceptingListener$ClassReaderWrapper.accept Unsupported class file major version 66
28-Jul-2025 17:20:51.247 WARNING [http-nio-8080-exec-75] org.glassfish.jersey.server.internal.scanning.AnnotationAcceptingListener$ClassReaderWrapper.accept Unsupported class file major version 66
28-Jul-2025 17:20:51.247 WARNING [http-nio-8080-exec-75] org.glassfish.jersey.server.internal.scanning.AnnotationAcceptingListener$ClassReaderWrapper.accept Unsupported class file major version 66
28-Jul-2025 17:20:51.327 WARNING [http-nio-8080-exec-75] org.glassfish.jersey.server.wadl.WadlFeature.configure JAXBContext implementation could not be found. WADL feature is disabled.
28-Jul-2025 17:20:51.603 INFO [http-nio-8080-exec-75] org.apache.catalina.startup.HostConfig.deployDescriptor Deployment of deployment descriptor [C:\Users\Administrador\Documents\proyecto_final_helder_java-js\apache-tomcat-11.0.8-windows-x64\apache-tomcat-11.0.8\conf\Catalina\localhost\helder.xml] has finished in [1.735] ms
28-Jul-2025 17:20:51.606 INFO [http-nio-8080-exec-80] org.apache.catalina.util.LifecycleBase.start The start() method was called on component [StandardEngine[Catalina].StandardHost[localhost].StandardContext[/helder]] after start() had already been called. The second call will be ignored.
28-Jul-2025 17:38:19.876 WARNING [http-nio-8080-exec-89] org.apache.catalina.loader.WebappClassLoaderBase.clearReferencesJdbc La aplicación web [helder] registró el conductor JDBC [com.mysql.cj.jdbc.Driver] pero falló al anular el registro mientras la aplicación web estaba parada. Para prevenir un fallo de memoria, se ha anulado el registro del conductor JDBC por la fuerza.
28-Jul-2025 17:38:19.876 WARNING [http-nio-8080-exec-89] org.apache.catalina.loader.WebappClassLoaderBase.clearReferencesThreads The web application [helder] appears to have started a thread named [mysql-cj-abandoned-connection-cleanup] but has failed to stop it. This is very likely to create a memory leak. Stack trace of thread:
 java.base/jdk.internal.misc.Unsafe.park(Native Method)
 java.base/java.util.concurrent.locks.LockSupport.parkNanos(LockSupport.java:269)
 java.base/java.util.concurrent.locks.AbstractQueuedSynchronizer$ConditionObject.await(AbstractQueuedSynchronizer.java:1847)
 java.base/java.lang.ref.ReferenceQueue.await(ReferenceQueue.java:71)
 java.base/java.lang.ref.ReferenceQueue.remove0(ReferenceQueue.java:143)
 java.base/java.lang.ref.ReferenceQueue.remove(ReferenceQueue.java:218)
 com.mysql.cj.jdbc.AbandonedConnectionCleanupThread.run(AbandonedConnectionCleanupThread.java:91)
 java.base/java.util.concurrent.ThreadPoolExecutor.runWorker(ThreadPoolExecutor.java:1144)
 java.base/java.util.concurrent.ThreadPoolExecutor$Worker.run(ThreadPoolExecutor.java:642)
 java.base/java.lang.Thread.run(Thread.java:1570)
28-Jul-2025 17:38:20.383 INFO [http-nio-8080-exec-89] org.apache.catalina.startup.HostConfig.undeploy Repliegue (undeploy) de la aplicación web que tiene como trayectoria de contexto [/helder]
28-Jul-2025 17:38:20.392 INFO [http-nio-8080-exec-83] org.apache.catalina.startup.HostConfig.deployDescriptor Desplieque del descriptor de configuración [C:\Users\Administrador\Documents\proyecto_final_helder_java-js\apache-tomcat-11.0.8-windows-x64\apache-tomcat-11.0.8\conf\Catalina\localhost\helder.xml]
28-Jul-2025 17:38:20.392 WARNING [http-nio-8080-exec-83] org.apache.catalina.startup.HostConfig.deployDescriptor The path attribute with value [/helder] in deployment descriptor [C:\Users\Administrador\Documents\proyecto_final_helder_java-js\apache-tomcat-11.0.8-windows-x64\apache-tomcat-11.0.8\conf\Catalina\localhost\helder.xml] has been ignored
28-Jul-2025 17:38:20.707 INFO [mysql-cj-abandoned-connection-cleanup] org.apache.catalina.loader.WebappClassLoaderBase.checkStateForResourceLoading Acceso ilegal: esta instancia de aplicación web ya ha sido parada.  Could not load [].  La eventual traza de pila que sigue ha sido motivada por un error lanzado con motivos de depuración así como para intentar terminar el hilo que motivó el acceso ilegal y no tiene impacto funcional.
	java.lang.IllegalStateException: Acceso ilegal: esta instancia de aplicación web ya ha sido parada.  Could not load [].  La eventual traza de pila que sigue ha sido motivada por un error lanzado con motivos de depuración así como para intentar terminar el hilo que motivó el acceso ilegal y no tiene impacto funcional.
		at org.apache.catalina.loader.WebappClassLoaderBase.checkStateForResourceLoading(WebappClassLoaderBase.java:1248)
		at org.apache.catalina.loader.WebappClassLoaderBase.getResource(WebappClassLoaderBase.java:857)
		at com.mysql.cj.jdbc.AbandonedConnectionCleanupThread.checkThreadContextClassLoader(AbandonedConnectionCleanupThread.java:123)
		at com.mysql.cj.jdbc.AbandonedConnectionCleanupThread.run(AbandonedConnectionCleanupThread.java:90)
		at java.base/java.util.concurrent.ThreadPoolExecutor.runWorker(ThreadPoolExecutor.java:1144)
		at java.base/java.util.concurrent.ThreadPoolExecutor$Worker.run(ThreadPoolExecutor.java:642)
		at java.base/java.lang.Thread.run(Thread.java:1570)
28-Jul-2025 17:38:20.707 INFO [mysql-cj-abandoned-connection-cleanup] org.apache.catalina.loader.WebappClassLoaderBase.checkStateForResourceLoading Acceso ilegal: esta instancia de aplicación web ya ha sido parada.  Could not load [].  La eventual traza de pila que sigue ha sido motivada por un error lanzado con motivos de depuración así como para intentar terminar el hilo que motivó el acceso ilegal y no tiene impacto funcional.
	java.lang.IllegalStateException: Acceso ilegal: esta instancia de aplicación web ya ha sido parada.  Could not load [].  La eventual traza de pila que sigue ha sido motivada por un error lanzado con motivos de depuración así como para intentar terminar el hilo que motivó el acceso ilegal y no tiene impacto funcional.
		at org.apache.catalina.loader.WebappClassLoaderBase.checkStateForResourceLoading(WebappClassLoaderBase.java:1248)
		at org.apache.catalina.loader.WebappClassLoaderBase.getResource(WebappClassLoaderBase.java:857)
		at com.mysql.cj.jdbc.AbandonedConnectionCleanupThread.checkThreadContextClassLoader(AbandonedConnectionCleanupThread.java:123)
		at com.mysql.cj.jdbc.AbandonedConnectionCleanupThread.run(AbandonedConnectionCleanupThread.java:90)
		at java.base/java.util.concurrent.ThreadPoolExecutor.runWorker(ThreadPoolExecutor.java:1144)
		at java.base/java.util.concurrent.ThreadPoolExecutor$Worker.run(ThreadPoolExecutor.java:642)
		at java.base/java.lang.Thread.run(Thread.java:1570)
28-Jul-2025 17:38:20.707 INFO [mysql-cj-abandoned-connection-cleanup] org.apache.catalina.loader.WebappClassLoaderBase.checkStateForResourceLoading Acceso ilegal: esta instancia de aplicación web ya ha sido parada.  Could not load [].  La eventual traza de pila que sigue ha sido motivada por un error lanzado con motivos de depuración así como para intentar terminar el hilo que motivó el acceso ilegal y no tiene impacto funcional.
	java.lang.IllegalStateException: Acceso ilegal: esta instancia de aplicación web ya ha sido parada.  Could not load [].  La eventual traza de pila que sigue ha sido motivada por un error lanzado con motivos de depuración así como para intentar terminar el hilo que motivó el acceso ilegal y no tiene impacto funcional.
		at org.apache.catalina.loader.WebappClassLoaderBase.checkStateForResourceLoading(WebappClassLoaderBase.java:1248)
		at org.apache.catalina.loader.WebappClassLoaderBase.getResource(WebappClassLoaderBase.java:857)
		at com.mysql.cj.jdbc.AbandonedConnectionCleanupThread.checkThreadContextClassLoader(AbandonedConnectionCleanupThread.java:123)
		at com.mysql.cj.jdbc.AbandonedConnectionCleanupThread.run(AbandonedConnectionCleanupThread.java:90)
		at java.base/java.util.concurrent.ThreadPoolExecutor.runWorker(ThreadPoolExecutor.java:1144)
		at java.base/java.util.concurrent.ThreadPoolExecutor$Worker.run(ThreadPoolExecutor.java:642)
		at java.base/java.lang.Thread.run(Thread.java:1570)
28-Jul-2025 17:38:20.723 INFO [mysql-cj-abandoned-connection-cleanup] org.apache.catalina.loader.WebappClassLoaderBase.checkStateForResourceLoading Acceso ilegal: esta instancia de aplicación web ya ha sido parada.  Could not load [].  La eventual traza de pila que sigue ha sido motivada por un error lanzado con motivos de depuración así como para intentar terminar el hilo que motivó el acceso ilegal y no tiene impacto funcional.
	java.lang.IllegalStateException: Acceso ilegal: esta instancia de aplicación web ya ha sido parada.  Could not load [].  La eventual traza de pila que sigue ha sido motivada por un error lanzado con motivos de depuración así como para intentar terminar el hilo que motivó el acceso ilegal y no tiene impacto funcional.
		at org.apache.catalina.loader.WebappClassLoaderBase.checkStateForResourceLoading(WebappClassLoaderBase.java:1248)
		at org.apache.catalina.loader.WebappClassLoaderBase.getResource(WebappClassLoaderBase.java:857)
		at com.mysql.cj.jdbc.AbandonedConnectionCleanupThread.checkThreadContextClassLoader(AbandonedConnectionCleanupThread.java:123)
		at com.mysql.cj.jdbc.AbandonedConnectionCleanupThread.run(AbandonedConnectionCleanupThread.java:90)
		at java.base/java.util.concurrent.ThreadPoolExecutor.runWorker(ThreadPoolExecutor.java:1144)
		at java.base/java.util.concurrent.ThreadPoolExecutor$Worker.run(ThreadPoolExecutor.java:642)
		at java.base/java.lang.Thread.run(Thread.java:1570)
28-Jul-2025 17:38:21.297 INFO [http-nio-8080-exec-83] org.apache.jasper.servlet.TldScanner.scanJars Al menos un JAR, que se ha explorado buscando TLDs, aún no contenía TLDs. Activar historial de depuración para este historiador para una completa lista de los JARs que fueron explorados y de los que nos se halló TLDs. Saltarse JARs no necesarios durante la exploración puede dar lugar a una mejora de tiempo significativa en el arranque y compilación de JSP .
28-Jul-2025 17:38:21.754 WARNING [http-nio-8080-exec-83] org.glassfish.jersey.server.internal.scanning.AnnotationAcceptingListener$ClassReaderWrapper.accept Unsupported class file major version 66
28-Jul-2025 17:38:21.756 WARNING [http-nio-8080-exec-83] org.glassfish.jersey.server.internal.scanning.AnnotationAcceptingListener$ClassReaderWrapper.accept Unsupported class file major version 66
28-Jul-2025 17:38:21.756 WARNING [http-nio-8080-exec-83] org.glassfish.jersey.server.internal.scanning.AnnotationAcceptingListener$ClassReaderWrapper.accept Unsupported class file major version 66
28-Jul-2025 17:38:21.757 WARNING [http-nio-8080-exec-83] org.glassfish.jersey.server.internal.scanning.AnnotationAcceptingListener$ClassReaderWrapper.accept Unsupported class file major version 66
28-Jul-2025 17:38:21.757 WARNING [http-nio-8080-exec-83] org.glassfish.jersey.server.internal.scanning.AnnotationAcceptingListener$ClassReaderWrapper.accept Unsupported class file major version 66
28-Jul-2025 17:38:21.757 WARNING [http-nio-8080-exec-83] org.glassfish.jersey.server.internal.scanning.AnnotationAcceptingListener$ClassReaderWrapper.accept Unsupported class file major version 66
28-Jul-2025 17:38:21.758 WARNING [http-nio-8080-exec-83] org.glassfish.jersey.server.internal.scanning.AnnotationAcceptingListener$ClassReaderWrapper.accept Unsupported class file major version 66
28-Jul-2025 17:38:21.758 WARNING [http-nio-8080-exec-83] org.glassfish.jersey.server.internal.scanning.AnnotationAcceptingListener$ClassReaderWrapper.accept Unsupported class file major version 66
28-Jul-2025 17:38:21.758 WARNING [http-nio-8080-exec-83] org.glassfish.jersey.server.internal.scanning.AnnotationAcceptingListener$ClassReaderWrapper.accept Unsupported class file major version 66
28-Jul-2025 17:38:21.759 WARNING [http-nio-8080-exec-83] org.glassfish.jersey.server.internal.scanning.AnnotationAcceptingListener$ClassReaderWrapper.accept Unsupported class file major version 66
28-Jul-2025 17:38:21.759 WARNING [http-nio-8080-exec-83] org.glassfish.jersey.server.internal.scanning.AnnotationAcceptingListener$ClassReaderWrapper.accept Unsupported class file major version 66
28-Jul-2025 17:38:21.759 WARNING [http-nio-8080-exec-83] org.glassfish.jersey.server.internal.scanning.AnnotationAcceptingListener$ClassReaderWrapper.accept Unsupported class file major version 66
28-Jul-2025 17:38:21.760 WARNING [http-nio-8080-exec-83] org.glassfish.jersey.server.internal.scanning.AnnotationAcceptingListener$ClassReaderWrapper.accept Unsupported class file major version 66
28-Jul-2025 17:38:21.760 WARNING [http-nio-8080-exec-83] org.glassfish.jersey.server.internal.scanning.AnnotationAcceptingListener$ClassReaderWrapper.accept Unsupported class file major version 66
28-Jul-2025 17:38:21.760 WARNING [http-nio-8080-exec-83] org.glassfish.jersey.server.internal.scanning.AnnotationAcceptingListener$ClassReaderWrapper.accept Unsupported class file major version 66
28-Jul-2025 17:38:21.760 WARNING [http-nio-8080-exec-83] org.glassfish.jersey.server.internal.scanning.AnnotationAcceptingListener$ClassReaderWrapper.accept Unsupported class file major version 66
28-Jul-2025 17:38:21.761 WARNING [http-nio-8080-exec-83] org.glassfish.jersey.server.internal.scanning.AnnotationAcceptingListener$ClassReaderWrapper.accept Unsupported class file major version 66
28-Jul-2025 17:38:21.761 WARNING [http-nio-8080-exec-83] org.glassfish.jersey.server.internal.scanning.AnnotationAcceptingListener$ClassReaderWrapper.accept Unsupported class file major version 66
28-Jul-2025 17:38:21.761 WARNING [http-nio-8080-exec-83] org.glassfish.jersey.server.internal.scanning.AnnotationAcceptingListener$ClassReaderWrapper.accept Unsupported class file major version 66
28-Jul-2025 17:38:21.838 WARNING [http-nio-8080-exec-83] org.glassfish.jersey.server.wadl.WadlFeature.configure JAXBContext implementation could not be found. WADL feature is disabled.
28-Jul-2025 17:38:22.107 INFO [http-nio-8080-exec-83] org.apache.catalina.startup.HostConfig.deployDescriptor Deployment of deployment descriptor [C:\Users\Administrador\Documents\proyecto_final_helder_java-js\apache-tomcat-11.0.8-windows-x64\apache-tomcat-11.0.8\conf\Catalina\localhost\helder.xml] has finished in [1.715] ms
28-Jul-2025 17:38:22.113 INFO [http-nio-8080-exec-86] org.apache.catalina.util.LifecycleBase.start The start() method was called on component [StandardEngine[Catalina].StandardHost[localhost].StandardContext[/helder]] after start() had already been called. The second call will be ignored.
28-Jul-2025 17:40:31.334 WARNING [http-nio-8080-exec-94] org.apache.catalina.loader.WebappClassLoaderBase.clearReferencesJdbc La aplicación web [helder] registró el conductor JDBC [com.mysql.cj.jdbc.Driver] pero falló al anular el registro mientras la aplicación web estaba parada. Para prevenir un fallo de memoria, se ha anulado el registro del conductor JDBC por la fuerza.
28-Jul-2025 17:40:31.335 WARNING [http-nio-8080-exec-94] org.apache.catalina.loader.WebappClassLoaderBase.clearReferencesThreads The web application [helder] appears to have started a thread named [mysql-cj-abandoned-connection-cleanup] but has failed to stop it. This is very likely to create a memory leak. Stack trace of thread:
 java.base/jdk.internal.misc.Unsafe.park(Native Method)
 java.base/java.util.concurrent.locks.LockSupport.parkNanos(LockSupport.java:269)
 java.base/java.util.concurrent.locks.AbstractQueuedSynchronizer$ConditionObject.await(AbstractQueuedSynchronizer.java:1847)
 java.base/java.lang.ref.ReferenceQueue.await(ReferenceQueue.java:71)
 java.base/java.lang.ref.ReferenceQueue.remove0(ReferenceQueue.java:143)
 java.base/java.lang.ref.ReferenceQueue.remove(ReferenceQueue.java:218)
 com.mysql.cj.jdbc.AbandonedConnectionCleanupThread.run(AbandonedConnectionCleanupThread.java:91)
 java.base/java.util.concurrent.ThreadPoolExecutor.runWorker(ThreadPoolExecutor.java:1144)
 java.base/java.util.concurrent.ThreadPoolExecutor$Worker.run(ThreadPoolExecutor.java:642)
 java.base/java.lang.Thread.run(Thread.java:1570)
28-Jul-2025 17:40:31.841 INFO [http-nio-8080-exec-94] org.apache.catalina.startup.HostConfig.undeploy Repliegue (undeploy) de la aplicación web que tiene como trayectoria de contexto [/helder]
28-Jul-2025 17:40:31.849 INFO [http-nio-8080-exec-85] org.apache.catalina.startup.HostConfig.deployDescriptor Desplieque del descriptor de configuración [C:\Users\Administrador\Documents\proyecto_final_helder_java-js\apache-tomcat-11.0.8-windows-x64\apache-tomcat-11.0.8\conf\Catalina\localhost\helder.xml]
28-Jul-2025 17:40:31.849 WARNING [http-nio-8080-exec-85] org.apache.catalina.startup.HostConfig.deployDescriptor The path attribute with value [/helder] in deployment descriptor [C:\Users\Administrador\Documents\proyecto_final_helder_java-js\apache-tomcat-11.0.8-windows-x64\apache-tomcat-11.0.8\conf\Catalina\localhost\helder.xml] has been ignored
28-Jul-2025 17:40:32.335 INFO [mysql-cj-abandoned-connection-cleanup] org.apache.catalina.loader.WebappClassLoaderBase.checkStateForResourceLoading Acceso ilegal: esta instancia de aplicación web ya ha sido parada.  Could not load [].  La eventual traza de pila que sigue ha sido motivada por un error lanzado con motivos de depuración así como para intentar terminar el hilo que motivó el acceso ilegal y no tiene impacto funcional.
	java.lang.IllegalStateException: Acceso ilegal: esta instancia de aplicación web ya ha sido parada.  Could not load [].  La eventual traza de pila que sigue ha sido motivada por un error lanzado con motivos de depuración así como para intentar terminar el hilo que motivó el acceso ilegal y no tiene impacto funcional.
		at org.apache.catalina.loader.WebappClassLoaderBase.checkStateForResourceLoading(WebappClassLoaderBase.java:1248)
		at org.apache.catalina.loader.WebappClassLoaderBase.getResource(WebappClassLoaderBase.java:857)
		at com.mysql.cj.jdbc.AbandonedConnectionCleanupThread.checkThreadContextClassLoader(AbandonedConnectionCleanupThread.java:123)
		at com.mysql.cj.jdbc.AbandonedConnectionCleanupThread.run(AbandonedConnectionCleanupThread.java:90)
		at java.base/java.util.concurrent.ThreadPoolExecutor.runWorker(ThreadPoolExecutor.java:1144)
		at java.base/java.util.concurrent.ThreadPoolExecutor$Worker.run(ThreadPoolExecutor.java:642)
		at java.base/java.lang.Thread.run(Thread.java:1570)
28-Jul-2025 17:40:32.728 INFO [http-nio-8080-exec-85] org.apache.jasper.servlet.TldScanner.scanJars Al menos un JAR, que se ha explorado buscando TLDs, aún no contenía TLDs. Activar historial de depuración para este historiador para una completa lista de los JARs que fueron explorados y de los que nos se halló TLDs. Saltarse JARs no necesarios durante la exploración puede dar lugar a una mejora de tiempo significativa en el arranque y compilación de JSP .
28-Jul-2025 17:40:33.191 WARNING [http-nio-8080-exec-85] org.glassfish.jersey.server.internal.scanning.AnnotationAcceptingListener$ClassReaderWrapper.accept Unsupported class file major version 66
28-Jul-2025 17:40:33.193 WARNING [http-nio-8080-exec-85] org.glassfish.jersey.server.internal.scanning.AnnotationAcceptingListener$ClassReaderWrapper.accept Unsupported class file major version 66
28-Jul-2025 17:40:33.193 WARNING [http-nio-8080-exec-85] org.glassfish.jersey.server.internal.scanning.AnnotationAcceptingListener$ClassReaderWrapper.accept Unsupported class file major version 66
28-Jul-2025 17:40:33.194 WARNING [http-nio-8080-exec-85] org.glassfish.jersey.server.internal.scanning.AnnotationAcceptingListener$ClassReaderWrapper.accept Unsupported class file major version 66
28-Jul-2025 17:40:33.194 WARNING [http-nio-8080-exec-85] org.glassfish.jersey.server.internal.scanning.AnnotationAcceptingListener$ClassReaderWrapper.accept Unsupported class file major version 66
28-Jul-2025 17:40:33.194 WARNING [http-nio-8080-exec-85] org.glassfish.jersey.server.internal.scanning.AnnotationAcceptingListener$ClassReaderWrapper.accept Unsupported class file major version 66
28-Jul-2025 17:40:33.195 WARNING [http-nio-8080-exec-85] org.glassfish.jersey.server.internal.scanning.AnnotationAcceptingListener$ClassReaderWrapper.accept Unsupported class file major version 66
28-Jul-2025 17:40:33.195 WARNING [http-nio-8080-exec-85] org.glassfish.jersey.server.internal.scanning.AnnotationAcceptingListener$ClassReaderWrapper.accept Unsupported class file major version 66
28-Jul-2025 17:40:33.195 WARNING [http-nio-8080-exec-85] org.glassfish.jersey.server.internal.scanning.AnnotationAcceptingListener$ClassReaderWrapper.accept Unsupported class file major version 66
28-Jul-2025 17:40:33.195 WARNING [http-nio-8080-exec-85] org.glassfish.jersey.server.internal.scanning.AnnotationAcceptingListener$ClassReaderWrapper.accept Unsupported class file major version 66
28-Jul-2025 17:40:33.195 WARNING [http-nio-8080-exec-85] org.glassfish.jersey.server.internal.scanning.AnnotationAcceptingListener$ClassReaderWrapper.accept Unsupported class file major version 66
28-Jul-2025 17:40:33.196 WARNING [http-nio-8080-exec-85] org.glassfish.jersey.server.internal.scanning.AnnotationAcceptingListener$ClassReaderWrapper.accept Unsupported class file major version 66
28-Jul-2025 17:40:33.196 WARNING [http-nio-8080-exec-85] org.glassfish.jersey.server.internal.scanning.AnnotationAcceptingListener$ClassReaderWrapper.accept Unsupported class file major version 66
28-Jul-2025 17:40:33.196 WARNING [http-nio-8080-exec-85] org.glassfish.jersey.server.internal.scanning.AnnotationAcceptingListener$ClassReaderWrapper.accept Unsupported class file major version 66
28-Jul-2025 17:40:33.196 WARNING [http-nio-8080-exec-85] org.glassfish.jersey.server.internal.scanning.AnnotationAcceptingListener$ClassReaderWrapper.accept Unsupported class file major version 66
28-Jul-2025 17:40:33.197 WARNING [http-nio-8080-exec-85] org.glassfish.jersey.server.internal.scanning.AnnotationAcceptingListener$ClassReaderWrapper.accept Unsupported class file major version 66
28-Jul-2025 17:40:33.197 WARNING [http-nio-8080-exec-85] org.glassfish.jersey.server.internal.scanning.AnnotationAcceptingListener$ClassReaderWrapper.accept Unsupported class file major version 66
28-Jul-2025 17:40:33.197 WARNING [http-nio-8080-exec-85] org.glassfish.jersey.server.internal.scanning.AnnotationAcceptingListener$ClassReaderWrapper.accept Unsupported class file major version 66
28-Jul-2025 17:40:33.197 WARNING [http-nio-8080-exec-85] org.glassfish.jersey.server.internal.scanning.AnnotationAcceptingListener$ClassReaderWrapper.accept Unsupported class file major version 66
28-Jul-2025 17:40:33.276 WARNING [http-nio-8080-exec-85] org.glassfish.jersey.server.wadl.WadlFeature.configure JAXBContext implementation could not be found. WADL feature is disabled.
28-Jul-2025 17:40:33.548 INFO [http-nio-8080-exec-85] org.apache.catalina.startup.HostConfig.deployDescriptor Deployment of deployment descriptor [C:\Users\Administrador\Documents\proyecto_final_helder_java-js\apache-tomcat-11.0.8-windows-x64\apache-tomcat-11.0.8\conf\Catalina\localhost\helder.xml] has finished in [1.699] ms
28-Jul-2025 17:40:33.555 INFO [http-nio-8080-exec-96] org.apache.catalina.util.LifecycleBase.start The start() method was called on component [StandardEngine[Catalina].StandardHost[localhost].StandardContext[/helder]] after start() had already been called. The second call will be ignored.
28-Jul-2025 17:41:42.029 INFO [main] org.apache.catalina.core.StandardServer.await Se ha recibido un comando de apagado a través del puerto de apagado. Parando la instancia del Servidor.
28-Jul-2025 17:41:42.029 INFO [main] org.apache.coyote.AbstractProtocol.pause Pausing ProtocolHandler ["http-nio-8080"]
28-Jul-2025 17:41:42.038 INFO [main] org.apache.catalina.core.StandardService.stopInternal Parando servicio [Catalina]
28-Jul-2025 17:41:42.054 WARNING [main] org.apache.catalina.loader.WebappClassLoaderBase.clearReferencesJdbc La aplicación web [helder] registró el conductor JDBC [com.mysql.cj.jdbc.Driver] pero falló al anular el registro mientras la aplicación web estaba parada. Para prevenir un fallo de memoria, se ha anulado el registro del conductor JDBC por la fuerza.
28-Jul-2025 17:41:42.055 WARNING [main] org.apache.catalina.loader.WebappClassLoaderBase.clearReferencesThreads The web application [helder] appears to have started a thread named [mysql-cj-abandoned-connection-cleanup] but has failed to stop it. This is very likely to create a memory leak. Stack trace of thread:
 java.base/jdk.internal.misc.Unsafe.park(Native Method)
 java.base/java.util.concurrent.locks.LockSupport.parkNanos(LockSupport.java:269)
 java.base/java.util.concurrent.locks.AbstractQueuedSynchronizer$ConditionObject.await(AbstractQueuedSynchronizer.java:1847)
 java.base/java.lang.ref.ReferenceQueue.await(ReferenceQueue.java:71)
 java.base/java.lang.ref.ReferenceQueue.remove0(ReferenceQueue.java:143)
 java.base/java.lang.ref.ReferenceQueue.remove(ReferenceQueue.java:218)
 com.mysql.cj.jdbc.AbandonedConnectionCleanupThread.run(AbandonedConnectionCleanupThread.java:91)
 java.base/java.util.concurrent.ThreadPoolExecutor.runWorker(ThreadPoolExecutor.java:1144)
 java.base/java.util.concurrent.ThreadPoolExecutor$Worker.run(ThreadPoolExecutor.java:642)
 java.base/java.lang.Thread.run(Thread.java:1570)
28-Jul-2025 17:41:42.055 INFO [main] org.apache.coyote.AbstractProtocol.stop Stopping ProtocolHandler ["http-nio-8080"]
28-Jul-2025 17:41:42.068 INFO [main] org.apache.coyote.AbstractProtocol.destroy Destroying ProtocolHandler ["http-nio-8080"]
28-Jul-2025 17:41:45.186 INFO [main] org.apache.catalina.startup.VersionLoggerListener.log Nombre de la versión del servidor: Apache Tomcat/11.0.8
28-Jul-2025 17:41:45.189 INFO [main] org.apache.catalina.startup.VersionLoggerListener.log Server built:                      Jun 5 2025 17:49:55 UTC
28-Jul-2025 17:41:45.189 INFO [main] org.apache.catalina.startup.VersionLoggerListener.log Número de versión de servidor:     11.0.8.0
28-Jul-2025 17:41:45.189 INFO [main] org.apache.catalina.startup.VersionLoggerListener.log OS Name:                           Windows 10
28-Jul-2025 17:41:45.189 INFO [main] org.apache.catalina.startup.VersionLoggerListener.log Versión de Systema Operativo:      10.0
28-Jul-2025 17:41:45.189 INFO [main] org.apache.catalina.startup.VersionLoggerListener.log Arquitectura:                      amd64
28-Jul-2025 17:41:45.189 INFO [main] org.apache.catalina.startup.VersionLoggerListener.log Java Home:                         C:\Program Files\Java\jdk-22
28-Jul-2025 17:41:45.189 INFO [main] org.apache.catalina.startup.VersionLoggerListener.log JVM Version:                       22.0.2+9-70
28-Jul-2025 17:41:45.189 INFO [main] org.apache.catalina.startup.VersionLoggerListener.log Vededor JVM:                       Oracle Corporation
28-Jul-2025 17:41:45.189 INFO [main] org.apache.catalina.startup.VersionLoggerListener.log CATALINA_BASE:                     C:\Users\Administrador\Documents\proyecto_final_helder_java-js\apache-tomcat-11.0.8-windows-x64\apache-tomcat-11.0.8
28-Jul-2025 17:41:45.189 INFO [main] org.apache.catalina.startup.VersionLoggerListener.log CATALINA_HOME:                     C:\Users\Administrador\Documents\proyecto_final_helder_java-js\apache-tomcat-11.0.8-windows-x64\apache-tomcat-11.0.8
28-Jul-2025 17:41:45.197 INFO [main] org.apache.catalina.startup.VersionLoggerListener.log Command line argument:             -Djava.util.logging.config.file=C:\Users\Administrador\Documents\proyecto_final_helder_java-js\apache-tomcat-11.0.8-windows-x64\apache-tomcat-11.0.8\conf\logging.properties
28-Jul-2025 17:41:45.197 INFO [main] org.apache.catalina.startup.VersionLoggerListener.log Command line argument:             -Djava.util.logging.manager=org.apache.juli.ClassLoaderLogManager
28-Jul-2025 17:41:45.197 INFO [main] org.apache.catalina.startup.VersionLoggerListener.log Command line argument:             -Djdk.tls.ephemeralDHKeySize=2048
28-Jul-2025 17:41:45.197 INFO [main] org.apache.catalina.startup.VersionLoggerListener.log Command line argument:             --add-opens=java.base/java.lang=ALL-UNNAMED
28-Jul-2025 17:41:45.197 INFO [main] org.apache.catalina.startup.VersionLoggerListener.log Command line argument:             --add-opens=java.base/java.lang.reflect=ALL-UNNAMED
28-Jul-2025 17:41:45.197 INFO [main] org.apache.catalina.startup.VersionLoggerListener.log Command line argument:             --add-opens=java.base/java.io=ALL-UNNAMED
28-Jul-2025 17:41:45.197 INFO [main] org.apache.catalina.startup.VersionLoggerListener.log Command line argument:             --add-opens=java.base/java.util=ALL-UNNAMED
28-Jul-2025 17:41:45.197 INFO [main] org.apache.catalina.startup.VersionLoggerListener.log Command line argument:             --add-opens=java.base/java.util.concurrent=ALL-UNNAMED
28-Jul-2025 17:41:45.197 INFO [main] org.apache.catalina.startup.VersionLoggerListener.log Command line argument:             --add-opens=java.rmi/sun.rmi.transport=ALL-UNNAMED
28-Jul-2025 17:41:45.197 INFO [main] org.apache.catalina.startup.VersionLoggerListener.log Command line argument:             --enable-native-access=ALL-UNNAMED
28-Jul-2025 17:41:45.197 INFO [main] org.apache.catalina.startup.VersionLoggerListener.log Command line argument:             -Dcatalina.base=C:\Users\Administrador\Documents\proyecto_final_helder_java-js\apache-tomcat-11.0.8-windows-x64\apache-tomcat-11.0.8
28-Jul-2025 17:41:45.197 INFO [main] org.apache.catalina.startup.VersionLoggerListener.log Command line argument:             -Dcatalina.home=C:\Users\Administrador\Documents\proyecto_final_helder_java-js\apache-tomcat-11.0.8-windows-x64\apache-tomcat-11.0.8
28-Jul-2025 17:41:45.197 INFO [main] org.apache.catalina.startup.VersionLoggerListener.log Command line argument:             -Djava.io.tmpdir=C:\Users\Administrador\Documents\proyecto_final_helder_java-js\apache-tomcat-11.0.8-windows-x64\apache-tomcat-11.0.8\temp
28-Jul-2025 17:41:45.200 INFO [main] org.apache.catalina.core.AprLifecycleListener.lifecycleEvent Cargada la biblioteca nativa APR de Apache Tomcat [2.0.9] con la versión APR [1.7.6].
28-Jul-2025 17:41:45.203 INFO [main] org.apache.catalina.core.AprLifecycleListener.initializeSSL OpenSSL inicializado correctamente [OpenSSL 3.5.0 8 Apr 2025]
28-Jul-2025 17:41:45.419 INFO [main] org.apache.coyote.AbstractProtocol.init Inicializando el manejador de protocolo ["http-nio-8080"]

28-Jul-2025 17:41:45.434 INFO [main] org.apache.catalina.startup.Catalina.load Server initialization in [417] milliseconds
28-Jul-2025 17:41:45.469 INFO [main] org.apache.catalina.core.StandardService.startInternal Arrancando servicio [Catalina]
28-Jul-2025 17:41:45.470 INFO [main] org.apache.catalina.core.StandardEngine.startInternal Starting Servlet engine: [Apache Tomcat/11.0.8]
28-Jul-2025 17:41:45.476 INFO [main] org.apache.catalina.startup.HostConfig.deployDescriptor Desplieque del descriptor de configuración [C:\Users\Administrador\Documents\proyecto_final_helder_java-js\apache-tomcat-11.0.8-windows-x64\apache-tomcat-11.0.8\conf\Catalina\localhost\helder.xml]
28-Jul-2025 17:41:45.488 WARNING [main] org.apache.catalina.startup.HostConfig.deployDescriptor The path attribute with value [/helder] in deployment descriptor [C:\Users\Administrador\Documents\proyecto_final_helder_java-js\apache-tomcat-11.0.8-windows-x64\apache-tomcat-11.0.8\conf\Catalina\localhost\helder.xml] has been ignored
28-Jul-2025 17:41:46.707 INFO [main] org.apache.jasper.servlet.TldScanner.scanJars Al menos un JAR, que se ha explorado buscando TLDs, aún no contenía TLDs. Activar historial de depuración para este historiador para una completa lista de los JARs que fueron explorados y de los que nos se halló TLDs. Saltarse JARs no necesarios durante la exploración puede dar lugar a una mejora de tiempo significativa en el arranque y compilación de JSP .
28-Jul-2025 17:41:47.482 WARNING [main] org.glassfish.jersey.server.internal.scanning.AnnotationAcceptingListener$ClassReaderWrapper.accept Unsupported class file major version 66
28-Jul-2025 17:41:47.482 WARNING [main] org.glassfish.jersey.server.internal.scanning.AnnotationAcceptingListener$ClassReaderWrapper.accept Unsupported class file major version 66
28-Jul-2025 17:41:47.482 WARNING [main] org.glassfish.jersey.server.internal.scanning.AnnotationAcceptingListener$ClassReaderWrapper.accept Unsupported class file major version 66
28-Jul-2025 17:41:47.482 WARNING [main] org.glassfish.jersey.server.internal.scanning.AnnotationAcceptingListener$ClassReaderWrapper.accept Unsupported class file major version 66
28-Jul-2025 17:41:47.482 WARNING [main] org.glassfish.jersey.server.internal.scanning.AnnotationAcceptingListener$ClassReaderWrapper.accept Unsupported class file major version 66
28-Jul-2025 17:41:47.482 WARNING [main] org.glassfish.jersey.server.internal.scanning.AnnotationAcceptingListener$ClassReaderWrapper.accept Unsupported class file major version 66
28-Jul-2025 17:41:47.482 WARNING [main] org.glassfish.jersey.server.internal.scanning.AnnotationAcceptingListener$ClassReaderWrapper.accept Unsupported class file major version 66
28-Jul-2025 17:41:47.482 WARNING [main] org.glassfish.jersey.server.internal.scanning.AnnotationAcceptingListener$ClassReaderWrapper.accept Unsupported class file major version 66
28-Jul-2025 17:41:47.482 WARNING [main] org.glassfish.jersey.server.internal.scanning.AnnotationAcceptingListener$ClassReaderWrapper.accept Unsupported class file major version 66
28-Jul-2025 17:41:47.482 WARNING [main] org.glassfish.jersey.server.internal.scanning.AnnotationAcceptingListener$ClassReaderWrapper.accept Unsupported class file major version 66
28-Jul-2025 17:41:47.482 WARNING [main] org.glassfish.jersey.server.internal.scanning.AnnotationAcceptingListener$ClassReaderWrapper.accept Unsupported class file major version 66
28-Jul-2025 17:41:47.482 WARNING [main] org.glassfish.jersey.server.internal.scanning.AnnotationAcceptingListener$ClassReaderWrapper.accept Unsupported class file major version 66
28-Jul-2025 17:41:47.482 WARNING [main] org.glassfish.jersey.server.internal.scanning.AnnotationAcceptingListener$ClassReaderWrapper.accept Unsupported class file major version 66
28-Jul-2025 17:41:47.482 WARNING [main] org.glassfish.jersey.server.internal.scanning.AnnotationAcceptingListener$ClassReaderWrapper.accept Unsupported class file major version 66
28-Jul-2025 17:41:47.482 WARNING [main] org.glassfish.jersey.server.internal.scanning.AnnotationAcceptingListener$ClassReaderWrapper.accept Unsupported class file major version 66
28-Jul-2025 17:41:47.482 WARNING [main] org.glassfish.jersey.server.internal.scanning.AnnotationAcceptingListener$ClassReaderWrapper.accept Unsupported class file major version 66
28-Jul-2025 17:41:47.482 WARNING [main] org.glassfish.jersey.server.internal.scanning.AnnotationAcceptingListener$ClassReaderWrapper.accept Unsupported class file major version 66
28-Jul-2025 17:41:47.482 WARNING [main] org.glassfish.jersey.server.internal.scanning.AnnotationAcceptingListener$ClassReaderWrapper.accept Unsupported class file major version 66
28-Jul-2025 17:41:47.482 WARNING [main] org.glassfish.jersey.server.internal.scanning.AnnotationAcceptingListener$ClassReaderWrapper.accept Unsupported class file major version 66
28-Jul-2025 17:41:47.582 WARNING [main] org.glassfish.jersey.server.wadl.WadlFeature.configure JAXBContext implementation could not be found. WADL feature is disabled.
28-Jul-2025 17:41:47.954 INFO [main] org.apache.catalina.startup.HostConfig.deployDescriptor Deployment of deployment descriptor [C:\Users\Administrador\Documents\proyecto_final_helder_java-js\apache-tomcat-11.0.8-windows-x64\apache-tomcat-11.0.8\conf\Catalina\localhost\helder.xml] has finished in [2.477] ms
28-Jul-2025 17:41:47.954 INFO [main] org.apache.catalina.startup.HostConfig.deployDirectory Desplegando el directorio [C:\Users\Administrador\Documents\proyecto_final_helder_java-js\apache-tomcat-11.0.8-windows-x64\apache-tomcat-11.0.8\webapps\docs] de la aplicación web
28-Jul-2025 17:41:47.977 INFO [main] org.apache.catalina.startup.HostConfig.deployDirectory Deployment of web application directory [C:\Users\Administrador\Documents\proyecto_final_helder_java-js\apache-tomcat-11.0.8-windows-x64\apache-tomcat-11.0.8\webapps\docs] has finished in [23] ms
28-Jul-2025 17:41:47.977 INFO [main] org.apache.catalina.startup.HostConfig.deployDirectory Desplegando el directorio [C:\Users\Administrador\Documents\proyecto_final_helder_java-js\apache-tomcat-11.0.8-windows-x64\apache-tomcat-11.0.8\webapps\examples] de la aplicación web
28-Jul-2025 17:41:48.266 INFO [main] org.apache.catalina.startup.HostConfig.deployDirectory Deployment of web application directory [C:\Users\Administrador\Documents\proyecto_final_helder_java-js\apache-tomcat-11.0.8-windows-x64\apache-tomcat-11.0.8\webapps\examples] has finished in [289] ms
28-Jul-2025 17:41:48.266 INFO [main] org.apache.catalina.startup.HostConfig.deployDirectory Desplegando el directorio [C:\Users\Administrador\Documents\proyecto_final_helder_java-js\apache-tomcat-11.0.8-windows-x64\apache-tomcat-11.0.8\webapps\host-manager] de la aplicación web
28-Jul-2025 17:41:48.291 INFO [main] org.apache.catalina.startup.HostConfig.deployDirectory Deployment of web application directory [C:\Users\Administrador\Documents\proyecto_final_helder_java-js\apache-tomcat-11.0.8-windows-x64\apache-tomcat-11.0.8\webapps\host-manager] has finished in [25] ms
28-Jul-2025 17:41:48.291 INFO [main] org.apache.catalina.startup.HostConfig.deployDirectory Desplegando el directorio [C:\Users\Administrador\Documents\proyecto_final_helder_java-js\apache-tomcat-11.0.8-windows-x64\apache-tomcat-11.0.8\webapps\manager] de la aplicación web
28-Jul-2025 17:41:48.319 INFO [main] org.apache.catalina.startup.HostConfig.deployDirectory Deployment of web application directory [C:\Users\Administrador\Documents\proyecto_final_helder_java-js\apache-tomcat-11.0.8-windows-x64\apache-tomcat-11.0.8\webapps\manager] has finished in [28] ms
28-Jul-2025 17:41:48.319 INFO [main] org.apache.catalina.startup.HostConfig.deployDirectory Desplegando el directorio [C:\Users\Administrador\Documents\proyecto_final_helder_java-js\apache-tomcat-11.0.8-windows-x64\apache-tomcat-11.0.8\webapps\ROOT] de la aplicación web
28-Jul-2025 17:41:48.341 INFO [main] org.apache.catalina.startup.HostConfig.deployDirectory Deployment of web application directory [C:\Users\Administrador\Documents\proyecto_final_helder_java-js\apache-tomcat-11.0.8-windows-x64\apache-tomcat-11.0.8\webapps\ROOT] has finished in [22] ms
28-Jul-2025 17:41:48.345 INFO [main] org.apache.coyote.AbstractProtocol.start Starting ProtocolHandler ["http-nio-8080"]
28-Jul-2025 17:41:48.360 INFO [main] org.apache.catalina.startup.Catalina.start Server startup in [2924] milliseconds
28-Jul-2025 22:34:26.378 WARNING [http-nio-8080-exec-4] org.apache.catalina.loader.WebappClassLoaderBase.clearReferencesJdbc La aplicación web [helder] registró el conductor JDBC [com.mysql.cj.jdbc.Driver] pero falló al anular el registro mientras la aplicación web estaba parada. Para prevenir un fallo de memoria, se ha anulado el registro del conductor JDBC por la fuerza.
28-Jul-2025 22:34:26.378 WARNING [http-nio-8080-exec-4] org.apache.catalina.loader.WebappClassLoaderBase.clearReferencesThreads The web application [helder] appears to have started a thread named [mysql-cj-abandoned-connection-cleanup] but has failed to stop it. This is very likely to create a memory leak. Stack trace of thread:
 java.base/jdk.internal.misc.Unsafe.park(Native Method)
 java.base/java.util.concurrent.locks.LockSupport.parkNanos(LockSupport.java:269)
 java.base/java.util.concurrent.locks.AbstractQueuedSynchronizer$ConditionObject.await(AbstractQueuedSynchronizer.java:1847)
 java.base/java.lang.ref.ReferenceQueue.await(ReferenceQueue.java:71)
 java.base/java.lang.ref.ReferenceQueue.remove0(ReferenceQueue.java:143)
 java.base/java.lang.ref.ReferenceQueue.remove(ReferenceQueue.java:218)
 com.mysql.cj.jdbc.AbandonedConnectionCleanupThread.run(AbandonedConnectionCleanupThread.java:91)
 java.base/java.util.concurrent.ThreadPoolExecutor.runWorker(ThreadPoolExecutor.java:1144)
 java.base/java.util.concurrent.ThreadPoolExecutor$Worker.run(ThreadPoolExecutor.java:642)
 java.base/java.lang.Thread.run(Thread.java:1570)
28-Jul-2025 22:34:26.892 INFO [http-nio-8080-exec-4] org.apache.catalina.startup.HostConfig.undeploy Repliegue (undeploy) de la aplicación web que tiene como trayectoria de contexto [/helder]
28-Jul-2025 22:34:26.927 INFO [http-nio-8080-exec-7] org.apache.catalina.startup.HostConfig.deployDescriptor Desplieque del descriptor de configuración [C:\Users\Administrador\Documents\proyecto_final_helder_java-js\apache-tomcat-11.0.8-windows-x64\apache-tomcat-11.0.8\conf\Catalina\localhost\helder.xml]
28-Jul-2025 22:34:26.928 WARNING [http-nio-8080-exec-7] org.apache.catalina.startup.HostConfig.deployDescriptor The path attribute with value [/helder] in deployment descriptor [C:\Users\Administrador\Documents\proyecto_final_helder_java-js\apache-tomcat-11.0.8-windows-x64\apache-tomcat-11.0.8\conf\Catalina\localhost\helder.xml] has been ignored
28-Jul-2025 22:34:27.870 INFO [http-nio-8080-exec-7] org.apache.jasper.servlet.TldScanner.scanJars Al menos un JAR, que se ha explorado buscando TLDs, aún no contenía TLDs. Activar historial de depuración para este historiador para una completa lista de los JARs que fueron explorados y de los que nos se halló TLDs. Saltarse JARs no necesarios durante la exploración puede dar lugar a una mejora de tiempo significativa en el arranque y compilación de JSP .
28-Jul-2025 22:34:28.370 WARNING [http-nio-8080-exec-7] org.glassfish.jersey.server.internal.scanning.AnnotationAcceptingListener$ClassReaderWrapper.accept Unsupported class file major version 66
28-Jul-2025 22:34:28.372 WARNING [http-nio-8080-exec-7] org.glassfish.jersey.server.internal.scanning.AnnotationAcceptingListener$ClassReaderWrapper.accept Unsupported class file major version 66
28-Jul-2025 22:34:28.372 WARNING [http-nio-8080-exec-7] org.glassfish.jersey.server.internal.scanning.AnnotationAcceptingListener$ClassReaderWrapper.accept Unsupported class file major version 66
28-Jul-2025 22:34:28.373 WARNING [http-nio-8080-exec-7] org.glassfish.jersey.server.internal.scanning.AnnotationAcceptingListener$ClassReaderWrapper.accept Unsupported class file major version 66
28-Jul-2025 22:34:28.374 WARNING [http-nio-8080-exec-7] org.glassfish.jersey.server.internal.scanning.AnnotationAcceptingListener$ClassReaderWrapper.accept Unsupported class file major version 66
28-Jul-2025 22:34:28.374 WARNING [http-nio-8080-exec-7] org.glassfish.jersey.server.internal.scanning.AnnotationAcceptingListener$ClassReaderWrapper.accept Unsupported class file major version 66
28-Jul-2025 22:34:28.375 WARNING [http-nio-8080-exec-7] org.glassfish.jersey.server.internal.scanning.AnnotationAcceptingListener$ClassReaderWrapper.accept Unsupported class file major version 66
28-Jul-2025 22:34:28.375 WARNING [http-nio-8080-exec-7] org.glassfish.jersey.server.internal.scanning.AnnotationAcceptingListener$ClassReaderWrapper.accept Unsupported class file major version 66
28-Jul-2025 22:34:28.375 WARNING [http-nio-8080-exec-7] org.glassfish.jersey.server.internal.scanning.AnnotationAcceptingListener$ClassReaderWrapper.accept Unsupported class file major version 66
28-Jul-2025 22:34:28.376 WARNING [http-nio-8080-exec-7] org.glassfish.jersey.server.internal.scanning.AnnotationAcceptingListener$ClassReaderWrapper.accept Unsupported class file major version 66
28-Jul-2025 22:34:28.376 WARNING [http-nio-8080-exec-7] org.glassfish.jersey.server.internal.scanning.AnnotationAcceptingListener$ClassReaderWrapper.accept Unsupported class file major version 66
28-Jul-2025 22:34:28.376 WARNING [http-nio-8080-exec-7] org.glassfish.jersey.server.internal.scanning.AnnotationAcceptingListener$ClassReaderWrapper.accept Unsupported class file major version 66
28-Jul-2025 22:34:28.377 WARNING [http-nio-8080-exec-7] org.glassfish.jersey.server.internal.scanning.AnnotationAcceptingListener$ClassReaderWrapper.accept Unsupported class file major version 66
28-Jul-2025 22:34:28.377 WARNING [http-nio-8080-exec-7] org.glassfish.jersey.server.internal.scanning.AnnotationAcceptingListener$ClassReaderWrapper.accept Unsupported class file major version 66
28-Jul-2025 22:34:28.377 WARNING [http-nio-8080-exec-7] org.glassfish.jersey.server.internal.scanning.AnnotationAcceptingListener$ClassReaderWrapper.accept Unsupported class file major version 66
28-Jul-2025 22:34:28.378 WARNING [http-nio-8080-exec-7] org.glassfish.jersey.server.internal.scanning.AnnotationAcceptingListener$ClassReaderWrapper.accept Unsupported class file major version 66
28-Jul-2025 22:34:28.378 WARNING [http-nio-8080-exec-7] org.glassfish.jersey.server.internal.scanning.AnnotationAcceptingListener$ClassReaderWrapper.accept Unsupported class file major version 66
28-Jul-2025 22:34:28.378 WARNING [http-nio-8080-exec-7] org.glassfish.jersey.server.internal.scanning.AnnotationAcceptingListener$ClassReaderWrapper.accept Unsupported class file major version 66
28-Jul-2025 22:34:28.379 WARNING [http-nio-8080-exec-7] org.glassfish.jersey.server.internal.scanning.AnnotationAcceptingListener$ClassReaderWrapper.accept Unsupported class file major version 66
28-Jul-2025 22:34:28.465 WARNING [http-nio-8080-exec-7] org.glassfish.jersey.server.wadl.WadlFeature.configure JAXBContext implementation could not be found. WADL feature is disabled.
28-Jul-2025 22:34:28.769 INFO [http-nio-8080-exec-7] org.apache.catalina.startup.HostConfig.deployDescriptor Deployment of deployment descriptor [C:\Users\Administrador\Documents\proyecto_final_helder_java-js\apache-tomcat-11.0.8-windows-x64\apache-tomcat-11.0.8\conf\Catalina\localhost\helder.xml] has finished in [1.841] ms
28-Jul-2025 22:34:28.772 INFO [http-nio-8080-exec-9] org.apache.catalina.util.LifecycleBase.start The start() method was called on component [StandardEngine[Catalina].StandardHost[localhost].StandardContext[/helder]] after start() had already been called. The second call will be ignored.
28-Jul-2025 22:34:29.381 INFO [mysql-cj-abandoned-connection-cleanup] org.apache.catalina.loader.WebappClassLoaderBase.checkStateForResourceLoading Acceso ilegal: esta instancia de aplicación web ya ha sido parada.  Could not load [].  La eventual traza de pila que sigue ha sido motivada por un error lanzado con motivos de depuración así como para intentar terminar el hilo que motivó el acceso ilegal y no tiene impacto funcional.
	java.lang.IllegalStateException: Acceso ilegal: esta instancia de aplicación web ya ha sido parada.  Could not load [].  La eventual traza de pila que sigue ha sido motivada por un error lanzado con motivos de depuración así como para intentar terminar el hilo que motivó el acceso ilegal y no tiene impacto funcional.
		at org.apache.catalina.loader.WebappClassLoaderBase.checkStateForResourceLoading(WebappClassLoaderBase.java:1248)
		at org.apache.catalina.loader.WebappClassLoaderBase.getResource(WebappClassLoaderBase.java:857)
		at com.mysql.cj.jdbc.AbandonedConnectionCleanupThread.checkThreadContextClassLoader(AbandonedConnectionCleanupThread.java:123)
		at com.mysql.cj.jdbc.AbandonedConnectionCleanupThread.run(AbandonedConnectionCleanupThread.java:90)
		at java.base/java.util.concurrent.ThreadPoolExecutor.runWorker(ThreadPoolExecutor.java:1144)
		at java.base/java.util.concurrent.ThreadPoolExecutor$Worker.run(ThreadPoolExecutor.java:642)
		at java.base/java.lang.Thread.run(Thread.java:1570)
