03-Aug-2025 01:15:44.016 SEVERE [http-nio-8080-exec-14] org.glassfish.jersey.message.internal.WriterInterceptorExecutor$TerminalWriterInterceptor.aroundWriteTo MessageBodyWriter not found for media type=null, type=class modelo.ApiResponse, genericType=class modelo.ApiResponse.
03-Aug-2025 01:15:44.033 SEVERE [http-nio-8080-exec-14] org.glassfish.jersey.server.ServerRuntime$Responder.process Error occurred when processing a response created from an already mapped exception.
03-Aug-2025 01:15:44.033 WARNING [http-nio-8080-exec-14] org.glassfish.jersey.server.ServerRuntime$Responder.process An exception mapping did not successfully produce and processed a response. Logging the exception propagated to the default exception mapper.
	jakarta.ws.rs.InternalServerErrorException: HTTP 500 Internal Server Error
		at org.glassfish.jersey.server.internal.MappableExceptionWrapperInterceptor.aroundWriteTo(MappableExceptionWrapperInterceptor.java:65)
		at org.glassfish.jersey.message.internal.WriterInterceptorExecutor.proceed(WriterInterceptorExecutor.java:139)
		at org.glassfish.jersey.message.internal.MessageBodyFactory.writeTo(MessageBodyFactory.java:1116)
		at org.glassfish.jersey.server.ServerRuntime$Responder.writeResponse(ServerRuntime.java:677)
		at org.glassfish.jersey.server.ServerRuntime$Responder.processResponse(ServerRuntime.java:385)
		at org.glassfish.jersey.server.ServerRuntime$Responder.process(ServerRuntime.java:437)
		at org.glassfish.jersey.server.ServerRuntime$1.run(ServerRuntime.java:269)
		at org.glassfish.jersey.internal.Errors$1.call(Errors.java:248)
		at org.glassfish.jersey.internal.Errors$1.call(Errors.java:244)
		at org.glassfish.jersey.internal.Errors.process(Errors.java:292)
		at org.glassfish.jersey.internal.Errors.process(Errors.java:274)
		at org.glassfish.jersey.internal.Errors.process(Errors.java:244)
		at org.glassfish.jersey.process.internal.RequestScope.runInScope(RequestScope.java:265)
		at org.glassfish.jersey.server.ServerRuntime.process(ServerRuntime.java:240)
		at org.glassfish.jersey.server.ApplicationHandler.handle(ApplicationHandler.java:697)
		at org.glassfish.jersey.servlet.WebComponent.serviceImpl(WebComponent.java:394)
		at org.glassfish.jersey.servlet.WebComponent.service(WebComponent.java:346)
		at org.glassfish.jersey.servlet.ServletContainer.service(ServletContainer.java:357)
		at org.glassfish.jersey.servlet.ServletContainer.service(ServletContainer.java:311)
		at org.glassfish.jersey.servlet.ServletContainer.service(ServletContainer.java:205)
		at org.apache.catalina.core.ApplicationFilterChain.doFilter(ApplicationFilterChain.java:130)
		at org.apache.tomcat.websocket.server.WsFilter.doFilter(WsFilter.java:53)
		at org.apache.catalina.core.ApplicationFilterChain.doFilter(ApplicationFilterChain.java:109)
		at org.apache.catalina.core.StandardWrapperValve.invoke(StandardWrapperValve.java:167)
		at org.apache.catalina.core.StandardContextValve.invoke(StandardContextValve.java:79)
		at org.apache.catalina.authenticator.AuthenticatorBase.invoke(AuthenticatorBase.java:483)
		at org.apache.catalina.core.StandardHostValve.invoke(StandardHostValve.java:116)
		at org.apache.catalina.valves.ErrorReportValve.invoke(ErrorReportValve.java:93)
		at org.apache.catalina.valves.AbstractAccessLogValve.invoke(AbstractAccessLogValve.java:666)
		at org.apache.catalina.core.StandardEngineValve.invoke(StandardEngineValve.java:74)
		at org.apache.catalina.connector.CoyoteAdapter.service(CoyoteAdapter.java:343)
		at org.apache.coyote.http11.Http11Processor.service(Http11Processor.java:396)
		at org.apache.coyote.AbstractProcessorLight.process(AbstractProcessorLight.java:63)
		at org.apache.coyote.AbstractProtocol$ConnectionHandler.process(AbstractProtocol.java:903)
		at org.apache.tomcat.util.net.NioEndpoint$SocketProcessor.doRun(NioEndpoint.java:1773)
		at org.apache.tomcat.util.net.SocketProcessorBase.run(SocketProcessorBase.java:52)
		at org.apache.tomcat.util.threads.ThreadPoolExecutor.runWorker(ThreadPoolExecutor.java:1149)
		at org.apache.tomcat.util.threads.ThreadPoolExecutor$Worker.run(ThreadPoolExecutor.java:637)
		at org.apache.tomcat.util.threads.TaskThread$WrappingRunnable.run(TaskThread.java:59)
		at java.base/java.lang.Thread.run(Thread.java:1570)
	Caused by: org.glassfish.jersey.message.internal.MessageBodyProviderNotFoundException: MessageBodyWriter not found for media type=null, type=class modelo.ApiResponse, genericType=class modelo.ApiResponse.
		at org.glassfish.jersey.message.internal.WriterInterceptorExecutor$TerminalWriterInterceptor.aroundWriteTo(WriterInterceptorExecutor.java:224)
		at org.glassfish.jersey.message.internal.WriterInterceptorExecutor.proceed(WriterInterceptorExecutor.java:139)
		at org.glassfish.jersey.server.internal.JsonWithPaddingInterceptor.aroundWriteTo(JsonWithPaddingInterceptor.java:85)
		at org.glassfish.jersey.message.internal.WriterInterceptorExecutor.proceed(WriterInterceptorExecutor.java:139)
		at org.glassfish.jersey.server.internal.MappableExceptionWrapperInterceptor.aroundWriteTo(MappableExceptionWrapperInterceptor.java:61)
		... 39 more
03-Aug-2025 01:15:44.293 WARNING [http-nio-8080-exec-14] org.glassfish.jersey.server.ServerRuntime$Responder.release Attempt to release request processing resources has failed for a request.
	org.glassfish.jersey.server.ContainerException: java.util.concurrent.ExecutionException: jakarta.ws.rs.InternalServerErrorException: HTTP 500 Internal Server Error
		at org.glassfish.jersey.servlet.internal.ResponseWriter.getResponseContext(ResponseWriter.java:278)
		at org.glassfish.jersey.servlet.internal.ResponseWriter.writeResponseStatusAndHeaders(ResponseWriter.java:128)
		at org.glassfish.jersey.server.ServerRuntime$Responder$1.getOutputStream(ServerRuntime.java:667)
		at org.glassfish.jersey.message.internal.CommittingOutputStream.commitStream(CommittingOutputStream.java:171)
		at org.glassfish.jersey.message.internal.CommittingOutputStream.flushBuffer(CommittingOutputStream.java:276)
		at org.glassfish.jersey.message.internal.CommittingOutputStream.commit(CommittingOutputStream.java:232)
		at org.glassfish.jersey.message.internal.CommittingOutputStream.close(CommittingOutputStream.java:247)
		at org.glassfish.jersey.message.internal.OutboundMessageContext.close(OutboundMessageContext.java:865)
		at org.glassfish.jersey.server.ContainerResponse.close(ContainerResponse.java:403)
		at java.base/java.util.stream.ForEachOps$ForEachOp$OfRef.accept(ForEachOps.java:184)
		at java.base/java.util.stream.ReferencePipeline$2$1.accept(ReferencePipeline.java:194)
		at java.base/java.util.Spliterators$ArraySpliterator.forEachRemaining(Spliterators.java:1024)
		at java.base/java.util.stream.AbstractPipeline.copyInto(AbstractPipeline.java:556)
		at java.base/java.util.stream.AbstractPipeline.wrapAndCopyInto(AbstractPipeline.java:546)
		at java.base/java.util.stream.ForEachOps$ForEachOp.evaluateSequential(ForEachOps.java:151)
		at java.base/java.util.stream.ForEachOps$ForEachOp$OfRef.evaluateSequential(ForEachOps.java:174)
		at java.base/java.util.stream.AbstractPipeline.evaluate(AbstractPipeline.java:265)
		at java.base/java.util.stream.ReferencePipeline.forEach(ReferencePipeline.java:611)
		at org.glassfish.jersey.server.ServerRuntime$Responder.release(ServerRuntime.java:774)
		at org.glassfish.jersey.server.ServerRuntime$Responder.process(ServerRuntime.java:467)
		at org.glassfish.jersey.server.ServerRuntime$1.run(ServerRuntime.java:269)
		at org.glassfish.jersey.internal.Errors$1.call(Errors.java:248)
		at org.glassfish.jersey.internal.Errors$1.call(Errors.java:244)
		at org.glassfish.jersey.internal.Errors.process(Errors.java:292)
		at org.glassfish.jersey.internal.Errors.process(Errors.java:274)
		at org.glassfish.jersey.internal.Errors.process(Errors.java:244)
		at org.glassfish.jersey.process.internal.RequestScope.runInScope(RequestScope.java:265)
		at org.glassfish.jersey.server.ServerRuntime.process(ServerRuntime.java:240)
		at org.glassfish.jersey.server.ApplicationHandler.handle(ApplicationHandler.java:697)
		at org.glassfish.jersey.servlet.WebComponent.serviceImpl(WebComponent.java:394)
		at org.glassfish.jersey.servlet.WebComponent.service(WebComponent.java:346)
		at org.glassfish.jersey.servlet.ServletContainer.service(ServletContainer.java:357)
		at org.glassfish.jersey.servlet.ServletContainer.service(ServletContainer.java:311)
		at org.glassfish.jersey.servlet.ServletContainer.service(ServletContainer.java:205)
		at org.apache.catalina.core.ApplicationFilterChain.doFilter(ApplicationFilterChain.java:130)
		at org.apache.tomcat.websocket.server.WsFilter.doFilter(WsFilter.java:53)
		at org.apache.catalina.core.ApplicationFilterChain.doFilter(ApplicationFilterChain.java:109)
		at org.apache.catalina.core.StandardWrapperValve.invoke(StandardWrapperValve.java:167)
		at org.apache.catalina.core.StandardContextValve.invoke(StandardContextValve.java:79)
		at org.apache.catalina.authenticator.AuthenticatorBase.invoke(AuthenticatorBase.java:483)
		at org.apache.catalina.core.StandardHostValve.invoke(StandardHostValve.java:116)
		at org.apache.catalina.valves.ErrorReportValve.invoke(ErrorReportValve.java:93)
		at org.apache.catalina.valves.AbstractAccessLogValve.invoke(AbstractAccessLogValve.java:666)
		at org.apache.catalina.core.StandardEngineValve.invoke(StandardEngineValve.java:74)
		at org.apache.catalina.connector.CoyoteAdapter.service(CoyoteAdapter.java:343)
		at org.apache.coyote.http11.Http11Processor.service(Http11Processor.java:396)
		at org.apache.coyote.AbstractProcessorLight.process(AbstractProcessorLight.java:63)
		at org.apache.coyote.AbstractProtocol$ConnectionHandler.process(AbstractProtocol.java:903)
		at org.apache.tomcat.util.net.NioEndpoint$SocketProcessor.doRun(NioEndpoint.java:1773)
		at org.apache.tomcat.util.net.SocketProcessorBase.run(SocketProcessorBase.java:52)
		at org.apache.tomcat.util.threads.ThreadPoolExecutor.runWorker(ThreadPoolExecutor.java:1149)
		at org.apache.tomcat.util.threads.ThreadPoolExecutor$Worker.run(ThreadPoolExecutor.java:637)
		at org.apache.tomcat.util.threads.TaskThread$WrappingRunnable.run(TaskThread.java:59)
		at java.base/java.lang.Thread.run(Thread.java:1570)
	Caused by: java.util.concurrent.ExecutionException: jakarta.ws.rs.InternalServerErrorException: HTTP 500 Internal Server Error
		at java.base/java.util.concurrent.CompletableFuture.reportGet(CompletableFuture.java:396)
		at java.base/java.util.concurrent.CompletableFuture.get(CompletableFuture.java:2073)
		at org.glassfish.jersey.servlet.internal.ResponseWriter.getResponseContext(ResponseWriter.java:276)
		... 53 more
	Caused by: jakarta.ws.rs.InternalServerErrorException: HTTP 500 Internal Server Error
		at org.glassfish.jersey.server.internal.MappableExceptionWrapperInterceptor.aroundWriteTo(MappableExceptionWrapperInterceptor.java:65)
		at org.glassfish.jersey.message.internal.WriterInterceptorExecutor.proceed(WriterInterceptorExecutor.java:139)
		at org.glassfish.jersey.message.internal.MessageBodyFactory.writeTo(MessageBodyFactory.java:1116)
		at org.glassfish.jersey.server.ServerRuntime$Responder.writeResponse(ServerRuntime.java:677)
		at org.glassfish.jersey.server.ServerRuntime$Responder.processResponse(ServerRuntime.java:385)
		at org.glassfish.jersey.server.ServerRuntime$Responder.process(ServerRuntime.java:437)
		... 34 more
	Caused by: org.glassfish.jersey.message.internal.MessageBodyProviderNotFoundException: MessageBodyWriter not found for media type=null, type=class modelo.ApiResponse, genericType=class modelo.ApiResponse.
		at org.glassfish.jersey.message.internal.WriterInterceptorExecutor$TerminalWriterInterceptor.aroundWriteTo(WriterInterceptorExecutor.java:224)
		at org.glassfish.jersey.message.internal.WriterInterceptorExecutor.proceed(WriterInterceptorExecutor.java:139)
		at org.glassfish.jersey.server.internal.JsonWithPaddingInterceptor.aroundWriteTo(JsonWithPaddingInterceptor.java:85)
		at org.glassfish.jersey.message.internal.WriterInterceptorExecutor.proceed(WriterInterceptorExecutor.java:139)
		at org.glassfish.jersey.server.internal.MappableExceptionWrapperInterceptor.aroundWriteTo(MappableExceptionWrapperInterceptor.java:61)
		... 39 more
03-Aug-2025 01:15:57.423 SEVERE [http-nio-8080-exec-13] org.glassfish.jersey.message.internal.WriterInterceptorExecutor$TerminalWriterInterceptor.aroundWriteTo MessageBodyWriter not found for media type=null, type=class modelo.ApiResponse, genericType=class modelo.ApiResponse.
03-Aug-2025 01:15:57.423 SEVERE [http-nio-8080-exec-13] org.glassfish.jersey.server.ServerRuntime$Responder.process Error occurred when processing a response created from an already mapped exception.
03-Aug-2025 01:15:57.423 WARNING [http-nio-8080-exec-13] org.glassfish.jersey.server.ServerRuntime$Responder.process An exception mapping did not successfully produce and processed a response. Logging the exception propagated to the default exception mapper.
	jakarta.ws.rs.InternalServerErrorException: HTTP 500 Internal Server Error
		at org.glassfish.jersey.server.internal.MappableExceptionWrapperInterceptor.aroundWriteTo(MappableExceptionWrapperInterceptor.java:65)
		at org.glassfish.jersey.message.internal.WriterInterceptorExecutor.proceed(WriterInterceptorExecutor.java:139)
		at org.glassfish.jersey.message.internal.MessageBodyFactory.writeTo(MessageBodyFactory.java:1116)
		at org.glassfish.jersey.server.ServerRuntime$Responder.writeResponse(ServerRuntime.java:677)
		at org.glassfish.jersey.server.ServerRuntime$Responder.processResponse(ServerRuntime.java:385)
		at org.glassfish.jersey.server.ServerRuntime$Responder.process(ServerRuntime.java:437)
		at org.glassfish.jersey.server.ServerRuntime$1.run(ServerRuntime.java:269)
		at org.glassfish.jersey.internal.Errors$1.call(Errors.java:248)
		at org.glassfish.jersey.internal.Errors$1.call(Errors.java:244)
		at org.glassfish.jersey.internal.Errors.process(Errors.java:292)
		at org.glassfish.jersey.internal.Errors.process(Errors.java:274)
		at org.glassfish.jersey.internal.Errors.process(Errors.java:244)
		at org.glassfish.jersey.process.internal.RequestScope.runInScope(RequestScope.java:265)
		at org.glassfish.jersey.server.ServerRuntime.process(ServerRuntime.java:240)
		at org.glassfish.jersey.server.ApplicationHandler.handle(ApplicationHandler.java:697)
		at org.glassfish.jersey.servlet.WebComponent.serviceImpl(WebComponent.java:394)
		at org.glassfish.jersey.servlet.WebComponent.service(WebComponent.java:346)
		at org.glassfish.jersey.servlet.ServletContainer.service(ServletContainer.java:357)
		at org.glassfish.jersey.servlet.ServletContainer.service(ServletContainer.java:311)
		at org.glassfish.jersey.servlet.ServletContainer.service(ServletContainer.java:205)
		at org.apache.catalina.core.ApplicationFilterChain.doFilter(ApplicationFilterChain.java:130)
		at org.apache.tomcat.websocket.server.WsFilter.doFilter(WsFilter.java:53)
		at org.apache.catalina.core.ApplicationFilterChain.doFilter(ApplicationFilterChain.java:109)
		at org.apache.catalina.core.StandardWrapperValve.invoke(StandardWrapperValve.java:167)
		at org.apache.catalina.core.StandardContextValve.invoke(StandardContextValve.java:79)
		at org.apache.catalina.authenticator.AuthenticatorBase.invoke(AuthenticatorBase.java:483)
		at org.apache.catalina.core.StandardHostValve.invoke(StandardHostValve.java:116)
		at org.apache.catalina.valves.ErrorReportValve.invoke(ErrorReportValve.java:93)
		at org.apache.catalina.valves.AbstractAccessLogValve.invoke(AbstractAccessLogValve.java:666)
		at org.apache.catalina.core.StandardEngineValve.invoke(StandardEngineValve.java:74)
		at org.apache.catalina.connector.CoyoteAdapter.service(CoyoteAdapter.java:343)
		at org.apache.coyote.http11.Http11Processor.service(Http11Processor.java:396)
		at org.apache.coyote.AbstractProcessorLight.process(AbstractProcessorLight.java:63)
		at org.apache.coyote.AbstractProtocol$ConnectionHandler.process(AbstractProtocol.java:903)
		at org.apache.tomcat.util.net.NioEndpoint$SocketProcessor.doRun(NioEndpoint.java:1773)
		at org.apache.tomcat.util.net.SocketProcessorBase.run(SocketProcessorBase.java:52)
		at org.apache.tomcat.util.threads.ThreadPoolExecutor.runWorker(ThreadPoolExecutor.java:1149)
		at org.apache.tomcat.util.threads.ThreadPoolExecutor$Worker.run(ThreadPoolExecutor.java:637)
		at org.apache.tomcat.util.threads.TaskThread$WrappingRunnable.run(TaskThread.java:59)
		at java.base/java.lang.Thread.run(Thread.java:1570)
	Caused by: org.glassfish.jersey.message.internal.MessageBodyProviderNotFoundException: MessageBodyWriter not found for media type=null, type=class modelo.ApiResponse, genericType=class modelo.ApiResponse.
		at org.glassfish.jersey.message.internal.WriterInterceptorExecutor$TerminalWriterInterceptor.aroundWriteTo(WriterInterceptorExecutor.java:224)
		at org.glassfish.jersey.message.internal.WriterInterceptorExecutor.proceed(WriterInterceptorExecutor.java:139)
		at org.glassfish.jersey.server.internal.JsonWithPaddingInterceptor.aroundWriteTo(JsonWithPaddingInterceptor.java:85)
		at org.glassfish.jersey.message.internal.WriterInterceptorExecutor.proceed(WriterInterceptorExecutor.java:139)
		at org.glassfish.jersey.server.internal.MappableExceptionWrapperInterceptor.aroundWriteTo(MappableExceptionWrapperInterceptor.java:61)
		... 39 more
03-Aug-2025 01:15:57.684 WARNING [http-nio-8080-exec-13] org.glassfish.jersey.server.ServerRuntime$Responder.release Attempt to release request processing resources has failed for a request.
	org.glassfish.jersey.server.ContainerException: java.util.concurrent.ExecutionException: jakarta.ws.rs.InternalServerErrorException: HTTP 500 Internal Server Error
		at org.glassfish.jersey.servlet.internal.ResponseWriter.getResponseContext(ResponseWriter.java:278)
		at org.glassfish.jersey.servlet.internal.ResponseWriter.writeResponseStatusAndHeaders(ResponseWriter.java:128)
		at org.glassfish.jersey.server.ServerRuntime$Responder$1.getOutputStream(ServerRuntime.java:667)
		at org.glassfish.jersey.message.internal.CommittingOutputStream.commitStream(CommittingOutputStream.java:171)
		at org.glassfish.jersey.message.internal.CommittingOutputStream.flushBuffer(CommittingOutputStream.java:276)
		at org.glassfish.jersey.message.internal.CommittingOutputStream.commit(CommittingOutputStream.java:232)
		at org.glassfish.jersey.message.internal.CommittingOutputStream.close(CommittingOutputStream.java:247)
		at org.glassfish.jersey.message.internal.OutboundMessageContext.close(OutboundMessageContext.java:865)
		at org.glassfish.jersey.server.ContainerResponse.close(ContainerResponse.java:403)
		at java.base/java.util.stream.ForEachOps$ForEachOp$OfRef.accept(ForEachOps.java:184)
		at java.base/java.util.stream.ReferencePipeline$2$1.accept(ReferencePipeline.java:194)
		at java.base/java.util.Spliterators$ArraySpliterator.forEachRemaining(Spliterators.java:1024)
		at java.base/java.util.stream.AbstractPipeline.copyInto(AbstractPipeline.java:556)
		at java.base/java.util.stream.AbstractPipeline.wrapAndCopyInto(AbstractPipeline.java:546)
		at java.base/java.util.stream.ForEachOps$ForEachOp.evaluateSequential(ForEachOps.java:151)
		at java.base/java.util.stream.ForEachOps$ForEachOp$OfRef.evaluateSequential(ForEachOps.java:174)
		at java.base/java.util.stream.AbstractPipeline.evaluate(AbstractPipeline.java:265)
		at java.base/java.util.stream.ReferencePipeline.forEach(ReferencePipeline.java:611)
		at org.glassfish.jersey.server.ServerRuntime$Responder.release(ServerRuntime.java:774)
		at org.glassfish.jersey.server.ServerRuntime$Responder.process(ServerRuntime.java:467)
		at org.glassfish.jersey.server.ServerRuntime$1.run(ServerRuntime.java:269)
		at org.glassfish.jersey.internal.Errors$1.call(Errors.java:248)
		at org.glassfish.jersey.internal.Errors$1.call(Errors.java:244)
		at org.glassfish.jersey.internal.Errors.process(Errors.java:292)
		at org.glassfish.jersey.internal.Errors.process(Errors.java:274)
		at org.glassfish.jersey.internal.Errors.process(Errors.java:244)
		at org.glassfish.jersey.process.internal.RequestScope.runInScope(RequestScope.java:265)
		at org.glassfish.jersey.server.ServerRuntime.process(ServerRuntime.java:240)
		at org.glassfish.jersey.server.ApplicationHandler.handle(ApplicationHandler.java:697)
		at org.glassfish.jersey.servlet.WebComponent.serviceImpl(WebComponent.java:394)
		at org.glassfish.jersey.servlet.WebComponent.service(WebComponent.java:346)
		at org.glassfish.jersey.servlet.ServletContainer.service(ServletContainer.java:357)
		at org.glassfish.jersey.servlet.ServletContainer.service(ServletContainer.java:311)
		at org.glassfish.jersey.servlet.ServletContainer.service(ServletContainer.java:205)
		at org.apache.catalina.core.ApplicationFilterChain.doFilter(ApplicationFilterChain.java:130)
		at org.apache.tomcat.websocket.server.WsFilter.doFilter(WsFilter.java:53)
		at org.apache.catalina.core.ApplicationFilterChain.doFilter(ApplicationFilterChain.java:109)
		at org.apache.catalina.core.StandardWrapperValve.invoke(StandardWrapperValve.java:167)
		at org.apache.catalina.core.StandardContextValve.invoke(StandardContextValve.java:79)
		at org.apache.catalina.authenticator.AuthenticatorBase.invoke(AuthenticatorBase.java:483)
		at org.apache.catalina.core.StandardHostValve.invoke(StandardHostValve.java:116)
		at org.apache.catalina.valves.ErrorReportValve.invoke(ErrorReportValve.java:93)
		at org.apache.catalina.valves.AbstractAccessLogValve.invoke(AbstractAccessLogValve.java:666)
		at org.apache.catalina.core.StandardEngineValve.invoke(StandardEngineValve.java:74)
		at org.apache.catalina.connector.CoyoteAdapter.service(CoyoteAdapter.java:343)
		at org.apache.coyote.http11.Http11Processor.service(Http11Processor.java:396)
		at org.apache.coyote.AbstractProcessorLight.process(AbstractProcessorLight.java:63)
		at org.apache.coyote.AbstractProtocol$ConnectionHandler.process(AbstractProtocol.java:903)
		at org.apache.tomcat.util.net.NioEndpoint$SocketProcessor.doRun(NioEndpoint.java:1773)
		at org.apache.tomcat.util.net.SocketProcessorBase.run(SocketProcessorBase.java:52)
		at org.apache.tomcat.util.threads.ThreadPoolExecutor.runWorker(ThreadPoolExecutor.java:1149)
		at org.apache.tomcat.util.threads.ThreadPoolExecutor$Worker.run(ThreadPoolExecutor.java:637)
		at org.apache.tomcat.util.threads.TaskThread$WrappingRunnable.run(TaskThread.java:59)
		at java.base/java.lang.Thread.run(Thread.java:1570)
	Caused by: java.util.concurrent.ExecutionException: jakarta.ws.rs.InternalServerErrorException: HTTP 500 Internal Server Error
		at java.base/java.util.concurrent.CompletableFuture.reportGet(CompletableFuture.java:396)
		at java.base/java.util.concurrent.CompletableFuture.get(CompletableFuture.java:2073)
		at org.glassfish.jersey.servlet.internal.ResponseWriter.getResponseContext(ResponseWriter.java:276)
		... 53 more
	Caused by: jakarta.ws.rs.InternalServerErrorException: HTTP 500 Internal Server Error
		at org.glassfish.jersey.server.internal.MappableExceptionWrapperInterceptor.aroundWriteTo(MappableExceptionWrapperInterceptor.java:65)
		at org.glassfish.jersey.message.internal.WriterInterceptorExecutor.proceed(WriterInterceptorExecutor.java:139)
		at org.glassfish.jersey.message.internal.MessageBodyFactory.writeTo(MessageBodyFactory.java:1116)
		at org.glassfish.jersey.server.ServerRuntime$Responder.writeResponse(ServerRuntime.java:677)
		at org.glassfish.jersey.server.ServerRuntime$Responder.processResponse(ServerRuntime.java:385)
		at org.glassfish.jersey.server.ServerRuntime$Responder.process(ServerRuntime.java:437)
		... 34 more
	Caused by: org.glassfish.jersey.message.internal.MessageBodyProviderNotFoundException: MessageBodyWriter not found for media type=null, type=class modelo.ApiResponse, genericType=class modelo.ApiResponse.
		at org.glassfish.jersey.message.internal.WriterInterceptorExecutor$TerminalWriterInterceptor.aroundWriteTo(WriterInterceptorExecutor.java:224)
		at org.glassfish.jersey.message.internal.WriterInterceptorExecutor.proceed(WriterInterceptorExecutor.java:139)
		at org.glassfish.jersey.server.internal.JsonWithPaddingInterceptor.aroundWriteTo(JsonWithPaddingInterceptor.java:85)
		at org.glassfish.jersey.message.internal.WriterInterceptorExecutor.proceed(WriterInterceptorExecutor.java:139)
		at org.glassfish.jersey.server.internal.MappableExceptionWrapperInterceptor.aroundWriteTo(MappableExceptionWrapperInterceptor.java:61)
		... 39 more
03-Aug-2025 01:15:57.747 SEVERE [http-nio-8080-exec-16] org.glassfish.jersey.message.internal.WriterInterceptorExecutor$TerminalWriterInterceptor.aroundWriteTo MessageBodyWriter not found for media type=null, type=class modelo.ApiResponse, genericType=class modelo.ApiResponse.
03-Aug-2025 01:15:57.748 SEVERE [http-nio-8080-exec-19] org.glassfish.jersey.message.internal.WriterInterceptorExecutor$TerminalWriterInterceptor.aroundWriteTo MessageBodyWriter not found for media type=null, type=class modelo.ApiResponse, genericType=class modelo.ApiResponse.
03-Aug-2025 01:15:57.748 SEVERE [http-nio-8080-exec-16] org.glassfish.jersey.server.ServerRuntime$Responder.process Error occurred when processing a response created from an already mapped exception.
03-Aug-2025 01:15:57.748 WARNING [http-nio-8080-exec-16] org.glassfish.jersey.server.ServerRuntime$Responder.process An exception mapping did not successfully produce and processed a response. Logging the exception propagated to the default exception mapper.
	jakarta.ws.rs.InternalServerErrorException: HTTP 500 Internal Server Error
		at org.glassfish.jersey.server.internal.MappableExceptionWrapperInterceptor.aroundWriteTo(MappableExceptionWrapperInterceptor.java:65)
		at org.glassfish.jersey.message.internal.WriterInterceptorExecutor.proceed(WriterInterceptorExecutor.java:139)
		at org.glassfish.jersey.message.internal.MessageBodyFactory.writeTo(MessageBodyFactory.java:1116)
		at org.glassfish.jersey.server.ServerRuntime$Responder.writeResponse(ServerRuntime.java:677)
		at org.glassfish.jersey.server.ServerRuntime$Responder.processResponse(ServerRuntime.java:385)
		at org.glassfish.jersey.server.ServerRuntime$Responder.process(ServerRuntime.java:437)
		at org.glassfish.jersey.server.ServerRuntime$1.run(ServerRuntime.java:269)
		at org.glassfish.jersey.internal.Errors$1.call(Errors.java:248)
		at org.glassfish.jersey.internal.Errors$1.call(Errors.java:244)
		at org.glassfish.jersey.internal.Errors.process(Errors.java:292)
		at org.glassfish.jersey.internal.Errors.process(Errors.java:274)
		at org.glassfish.jersey.internal.Errors.process(Errors.java:244)
		at org.glassfish.jersey.process.internal.RequestScope.runInScope(RequestScope.java:265)
		at org.glassfish.jersey.server.ServerRuntime.process(ServerRuntime.java:240)
		at org.glassfish.jersey.server.ApplicationHandler.handle(ApplicationHandler.java:697)
		at org.glassfish.jersey.servlet.WebComponent.serviceImpl(WebComponent.java:394)
		at org.glassfish.jersey.servlet.WebComponent.service(WebComponent.java:346)
		at org.glassfish.jersey.servlet.ServletContainer.service(ServletContainer.java:357)
		at org.glassfish.jersey.servlet.ServletContainer.service(ServletContainer.java:311)
		at org.glassfish.jersey.servlet.ServletContainer.service(ServletContainer.java:205)
		at org.apache.catalina.core.ApplicationFilterChain.doFilter(ApplicationFilterChain.java:130)
		at org.apache.tomcat.websocket.server.WsFilter.doFilter(WsFilter.java:53)
		at org.apache.catalina.core.ApplicationFilterChain.doFilter(ApplicationFilterChain.java:109)
		at org.apache.catalina.core.StandardWrapperValve.invoke(StandardWrapperValve.java:167)
		at org.apache.catalina.core.StandardContextValve.invoke(StandardContextValve.java:79)
		at org.apache.catalina.authenticator.AuthenticatorBase.invoke(AuthenticatorBase.java:483)
		at org.apache.catalina.core.StandardHostValve.invoke(StandardHostValve.java:116)
		at org.apache.catalina.valves.ErrorReportValve.invoke(ErrorReportValve.java:93)
		at org.apache.catalina.valves.AbstractAccessLogValve.invoke(AbstractAccessLogValve.java:666)
		at org.apache.catalina.core.StandardEngineValve.invoke(StandardEngineValve.java:74)
		at org.apache.catalina.connector.CoyoteAdapter.service(CoyoteAdapter.java:343)
		at org.apache.coyote.http11.Http11Processor.service(Http11Processor.java:396)
		at org.apache.coyote.AbstractProcessorLight.process(AbstractProcessorLight.java:63)
		at org.apache.coyote.AbstractProtocol$ConnectionHandler.process(AbstractProtocol.java:903)
		at org.apache.tomcat.util.net.NioEndpoint$SocketProcessor.doRun(NioEndpoint.java:1773)
		at org.apache.tomcat.util.net.SocketProcessorBase.run(SocketProcessorBase.java:52)
		at org.apache.tomcat.util.threads.ThreadPoolExecutor.runWorker(ThreadPoolExecutor.java:1149)
		at org.apache.tomcat.util.threads.ThreadPoolExecutor$Worker.run(ThreadPoolExecutor.java:637)
		at org.apache.tomcat.util.threads.TaskThread$WrappingRunnable.run(TaskThread.java:59)
		at java.base/java.lang.Thread.run(Thread.java:1570)
	Caused by: org.glassfish.jersey.message.internal.MessageBodyProviderNotFoundException: MessageBodyWriter not found for media type=null, type=class modelo.ApiResponse, genericType=class modelo.ApiResponse.
		at org.glassfish.jersey.message.internal.WriterInterceptorExecutor$TerminalWriterInterceptor.aroundWriteTo(WriterInterceptorExecutor.java:224)
		at org.glassfish.jersey.message.internal.WriterInterceptorExecutor.proceed(WriterInterceptorExecutor.java:139)
		at org.glassfish.jersey.server.internal.JsonWithPaddingInterceptor.aroundWriteTo(JsonWithPaddingInterceptor.java:85)
		at org.glassfish.jersey.message.internal.WriterInterceptorExecutor.proceed(WriterInterceptorExecutor.java:139)
		at org.glassfish.jersey.server.internal.MappableExceptionWrapperInterceptor.aroundWriteTo(MappableExceptionWrapperInterceptor.java:61)
		... 39 more
03-Aug-2025 01:15:57.748 SEVERE [http-nio-8080-exec-19] org.glassfish.jersey.server.ServerRuntime$Responder.process Error occurred when processing a response created from an already mapped exception.
03-Aug-2025 01:15:57.810 WARNING [http-nio-8080-exec-19] org.glassfish.jersey.server.ServerRuntime$Responder.process An exception mapping did not successfully produce and processed a response. Logging the exception propagated to the default exception mapper.
	jakarta.ws.rs.InternalServerErrorException: HTTP 500 Internal Server Error
		at org.glassfish.jersey.server.internal.MappableExceptionWrapperInterceptor.aroundWriteTo(MappableExceptionWrapperInterceptor.java:65)
		at org.glassfish.jersey.message.internal.WriterInterceptorExecutor.proceed(WriterInterceptorExecutor.java:139)
		at org.glassfish.jersey.message.internal.MessageBodyFactory.writeTo(MessageBodyFactory.java:1116)
		at org.glassfish.jersey.server.ServerRuntime$Responder.writeResponse(ServerRuntime.java:677)
		at org.glassfish.jersey.server.ServerRuntime$Responder.processResponse(ServerRuntime.java:385)
		at org.glassfish.jersey.server.ServerRuntime$Responder.process(ServerRuntime.java:437)
		at org.glassfish.jersey.server.ServerRuntime$1.run(ServerRuntime.java:269)
		at org.glassfish.jersey.internal.Errors$1.call(Errors.java:248)
		at org.glassfish.jersey.internal.Errors$1.call(Errors.java:244)
		at org.glassfish.jersey.internal.Errors.process(Errors.java:292)
		at org.glassfish.jersey.internal.Errors.process(Errors.java:274)
		at org.glassfish.jersey.internal.Errors.process(Errors.java:244)
		at org.glassfish.jersey.process.internal.RequestScope.runInScope(RequestScope.java:265)
		at org.glassfish.jersey.server.ServerRuntime.process(ServerRuntime.java:240)
		at org.glassfish.jersey.server.ApplicationHandler.handle(ApplicationHandler.java:697)
		at org.glassfish.jersey.servlet.WebComponent.serviceImpl(WebComponent.java:394)
		at org.glassfish.jersey.servlet.WebComponent.service(WebComponent.java:346)
		at org.glassfish.jersey.servlet.ServletContainer.service(ServletContainer.java:357)
		at org.glassfish.jersey.servlet.ServletContainer.service(ServletContainer.java:311)
		at org.glassfish.jersey.servlet.ServletContainer.service(ServletContainer.java:205)
		at org.apache.catalina.core.ApplicationFilterChain.doFilter(ApplicationFilterChain.java:130)
		at org.apache.tomcat.websocket.server.WsFilter.doFilter(WsFilter.java:53)
		at org.apache.catalina.core.ApplicationFilterChain.doFilter(ApplicationFilterChain.java:109)
		at org.apache.catalina.core.StandardWrapperValve.invoke(StandardWrapperValve.java:167)
		at org.apache.catalina.core.StandardContextValve.invoke(StandardContextValve.java:79)
		at org.apache.catalina.authenticator.AuthenticatorBase.invoke(AuthenticatorBase.java:483)
		at org.apache.catalina.core.StandardHostValve.invoke(StandardHostValve.java:116)
		at org.apache.catalina.valves.ErrorReportValve.invoke(ErrorReportValve.java:93)
		at org.apache.catalina.valves.AbstractAccessLogValve.invoke(AbstractAccessLogValve.java:666)
		at org.apache.catalina.core.StandardEngineValve.invoke(StandardEngineValve.java:74)
		at org.apache.catalina.connector.CoyoteAdapter.service(CoyoteAdapter.java:343)
		at org.apache.coyote.http11.Http11Processor.service(Http11Processor.java:396)
		at org.apache.coyote.AbstractProcessorLight.process(AbstractProcessorLight.java:63)
		at org.apache.coyote.AbstractProtocol$ConnectionHandler.process(AbstractProtocol.java:903)
		at org.apache.tomcat.util.net.NioEndpoint$SocketProcessor.doRun(NioEndpoint.java:1773)
		at org.apache.tomcat.util.net.SocketProcessorBase.run(SocketProcessorBase.java:52)
		at org.apache.tomcat.util.threads.ThreadPoolExecutor.runWorker(ThreadPoolExecutor.java:1149)
		at org.apache.tomcat.util.threads.ThreadPoolExecutor$Worker.run(ThreadPoolExecutor.java:637)
		at org.apache.tomcat.util.threads.TaskThread$WrappingRunnable.run(TaskThread.java:59)
		at java.base/java.lang.Thread.run(Thread.java:1570)
	Caused by: org.glassfish.jersey.message.internal.MessageBodyProviderNotFoundException: MessageBodyWriter not found for media type=null, type=class modelo.ApiResponse, genericType=class modelo.ApiResponse.
		at org.glassfish.jersey.message.internal.WriterInterceptorExecutor$TerminalWriterInterceptor.aroundWriteTo(WriterInterceptorExecutor.java:224)
		at org.glassfish.jersey.message.internal.WriterInterceptorExecutor.proceed(WriterInterceptorExecutor.java:139)
		at org.glassfish.jersey.server.internal.JsonWithPaddingInterceptor.aroundWriteTo(JsonWithPaddingInterceptor.java:85)
		at org.glassfish.jersey.message.internal.WriterInterceptorExecutor.proceed(WriterInterceptorExecutor.java:139)
		at org.glassfish.jersey.server.internal.MappableExceptionWrapperInterceptor.aroundWriteTo(MappableExceptionWrapperInterceptor.java:61)
		... 39 more
03-Aug-2025 01:15:57.810 WARNING [http-nio-8080-exec-16] org.glassfish.jersey.server.ServerRuntime$Responder.release Attempt to release request processing resources has failed for a request.
	org.glassfish.jersey.server.ContainerException: java.util.concurrent.ExecutionException: jakarta.ws.rs.InternalServerErrorException: HTTP 500 Internal Server Error
		at org.glassfish.jersey.servlet.internal.ResponseWriter.getResponseContext(ResponseWriter.java:278)
		at org.glassfish.jersey.servlet.internal.ResponseWriter.writeResponseStatusAndHeaders(ResponseWriter.java:128)
		at org.glassfish.jersey.server.ServerRuntime$Responder$1.getOutputStream(ServerRuntime.java:667)
		at org.glassfish.jersey.message.internal.CommittingOutputStream.commitStream(CommittingOutputStream.java:171)
		at org.glassfish.jersey.message.internal.CommittingOutputStream.flushBuffer(CommittingOutputStream.java:276)
		at org.glassfish.jersey.message.internal.CommittingOutputStream.commit(CommittingOutputStream.java:232)
		at org.glassfish.jersey.message.internal.CommittingOutputStream.close(CommittingOutputStream.java:247)
		at org.glassfish.jersey.message.internal.OutboundMessageContext.close(OutboundMessageContext.java:865)
		at org.glassfish.jersey.server.ContainerResponse.close(ContainerResponse.java:403)
		at java.base/java.util.stream.ForEachOps$ForEachOp$OfRef.accept(ForEachOps.java:184)
		at java.base/java.util.stream.ReferencePipeline$2$1.accept(ReferencePipeline.java:194)
		at java.base/java.util.Spliterators$ArraySpliterator.forEachRemaining(Spliterators.java:1024)
		at java.base/java.util.stream.AbstractPipeline.copyInto(AbstractPipeline.java:556)
		at java.base/java.util.stream.AbstractPipeline.wrapAndCopyInto(AbstractPipeline.java:546)
		at java.base/java.util.stream.ForEachOps$ForEachOp.evaluateSequential(ForEachOps.java:151)
		at java.base/java.util.stream.ForEachOps$ForEachOp$OfRef.evaluateSequential(ForEachOps.java:174)
		at java.base/java.util.stream.AbstractPipeline.evaluate(AbstractPipeline.java:265)
		at java.base/java.util.stream.ReferencePipeline.forEach(ReferencePipeline.java:611)
		at org.glassfish.jersey.server.ServerRuntime$Responder.release(ServerRuntime.java:774)
		at org.glassfish.jersey.server.ServerRuntime$Responder.process(ServerRuntime.java:467)
		at org.glassfish.jersey.server.ServerRuntime$1.run(ServerRuntime.java:269)
		at org.glassfish.jersey.internal.Errors$1.call(Errors.java:248)
		at org.glassfish.jersey.internal.Errors$1.call(Errors.java:244)
		at org.glassfish.jersey.internal.Errors.process(Errors.java:292)
		at org.glassfish.jersey.internal.Errors.process(Errors.java:274)
		at org.glassfish.jersey.internal.Errors.process(Errors.java:244)
		at org.glassfish.jersey.process.internal.RequestScope.runInScope(RequestScope.java:265)
		at org.glassfish.jersey.server.ServerRuntime.process(ServerRuntime.java:240)
		at org.glassfish.jersey.server.ApplicationHandler.handle(ApplicationHandler.java:697)
		at org.glassfish.jersey.servlet.WebComponent.serviceImpl(WebComponent.java:394)
		at org.glassfish.jersey.servlet.WebComponent.service(WebComponent.java:346)
		at org.glassfish.jersey.servlet.ServletContainer.service(ServletContainer.java:357)
		at org.glassfish.jersey.servlet.ServletContainer.service(ServletContainer.java:311)
		at org.glassfish.jersey.servlet.ServletContainer.service(ServletContainer.java:205)
		at org.apache.catalina.core.ApplicationFilterChain.doFilter(ApplicationFilterChain.java:130)
		at org.apache.tomcat.websocket.server.WsFilter.doFilter(WsFilter.java:53)
		at org.apache.catalina.core.ApplicationFilterChain.doFilter(ApplicationFilterChain.java:109)
		at org.apache.catalina.core.StandardWrapperValve.invoke(StandardWrapperValve.java:167)
		at org.apache.catalina.core.StandardContextValve.invoke(StandardContextValve.java:79)
		at org.apache.catalina.authenticator.AuthenticatorBase.invoke(AuthenticatorBase.java:483)
		at org.apache.catalina.core.StandardHostValve.invoke(StandardHostValve.java:116)
		at org.apache.catalina.valves.ErrorReportValve.invoke(ErrorReportValve.java:93)
		at org.apache.catalina.valves.AbstractAccessLogValve.invoke(AbstractAccessLogValve.java:666)
		at org.apache.catalina.core.StandardEngineValve.invoke(StandardEngineValve.java:74)
		at org.apache.catalina.connector.CoyoteAdapter.service(CoyoteAdapter.java:343)
		at org.apache.coyote.http11.Http11Processor.service(Http11Processor.java:396)
		at org.apache.coyote.AbstractProcessorLight.process(AbstractProcessorLight.java:63)
		at org.apache.coyote.AbstractProtocol$ConnectionHandler.process(AbstractProtocol.java:903)
		at org.apache.tomcat.util.net.NioEndpoint$SocketProcessor.doRun(NioEndpoint.java:1773)
		at org.apache.tomcat.util.net.SocketProcessorBase.run(SocketProcessorBase.java:52)
		at org.apache.tomcat.util.threads.ThreadPoolExecutor.runWorker(ThreadPoolExecutor.java:1149)
		at org.apache.tomcat.util.threads.ThreadPoolExecutor$Worker.run(ThreadPoolExecutor.java:637)
		at org.apache.tomcat.util.threads.TaskThread$WrappingRunnable.run(TaskThread.java:59)
		at java.base/java.lang.Thread.run(Thread.java:1570)
	Caused by: java.util.concurrent.ExecutionException: jakarta.ws.rs.InternalServerErrorException: HTTP 500 Internal Server Error
		at java.base/java.util.concurrent.CompletableFuture.reportGet(CompletableFuture.java:396)
		at java.base/java.util.concurrent.CompletableFuture.get(CompletableFuture.java:2073)
		at org.glassfish.jersey.servlet.internal.ResponseWriter.getResponseContext(ResponseWriter.java:276)
		... 53 more
	Caused by: jakarta.ws.rs.InternalServerErrorException: HTTP 500 Internal Server Error
		at org.glassfish.jersey.server.internal.MappableExceptionWrapperInterceptor.aroundWriteTo(MappableExceptionWrapperInterceptor.java:65)
		at org.glassfish.jersey.message.internal.WriterInterceptorExecutor.proceed(WriterInterceptorExecutor.java:139)
		at org.glassfish.jersey.message.internal.MessageBodyFactory.writeTo(MessageBodyFactory.java:1116)
		at org.glassfish.jersey.server.ServerRuntime$Responder.writeResponse(ServerRuntime.java:677)
		at org.glassfish.jersey.server.ServerRuntime$Responder.processResponse(ServerRuntime.java:385)
		at org.glassfish.jersey.server.ServerRuntime$Responder.process(ServerRuntime.java:437)
		... 34 more
	Caused by: org.glassfish.jersey.message.internal.MessageBodyProviderNotFoundException: MessageBodyWriter not found for media type=null, type=class modelo.ApiResponse, genericType=class modelo.ApiResponse.
		at org.glassfish.jersey.message.internal.WriterInterceptorExecutor$TerminalWriterInterceptor.aroundWriteTo(WriterInterceptorExecutor.java:224)
		at org.glassfish.jersey.message.internal.WriterInterceptorExecutor.proceed(WriterInterceptorExecutor.java:139)
		at org.glassfish.jersey.server.internal.JsonWithPaddingInterceptor.aroundWriteTo(JsonWithPaddingInterceptor.java:85)
		at org.glassfish.jersey.message.internal.WriterInterceptorExecutor.proceed(WriterInterceptorExecutor.java:139)
		at org.glassfish.jersey.server.internal.MappableExceptionWrapperInterceptor.aroundWriteTo(MappableExceptionWrapperInterceptor.java:61)
		... 39 more
03-Aug-2025 01:15:57.871 WARNING [http-nio-8080-exec-19] org.glassfish.jersey.server.ServerRuntime$Responder.release Attempt to release request processing resources has failed for a request.
	org.glassfish.jersey.server.ContainerException: java.util.concurrent.ExecutionException: jakarta.ws.rs.InternalServerErrorException: HTTP 500 Internal Server Error
		at org.glassfish.jersey.servlet.internal.ResponseWriter.getResponseContext(ResponseWriter.java:278)
		at org.glassfish.jersey.servlet.internal.ResponseWriter.writeResponseStatusAndHeaders(ResponseWriter.java:128)
		at org.glassfish.jersey.server.ServerRuntime$Responder$1.getOutputStream(ServerRuntime.java:667)
		at org.glassfish.jersey.message.internal.CommittingOutputStream.commitStream(CommittingOutputStream.java:171)
		at org.glassfish.jersey.message.internal.CommittingOutputStream.flushBuffer(CommittingOutputStream.java:276)
		at org.glassfish.jersey.message.internal.CommittingOutputStream.commit(CommittingOutputStream.java:232)
		at org.glassfish.jersey.message.internal.CommittingOutputStream.close(CommittingOutputStream.java:247)
		at org.glassfish.jersey.message.internal.OutboundMessageContext.close(OutboundMessageContext.java:865)
		at org.glassfish.jersey.server.ContainerResponse.close(ContainerResponse.java:403)
		at java.base/java.util.stream.ForEachOps$ForEachOp$OfRef.accept(ForEachOps.java:184)
		at java.base/java.util.stream.ReferencePipeline$2$1.accept(ReferencePipeline.java:194)
		at java.base/java.util.Spliterators$ArraySpliterator.forEachRemaining(Spliterators.java:1024)
		at java.base/java.util.stream.AbstractPipeline.copyInto(AbstractPipeline.java:556)
		at java.base/java.util.stream.AbstractPipeline.wrapAndCopyInto(AbstractPipeline.java:546)
		at java.base/java.util.stream.ForEachOps$ForEachOp.evaluateSequential(ForEachOps.java:151)
		at java.base/java.util.stream.ForEachOps$ForEachOp$OfRef.evaluateSequential(ForEachOps.java:174)
		at java.base/java.util.stream.AbstractPipeline.evaluate(AbstractPipeline.java:265)
		at java.base/java.util.stream.ReferencePipeline.forEach(ReferencePipeline.java:611)
		at org.glassfish.jersey.server.ServerRuntime$Responder.release(ServerRuntime.java:774)
		at org.glassfish.jersey.server.ServerRuntime$Responder.process(ServerRuntime.java:467)
		at org.glassfish.jersey.server.ServerRuntime$1.run(ServerRuntime.java:269)
		at org.glassfish.jersey.internal.Errors$1.call(Errors.java:248)
		at org.glassfish.jersey.internal.Errors$1.call(Errors.java:244)
		at org.glassfish.jersey.internal.Errors.process(Errors.java:292)
		at org.glassfish.jersey.internal.Errors.process(Errors.java:274)
		at org.glassfish.jersey.internal.Errors.process(Errors.java:244)
		at org.glassfish.jersey.process.internal.RequestScope.runInScope(RequestScope.java:265)
		at org.glassfish.jersey.server.ServerRuntime.process(ServerRuntime.java:240)
		at org.glassfish.jersey.server.ApplicationHandler.handle(ApplicationHandler.java:697)
		at org.glassfish.jersey.servlet.WebComponent.serviceImpl(WebComponent.java:394)
		at org.glassfish.jersey.servlet.WebComponent.service(WebComponent.java:346)
		at org.glassfish.jersey.servlet.ServletContainer.service(ServletContainer.java:357)
		at org.glassfish.jersey.servlet.ServletContainer.service(ServletContainer.java:311)
		at org.glassfish.jersey.servlet.ServletContainer.service(ServletContainer.java:205)
		at org.apache.catalina.core.ApplicationFilterChain.doFilter(ApplicationFilterChain.java:130)
		at org.apache.tomcat.websocket.server.WsFilter.doFilter(WsFilter.java:53)
		at org.apache.catalina.core.ApplicationFilterChain.doFilter(ApplicationFilterChain.java:109)
		at org.apache.catalina.core.StandardWrapperValve.invoke(StandardWrapperValve.java:167)
		at org.apache.catalina.core.StandardContextValve.invoke(StandardContextValve.java:79)
		at org.apache.catalina.authenticator.AuthenticatorBase.invoke(AuthenticatorBase.java:483)
		at org.apache.catalina.core.StandardHostValve.invoke(StandardHostValve.java:116)
		at org.apache.catalina.valves.ErrorReportValve.invoke(ErrorReportValve.java:93)
		at org.apache.catalina.valves.AbstractAccessLogValve.invoke(AbstractAccessLogValve.java:666)
		at org.apache.catalina.core.StandardEngineValve.invoke(StandardEngineValve.java:74)
		at org.apache.catalina.connector.CoyoteAdapter.service(CoyoteAdapter.java:343)
		at org.apache.coyote.http11.Http11Processor.service(Http11Processor.java:396)
		at org.apache.coyote.AbstractProcessorLight.process(AbstractProcessorLight.java:63)
		at org.apache.coyote.AbstractProtocol$ConnectionHandler.process(AbstractProtocol.java:903)
		at org.apache.tomcat.util.net.NioEndpoint$SocketProcessor.doRun(NioEndpoint.java:1773)
		at org.apache.tomcat.util.net.SocketProcessorBase.run(SocketProcessorBase.java:52)
		at org.apache.tomcat.util.threads.ThreadPoolExecutor.runWorker(ThreadPoolExecutor.java:1149)
		at org.apache.tomcat.util.threads.ThreadPoolExecutor$Worker.run(ThreadPoolExecutor.java:637)
		at org.apache.tomcat.util.threads.TaskThread$WrappingRunnable.run(TaskThread.java:59)
		at java.base/java.lang.Thread.run(Thread.java:1570)
	Caused by: java.util.concurrent.ExecutionException: jakarta.ws.rs.InternalServerErrorException: HTTP 500 Internal Server Error
		at java.base/java.util.concurrent.CompletableFuture.reportGet(CompletableFuture.java:396)
		at java.base/java.util.concurrent.CompletableFuture.get(CompletableFuture.java:2073)
		at org.glassfish.jersey.servlet.internal.ResponseWriter.getResponseContext(ResponseWriter.java:276)
		... 53 more
	Caused by: jakarta.ws.rs.InternalServerErrorException: HTTP 500 Internal Server Error
		at org.glassfish.jersey.server.internal.MappableExceptionWrapperInterceptor.aroundWriteTo(MappableExceptionWrapperInterceptor.java:65)
		at org.glassfish.jersey.message.internal.WriterInterceptorExecutor.proceed(WriterInterceptorExecutor.java:139)
		at org.glassfish.jersey.message.internal.MessageBodyFactory.writeTo(MessageBodyFactory.java:1116)
		at org.glassfish.jersey.server.ServerRuntime$Responder.writeResponse(ServerRuntime.java:677)
		at org.glassfish.jersey.server.ServerRuntime$Responder.processResponse(ServerRuntime.java:385)
		at org.glassfish.jersey.server.ServerRuntime$Responder.process(ServerRuntime.java:437)
		... 34 more
	Caused by: org.glassfish.jersey.message.internal.MessageBodyProviderNotFoundException: MessageBodyWriter not found for media type=null, type=class modelo.ApiResponse, genericType=class modelo.ApiResponse.
		at org.glassfish.jersey.message.internal.WriterInterceptorExecutor$TerminalWriterInterceptor.aroundWriteTo(WriterInterceptorExecutor.java:224)
		at org.glassfish.jersey.message.internal.WriterInterceptorExecutor.proceed(WriterInterceptorExecutor.java:139)
		at org.glassfish.jersey.server.internal.JsonWithPaddingInterceptor.aroundWriteTo(JsonWithPaddingInterceptor.java:85)
		at org.glassfish.jersey.message.internal.WriterInterceptorExecutor.proceed(WriterInterceptorExecutor.java:139)
		at org.glassfish.jersey.server.internal.MappableExceptionWrapperInterceptor.aroundWriteTo(MappableExceptionWrapperInterceptor.java:61)
		... 39 more
03-Aug-2025 01:15:57.995 SEVERE [http-nio-8080-exec-15] org.glassfish.jersey.message.internal.WriterInterceptorExecutor$TerminalWriterInterceptor.aroundWriteTo MessageBodyWriter not found for media type=null, type=class modelo.ApiResponse, genericType=class modelo.ApiResponse.
03-Aug-2025 01:15:57.995 SEVERE [http-nio-8080-exec-15] org.glassfish.jersey.server.ServerRuntime$Responder.process Error occurred when processing a response created from an already mapped exception.
03-Aug-2025 01:15:57.995 SEVERE [http-nio-8080-exec-20] org.glassfish.jersey.message.internal.WriterInterceptorExecutor$TerminalWriterInterceptor.aroundWriteTo MessageBodyWriter not found for media type=null, type=class modelo.ApiResponse, genericType=class modelo.ApiResponse.
03-Aug-2025 01:15:57.995 WARNING [http-nio-8080-exec-15] org.glassfish.jersey.server.ServerRuntime$Responder.process An exception mapping did not successfully produce and processed a response. Logging the exception propagated to the default exception mapper.
	jakarta.ws.rs.InternalServerErrorException: HTTP 500 Internal Server Error
		at org.glassfish.jersey.server.internal.MappableExceptionWrapperInterceptor.aroundWriteTo(MappableExceptionWrapperInterceptor.java:65)
		at org.glassfish.jersey.message.internal.WriterInterceptorExecutor.proceed(WriterInterceptorExecutor.java:139)
		at org.glassfish.jersey.message.internal.MessageBodyFactory.writeTo(MessageBodyFactory.java:1116)
		at org.glassfish.jersey.server.ServerRuntime$Responder.writeResponse(ServerRuntime.java:677)
		at org.glassfish.jersey.server.ServerRuntime$Responder.processResponse(ServerRuntime.java:385)
		at org.glassfish.jersey.server.ServerRuntime$Responder.process(ServerRuntime.java:437)
		at org.glassfish.jersey.server.ServerRuntime$1.run(ServerRuntime.java:269)
		at org.glassfish.jersey.internal.Errors$1.call(Errors.java:248)
		at org.glassfish.jersey.internal.Errors$1.call(Errors.java:244)
		at org.glassfish.jersey.internal.Errors.process(Errors.java:292)
		at org.glassfish.jersey.internal.Errors.process(Errors.java:274)
		at org.glassfish.jersey.internal.Errors.process(Errors.java:244)
		at org.glassfish.jersey.process.internal.RequestScope.runInScope(RequestScope.java:265)
		at org.glassfish.jersey.server.ServerRuntime.process(ServerRuntime.java:240)
		at org.glassfish.jersey.server.ApplicationHandler.handle(ApplicationHandler.java:697)
		at org.glassfish.jersey.servlet.WebComponent.serviceImpl(WebComponent.java:394)
		at org.glassfish.jersey.servlet.WebComponent.service(WebComponent.java:346)
		at org.glassfish.jersey.servlet.ServletContainer.service(ServletContainer.java:357)
		at org.glassfish.jersey.servlet.ServletContainer.service(ServletContainer.java:311)
		at org.glassfish.jersey.servlet.ServletContainer.service(ServletContainer.java:205)
		at org.apache.catalina.core.ApplicationFilterChain.doFilter(ApplicationFilterChain.java:130)
		at org.apache.tomcat.websocket.server.WsFilter.doFilter(WsFilter.java:53)
		at org.apache.catalina.core.ApplicationFilterChain.doFilter(ApplicationFilterChain.java:109)
		at org.apache.catalina.core.StandardWrapperValve.invoke(StandardWrapperValve.java:167)
		at org.apache.catalina.core.StandardContextValve.invoke(StandardContextValve.java:79)
		at org.apache.catalina.authenticator.AuthenticatorBase.invoke(AuthenticatorBase.java:483)
		at org.apache.catalina.core.StandardHostValve.invoke(StandardHostValve.java:116)
		at org.apache.catalina.valves.ErrorReportValve.invoke(ErrorReportValve.java:93)
		at org.apache.catalina.valves.AbstractAccessLogValve.invoke(AbstractAccessLogValve.java:666)
		at org.apache.catalina.core.StandardEngineValve.invoke(StandardEngineValve.java:74)
		at org.apache.catalina.connector.CoyoteAdapter.service(CoyoteAdapter.java:343)
		at org.apache.coyote.http11.Http11Processor.service(Http11Processor.java:396)
		at org.apache.coyote.AbstractProcessorLight.process(AbstractProcessorLight.java:63)
		at org.apache.coyote.AbstractProtocol$ConnectionHandler.process(AbstractProtocol.java:903)
		at org.apache.tomcat.util.net.NioEndpoint$SocketProcessor.doRun(NioEndpoint.java:1773)
		at org.apache.tomcat.util.net.SocketProcessorBase.run(SocketProcessorBase.java:52)
		at org.apache.tomcat.util.threads.ThreadPoolExecutor.runWorker(ThreadPoolExecutor.java:1149)
		at org.apache.tomcat.util.threads.ThreadPoolExecutor$Worker.run(ThreadPoolExecutor.java:637)
		at org.apache.tomcat.util.threads.TaskThread$WrappingRunnable.run(TaskThread.java:59)
		at java.base/java.lang.Thread.run(Thread.java:1570)
	Caused by: org.glassfish.jersey.message.internal.MessageBodyProviderNotFoundException: MessageBodyWriter not found for media type=null, type=class modelo.ApiResponse, genericType=class modelo.ApiResponse.
		at org.glassfish.jersey.message.internal.WriterInterceptorExecutor$TerminalWriterInterceptor.aroundWriteTo(WriterInterceptorExecutor.java:224)
		at org.glassfish.jersey.message.internal.WriterInterceptorExecutor.proceed(WriterInterceptorExecutor.java:139)
		at org.glassfish.jersey.server.internal.JsonWithPaddingInterceptor.aroundWriteTo(JsonWithPaddingInterceptor.java:85)
		at org.glassfish.jersey.message.internal.WriterInterceptorExecutor.proceed(WriterInterceptorExecutor.java:139)
		at org.glassfish.jersey.server.internal.MappableExceptionWrapperInterceptor.aroundWriteTo(MappableExceptionWrapperInterceptor.java:61)
		... 39 more
03-Aug-2025 01:15:58.057 SEVERE [http-nio-8080-exec-20] org.glassfish.jersey.server.ServerRuntime$Responder.process Error occurred when processing a response created from an already mapped exception.
03-Aug-2025 01:15:58.057 WARNING [http-nio-8080-exec-15] org.glassfish.jersey.server.ServerRuntime$Responder.release Attempt to release request processing resources has failed for a request.
	org.glassfish.jersey.server.ContainerException: java.util.concurrent.ExecutionException: jakarta.ws.rs.InternalServerErrorException: HTTP 500 Internal Server Error
		at org.glassfish.jersey.servlet.internal.ResponseWriter.getResponseContext(ResponseWriter.java:278)
		at org.glassfish.jersey.servlet.internal.ResponseWriter.writeResponseStatusAndHeaders(ResponseWriter.java:128)
		at org.glassfish.jersey.server.ServerRuntime$Responder$1.getOutputStream(ServerRuntime.java:667)
		at org.glassfish.jersey.message.internal.CommittingOutputStream.commitStream(CommittingOutputStream.java:171)
		at org.glassfish.jersey.message.internal.CommittingOutputStream.flushBuffer(CommittingOutputStream.java:276)
		at org.glassfish.jersey.message.internal.CommittingOutputStream.commit(CommittingOutputStream.java:232)
		at org.glassfish.jersey.message.internal.CommittingOutputStream.close(CommittingOutputStream.java:247)
		at org.glassfish.jersey.message.internal.OutboundMessageContext.close(OutboundMessageContext.java:865)
		at org.glassfish.jersey.server.ContainerResponse.close(ContainerResponse.java:403)
		at java.base/java.util.stream.ForEachOps$ForEachOp$OfRef.accept(ForEachOps.java:184)
		at java.base/java.util.stream.ReferencePipeline$2$1.accept(ReferencePipeline.java:194)
		at java.base/java.util.Spliterators$ArraySpliterator.forEachRemaining(Spliterators.java:1024)
		at java.base/java.util.stream.AbstractPipeline.copyInto(AbstractPipeline.java:556)
		at java.base/java.util.stream.AbstractPipeline.wrapAndCopyInto(AbstractPipeline.java:546)
		at java.base/java.util.stream.ForEachOps$ForEachOp.evaluateSequential(ForEachOps.java:151)
		at java.base/java.util.stream.ForEachOps$ForEachOp$OfRef.evaluateSequential(ForEachOps.java:174)
		at java.base/java.util.stream.AbstractPipeline.evaluate(AbstractPipeline.java:265)
		at java.base/java.util.stream.ReferencePipeline.forEach(ReferencePipeline.java:611)
		at org.glassfish.jersey.server.ServerRuntime$Responder.release(ServerRuntime.java:774)
		at org.glassfish.jersey.server.ServerRuntime$Responder.process(ServerRuntime.java:467)
		at org.glassfish.jersey.server.ServerRuntime$1.run(ServerRuntime.java:269)
		at org.glassfish.jersey.internal.Errors$1.call(Errors.java:248)
		at org.glassfish.jersey.internal.Errors$1.call(Errors.java:244)
		at org.glassfish.jersey.internal.Errors.process(Errors.java:292)
		at org.glassfish.jersey.internal.Errors.process(Errors.java:274)
		at org.glassfish.jersey.internal.Errors.process(Errors.java:244)
		at org.glassfish.jersey.process.internal.RequestScope.runInScope(RequestScope.java:265)
		at org.glassfish.jersey.server.ServerRuntime.process(ServerRuntime.java:240)
		at org.glassfish.jersey.server.ApplicationHandler.handle(ApplicationHandler.java:697)
		at org.glassfish.jersey.servlet.WebComponent.serviceImpl(WebComponent.java:394)
		at org.glassfish.jersey.servlet.WebComponent.service(WebComponent.java:346)
		at org.glassfish.jersey.servlet.ServletContainer.service(ServletContainer.java:357)
		at org.glassfish.jersey.servlet.ServletContainer.service(ServletContainer.java:311)
		at org.glassfish.jersey.servlet.ServletContainer.service(ServletContainer.java:205)
		at org.apache.catalina.core.ApplicationFilterChain.doFilter(ApplicationFilterChain.java:130)
		at org.apache.tomcat.websocket.server.WsFilter.doFilter(WsFilter.java:53)
		at org.apache.catalina.core.ApplicationFilterChain.doFilter(ApplicationFilterChain.java:109)
		at org.apache.catalina.core.StandardWrapperValve.invoke(StandardWrapperValve.java:167)
		at org.apache.catalina.core.StandardContextValve.invoke(StandardContextValve.java:79)
		at org.apache.catalina.authenticator.AuthenticatorBase.invoke(AuthenticatorBase.java:483)
		at org.apache.catalina.core.StandardHostValve.invoke(StandardHostValve.java:116)
		at org.apache.catalina.valves.ErrorReportValve.invoke(ErrorReportValve.java:93)
		at org.apache.catalina.valves.AbstractAccessLogValve.invoke(AbstractAccessLogValve.java:666)
		at org.apache.catalina.core.StandardEngineValve.invoke(StandardEngineValve.java:74)
		at org.apache.catalina.connector.CoyoteAdapter.service(CoyoteAdapter.java:343)
		at org.apache.coyote.http11.Http11Processor.service(Http11Processor.java:396)
		at org.apache.coyote.AbstractProcessorLight.process(AbstractProcessorLight.java:63)
		at org.apache.coyote.AbstractProtocol$ConnectionHandler.process(AbstractProtocol.java:903)
		at org.apache.tomcat.util.net.NioEndpoint$SocketProcessor.doRun(NioEndpoint.java:1773)
		at org.apache.tomcat.util.net.SocketProcessorBase.run(SocketProcessorBase.java:52)
		at org.apache.tomcat.util.threads.ThreadPoolExecutor.runWorker(ThreadPoolExecutor.java:1149)
		at org.apache.tomcat.util.threads.ThreadPoolExecutor$Worker.run(ThreadPoolExecutor.java:637)
		at org.apache.tomcat.util.threads.TaskThread$WrappingRunnable.run(TaskThread.java:59)
		at java.base/java.lang.Thread.run(Thread.java:1570)
	Caused by: java.util.concurrent.ExecutionException: jakarta.ws.rs.InternalServerErrorException: HTTP 500 Internal Server Error
		at java.base/java.util.concurrent.CompletableFuture.reportGet(CompletableFuture.java:396)
		at java.base/java.util.concurrent.CompletableFuture.get(CompletableFuture.java:2073)
		at org.glassfish.jersey.servlet.internal.ResponseWriter.getResponseContext(ResponseWriter.java:276)
		... 53 more
	Caused by: jakarta.ws.rs.InternalServerErrorException: HTTP 500 Internal Server Error
		at org.glassfish.jersey.server.internal.MappableExceptionWrapperInterceptor.aroundWriteTo(MappableExceptionWrapperInterceptor.java:65)
		at org.glassfish.jersey.message.internal.WriterInterceptorExecutor.proceed(WriterInterceptorExecutor.java:139)
		at org.glassfish.jersey.message.internal.MessageBodyFactory.writeTo(MessageBodyFactory.java:1116)
		at org.glassfish.jersey.server.ServerRuntime$Responder.writeResponse(ServerRuntime.java:677)
		at org.glassfish.jersey.server.ServerRuntime$Responder.processResponse(ServerRuntime.java:385)
		at org.glassfish.jersey.server.ServerRuntime$Responder.process(ServerRuntime.java:437)
		... 34 more
	Caused by: org.glassfish.jersey.message.internal.MessageBodyProviderNotFoundException: MessageBodyWriter not found for media type=null, type=class modelo.ApiResponse, genericType=class modelo.ApiResponse.
		at org.glassfish.jersey.message.internal.WriterInterceptorExecutor$TerminalWriterInterceptor.aroundWriteTo(WriterInterceptorExecutor.java:224)
		at org.glassfish.jersey.message.internal.WriterInterceptorExecutor.proceed(WriterInterceptorExecutor.java:139)
		at org.glassfish.jersey.server.internal.JsonWithPaddingInterceptor.aroundWriteTo(JsonWithPaddingInterceptor.java:85)
		at org.glassfish.jersey.message.internal.WriterInterceptorExecutor.proceed(WriterInterceptorExecutor.java:139)
		at org.glassfish.jersey.server.internal.MappableExceptionWrapperInterceptor.aroundWriteTo(MappableExceptionWrapperInterceptor.java:61)
		... 39 more
03-Aug-2025 01:15:58.057 WARNING [http-nio-8080-exec-20] org.glassfish.jersey.server.ServerRuntime$Responder.process An exception mapping did not successfully produce and processed a response. Logging the exception propagated to the default exception mapper.
	jakarta.ws.rs.InternalServerErrorException: HTTP 500 Internal Server Error
		at org.glassfish.jersey.server.internal.MappableExceptionWrapperInterceptor.aroundWriteTo(MappableExceptionWrapperInterceptor.java:65)
		at org.glassfish.jersey.message.internal.WriterInterceptorExecutor.proceed(WriterInterceptorExecutor.java:139)
		at org.glassfish.jersey.message.internal.MessageBodyFactory.writeTo(MessageBodyFactory.java:1116)
		at org.glassfish.jersey.server.ServerRuntime$Responder.writeResponse(ServerRuntime.java:677)
		at org.glassfish.jersey.server.ServerRuntime$Responder.processResponse(ServerRuntime.java:385)
		at org.glassfish.jersey.server.ServerRuntime$Responder.process(ServerRuntime.java:437)
		at org.glassfish.jersey.server.ServerRuntime$1.run(ServerRuntime.java:269)
		at org.glassfish.jersey.internal.Errors$1.call(Errors.java:248)
		at org.glassfish.jersey.internal.Errors$1.call(Errors.java:244)
		at org.glassfish.jersey.internal.Errors.process(Errors.java:292)
		at org.glassfish.jersey.internal.Errors.process(Errors.java:274)
		at org.glassfish.jersey.internal.Errors.process(Errors.java:244)
		at org.glassfish.jersey.process.internal.RequestScope.runInScope(RequestScope.java:265)
		at org.glassfish.jersey.server.ServerRuntime.process(ServerRuntime.java:240)
		at org.glassfish.jersey.server.ApplicationHandler.handle(ApplicationHandler.java:697)
		at org.glassfish.jersey.servlet.WebComponent.serviceImpl(WebComponent.java:394)
		at org.glassfish.jersey.servlet.WebComponent.service(WebComponent.java:346)
		at org.glassfish.jersey.servlet.ServletContainer.service(ServletContainer.java:357)
		at org.glassfish.jersey.servlet.ServletContainer.service(ServletContainer.java:311)
		at org.glassfish.jersey.servlet.ServletContainer.service(ServletContainer.java:205)
		at org.apache.catalina.core.ApplicationFilterChain.doFilter(ApplicationFilterChain.java:130)
		at org.apache.tomcat.websocket.server.WsFilter.doFilter(WsFilter.java:53)
		at org.apache.catalina.core.ApplicationFilterChain.doFilter(ApplicationFilterChain.java:109)
		at org.apache.catalina.core.StandardWrapperValve.invoke(StandardWrapperValve.java:167)
		at org.apache.catalina.core.StandardContextValve.invoke(StandardContextValve.java:79)
		at org.apache.catalina.authenticator.AuthenticatorBase.invoke(AuthenticatorBase.java:483)
		at org.apache.catalina.core.StandardHostValve.invoke(StandardHostValve.java:116)
		at org.apache.catalina.valves.ErrorReportValve.invoke(ErrorReportValve.java:93)
		at org.apache.catalina.valves.AbstractAccessLogValve.invoke(AbstractAccessLogValve.java:666)
		at org.apache.catalina.core.StandardEngineValve.invoke(StandardEngineValve.java:74)
		at org.apache.catalina.connector.CoyoteAdapter.service(CoyoteAdapter.java:343)
		at org.apache.coyote.http11.Http11Processor.service(Http11Processor.java:396)
		at org.apache.coyote.AbstractProcessorLight.process(AbstractProcessorLight.java:63)
		at org.apache.coyote.AbstractProtocol$ConnectionHandler.process(AbstractProtocol.java:903)
		at org.apache.tomcat.util.net.NioEndpoint$SocketProcessor.doRun(NioEndpoint.java:1773)
		at org.apache.tomcat.util.net.SocketProcessorBase.run(SocketProcessorBase.java:52)
		at org.apache.tomcat.util.threads.ThreadPoolExecutor.runWorker(ThreadPoolExecutor.java:1149)
		at org.apache.tomcat.util.threads.ThreadPoolExecutor$Worker.run(ThreadPoolExecutor.java:637)
		at org.apache.tomcat.util.threads.TaskThread$WrappingRunnable.run(TaskThread.java:59)
		at java.base/java.lang.Thread.run(Thread.java:1570)
	Caused by: org.glassfish.jersey.message.internal.MessageBodyProviderNotFoundException: MessageBodyWriter not found for media type=null, type=class modelo.ApiResponse, genericType=class modelo.ApiResponse.
		at org.glassfish.jersey.message.internal.WriterInterceptorExecutor$TerminalWriterInterceptor.aroundWriteTo(WriterInterceptorExecutor.java:224)
		at org.glassfish.jersey.message.internal.WriterInterceptorExecutor.proceed(WriterInterceptorExecutor.java:139)
		at org.glassfish.jersey.server.internal.JsonWithPaddingInterceptor.aroundWriteTo(JsonWithPaddingInterceptor.java:85)
		at org.glassfish.jersey.message.internal.WriterInterceptorExecutor.proceed(WriterInterceptorExecutor.java:139)
		at org.glassfish.jersey.server.internal.MappableExceptionWrapperInterceptor.aroundWriteTo(MappableExceptionWrapperInterceptor.java:61)
		... 39 more
03-Aug-2025 01:15:58.179 WARNING [http-nio-8080-exec-20] org.glassfish.jersey.server.ServerRuntime$Responder.release Attempt to release request processing resources has failed for a request.
	org.glassfish.jersey.server.ContainerException: java.util.concurrent.ExecutionException: jakarta.ws.rs.InternalServerErrorException: HTTP 500 Internal Server Error
		at org.glassfish.jersey.servlet.internal.ResponseWriter.getResponseContext(ResponseWriter.java:278)
		at org.glassfish.jersey.servlet.internal.ResponseWriter.writeResponseStatusAndHeaders(ResponseWriter.java:128)
		at org.glassfish.jersey.server.ServerRuntime$Responder$1.getOutputStream(ServerRuntime.java:667)
		at org.glassfish.jersey.message.internal.CommittingOutputStream.commitStream(CommittingOutputStream.java:171)
		at org.glassfish.jersey.message.internal.CommittingOutputStream.flushBuffer(CommittingOutputStream.java:276)
		at org.glassfish.jersey.message.internal.CommittingOutputStream.commit(CommittingOutputStream.java:232)
		at org.glassfish.jersey.message.internal.CommittingOutputStream.close(CommittingOutputStream.java:247)
		at org.glassfish.jersey.message.internal.OutboundMessageContext.close(OutboundMessageContext.java:865)
		at org.glassfish.jersey.server.ContainerResponse.close(ContainerResponse.java:403)
		at java.base/java.util.stream.ForEachOps$ForEachOp$OfRef.accept(ForEachOps.java:184)
		at java.base/java.util.stream.ReferencePipeline$2$1.accept(ReferencePipeline.java:194)
		at java.base/java.util.Spliterators$ArraySpliterator.forEachRemaining(Spliterators.java:1024)
		at java.base/java.util.stream.AbstractPipeline.copyInto(AbstractPipeline.java:556)
		at java.base/java.util.stream.AbstractPipeline.wrapAndCopyInto(AbstractPipeline.java:546)
		at java.base/java.util.stream.ForEachOps$ForEachOp.evaluateSequential(ForEachOps.java:151)
		at java.base/java.util.stream.ForEachOps$ForEachOp$OfRef.evaluateSequential(ForEachOps.java:174)
		at java.base/java.util.stream.AbstractPipeline.evaluate(AbstractPipeline.java:265)
		at java.base/java.util.stream.ReferencePipeline.forEach(ReferencePipeline.java:611)
		at org.glassfish.jersey.server.ServerRuntime$Responder.release(ServerRuntime.java:774)
		at org.glassfish.jersey.server.ServerRuntime$Responder.process(ServerRuntime.java:467)
		at org.glassfish.jersey.server.ServerRuntime$1.run(ServerRuntime.java:269)
		at org.glassfish.jersey.internal.Errors$1.call(Errors.java:248)
		at org.glassfish.jersey.internal.Errors$1.call(Errors.java:244)
		at org.glassfish.jersey.internal.Errors.process(Errors.java:292)
		at org.glassfish.jersey.internal.Errors.process(Errors.java:274)
		at org.glassfish.jersey.internal.Errors.process(Errors.java:244)
		at org.glassfish.jersey.process.internal.RequestScope.runInScope(RequestScope.java:265)
		at org.glassfish.jersey.server.ServerRuntime.process(ServerRuntime.java:240)
		at org.glassfish.jersey.server.ApplicationHandler.handle(ApplicationHandler.java:697)
		at org.glassfish.jersey.servlet.WebComponent.serviceImpl(WebComponent.java:394)
		at org.glassfish.jersey.servlet.WebComponent.service(WebComponent.java:346)
		at org.glassfish.jersey.servlet.ServletContainer.service(ServletContainer.java:357)
		at org.glassfish.jersey.servlet.ServletContainer.service(ServletContainer.java:311)
		at org.glassfish.jersey.servlet.ServletContainer.service(ServletContainer.java:205)
		at org.apache.catalina.core.ApplicationFilterChain.doFilter(ApplicationFilterChain.java:130)
		at org.apache.tomcat.websocket.server.WsFilter.doFilter(WsFilter.java:53)
		at org.apache.catalina.core.ApplicationFilterChain.doFilter(ApplicationFilterChain.java:109)
		at org.apache.catalina.core.StandardWrapperValve.invoke(StandardWrapperValve.java:167)
		at org.apache.catalina.core.StandardContextValve.invoke(StandardContextValve.java:79)
		at org.apache.catalina.authenticator.AuthenticatorBase.invoke(AuthenticatorBase.java:483)
		at org.apache.catalina.core.StandardHostValve.invoke(StandardHostValve.java:116)
		at org.apache.catalina.valves.ErrorReportValve.invoke(ErrorReportValve.java:93)
		at org.apache.catalina.valves.AbstractAccessLogValve.invoke(AbstractAccessLogValve.java:666)
		at org.apache.catalina.core.StandardEngineValve.invoke(StandardEngineValve.java:74)
		at org.apache.catalina.connector.CoyoteAdapter.service(CoyoteAdapter.java:343)
		at org.apache.coyote.http11.Http11Processor.service(Http11Processor.java:396)
		at org.apache.coyote.AbstractProcessorLight.process(AbstractProcessorLight.java:63)
		at org.apache.coyote.AbstractProtocol$ConnectionHandler.process(AbstractProtocol.java:903)
		at org.apache.tomcat.util.net.NioEndpoint$SocketProcessor.doRun(NioEndpoint.java:1773)
		at org.apache.tomcat.util.net.SocketProcessorBase.run(SocketProcessorBase.java:52)
		at org.apache.tomcat.util.threads.ThreadPoolExecutor.runWorker(ThreadPoolExecutor.java:1149)
		at org.apache.tomcat.util.threads.ThreadPoolExecutor$Worker.run(ThreadPoolExecutor.java:637)
		at org.apache.tomcat.util.threads.TaskThread$WrappingRunnable.run(TaskThread.java:59)
		at java.base/java.lang.Thread.run(Thread.java:1570)
	Caused by: java.util.concurrent.ExecutionException: jakarta.ws.rs.InternalServerErrorException: HTTP 500 Internal Server Error
		at java.base/java.util.concurrent.CompletableFuture.reportGet(CompletableFuture.java:396)
		at java.base/java.util.concurrent.CompletableFuture.get(CompletableFuture.java:2073)
		at org.glassfish.jersey.servlet.internal.ResponseWriter.getResponseContext(ResponseWriter.java:276)
		... 53 more
	Caused by: jakarta.ws.rs.InternalServerErrorException: HTTP 500 Internal Server Error
		at org.glassfish.jersey.server.internal.MappableExceptionWrapperInterceptor.aroundWriteTo(MappableExceptionWrapperInterceptor.java:65)
		at org.glassfish.jersey.message.internal.WriterInterceptorExecutor.proceed(WriterInterceptorExecutor.java:139)
		at org.glassfish.jersey.message.internal.MessageBodyFactory.writeTo(MessageBodyFactory.java:1116)
		at org.glassfish.jersey.server.ServerRuntime$Responder.writeResponse(ServerRuntime.java:677)
		at org.glassfish.jersey.server.ServerRuntime$Responder.processResponse(ServerRuntime.java:385)
		at org.glassfish.jersey.server.ServerRuntime$Responder.process(ServerRuntime.java:437)
		... 34 more
	Caused by: org.glassfish.jersey.message.internal.MessageBodyProviderNotFoundException: MessageBodyWriter not found for media type=null, type=class modelo.ApiResponse, genericType=class modelo.ApiResponse.
		at org.glassfish.jersey.message.internal.WriterInterceptorExecutor$TerminalWriterInterceptor.aroundWriteTo(WriterInterceptorExecutor.java:224)
		at org.glassfish.jersey.message.internal.WriterInterceptorExecutor.proceed(WriterInterceptorExecutor.java:139)
		at org.glassfish.jersey.server.internal.JsonWithPaddingInterceptor.aroundWriteTo(JsonWithPaddingInterceptor.java:85)
		at org.glassfish.jersey.message.internal.WriterInterceptorExecutor.proceed(WriterInterceptorExecutor.java:139)
		at org.glassfish.jersey.server.internal.MappableExceptionWrapperInterceptor.aroundWriteTo(MappableExceptionWrapperInterceptor.java:61)
		... 39 more
03-Aug-2025 01:15:58.240 SEVERE [http-nio-8080-exec-17] org.glassfish.jersey.message.internal.WriterInterceptorExecutor$TerminalWriterInterceptor.aroundWriteTo MessageBodyWriter not found for media type=null, type=class modelo.ApiResponse, genericType=class modelo.ApiResponse.
03-Aug-2025 01:15:58.240 SEVERE [http-nio-8080-exec-11] org.glassfish.jersey.message.internal.WriterInterceptorExecutor$TerminalWriterInterceptor.aroundWriteTo MessageBodyWriter not found for media type=null, type=class modelo.ApiResponse, genericType=class modelo.ApiResponse.
03-Aug-2025 01:15:58.240 SEVERE [http-nio-8080-exec-17] org.glassfish.jersey.server.ServerRuntime$Responder.process Error occurred when processing a response created from an already mapped exception.
03-Aug-2025 01:15:58.240 SEVERE [http-nio-8080-exec-11] org.glassfish.jersey.server.ServerRuntime$Responder.process Error occurred when processing a response created from an already mapped exception.
03-Aug-2025 01:15:58.240 WARNING [http-nio-8080-exec-17] org.glassfish.jersey.server.ServerRuntime$Responder.process An exception mapping did not successfully produce and processed a response. Logging the exception propagated to the default exception mapper.
	jakarta.ws.rs.InternalServerErrorException: HTTP 500 Internal Server Error
		at org.glassfish.jersey.server.internal.MappableExceptionWrapperInterceptor.aroundWriteTo(MappableExceptionWrapperInterceptor.java:65)
		at org.glassfish.jersey.message.internal.WriterInterceptorExecutor.proceed(WriterInterceptorExecutor.java:139)
		at org.glassfish.jersey.message.internal.MessageBodyFactory.writeTo(MessageBodyFactory.java:1116)
		at org.glassfish.jersey.server.ServerRuntime$Responder.writeResponse(ServerRuntime.java:677)
		at org.glassfish.jersey.server.ServerRuntime$Responder.processResponse(ServerRuntime.java:385)
		at org.glassfish.jersey.server.ServerRuntime$Responder.process(ServerRuntime.java:437)
		at org.glassfish.jersey.server.ServerRuntime$1.run(ServerRuntime.java:269)
		at org.glassfish.jersey.internal.Errors$1.call(Errors.java:248)
		at org.glassfish.jersey.internal.Errors$1.call(Errors.java:244)
		at org.glassfish.jersey.internal.Errors.process(Errors.java:292)
		at org.glassfish.jersey.internal.Errors.process(Errors.java:274)
		at org.glassfish.jersey.internal.Errors.process(Errors.java:244)
		at org.glassfish.jersey.process.internal.RequestScope.runInScope(RequestScope.java:265)
		at org.glassfish.jersey.server.ServerRuntime.process(ServerRuntime.java:240)
		at org.glassfish.jersey.server.ApplicationHandler.handle(ApplicationHandler.java:697)
		at org.glassfish.jersey.servlet.WebComponent.serviceImpl(WebComponent.java:394)
		at org.glassfish.jersey.servlet.WebComponent.service(WebComponent.java:346)
		at org.glassfish.jersey.servlet.ServletContainer.service(ServletContainer.java:357)
		at org.glassfish.jersey.servlet.ServletContainer.service(ServletContainer.java:311)
		at org.glassfish.jersey.servlet.ServletContainer.service(ServletContainer.java:205)
		at org.apache.catalina.core.ApplicationFilterChain.doFilter(ApplicationFilterChain.java:130)
		at org.apache.tomcat.websocket.server.WsFilter.doFilter(WsFilter.java:53)
		at org.apache.catalina.core.ApplicationFilterChain.doFilter(ApplicationFilterChain.java:109)
		at org.apache.catalina.core.StandardWrapperValve.invoke(StandardWrapperValve.java:167)
		at org.apache.catalina.core.StandardContextValve.invoke(StandardContextValve.java:79)
		at org.apache.catalina.authenticator.AuthenticatorBase.invoke(AuthenticatorBase.java:483)
		at org.apache.catalina.core.StandardHostValve.invoke(StandardHostValve.java:116)
		at org.apache.catalina.valves.ErrorReportValve.invoke(ErrorReportValve.java:93)
		at org.apache.catalina.valves.AbstractAccessLogValve.invoke(AbstractAccessLogValve.java:666)
		at org.apache.catalina.core.StandardEngineValve.invoke(StandardEngineValve.java:74)
		at org.apache.catalina.connector.CoyoteAdapter.service(CoyoteAdapter.java:343)
		at org.apache.coyote.http11.Http11Processor.service(Http11Processor.java:396)
		at org.apache.coyote.AbstractProcessorLight.process(AbstractProcessorLight.java:63)
		at org.apache.coyote.AbstractProtocol$ConnectionHandler.process(AbstractProtocol.java:903)
		at org.apache.tomcat.util.net.NioEndpoint$SocketProcessor.doRun(NioEndpoint.java:1773)
		at org.apache.tomcat.util.net.SocketProcessorBase.run(SocketProcessorBase.java:52)
		at org.apache.tomcat.util.threads.ThreadPoolExecutor.runWorker(ThreadPoolExecutor.java:1149)
		at org.apache.tomcat.util.threads.ThreadPoolExecutor$Worker.run(ThreadPoolExecutor.java:637)
		at org.apache.tomcat.util.threads.TaskThread$WrappingRunnable.run(TaskThread.java:59)
		at java.base/java.lang.Thread.run(Thread.java:1570)
	Caused by: org.glassfish.jersey.message.internal.MessageBodyProviderNotFoundException: MessageBodyWriter not found for media type=null, type=class modelo.ApiResponse, genericType=class modelo.ApiResponse.
		at org.glassfish.jersey.message.internal.WriterInterceptorExecutor$TerminalWriterInterceptor.aroundWriteTo(WriterInterceptorExecutor.java:224)
		at org.glassfish.jersey.message.internal.WriterInterceptorExecutor.proceed(WriterInterceptorExecutor.java:139)
		at org.glassfish.jersey.server.internal.JsonWithPaddingInterceptor.aroundWriteTo(JsonWithPaddingInterceptor.java:85)
		at org.glassfish.jersey.message.internal.WriterInterceptorExecutor.proceed(WriterInterceptorExecutor.java:139)
		at org.glassfish.jersey.server.internal.MappableExceptionWrapperInterceptor.aroundWriteTo(MappableExceptionWrapperInterceptor.java:61)
		... 39 more
03-Aug-2025 01:15:58.240 WARNING [http-nio-8080-exec-11] org.glassfish.jersey.server.ServerRuntime$Responder.process An exception mapping did not successfully produce and processed a response. Logging the exception propagated to the default exception mapper.
	jakarta.ws.rs.InternalServerErrorException: HTTP 500 Internal Server Error
		at org.glassfish.jersey.server.internal.MappableExceptionWrapperInterceptor.aroundWriteTo(MappableExceptionWrapperInterceptor.java:65)
		at org.glassfish.jersey.message.internal.WriterInterceptorExecutor.proceed(WriterInterceptorExecutor.java:139)
		at org.glassfish.jersey.message.internal.MessageBodyFactory.writeTo(MessageBodyFactory.java:1116)
		at org.glassfish.jersey.server.ServerRuntime$Responder.writeResponse(ServerRuntime.java:677)
		at org.glassfish.jersey.server.ServerRuntime$Responder.processResponse(ServerRuntime.java:385)
		at org.glassfish.jersey.server.ServerRuntime$Responder.process(ServerRuntime.java:437)
		at org.glassfish.jersey.server.ServerRuntime$1.run(ServerRuntime.java:269)
		at org.glassfish.jersey.internal.Errors$1.call(Errors.java:248)
		at org.glassfish.jersey.internal.Errors$1.call(Errors.java:244)
		at org.glassfish.jersey.internal.Errors.process(Errors.java:292)
		at org.glassfish.jersey.internal.Errors.process(Errors.java:274)
		at org.glassfish.jersey.internal.Errors.process(Errors.java:244)
		at org.glassfish.jersey.process.internal.RequestScope.runInScope(RequestScope.java:265)
		at org.glassfish.jersey.server.ServerRuntime.process(ServerRuntime.java:240)
		at org.glassfish.jersey.server.ApplicationHandler.handle(ApplicationHandler.java:697)
		at org.glassfish.jersey.servlet.WebComponent.serviceImpl(WebComponent.java:394)
		at org.glassfish.jersey.servlet.WebComponent.service(WebComponent.java:346)
		at org.glassfish.jersey.servlet.ServletContainer.service(ServletContainer.java:357)
		at org.glassfish.jersey.servlet.ServletContainer.service(ServletContainer.java:311)
		at org.glassfish.jersey.servlet.ServletContainer.service(ServletContainer.java:205)
		at org.apache.catalina.core.ApplicationFilterChain.doFilter(ApplicationFilterChain.java:130)
		at org.apache.tomcat.websocket.server.WsFilter.doFilter(WsFilter.java:53)
		at org.apache.catalina.core.ApplicationFilterChain.doFilter(ApplicationFilterChain.java:109)
		at org.apache.catalina.core.StandardWrapperValve.invoke(StandardWrapperValve.java:167)
		at org.apache.catalina.core.StandardContextValve.invoke(StandardContextValve.java:79)
		at org.apache.catalina.authenticator.AuthenticatorBase.invoke(AuthenticatorBase.java:483)
		at org.apache.catalina.core.StandardHostValve.invoke(StandardHostValve.java:116)
		at org.apache.catalina.valves.ErrorReportValve.invoke(ErrorReportValve.java:93)
		at org.apache.catalina.valves.AbstractAccessLogValve.invoke(AbstractAccessLogValve.java:666)
		at org.apache.catalina.core.StandardEngineValve.invoke(StandardEngineValve.java:74)
		at org.apache.catalina.connector.CoyoteAdapter.service(CoyoteAdapter.java:343)
		at org.apache.coyote.http11.Http11Processor.service(Http11Processor.java:396)
		at org.apache.coyote.AbstractProcessorLight.process(AbstractProcessorLight.java:63)
		at org.apache.coyote.AbstractProtocol$ConnectionHandler.process(AbstractProtocol.java:903)
		at org.apache.tomcat.util.net.NioEndpoint$SocketProcessor.doRun(NioEndpoint.java:1773)
		at org.apache.tomcat.util.net.SocketProcessorBase.run(SocketProcessorBase.java:52)
		at org.apache.tomcat.util.threads.ThreadPoolExecutor.runWorker(ThreadPoolExecutor.java:1149)
		at org.apache.tomcat.util.threads.ThreadPoolExecutor$Worker.run(ThreadPoolExecutor.java:637)
		at org.apache.tomcat.util.threads.TaskThread$WrappingRunnable.run(TaskThread.java:59)
		at java.base/java.lang.Thread.run(Thread.java:1570)
	Caused by: org.glassfish.jersey.message.internal.MessageBodyProviderNotFoundException: MessageBodyWriter not found for media type=null, type=class modelo.ApiResponse, genericType=class modelo.ApiResponse.
		at org.glassfish.jersey.message.internal.WriterInterceptorExecutor$TerminalWriterInterceptor.aroundWriteTo(WriterInterceptorExecutor.java:224)
		at org.glassfish.jersey.message.internal.WriterInterceptorExecutor.proceed(WriterInterceptorExecutor.java:139)
		at org.glassfish.jersey.server.internal.JsonWithPaddingInterceptor.aroundWriteTo(JsonWithPaddingInterceptor.java:85)
		at org.glassfish.jersey.message.internal.WriterInterceptorExecutor.proceed(WriterInterceptorExecutor.java:139)
		at org.glassfish.jersey.server.internal.MappableExceptionWrapperInterceptor.aroundWriteTo(MappableExceptionWrapperInterceptor.java:61)
		... 39 more
03-Aug-2025 01:15:58.300 WARNING [http-nio-8080-exec-17] org.glassfish.jersey.server.ServerRuntime$Responder.release Attempt to release request processing resources has failed for a request.
	org.glassfish.jersey.server.ContainerException: java.util.concurrent.ExecutionException: jakarta.ws.rs.InternalServerErrorException: HTTP 500 Internal Server Error
		at org.glassfish.jersey.servlet.internal.ResponseWriter.getResponseContext(ResponseWriter.java:278)
		at org.glassfish.jersey.servlet.internal.ResponseWriter.writeResponseStatusAndHeaders(ResponseWriter.java:128)
		at org.glassfish.jersey.server.ServerRuntime$Responder$1.getOutputStream(ServerRuntime.java:667)
		at org.glassfish.jersey.message.internal.CommittingOutputStream.commitStream(CommittingOutputStream.java:171)
		at org.glassfish.jersey.message.internal.CommittingOutputStream.flushBuffer(CommittingOutputStream.java:276)
		at org.glassfish.jersey.message.internal.CommittingOutputStream.commit(CommittingOutputStream.java:232)
		at org.glassfish.jersey.message.internal.CommittingOutputStream.close(CommittingOutputStream.java:247)
		at org.glassfish.jersey.message.internal.OutboundMessageContext.close(OutboundMessageContext.java:865)
		at org.glassfish.jersey.server.ContainerResponse.close(ContainerResponse.java:403)
		at java.base/java.util.stream.ForEachOps$ForEachOp$OfRef.accept(ForEachOps.java:184)
		at java.base/java.util.stream.ReferencePipeline$2$1.accept(ReferencePipeline.java:194)
		at java.base/java.util.Spliterators$ArraySpliterator.forEachRemaining(Spliterators.java:1024)
		at java.base/java.util.stream.AbstractPipeline.copyInto(AbstractPipeline.java:556)
		at java.base/java.util.stream.AbstractPipeline.wrapAndCopyInto(AbstractPipeline.java:546)
		at java.base/java.util.stream.ForEachOps$ForEachOp.evaluateSequential(ForEachOps.java:151)
		at java.base/java.util.stream.ForEachOps$ForEachOp$OfRef.evaluateSequential(ForEachOps.java:174)
		at java.base/java.util.stream.AbstractPipeline.evaluate(AbstractPipeline.java:265)
		at java.base/java.util.stream.ReferencePipeline.forEach(ReferencePipeline.java:611)
		at org.glassfish.jersey.server.ServerRuntime$Responder.release(ServerRuntime.java:774)
		at org.glassfish.jersey.server.ServerRuntime$Responder.process(ServerRuntime.java:467)
		at org.glassfish.jersey.server.ServerRuntime$1.run(ServerRuntime.java:269)
		at org.glassfish.jersey.internal.Errors$1.call(Errors.java:248)
		at org.glassfish.jersey.internal.Errors$1.call(Errors.java:244)
		at org.glassfish.jersey.internal.Errors.process(Errors.java:292)
		at org.glassfish.jersey.internal.Errors.process(Errors.java:274)
		at org.glassfish.jersey.internal.Errors.process(Errors.java:244)
		at org.glassfish.jersey.process.internal.RequestScope.runInScope(RequestScope.java:265)
		at org.glassfish.jersey.server.ServerRuntime.process(ServerRuntime.java:240)
		at org.glassfish.jersey.server.ApplicationHandler.handle(ApplicationHandler.java:697)
		at org.glassfish.jersey.servlet.WebComponent.serviceImpl(WebComponent.java:394)
		at org.glassfish.jersey.servlet.WebComponent.service(WebComponent.java:346)
		at org.glassfish.jersey.servlet.ServletContainer.service(ServletContainer.java:357)
		at org.glassfish.jersey.servlet.ServletContainer.service(ServletContainer.java:311)
		at org.glassfish.jersey.servlet.ServletContainer.service(ServletContainer.java:205)
		at org.apache.catalina.core.ApplicationFilterChain.doFilter(ApplicationFilterChain.java:130)
		at org.apache.tomcat.websocket.server.WsFilter.doFilter(WsFilter.java:53)
		at org.apache.catalina.core.ApplicationFilterChain.doFilter(ApplicationFilterChain.java:109)
		at org.apache.catalina.core.StandardWrapperValve.invoke(StandardWrapperValve.java:167)
		at org.apache.catalina.core.StandardContextValve.invoke(StandardContextValve.java:79)
		at org.apache.catalina.authenticator.AuthenticatorBase.invoke(AuthenticatorBase.java:483)
		at org.apache.catalina.core.StandardHostValve.invoke(StandardHostValve.java:116)
		at org.apache.catalina.valves.ErrorReportValve.invoke(ErrorReportValve.java:93)
		at org.apache.catalina.valves.AbstractAccessLogValve.invoke(AbstractAccessLogValve.java:666)
		at org.apache.catalina.core.StandardEngineValve.invoke(StandardEngineValve.java:74)
		at org.apache.catalina.connector.CoyoteAdapter.service(CoyoteAdapter.java:343)
		at org.apache.coyote.http11.Http11Processor.service(Http11Processor.java:396)
		at org.apache.coyote.AbstractProcessorLight.process(AbstractProcessorLight.java:63)
		at org.apache.coyote.AbstractProtocol$ConnectionHandler.process(AbstractProtocol.java:903)
		at org.apache.tomcat.util.net.NioEndpoint$SocketProcessor.doRun(NioEndpoint.java:1773)
		at org.apache.tomcat.util.net.SocketProcessorBase.run(SocketProcessorBase.java:52)
		at org.apache.tomcat.util.threads.ThreadPoolExecutor.runWorker(ThreadPoolExecutor.java:1149)
		at org.apache.tomcat.util.threads.ThreadPoolExecutor$Worker.run(ThreadPoolExecutor.java:637)
		at org.apache.tomcat.util.threads.TaskThread$WrappingRunnable.run(TaskThread.java:59)
		at java.base/java.lang.Thread.run(Thread.java:1570)
	Caused by: java.util.concurrent.ExecutionException: jakarta.ws.rs.InternalServerErrorException: HTTP 500 Internal Server Error
		at java.base/java.util.concurrent.CompletableFuture.reportGet(CompletableFuture.java:396)
		at java.base/java.util.concurrent.CompletableFuture.get(CompletableFuture.java:2073)
		at org.glassfish.jersey.servlet.internal.ResponseWriter.getResponseContext(ResponseWriter.java:276)
		... 53 more
	Caused by: jakarta.ws.rs.InternalServerErrorException: HTTP 500 Internal Server Error
		at org.glassfish.jersey.server.internal.MappableExceptionWrapperInterceptor.aroundWriteTo(MappableExceptionWrapperInterceptor.java:65)
		at org.glassfish.jersey.message.internal.WriterInterceptorExecutor.proceed(WriterInterceptorExecutor.java:139)
		at org.glassfish.jersey.message.internal.MessageBodyFactory.writeTo(MessageBodyFactory.java:1116)
		at org.glassfish.jersey.server.ServerRuntime$Responder.writeResponse(ServerRuntime.java:677)
		at org.glassfish.jersey.server.ServerRuntime$Responder.processResponse(ServerRuntime.java:385)
		at org.glassfish.jersey.server.ServerRuntime$Responder.process(ServerRuntime.java:437)
		... 34 more
	Caused by: org.glassfish.jersey.message.internal.MessageBodyProviderNotFoundException: MessageBodyWriter not found for media type=null, type=class modelo.ApiResponse, genericType=class modelo.ApiResponse.
		at org.glassfish.jersey.message.internal.WriterInterceptorExecutor$TerminalWriterInterceptor.aroundWriteTo(WriterInterceptorExecutor.java:224)
		at org.glassfish.jersey.message.internal.WriterInterceptorExecutor.proceed(WriterInterceptorExecutor.java:139)
		at org.glassfish.jersey.server.internal.JsonWithPaddingInterceptor.aroundWriteTo(JsonWithPaddingInterceptor.java:85)
		at org.glassfish.jersey.message.internal.WriterInterceptorExecutor.proceed(WriterInterceptorExecutor.java:139)
		at org.glassfish.jersey.server.internal.MappableExceptionWrapperInterceptor.aroundWriteTo(MappableExceptionWrapperInterceptor.java:61)
		... 39 more
03-Aug-2025 01:15:58.358 WARNING [http-nio-8080-exec-11] org.glassfish.jersey.server.ServerRuntime$Responder.release Attempt to release request processing resources has failed for a request.
	org.glassfish.jersey.server.ContainerException: java.util.concurrent.ExecutionException: jakarta.ws.rs.InternalServerErrorException: HTTP 500 Internal Server Error
		at org.glassfish.jersey.servlet.internal.ResponseWriter.getResponseContext(ResponseWriter.java:278)
		at org.glassfish.jersey.servlet.internal.ResponseWriter.writeResponseStatusAndHeaders(ResponseWriter.java:128)
		at org.glassfish.jersey.server.ServerRuntime$Responder$1.getOutputStream(ServerRuntime.java:667)
		at org.glassfish.jersey.message.internal.CommittingOutputStream.commitStream(CommittingOutputStream.java:171)
		at org.glassfish.jersey.message.internal.CommittingOutputStream.flushBuffer(CommittingOutputStream.java:276)
		at org.glassfish.jersey.message.internal.CommittingOutputStream.commit(CommittingOutputStream.java:232)
		at org.glassfish.jersey.message.internal.CommittingOutputStream.close(CommittingOutputStream.java:247)
		at org.glassfish.jersey.message.internal.OutboundMessageContext.close(OutboundMessageContext.java:865)
		at org.glassfish.jersey.server.ContainerResponse.close(ContainerResponse.java:403)
		at java.base/java.util.stream.ForEachOps$ForEachOp$OfRef.accept(ForEachOps.java:184)
		at java.base/java.util.stream.ReferencePipeline$2$1.accept(ReferencePipeline.java:194)
		at java.base/java.util.Spliterators$ArraySpliterator.forEachRemaining(Spliterators.java:1024)
		at java.base/java.util.stream.AbstractPipeline.copyInto(AbstractPipeline.java:556)
		at java.base/java.util.stream.AbstractPipeline.wrapAndCopyInto(AbstractPipeline.java:546)
		at java.base/java.util.stream.ForEachOps$ForEachOp.evaluateSequential(ForEachOps.java:151)
		at java.base/java.util.stream.ForEachOps$ForEachOp$OfRef.evaluateSequential(ForEachOps.java:174)
		at java.base/java.util.stream.AbstractPipeline.evaluate(AbstractPipeline.java:265)
		at java.base/java.util.stream.ReferencePipeline.forEach(ReferencePipeline.java:611)
		at org.glassfish.jersey.server.ServerRuntime$Responder.release(ServerRuntime.java:774)
		at org.glassfish.jersey.server.ServerRuntime$Responder.process(ServerRuntime.java:467)
		at org.glassfish.jersey.server.ServerRuntime$1.run(ServerRuntime.java:269)
		at org.glassfish.jersey.internal.Errors$1.call(Errors.java:248)
		at org.glassfish.jersey.internal.Errors$1.call(Errors.java:244)
		at org.glassfish.jersey.internal.Errors.process(Errors.java:292)
		at org.glassfish.jersey.internal.Errors.process(Errors.java:274)
		at org.glassfish.jersey.internal.Errors.process(Errors.java:244)
		at org.glassfish.jersey.process.internal.RequestScope.runInScope(RequestScope.java:265)
		at org.glassfish.jersey.server.ServerRuntime.process(ServerRuntime.java:240)
		at org.glassfish.jersey.server.ApplicationHandler.handle(ApplicationHandler.java:697)
		at org.glassfish.jersey.servlet.WebComponent.serviceImpl(WebComponent.java:394)
		at org.glassfish.jersey.servlet.WebComponent.service(WebComponent.java:346)
		at org.glassfish.jersey.servlet.ServletContainer.service(ServletContainer.java:357)
		at org.glassfish.jersey.servlet.ServletContainer.service(ServletContainer.java:311)
		at org.glassfish.jersey.servlet.ServletContainer.service(ServletContainer.java:205)
		at org.apache.catalina.core.ApplicationFilterChain.doFilter(ApplicationFilterChain.java:130)
		at org.apache.tomcat.websocket.server.WsFilter.doFilter(WsFilter.java:53)
		at org.apache.catalina.core.ApplicationFilterChain.doFilter(ApplicationFilterChain.java:109)
		at org.apache.catalina.core.StandardWrapperValve.invoke(StandardWrapperValve.java:167)
		at org.apache.catalina.core.StandardContextValve.invoke(StandardContextValve.java:79)
		at org.apache.catalina.authenticator.AuthenticatorBase.invoke(AuthenticatorBase.java:483)
		at org.apache.catalina.core.StandardHostValve.invoke(StandardHostValve.java:116)
		at org.apache.catalina.valves.ErrorReportValve.invoke(ErrorReportValve.java:93)
		at org.apache.catalina.valves.AbstractAccessLogValve.invoke(AbstractAccessLogValve.java:666)
		at org.apache.catalina.core.StandardEngineValve.invoke(StandardEngineValve.java:74)
		at org.apache.catalina.connector.CoyoteAdapter.service(CoyoteAdapter.java:343)
		at org.apache.coyote.http11.Http11Processor.service(Http11Processor.java:396)
		at org.apache.coyote.AbstractProcessorLight.process(AbstractProcessorLight.java:63)
		at org.apache.coyote.AbstractProtocol$ConnectionHandler.process(AbstractProtocol.java:903)
		at org.apache.tomcat.util.net.NioEndpoint$SocketProcessor.doRun(NioEndpoint.java:1773)
		at org.apache.tomcat.util.net.SocketProcessorBase.run(SocketProcessorBase.java:52)
		at org.apache.tomcat.util.threads.ThreadPoolExecutor.runWorker(ThreadPoolExecutor.java:1149)
		at org.apache.tomcat.util.threads.ThreadPoolExecutor$Worker.run(ThreadPoolExecutor.java:637)
		at org.apache.tomcat.util.threads.TaskThread$WrappingRunnable.run(TaskThread.java:59)
		at java.base/java.lang.Thread.run(Thread.java:1570)
	Caused by: java.util.concurrent.ExecutionException: jakarta.ws.rs.InternalServerErrorException: HTTP 500 Internal Server Error
		at java.base/java.util.concurrent.CompletableFuture.reportGet(CompletableFuture.java:396)
		at java.base/java.util.concurrent.CompletableFuture.get(CompletableFuture.java:2073)
		at org.glassfish.jersey.servlet.internal.ResponseWriter.getResponseContext(ResponseWriter.java:276)
		... 53 more
	Caused by: jakarta.ws.rs.InternalServerErrorException: HTTP 500 Internal Server Error
		at org.glassfish.jersey.server.internal.MappableExceptionWrapperInterceptor.aroundWriteTo(MappableExceptionWrapperInterceptor.java:65)
		at org.glassfish.jersey.message.internal.WriterInterceptorExecutor.proceed(WriterInterceptorExecutor.java:139)
		at org.glassfish.jersey.message.internal.MessageBodyFactory.writeTo(MessageBodyFactory.java:1116)
		at org.glassfish.jersey.server.ServerRuntime$Responder.writeResponse(ServerRuntime.java:677)
		at org.glassfish.jersey.server.ServerRuntime$Responder.processResponse(ServerRuntime.java:385)
		at org.glassfish.jersey.server.ServerRuntime$Responder.process(ServerRuntime.java:437)
		... 34 more
	Caused by: org.glassfish.jersey.message.internal.MessageBodyProviderNotFoundException: MessageBodyWriter not found for media type=null, type=class modelo.ApiResponse, genericType=class modelo.ApiResponse.
		at org.glassfish.jersey.message.internal.WriterInterceptorExecutor$TerminalWriterInterceptor.aroundWriteTo(WriterInterceptorExecutor.java:224)
		at org.glassfish.jersey.message.internal.WriterInterceptorExecutor.proceed(WriterInterceptorExecutor.java:139)
		at org.glassfish.jersey.server.internal.JsonWithPaddingInterceptor.aroundWriteTo(JsonWithPaddingInterceptor.java:85)
		at org.glassfish.jersey.message.internal.WriterInterceptorExecutor.proceed(WriterInterceptorExecutor.java:139)
		at org.glassfish.jersey.server.internal.MappableExceptionWrapperInterceptor.aroundWriteTo(MappableExceptionWrapperInterceptor.java:61)
		... 39 more
03-Aug-2025 01:15:58.479 SEVERE [http-nio-8080-exec-18] org.glassfish.jersey.message.internal.WriterInterceptorExecutor$TerminalWriterInterceptor.aroundWriteTo MessageBodyWriter not found for media type=null, type=class modelo.ApiResponse, genericType=class modelo.ApiResponse.
03-Aug-2025 01:15:58.479 SEVERE [http-nio-8080-exec-18] org.glassfish.jersey.server.ServerRuntime$Responder.process Error occurred when processing a response created from an already mapped exception.
03-Aug-2025 01:15:58.479 WARNING [http-nio-8080-exec-18] org.glassfish.jersey.server.ServerRuntime$Responder.process An exception mapping did not successfully produce and processed a response. Logging the exception propagated to the default exception mapper.
	jakarta.ws.rs.InternalServerErrorException: HTTP 500 Internal Server Error
		at org.glassfish.jersey.server.internal.MappableExceptionWrapperInterceptor.aroundWriteTo(MappableExceptionWrapperInterceptor.java:65)
		at org.glassfish.jersey.message.internal.WriterInterceptorExecutor.proceed(WriterInterceptorExecutor.java:139)
		at org.glassfish.jersey.message.internal.MessageBodyFactory.writeTo(MessageBodyFactory.java:1116)
		at org.glassfish.jersey.server.ServerRuntime$Responder.writeResponse(ServerRuntime.java:677)
		at org.glassfish.jersey.server.ServerRuntime$Responder.processResponse(ServerRuntime.java:385)
		at org.glassfish.jersey.server.ServerRuntime$Responder.process(ServerRuntime.java:437)
		at org.glassfish.jersey.server.ServerRuntime$1.run(ServerRuntime.java:269)
		at org.glassfish.jersey.internal.Errors$1.call(Errors.java:248)
		at org.glassfish.jersey.internal.Errors$1.call(Errors.java:244)
		at org.glassfish.jersey.internal.Errors.process(Errors.java:292)
		at org.glassfish.jersey.internal.Errors.process(Errors.java:274)
		at org.glassfish.jersey.internal.Errors.process(Errors.java:244)
		at org.glassfish.jersey.process.internal.RequestScope.runInScope(RequestScope.java:265)
		at org.glassfish.jersey.server.ServerRuntime.process(ServerRuntime.java:240)
		at org.glassfish.jersey.server.ApplicationHandler.handle(ApplicationHandler.java:697)
		at org.glassfish.jersey.servlet.WebComponent.serviceImpl(WebComponent.java:394)
		at org.glassfish.jersey.servlet.WebComponent.service(WebComponent.java:346)
		at org.glassfish.jersey.servlet.ServletContainer.service(ServletContainer.java:357)
		at org.glassfish.jersey.servlet.ServletContainer.service(ServletContainer.java:311)
		at org.glassfish.jersey.servlet.ServletContainer.service(ServletContainer.java:205)
		at org.apache.catalina.core.ApplicationFilterChain.doFilter(ApplicationFilterChain.java:130)
		at org.apache.tomcat.websocket.server.WsFilter.doFilter(WsFilter.java:53)
		at org.apache.catalina.core.ApplicationFilterChain.doFilter(ApplicationFilterChain.java:109)
		at org.apache.catalina.core.StandardWrapperValve.invoke(StandardWrapperValve.java:167)
		at org.apache.catalina.core.StandardContextValve.invoke(StandardContextValve.java:79)
		at org.apache.catalina.authenticator.AuthenticatorBase.invoke(AuthenticatorBase.java:483)
		at org.apache.catalina.core.StandardHostValve.invoke(StandardHostValve.java:116)
		at org.apache.catalina.valves.ErrorReportValve.invoke(ErrorReportValve.java:93)
		at org.apache.catalina.valves.AbstractAccessLogValve.invoke(AbstractAccessLogValve.java:666)
		at org.apache.catalina.core.StandardEngineValve.invoke(StandardEngineValve.java:74)
		at org.apache.catalina.connector.CoyoteAdapter.service(CoyoteAdapter.java:343)
		at org.apache.coyote.http11.Http11Processor.service(Http11Processor.java:396)
		at org.apache.coyote.AbstractProcessorLight.process(AbstractProcessorLight.java:63)
		at org.apache.coyote.AbstractProtocol$ConnectionHandler.process(AbstractProtocol.java:903)
		at org.apache.tomcat.util.net.NioEndpoint$SocketProcessor.doRun(NioEndpoint.java:1773)
		at org.apache.tomcat.util.net.SocketProcessorBase.run(SocketProcessorBase.java:52)
		at org.apache.tomcat.util.threads.ThreadPoolExecutor.runWorker(ThreadPoolExecutor.java:1149)
		at org.apache.tomcat.util.threads.ThreadPoolExecutor$Worker.run(ThreadPoolExecutor.java:637)
		at org.apache.tomcat.util.threads.TaskThread$WrappingRunnable.run(TaskThread.java:59)
		at java.base/java.lang.Thread.run(Thread.java:1570)
	Caused by: org.glassfish.jersey.message.internal.MessageBodyProviderNotFoundException: MessageBodyWriter not found for media type=null, type=class modelo.ApiResponse, genericType=class modelo.ApiResponse.
		at org.glassfish.jersey.message.internal.WriterInterceptorExecutor$TerminalWriterInterceptor.aroundWriteTo(WriterInterceptorExecutor.java:224)
		at org.glassfish.jersey.message.internal.WriterInterceptorExecutor.proceed(WriterInterceptorExecutor.java:139)
		at org.glassfish.jersey.server.internal.JsonWithPaddingInterceptor.aroundWriteTo(JsonWithPaddingInterceptor.java:85)
		at org.glassfish.jersey.message.internal.WriterInterceptorExecutor.proceed(WriterInterceptorExecutor.java:139)
		at org.glassfish.jersey.server.internal.MappableExceptionWrapperInterceptor.aroundWriteTo(MappableExceptionWrapperInterceptor.java:61)
		... 39 more
03-Aug-2025 01:15:58.537 WARNING [http-nio-8080-exec-18] org.glassfish.jersey.server.ServerRuntime$Responder.release Attempt to release request processing resources has failed for a request.
	org.glassfish.jersey.server.ContainerException: java.util.concurrent.ExecutionException: jakarta.ws.rs.InternalServerErrorException: HTTP 500 Internal Server Error
		at org.glassfish.jersey.servlet.internal.ResponseWriter.getResponseContext(ResponseWriter.java:278)
		at org.glassfish.jersey.servlet.internal.ResponseWriter.writeResponseStatusAndHeaders(ResponseWriter.java:128)
		at org.glassfish.jersey.server.ServerRuntime$Responder$1.getOutputStream(ServerRuntime.java:667)
		at org.glassfish.jersey.message.internal.CommittingOutputStream.commitStream(CommittingOutputStream.java:171)
		at org.glassfish.jersey.message.internal.CommittingOutputStream.flushBuffer(CommittingOutputStream.java:276)
		at org.glassfish.jersey.message.internal.CommittingOutputStream.commit(CommittingOutputStream.java:232)
		at org.glassfish.jersey.message.internal.CommittingOutputStream.close(CommittingOutputStream.java:247)
		at org.glassfish.jersey.message.internal.OutboundMessageContext.close(OutboundMessageContext.java:865)
		at org.glassfish.jersey.server.ContainerResponse.close(ContainerResponse.java:403)
		at java.base/java.util.stream.ForEachOps$ForEachOp$OfRef.accept(ForEachOps.java:184)
		at java.base/java.util.stream.ReferencePipeline$2$1.accept(ReferencePipeline.java:194)
		at java.base/java.util.Spliterators$ArraySpliterator.forEachRemaining(Spliterators.java:1024)
		at java.base/java.util.stream.AbstractPipeline.copyInto(AbstractPipeline.java:556)
		at java.base/java.util.stream.AbstractPipeline.wrapAndCopyInto(AbstractPipeline.java:546)
		at java.base/java.util.stream.ForEachOps$ForEachOp.evaluateSequential(ForEachOps.java:151)
		at java.base/java.util.stream.ForEachOps$ForEachOp$OfRef.evaluateSequential(ForEachOps.java:174)
		at java.base/java.util.stream.AbstractPipeline.evaluate(AbstractPipeline.java:265)
		at java.base/java.util.stream.ReferencePipeline.forEach(ReferencePipeline.java:611)
		at org.glassfish.jersey.server.ServerRuntime$Responder.release(ServerRuntime.java:774)
		at org.glassfish.jersey.server.ServerRuntime$Responder.process(ServerRuntime.java:467)
		at org.glassfish.jersey.server.ServerRuntime$1.run(ServerRuntime.java:269)
		at org.glassfish.jersey.internal.Errors$1.call(Errors.java:248)
		at org.glassfish.jersey.internal.Errors$1.call(Errors.java:244)
		at org.glassfish.jersey.internal.Errors.process(Errors.java:292)
		at org.glassfish.jersey.internal.Errors.process(Errors.java:274)
		at org.glassfish.jersey.internal.Errors.process(Errors.java:244)
		at org.glassfish.jersey.process.internal.RequestScope.runInScope(RequestScope.java:265)
		at org.glassfish.jersey.server.ServerRuntime.process(ServerRuntime.java:240)
		at org.glassfish.jersey.server.ApplicationHandler.handle(ApplicationHandler.java:697)
		at org.glassfish.jersey.servlet.WebComponent.serviceImpl(WebComponent.java:394)
		at org.glassfish.jersey.servlet.WebComponent.service(WebComponent.java:346)
		at org.glassfish.jersey.servlet.ServletContainer.service(ServletContainer.java:357)
		at org.glassfish.jersey.servlet.ServletContainer.service(ServletContainer.java:311)
		at org.glassfish.jersey.servlet.ServletContainer.service(ServletContainer.java:205)
		at org.apache.catalina.core.ApplicationFilterChain.doFilter(ApplicationFilterChain.java:130)
		at org.apache.tomcat.websocket.server.WsFilter.doFilter(WsFilter.java:53)
		at org.apache.catalina.core.ApplicationFilterChain.doFilter(ApplicationFilterChain.java:109)
		at org.apache.catalina.core.StandardWrapperValve.invoke(StandardWrapperValve.java:167)
		at org.apache.catalina.core.StandardContextValve.invoke(StandardContextValve.java:79)
		at org.apache.catalina.authenticator.AuthenticatorBase.invoke(AuthenticatorBase.java:483)
		at org.apache.catalina.core.StandardHostValve.invoke(StandardHostValve.java:116)
		at org.apache.catalina.valves.ErrorReportValve.invoke(ErrorReportValve.java:93)
		at org.apache.catalina.valves.AbstractAccessLogValve.invoke(AbstractAccessLogValve.java:666)
		at org.apache.catalina.core.StandardEngineValve.invoke(StandardEngineValve.java:74)
		at org.apache.catalina.connector.CoyoteAdapter.service(CoyoteAdapter.java:343)
		at org.apache.coyote.http11.Http11Processor.service(Http11Processor.java:396)
		at org.apache.coyote.AbstractProcessorLight.process(AbstractProcessorLight.java:63)
		at org.apache.coyote.AbstractProtocol$ConnectionHandler.process(AbstractProtocol.java:903)
		at org.apache.tomcat.util.net.NioEndpoint$SocketProcessor.doRun(NioEndpoint.java:1773)
		at org.apache.tomcat.util.net.SocketProcessorBase.run(SocketProcessorBase.java:52)
		at org.apache.tomcat.util.threads.ThreadPoolExecutor.runWorker(ThreadPoolExecutor.java:1149)
		at org.apache.tomcat.util.threads.ThreadPoolExecutor$Worker.run(ThreadPoolExecutor.java:637)
		at org.apache.tomcat.util.threads.TaskThread$WrappingRunnable.run(TaskThread.java:59)
		at java.base/java.lang.Thread.run(Thread.java:1570)
	Caused by: java.util.concurrent.ExecutionException: jakarta.ws.rs.InternalServerErrorException: HTTP 500 Internal Server Error
		at java.base/java.util.concurrent.CompletableFuture.reportGet(CompletableFuture.java:396)
		at java.base/java.util.concurrent.CompletableFuture.get(CompletableFuture.java:2073)
		at org.glassfish.jersey.servlet.internal.ResponseWriter.getResponseContext(ResponseWriter.java:276)
		... 53 more
	Caused by: jakarta.ws.rs.InternalServerErrorException: HTTP 500 Internal Server Error
		at org.glassfish.jersey.server.internal.MappableExceptionWrapperInterceptor.aroundWriteTo(MappableExceptionWrapperInterceptor.java:65)
		at org.glassfish.jersey.message.internal.WriterInterceptorExecutor.proceed(WriterInterceptorExecutor.java:139)
		at org.glassfish.jersey.message.internal.MessageBodyFactory.writeTo(MessageBodyFactory.java:1116)
		at org.glassfish.jersey.server.ServerRuntime$Responder.writeResponse(ServerRuntime.java:677)
		at org.glassfish.jersey.server.ServerRuntime$Responder.processResponse(ServerRuntime.java:385)
		at org.glassfish.jersey.server.ServerRuntime$Responder.process(ServerRuntime.java:437)
		... 34 more
	Caused by: org.glassfish.jersey.message.internal.MessageBodyProviderNotFoundException: MessageBodyWriter not found for media type=null, type=class modelo.ApiResponse, genericType=class modelo.ApiResponse.
		at org.glassfish.jersey.message.internal.WriterInterceptorExecutor$TerminalWriterInterceptor.aroundWriteTo(WriterInterceptorExecutor.java:224)
		at org.glassfish.jersey.message.internal.WriterInterceptorExecutor.proceed(WriterInterceptorExecutor.java:139)
		at org.glassfish.jersey.server.internal.JsonWithPaddingInterceptor.aroundWriteTo(JsonWithPaddingInterceptor.java:85)
		at org.glassfish.jersey.message.internal.WriterInterceptorExecutor.proceed(WriterInterceptorExecutor.java:139)
		at org.glassfish.jersey.server.internal.MappableExceptionWrapperInterceptor.aroundWriteTo(MappableExceptionWrapperInterceptor.java:61)
		... 39 more
03-Aug-2025 01:15:58.599 SEVERE [http-nio-8080-exec-14] org.glassfish.jersey.message.internal.WriterInterceptorExecutor$TerminalWriterInterceptor.aroundWriteTo MessageBodyWriter not found for media type=null, type=class modelo.ApiResponse, genericType=class modelo.ApiResponse.
03-Aug-2025 01:15:58.599 SEVERE [http-nio-8080-exec-14] org.glassfish.jersey.server.ServerRuntime$Responder.process Error occurred when processing a response created from an already mapped exception.
03-Aug-2025 01:15:58.599 WARNING [http-nio-8080-exec-14] org.glassfish.jersey.server.ServerRuntime$Responder.process An exception mapping did not successfully produce and processed a response. Logging the exception propagated to the default exception mapper.
	jakarta.ws.rs.InternalServerErrorException: HTTP 500 Internal Server Error
		at org.glassfish.jersey.server.internal.MappableExceptionWrapperInterceptor.aroundWriteTo(MappableExceptionWrapperInterceptor.java:65)
		at org.glassfish.jersey.message.internal.WriterInterceptorExecutor.proceed(WriterInterceptorExecutor.java:139)
		at org.glassfish.jersey.message.internal.MessageBodyFactory.writeTo(MessageBodyFactory.java:1116)
		at org.glassfish.jersey.server.ServerRuntime$Responder.writeResponse(ServerRuntime.java:677)
		at org.glassfish.jersey.server.ServerRuntime$Responder.processResponse(ServerRuntime.java:385)
		at org.glassfish.jersey.server.ServerRuntime$Responder.process(ServerRuntime.java:437)
		at org.glassfish.jersey.server.ServerRuntime$1.run(ServerRuntime.java:269)
		at org.glassfish.jersey.internal.Errors$1.call(Errors.java:248)
		at org.glassfish.jersey.internal.Errors$1.call(Errors.java:244)
		at org.glassfish.jersey.internal.Errors.process(Errors.java:292)
		at org.glassfish.jersey.internal.Errors.process(Errors.java:274)
		at org.glassfish.jersey.internal.Errors.process(Errors.java:244)
		at org.glassfish.jersey.process.internal.RequestScope.runInScope(RequestScope.java:265)
		at org.glassfish.jersey.server.ServerRuntime.process(ServerRuntime.java:240)
		at org.glassfish.jersey.server.ApplicationHandler.handle(ApplicationHandler.java:697)
		at org.glassfish.jersey.servlet.WebComponent.serviceImpl(WebComponent.java:394)
		at org.glassfish.jersey.servlet.WebComponent.service(WebComponent.java:346)
		at org.glassfish.jersey.servlet.ServletContainer.service(ServletContainer.java:357)
		at org.glassfish.jersey.servlet.ServletContainer.service(ServletContainer.java:311)
		at org.glassfish.jersey.servlet.ServletContainer.service(ServletContainer.java:205)
		at org.apache.catalina.core.ApplicationFilterChain.doFilter(ApplicationFilterChain.java:130)
		at org.apache.tomcat.websocket.server.WsFilter.doFilter(WsFilter.java:53)
		at org.apache.catalina.core.ApplicationFilterChain.doFilter(ApplicationFilterChain.java:109)
		at org.apache.catalina.core.StandardWrapperValve.invoke(StandardWrapperValve.java:167)
		at org.apache.catalina.core.StandardContextValve.invoke(StandardContextValve.java:79)
		at org.apache.catalina.authenticator.AuthenticatorBase.invoke(AuthenticatorBase.java:483)
		at org.apache.catalina.core.StandardHostValve.invoke(StandardHostValve.java:116)
		at org.apache.catalina.valves.ErrorReportValve.invoke(ErrorReportValve.java:93)
		at org.apache.catalina.valves.AbstractAccessLogValve.invoke(AbstractAccessLogValve.java:666)
		at org.apache.catalina.core.StandardEngineValve.invoke(StandardEngineValve.java:74)
		at org.apache.catalina.connector.CoyoteAdapter.service(CoyoteAdapter.java:343)
		at org.apache.coyote.http11.Http11Processor.service(Http11Processor.java:396)
		at org.apache.coyote.AbstractProcessorLight.process(AbstractProcessorLight.java:63)
		at org.apache.coyote.AbstractProtocol$ConnectionHandler.process(AbstractProtocol.java:903)
		at org.apache.tomcat.util.net.NioEndpoint$SocketProcessor.doRun(NioEndpoint.java:1773)
		at org.apache.tomcat.util.net.SocketProcessorBase.run(SocketProcessorBase.java:52)
		at org.apache.tomcat.util.threads.ThreadPoolExecutor.runWorker(ThreadPoolExecutor.java:1149)
		at org.apache.tomcat.util.threads.ThreadPoolExecutor$Worker.run(ThreadPoolExecutor.java:637)
		at org.apache.tomcat.util.threads.TaskThread$WrappingRunnable.run(TaskThread.java:59)
		at java.base/java.lang.Thread.run(Thread.java:1570)
	Caused by: org.glassfish.jersey.message.internal.MessageBodyProviderNotFoundException: MessageBodyWriter not found for media type=null, type=class modelo.ApiResponse, genericType=class modelo.ApiResponse.
		at org.glassfish.jersey.message.internal.WriterInterceptorExecutor$TerminalWriterInterceptor.aroundWriteTo(WriterInterceptorExecutor.java:224)
		at org.glassfish.jersey.message.internal.WriterInterceptorExecutor.proceed(WriterInterceptorExecutor.java:139)
		at org.glassfish.jersey.server.internal.JsonWithPaddingInterceptor.aroundWriteTo(JsonWithPaddingInterceptor.java:85)
		at org.glassfish.jersey.message.internal.WriterInterceptorExecutor.proceed(WriterInterceptorExecutor.java:139)
		at org.glassfish.jersey.server.internal.MappableExceptionWrapperInterceptor.aroundWriteTo(MappableExceptionWrapperInterceptor.java:61)
		... 39 more
03-Aug-2025 01:15:58.658 WARNING [http-nio-8080-exec-14] org.glassfish.jersey.server.ServerRuntime$Responder.release Attempt to release request processing resources has failed for a request.
	org.glassfish.jersey.server.ContainerException: java.util.concurrent.ExecutionException: jakarta.ws.rs.InternalServerErrorException: HTTP 500 Internal Server Error
		at org.glassfish.jersey.servlet.internal.ResponseWriter.getResponseContext(ResponseWriter.java:278)
		at org.glassfish.jersey.servlet.internal.ResponseWriter.writeResponseStatusAndHeaders(ResponseWriter.java:128)
		at org.glassfish.jersey.server.ServerRuntime$Responder$1.getOutputStream(ServerRuntime.java:667)
		at org.glassfish.jersey.message.internal.CommittingOutputStream.commitStream(CommittingOutputStream.java:171)
		at org.glassfish.jersey.message.internal.CommittingOutputStream.flushBuffer(CommittingOutputStream.java:276)
		at org.glassfish.jersey.message.internal.CommittingOutputStream.commit(CommittingOutputStream.java:232)
		at org.glassfish.jersey.message.internal.CommittingOutputStream.close(CommittingOutputStream.java:247)
		at org.glassfish.jersey.message.internal.OutboundMessageContext.close(OutboundMessageContext.java:865)
		at org.glassfish.jersey.server.ContainerResponse.close(ContainerResponse.java:403)
		at java.base/java.util.stream.ForEachOps$ForEachOp$OfRef.accept(ForEachOps.java:184)
		at java.base/java.util.stream.ReferencePipeline$2$1.accept(ReferencePipeline.java:194)
		at java.base/java.util.Spliterators$ArraySpliterator.forEachRemaining(Spliterators.java:1024)
		at java.base/java.util.stream.AbstractPipeline.copyInto(AbstractPipeline.java:556)
		at java.base/java.util.stream.AbstractPipeline.wrapAndCopyInto(AbstractPipeline.java:546)
		at java.base/java.util.stream.ForEachOps$ForEachOp.evaluateSequential(ForEachOps.java:151)
		at java.base/java.util.stream.ForEachOps$ForEachOp$OfRef.evaluateSequential(ForEachOps.java:174)
		at java.base/java.util.stream.AbstractPipeline.evaluate(AbstractPipeline.java:265)
		at java.base/java.util.stream.ReferencePipeline.forEach(ReferencePipeline.java:611)
		at org.glassfish.jersey.server.ServerRuntime$Responder.release(ServerRuntime.java:774)
		at org.glassfish.jersey.server.ServerRuntime$Responder.process(ServerRuntime.java:467)
		at org.glassfish.jersey.server.ServerRuntime$1.run(ServerRuntime.java:269)
		at org.glassfish.jersey.internal.Errors$1.call(Errors.java:248)
		at org.glassfish.jersey.internal.Errors$1.call(Errors.java:244)
		at org.glassfish.jersey.internal.Errors.process(Errors.java:292)
		at org.glassfish.jersey.internal.Errors.process(Errors.java:274)
		at org.glassfish.jersey.internal.Errors.process(Errors.java:244)
		at org.glassfish.jersey.process.internal.RequestScope.runInScope(RequestScope.java:265)
		at org.glassfish.jersey.server.ServerRuntime.process(ServerRuntime.java:240)
		at org.glassfish.jersey.server.ApplicationHandler.handle(ApplicationHandler.java:697)
		at org.glassfish.jersey.servlet.WebComponent.serviceImpl(WebComponent.java:394)
		at org.glassfish.jersey.servlet.WebComponent.service(WebComponent.java:346)
		at org.glassfish.jersey.servlet.ServletContainer.service(ServletContainer.java:357)
		at org.glassfish.jersey.servlet.ServletContainer.service(ServletContainer.java:311)
		at org.glassfish.jersey.servlet.ServletContainer.service(ServletContainer.java:205)
		at org.apache.catalina.core.ApplicationFilterChain.doFilter(ApplicationFilterChain.java:130)
		at org.apache.tomcat.websocket.server.WsFilter.doFilter(WsFilter.java:53)
		at org.apache.catalina.core.ApplicationFilterChain.doFilter(ApplicationFilterChain.java:109)
		at org.apache.catalina.core.StandardWrapperValve.invoke(StandardWrapperValve.java:167)
		at org.apache.catalina.core.StandardContextValve.invoke(StandardContextValve.java:79)
		at org.apache.catalina.authenticator.AuthenticatorBase.invoke(AuthenticatorBase.java:483)
		at org.apache.catalina.core.StandardHostValve.invoke(StandardHostValve.java:116)
		at org.apache.catalina.valves.ErrorReportValve.invoke(ErrorReportValve.java:93)
		at org.apache.catalina.valves.AbstractAccessLogValve.invoke(AbstractAccessLogValve.java:666)
		at org.apache.catalina.core.StandardEngineValve.invoke(StandardEngineValve.java:74)
		at org.apache.catalina.connector.CoyoteAdapter.service(CoyoteAdapter.java:343)
		at org.apache.coyote.http11.Http11Processor.service(Http11Processor.java:396)
		at org.apache.coyote.AbstractProcessorLight.process(AbstractProcessorLight.java:63)
		at org.apache.coyote.AbstractProtocol$ConnectionHandler.process(AbstractProtocol.java:903)
		at org.apache.tomcat.util.net.NioEndpoint$SocketProcessor.doRun(NioEndpoint.java:1773)
		at org.apache.tomcat.util.net.SocketProcessorBase.run(SocketProcessorBase.java:52)
		at org.apache.tomcat.util.threads.ThreadPoolExecutor.runWorker(ThreadPoolExecutor.java:1149)
		at org.apache.tomcat.util.threads.ThreadPoolExecutor$Worker.run(ThreadPoolExecutor.java:637)
		at org.apache.tomcat.util.threads.TaskThread$WrappingRunnable.run(TaskThread.java:59)
		at java.base/java.lang.Thread.run(Thread.java:1570)
	Caused by: java.util.concurrent.ExecutionException: jakarta.ws.rs.InternalServerErrorException: HTTP 500 Internal Server Error
		at java.base/java.util.concurrent.CompletableFuture.reportGet(CompletableFuture.java:396)
		at java.base/java.util.concurrent.CompletableFuture.get(CompletableFuture.java:2073)
		at org.glassfish.jersey.servlet.internal.ResponseWriter.getResponseContext(ResponseWriter.java:276)
		... 53 more
	Caused by: jakarta.ws.rs.InternalServerErrorException: HTTP 500 Internal Server Error
		at org.glassfish.jersey.server.internal.MappableExceptionWrapperInterceptor.aroundWriteTo(MappableExceptionWrapperInterceptor.java:65)
		at org.glassfish.jersey.message.internal.WriterInterceptorExecutor.proceed(WriterInterceptorExecutor.java:139)
		at org.glassfish.jersey.message.internal.MessageBodyFactory.writeTo(MessageBodyFactory.java:1116)
		at org.glassfish.jersey.server.ServerRuntime$Responder.writeResponse(ServerRuntime.java:677)
		at org.glassfish.jersey.server.ServerRuntime$Responder.processResponse(ServerRuntime.java:385)
		at org.glassfish.jersey.server.ServerRuntime$Responder.process(ServerRuntime.java:437)
		... 34 more
	Caused by: org.glassfish.jersey.message.internal.MessageBodyProviderNotFoundException: MessageBodyWriter not found for media type=null, type=class modelo.ApiResponse, genericType=class modelo.ApiResponse.
		at org.glassfish.jersey.message.internal.WriterInterceptorExecutor$TerminalWriterInterceptor.aroundWriteTo(WriterInterceptorExecutor.java:224)
		at org.glassfish.jersey.message.internal.WriterInterceptorExecutor.proceed(WriterInterceptorExecutor.java:139)
		at org.glassfish.jersey.server.internal.JsonWithPaddingInterceptor.aroundWriteTo(JsonWithPaddingInterceptor.java:85)
		at org.glassfish.jersey.message.internal.WriterInterceptorExecutor.proceed(WriterInterceptorExecutor.java:139)
		at org.glassfish.jersey.server.internal.MappableExceptionWrapperInterceptor.aroundWriteTo(MappableExceptionWrapperInterceptor.java:61)
		... 39 more
03-Aug-2025 01:24:11.243 SEVERE [http-nio-8080-exec-19] org.glassfish.jersey.message.internal.WriterInterceptorExecutor$TerminalWriterInterceptor.aroundWriteTo MessageBodyWriter not found for media type=null, type=class modelo.ApiResponse, genericType=class modelo.ApiResponse.
03-Aug-2025 01:24:11.243 SEVERE [http-nio-8080-exec-19] org.glassfish.jersey.server.ServerRuntime$Responder.process Error occurred when processing a response created from an already mapped exception.
03-Aug-2025 01:24:11.243 WARNING [http-nio-8080-exec-19] org.glassfish.jersey.server.ServerRuntime$Responder.process An exception mapping did not successfully produce and processed a response. Logging the exception propagated to the default exception mapper.
	jakarta.ws.rs.InternalServerErrorException: HTTP 500 Internal Server Error
		at org.glassfish.jersey.server.internal.MappableExceptionWrapperInterceptor.aroundWriteTo(MappableExceptionWrapperInterceptor.java:65)
		at org.glassfish.jersey.message.internal.WriterInterceptorExecutor.proceed(WriterInterceptorExecutor.java:139)
		at org.glassfish.jersey.message.internal.MessageBodyFactory.writeTo(MessageBodyFactory.java:1116)
		at org.glassfish.jersey.server.ServerRuntime$Responder.writeResponse(ServerRuntime.java:677)
		at org.glassfish.jersey.server.ServerRuntime$Responder.processResponse(ServerRuntime.java:385)
		at org.glassfish.jersey.server.ServerRuntime$Responder.process(ServerRuntime.java:437)
		at org.glassfish.jersey.server.ServerRuntime$1.run(ServerRuntime.java:269)
		at org.glassfish.jersey.internal.Errors$1.call(Errors.java:248)
		at org.glassfish.jersey.internal.Errors$1.call(Errors.java:244)
		at org.glassfish.jersey.internal.Errors.process(Errors.java:292)
		at org.glassfish.jersey.internal.Errors.process(Errors.java:274)
		at org.glassfish.jersey.internal.Errors.process(Errors.java:244)
		at org.glassfish.jersey.process.internal.RequestScope.runInScope(RequestScope.java:265)
		at org.glassfish.jersey.server.ServerRuntime.process(ServerRuntime.java:240)
		at org.glassfish.jersey.server.ApplicationHandler.handle(ApplicationHandler.java:697)
		at org.glassfish.jersey.servlet.WebComponent.serviceImpl(WebComponent.java:394)
		at org.glassfish.jersey.servlet.WebComponent.service(WebComponent.java:346)
		at org.glassfish.jersey.servlet.ServletContainer.service(ServletContainer.java:357)
		at org.glassfish.jersey.servlet.ServletContainer.service(ServletContainer.java:311)
		at org.glassfish.jersey.servlet.ServletContainer.service(ServletContainer.java:205)
		at org.apache.catalina.core.ApplicationFilterChain.doFilter(ApplicationFilterChain.java:130)
		at org.apache.tomcat.websocket.server.WsFilter.doFilter(WsFilter.java:53)
		at org.apache.catalina.core.ApplicationFilterChain.doFilter(ApplicationFilterChain.java:109)
		at org.apache.catalina.core.StandardWrapperValve.invoke(StandardWrapperValve.java:167)
		at org.apache.catalina.core.StandardContextValve.invoke(StandardContextValve.java:79)
		at org.apache.catalina.authenticator.AuthenticatorBase.invoke(AuthenticatorBase.java:483)
		at org.apache.catalina.core.StandardHostValve.invoke(StandardHostValve.java:116)
		at org.apache.catalina.valves.ErrorReportValve.invoke(ErrorReportValve.java:93)
		at org.apache.catalina.valves.AbstractAccessLogValve.invoke(AbstractAccessLogValve.java:666)
		at org.apache.catalina.core.StandardEngineValve.invoke(StandardEngineValve.java:74)
		at org.apache.catalina.connector.CoyoteAdapter.service(CoyoteAdapter.java:343)
		at org.apache.coyote.http11.Http11Processor.service(Http11Processor.java:396)
		at org.apache.coyote.AbstractProcessorLight.process(AbstractProcessorLight.java:63)
		at org.apache.coyote.AbstractProtocol$ConnectionHandler.process(AbstractProtocol.java:903)
		at org.apache.tomcat.util.net.NioEndpoint$SocketProcessor.doRun(NioEndpoint.java:1773)
		at org.apache.tomcat.util.net.SocketProcessorBase.run(SocketProcessorBase.java:52)
		at org.apache.tomcat.util.threads.ThreadPoolExecutor.runWorker(ThreadPoolExecutor.java:1149)
		at org.apache.tomcat.util.threads.ThreadPoolExecutor$Worker.run(ThreadPoolExecutor.java:637)
		at org.apache.tomcat.util.threads.TaskThread$WrappingRunnable.run(TaskThread.java:59)
		at java.base/java.lang.Thread.run(Thread.java:1570)
	Caused by: org.glassfish.jersey.message.internal.MessageBodyProviderNotFoundException: MessageBodyWriter not found for media type=null, type=class modelo.ApiResponse, genericType=class modelo.ApiResponse.
		at org.glassfish.jersey.message.internal.WriterInterceptorExecutor$TerminalWriterInterceptor.aroundWriteTo(WriterInterceptorExecutor.java:224)
		at org.glassfish.jersey.message.internal.WriterInterceptorExecutor.proceed(WriterInterceptorExecutor.java:139)
		at org.glassfish.jersey.server.internal.JsonWithPaddingInterceptor.aroundWriteTo(JsonWithPaddingInterceptor.java:85)
		at org.glassfish.jersey.message.internal.WriterInterceptorExecutor.proceed(WriterInterceptorExecutor.java:139)
		at org.glassfish.jersey.server.internal.MappableExceptionWrapperInterceptor.aroundWriteTo(MappableExceptionWrapperInterceptor.java:61)
		... 39 more
03-Aug-2025 01:24:11.462 WARNING [http-nio-8080-exec-19] org.glassfish.jersey.server.ServerRuntime$Responder.release Attempt to release request processing resources has failed for a request.
	org.glassfish.jersey.server.ContainerException: java.util.concurrent.ExecutionException: jakarta.ws.rs.InternalServerErrorException: HTTP 500 Internal Server Error
		at org.glassfish.jersey.servlet.internal.ResponseWriter.getResponseContext(ResponseWriter.java:278)
		at org.glassfish.jersey.servlet.internal.ResponseWriter.writeResponseStatusAndHeaders(ResponseWriter.java:128)
		at org.glassfish.jersey.server.ServerRuntime$Responder$1.getOutputStream(ServerRuntime.java:667)
		at org.glassfish.jersey.message.internal.CommittingOutputStream.commitStream(CommittingOutputStream.java:171)
		at org.glassfish.jersey.message.internal.CommittingOutputStream.flushBuffer(CommittingOutputStream.java:276)
		at org.glassfish.jersey.message.internal.CommittingOutputStream.commit(CommittingOutputStream.java:232)
		at org.glassfish.jersey.message.internal.CommittingOutputStream.close(CommittingOutputStream.java:247)
		at org.glassfish.jersey.message.internal.OutboundMessageContext.close(OutboundMessageContext.java:865)
		at org.glassfish.jersey.server.ContainerResponse.close(ContainerResponse.java:403)
		at java.base/java.util.stream.ForEachOps$ForEachOp$OfRef.accept(ForEachOps.java:184)
		at java.base/java.util.stream.ReferencePipeline$2$1.accept(ReferencePipeline.java:194)
		at java.base/java.util.Spliterators$ArraySpliterator.forEachRemaining(Spliterators.java:1024)
		at java.base/java.util.stream.AbstractPipeline.copyInto(AbstractPipeline.java:556)
		at java.base/java.util.stream.AbstractPipeline.wrapAndCopyInto(AbstractPipeline.java:546)
		at java.base/java.util.stream.ForEachOps$ForEachOp.evaluateSequential(ForEachOps.java:151)
		at java.base/java.util.stream.ForEachOps$ForEachOp$OfRef.evaluateSequential(ForEachOps.java:174)
		at java.base/java.util.stream.AbstractPipeline.evaluate(AbstractPipeline.java:265)
		at java.base/java.util.stream.ReferencePipeline.forEach(ReferencePipeline.java:611)
		at org.glassfish.jersey.server.ServerRuntime$Responder.release(ServerRuntime.java:774)
		at org.glassfish.jersey.server.ServerRuntime$Responder.process(ServerRuntime.java:467)
		at org.glassfish.jersey.server.ServerRuntime$1.run(ServerRuntime.java:269)
		at org.glassfish.jersey.internal.Errors$1.call(Errors.java:248)
		at org.glassfish.jersey.internal.Errors$1.call(Errors.java:244)
		at org.glassfish.jersey.internal.Errors.process(Errors.java:292)
		at org.glassfish.jersey.internal.Errors.process(Errors.java:274)
		at org.glassfish.jersey.internal.Errors.process(Errors.java:244)
		at org.glassfish.jersey.process.internal.RequestScope.runInScope(RequestScope.java:265)
		at org.glassfish.jersey.server.ServerRuntime.process(ServerRuntime.java:240)
		at org.glassfish.jersey.server.ApplicationHandler.handle(ApplicationHandler.java:697)
		at org.glassfish.jersey.servlet.WebComponent.serviceImpl(WebComponent.java:394)
		at org.glassfish.jersey.servlet.WebComponent.service(WebComponent.java:346)
		at org.glassfish.jersey.servlet.ServletContainer.service(ServletContainer.java:357)
		at org.glassfish.jersey.servlet.ServletContainer.service(ServletContainer.java:311)
		at org.glassfish.jersey.servlet.ServletContainer.service(ServletContainer.java:205)
		at org.apache.catalina.core.ApplicationFilterChain.doFilter(ApplicationFilterChain.java:130)
		at org.apache.tomcat.websocket.server.WsFilter.doFilter(WsFilter.java:53)
		at org.apache.catalina.core.ApplicationFilterChain.doFilter(ApplicationFilterChain.java:109)
		at org.apache.catalina.core.StandardWrapperValve.invoke(StandardWrapperValve.java:167)
		at org.apache.catalina.core.StandardContextValve.invoke(StandardContextValve.java:79)
		at org.apache.catalina.authenticator.AuthenticatorBase.invoke(AuthenticatorBase.java:483)
		at org.apache.catalina.core.StandardHostValve.invoke(StandardHostValve.java:116)
		at org.apache.catalina.valves.ErrorReportValve.invoke(ErrorReportValve.java:93)
		at org.apache.catalina.valves.AbstractAccessLogValve.invoke(AbstractAccessLogValve.java:666)
		at org.apache.catalina.core.StandardEngineValve.invoke(StandardEngineValve.java:74)
		at org.apache.catalina.connector.CoyoteAdapter.service(CoyoteAdapter.java:343)
		at org.apache.coyote.http11.Http11Processor.service(Http11Processor.java:396)
		at org.apache.coyote.AbstractProcessorLight.process(AbstractProcessorLight.java:63)
		at org.apache.coyote.AbstractProtocol$ConnectionHandler.process(AbstractProtocol.java:903)
		at org.apache.tomcat.util.net.NioEndpoint$SocketProcessor.doRun(NioEndpoint.java:1773)
		at org.apache.tomcat.util.net.SocketProcessorBase.run(SocketProcessorBase.java:52)
		at org.apache.tomcat.util.threads.ThreadPoolExecutor.runWorker(ThreadPoolExecutor.java:1149)
		at org.apache.tomcat.util.threads.ThreadPoolExecutor$Worker.run(ThreadPoolExecutor.java:637)
		at org.apache.tomcat.util.threads.TaskThread$WrappingRunnable.run(TaskThread.java:59)
		at java.base/java.lang.Thread.run(Thread.java:1570)
	Caused by: java.util.concurrent.ExecutionException: jakarta.ws.rs.InternalServerErrorException: HTTP 500 Internal Server Error
		at java.base/java.util.concurrent.CompletableFuture.reportGet(CompletableFuture.java:396)
		at java.base/java.util.concurrent.CompletableFuture.get(CompletableFuture.java:2073)
		at org.glassfish.jersey.servlet.internal.ResponseWriter.getResponseContext(ResponseWriter.java:276)
		... 53 more
	Caused by: jakarta.ws.rs.InternalServerErrorException: HTTP 500 Internal Server Error
		at org.glassfish.jersey.server.internal.MappableExceptionWrapperInterceptor.aroundWriteTo(MappableExceptionWrapperInterceptor.java:65)
		at org.glassfish.jersey.message.internal.WriterInterceptorExecutor.proceed(WriterInterceptorExecutor.java:139)
		at org.glassfish.jersey.message.internal.MessageBodyFactory.writeTo(MessageBodyFactory.java:1116)
		at org.glassfish.jersey.server.ServerRuntime$Responder.writeResponse(ServerRuntime.java:677)
		at org.glassfish.jersey.server.ServerRuntime$Responder.processResponse(ServerRuntime.java:385)
		at org.glassfish.jersey.server.ServerRuntime$Responder.process(ServerRuntime.java:437)
		... 34 more
	Caused by: org.glassfish.jersey.message.internal.MessageBodyProviderNotFoundException: MessageBodyWriter not found for media type=null, type=class modelo.ApiResponse, genericType=class modelo.ApiResponse.
		at org.glassfish.jersey.message.internal.WriterInterceptorExecutor$TerminalWriterInterceptor.aroundWriteTo(WriterInterceptorExecutor.java:224)
		at org.glassfish.jersey.message.internal.WriterInterceptorExecutor.proceed(WriterInterceptorExecutor.java:139)
		at org.glassfish.jersey.server.internal.JsonWithPaddingInterceptor.aroundWriteTo(JsonWithPaddingInterceptor.java:85)
		at org.glassfish.jersey.message.internal.WriterInterceptorExecutor.proceed(WriterInterceptorExecutor.java:139)
		at org.glassfish.jersey.server.internal.MappableExceptionWrapperInterceptor.aroundWriteTo(MappableExceptionWrapperInterceptor.java:61)
		... 39 more
03-Aug-2025 01:29:43.427 INFO [main] org.apache.catalina.core.StandardServer.await Se ha recibido un comando de apagado a través del puerto de apagado. Parando la instancia del Servidor.
03-Aug-2025 01:29:43.428 INFO [main] org.apache.coyote.AbstractProtocol.pause Pausing ProtocolHandler ["http-nio-8080"]
03-Aug-2025 01:29:43.436 INFO [main] org.apache.catalina.core.StandardService.stopInternal Parando servicio [Catalina]
03-Aug-2025 01:29:43.479 WARNING [main] org.apache.catalina.loader.WebappClassLoaderBase.clearReferencesThreads The web application [StockControl_API] appears to have started a thread named [mysql-cj-abandoned-connection-cleanup] but has failed to stop it. This is very likely to create a memory leak. Stack trace of thread:
 java.base/java.util.concurrent.ConcurrentHashMap.putVal(ConcurrentHashMap.java:1039)
 java.base/java.util.concurrent.ConcurrentHashMap.putIfAbsent(ConcurrentHashMap.java:1541)
 java.base/java.lang.ClassLoader.getClassLoadingLock(ClassLoader.java:680)
 java.base/jdk.internal.loader.BuiltinClassLoader.loadClassOrNull(BuiltinClassLoader.java:651)
 java.base/jdk.internal.loader.BuiltinClassLoader.loadClass(BuiltinClassLoader.java:639)
 java.base/java.lang.ClassLoader.loadClass(ClassLoader.java:525)
 org.apache.catalina.loader.WebappClassLoaderBase.loadClass(WebappClassLoaderBase.java:1149)
 org.apache.catalina.loader.WebappClassLoaderBase.loadClass(WebappClassLoaderBase.java:1059)
 com.mysql.cj.jdbc.AbandonedConnectionCleanupThread.checkThreadContextClassLoader(AbandonedConnectionCleanupThread.java:123)
 com.mysql.cj.jdbc.AbandonedConnectionCleanupThread.run(AbandonedConnectionCleanupThread.java:90)
 java.base/java.util.concurrent.ThreadPoolExecutor.runWorker(ThreadPoolExecutor.java:1144)
 java.base/java.util.concurrent.ThreadPoolExecutor$Worker.run(ThreadPoolExecutor.java:642)
 java.base/java.lang.Thread.run(Thread.java:1570)
03-Aug-2025 01:29:43.493 WARNING [main] org.apache.catalina.loader.WebappClassLoaderBase.clearReferencesJdbc La aplicación web [helder] registró el conductor JDBC [com.mysql.cj.jdbc.Driver] pero falló al anular el registro mientras la aplicación web estaba parada. Para prevenir un fallo de memoria, se ha anulado el registro del conductor JDBC por la fuerza.
03-Aug-2025 01:29:43.494 WARNING [main] org.apache.catalina.loader.WebappClassLoaderBase.clearReferencesThreads The web application [helder] appears to have started a thread named [mysql-cj-abandoned-connection-cleanup] but has failed to stop it. This is very likely to create a memory leak. Stack trace of thread:
 java.base/jdk.internal.misc.Unsafe.park(Native Method)
 java.base/java.util.concurrent.locks.LockSupport.parkNanos(LockSupport.java:269)
 java.base/java.util.concurrent.locks.AbstractQueuedSynchronizer$ConditionObject.await(AbstractQueuedSynchronizer.java:1847)
 java.base/java.lang.ref.ReferenceQueue.await(ReferenceQueue.java:71)
 java.base/java.lang.ref.ReferenceQueue.remove0(ReferenceQueue.java:143)
 java.base/java.lang.ref.ReferenceQueue.remove(ReferenceQueue.java:218)
 com.mysql.cj.jdbc.AbandonedConnectionCleanupThread.run(AbandonedConnectionCleanupThread.java:91)
 java.base/java.util.concurrent.ThreadPoolExecutor.runWorker(ThreadPoolExecutor.java:1144)
 java.base/java.util.concurrent.ThreadPoolExecutor$Worker.run(ThreadPoolExecutor.java:642)
 java.base/java.lang.Thread.run(Thread.java:1570)
03-Aug-2025 01:29:43.495 INFO [main] org.apache.coyote.AbstractProtocol.stop Stopping ProtocolHandler ["http-nio-8080"]
03-Aug-2025 01:29:43.508 INFO [main] org.apache.coyote.AbstractProtocol.destroy Destroying ProtocolHandler ["http-nio-8080"]
03-Aug-2025 01:29:43.565 INFO [mysql-cj-abandoned-connection-cleanup] org.apache.catalina.loader.WebappClassLoaderBase.checkStateForResourceLoading Acceso ilegal: esta instancia de aplicación web ya ha sido parada.  Could not load [].  La eventual traza de pila que sigue ha sido motivada por un error lanzado con motivos de depuración así como para intentar terminar el hilo que motivó el acceso ilegal y no tiene impacto funcional.
	java.lang.IllegalStateException: Acceso ilegal: esta instancia de aplicación web ya ha sido parada.  Could not load [].  La eventual traza de pila que sigue ha sido motivada por un error lanzado con motivos de depuración así como para intentar terminar el hilo que motivó el acceso ilegal y no tiene impacto funcional.
		at org.apache.catalina.loader.WebappClassLoaderBase.checkStateForResourceLoading(WebappClassLoaderBase.java:1248)
		at org.apache.catalina.loader.WebappClassLoaderBase.getResource(WebappClassLoaderBase.java:857)
		at com.mysql.cj.jdbc.AbandonedConnectionCleanupThread.checkThreadContextClassLoader(AbandonedConnectionCleanupThread.java:123)
		at com.mysql.cj.jdbc.AbandonedConnectionCleanupThread.run(AbandonedConnectionCleanupThread.java:90)
		at java.base/java.util.concurrent.ThreadPoolExecutor.runWorker(ThreadPoolExecutor.java:1144)
		at java.base/java.util.concurrent.ThreadPoolExecutor$Worker.run(ThreadPoolExecutor.java:642)
		at java.base/java.lang.Thread.run(Thread.java:1570)
03-Aug-2025 01:29:43.566 INFO [mysql-cj-abandoned-connection-cleanup] org.apache.catalina.loader.WebappClassLoaderBase.checkStateForResourceLoading Acceso ilegal: esta instancia de aplicación web ya ha sido parada.  Could not load [].  La eventual traza de pila que sigue ha sido motivada por un error lanzado con motivos de depuración así como para intentar terminar el hilo que motivó el acceso ilegal y no tiene impacto funcional.
	java.lang.IllegalStateException: Acceso ilegal: esta instancia de aplicación web ya ha sido parada.  Could not load [].  La eventual traza de pila que sigue ha sido motivada por un error lanzado con motivos de depuración así como para intentar terminar el hilo que motivó el acceso ilegal y no tiene impacto funcional.
		at org.apache.catalina.loader.WebappClassLoaderBase.checkStateForResourceLoading(WebappClassLoaderBase.java:1248)
		at org.apache.catalina.loader.WebappClassLoaderBase.getResource(WebappClassLoaderBase.java:857)
		at com.mysql.cj.jdbc.AbandonedConnectionCleanupThread.checkThreadContextClassLoader(AbandonedConnectionCleanupThread.java:123)
		at com.mysql.cj.jdbc.AbandonedConnectionCleanupThread.run(AbandonedConnectionCleanupThread.java:90)
		at java.base/java.util.concurrent.ThreadPoolExecutor.runWorker(ThreadPoolExecutor.java:1144)
		at java.base/java.util.concurrent.ThreadPoolExecutor$Worker.run(ThreadPoolExecutor.java:642)
		at java.base/java.lang.Thread.run(Thread.java:1570)
03-Aug-2025 01:29:43.566 INFO [mysql-cj-abandoned-connection-cleanup] org.apache.catalina.loader.WebappClassLoaderBase.checkStateForResourceLoading Acceso ilegal: esta instancia de aplicación web ya ha sido parada.  Could not load [].  La eventual traza de pila que sigue ha sido motivada por un error lanzado con motivos de depuración así como para intentar terminar el hilo que motivó el acceso ilegal y no tiene impacto funcional.
	java.lang.IllegalStateException: Acceso ilegal: esta instancia de aplicación web ya ha sido parada.  Could not load [].  La eventual traza de pila que sigue ha sido motivada por un error lanzado con motivos de depuración así como para intentar terminar el hilo que motivó el acceso ilegal y no tiene impacto funcional.
		at org.apache.catalina.loader.WebappClassLoaderBase.checkStateForResourceLoading(WebappClassLoaderBase.java:1248)
		at org.apache.catalina.loader.WebappClassLoaderBase.getResource(WebappClassLoaderBase.java:857)
		at com.mysql.cj.jdbc.AbandonedConnectionCleanupThread.checkThreadContextClassLoader(AbandonedConnectionCleanupThread.java:123)
		at com.mysql.cj.jdbc.AbandonedConnectionCleanupThread.run(AbandonedConnectionCleanupThread.java:90)
		at java.base/java.util.concurrent.ThreadPoolExecutor.runWorker(ThreadPoolExecutor.java:1144)
		at java.base/java.util.concurrent.ThreadPoolExecutor$Worker.run(ThreadPoolExecutor.java:642)
		at java.base/java.lang.Thread.run(Thread.java:1570)
03-Aug-2025 01:29:43.566 INFO [mysql-cj-abandoned-connection-cleanup] org.apache.catalina.loader.WebappClassLoaderBase.checkStateForResourceLoading Acceso ilegal: esta instancia de aplicación web ya ha sido parada.  Could not load [].  La eventual traza de pila que sigue ha sido motivada por un error lanzado con motivos de depuración así como para intentar terminar el hilo que motivó el acceso ilegal y no tiene impacto funcional.
	java.lang.IllegalStateException: Acceso ilegal: esta instancia de aplicación web ya ha sido parada.  Could not load [].  La eventual traza de pila que sigue ha sido motivada por un error lanzado con motivos de depuración así como para intentar terminar el hilo que motivó el acceso ilegal y no tiene impacto funcional.
		at org.apache.catalina.loader.WebappClassLoaderBase.checkStateForResourceLoading(WebappClassLoaderBase.java:1248)
		at org.apache.catalina.loader.WebappClassLoaderBase.getResource(WebappClassLoaderBase.java:857)
		at com.mysql.cj.jdbc.AbandonedConnectionCleanupThread.checkThreadContextClassLoader(AbandonedConnectionCleanupThread.java:123)
		at com.mysql.cj.jdbc.AbandonedConnectionCleanupThread.run(AbandonedConnectionCleanupThread.java:90)
		at java.base/java.util.concurrent.ThreadPoolExecutor.runWorker(ThreadPoolExecutor.java:1144)
		at java.base/java.util.concurrent.ThreadPoolExecutor$Worker.run(ThreadPoolExecutor.java:642)
		at java.base/java.lang.Thread.run(Thread.java:1570)
03-Aug-2025 12:28:09.158 INFO [main] org.apache.catalina.startup.VersionLoggerListener.log Nombre de la versión del servidor: Apache Tomcat/11.0.8
03-Aug-2025 12:28:09.161 INFO [main] org.apache.catalina.startup.VersionLoggerListener.log Server built:                      Jun 5 2025 17:49:55 UTC
03-Aug-2025 12:28:09.161 INFO [main] org.apache.catalina.startup.VersionLoggerListener.log Número de versión de servidor:     11.0.8.0
03-Aug-2025 12:28:09.161 INFO [main] org.apache.catalina.startup.VersionLoggerListener.log OS Name:                           Windows 10
03-Aug-2025 12:28:09.161 INFO [main] org.apache.catalina.startup.VersionLoggerListener.log Versión de Systema Operativo:      10.0
03-Aug-2025 12:28:09.162 INFO [main] org.apache.catalina.startup.VersionLoggerListener.log Arquitectura:                      amd64
03-Aug-2025 12:28:09.162 INFO [main] org.apache.catalina.startup.VersionLoggerListener.log Java Home:                         C:\Program Files\Java\jdk-22
03-Aug-2025 12:28:09.162 INFO [main] org.apache.catalina.startup.VersionLoggerListener.log JVM Version:                       22.0.2+9-70
03-Aug-2025 12:28:09.162 INFO [main] org.apache.catalina.startup.VersionLoggerListener.log Vededor JVM:                       Oracle Corporation
03-Aug-2025 12:28:09.162 INFO [main] org.apache.catalina.startup.VersionLoggerListener.log CATALINA_BASE:                     C:\Users\Administrador\Documents\proyecto_final_helder_java-js\apache-tomcat-11.0.8-windows-x64\apache-tomcat-11.0.8
03-Aug-2025 12:28:09.162 INFO [main] org.apache.catalina.startup.VersionLoggerListener.log CATALINA_HOME:                     C:\Users\Administrador\Documents\proyecto_final_helder_java-js\apache-tomcat-11.0.8-windows-x64\apache-tomcat-11.0.8
03-Aug-2025 12:28:09.166 INFO [main] org.apache.catalina.startup.VersionLoggerListener.log Command line argument:             -Djava.util.logging.config.file=C:\Users\Administrador\Documents\proyecto_final_helder_java-js\apache-tomcat-11.0.8-windows-x64\apache-tomcat-11.0.8\conf\logging.properties
03-Aug-2025 12:28:09.166 INFO [main] org.apache.catalina.startup.VersionLoggerListener.log Command line argument:             -Djava.util.logging.manager=org.apache.juli.ClassLoaderLogManager
03-Aug-2025 12:28:09.166 INFO [main] org.apache.catalina.startup.VersionLoggerListener.log Command line argument:             -Djdk.tls.ephemeralDHKeySize=2048
03-Aug-2025 12:28:09.166 INFO [main] org.apache.catalina.startup.VersionLoggerListener.log Command line argument:             --add-opens=java.base/java.lang=ALL-UNNAMED
03-Aug-2025 12:28:09.166 INFO [main] org.apache.catalina.startup.VersionLoggerListener.log Command line argument:             --add-opens=java.base/java.lang.reflect=ALL-UNNAMED
03-Aug-2025 12:28:09.166 INFO [main] org.apache.catalina.startup.VersionLoggerListener.log Command line argument:             --add-opens=java.base/java.io=ALL-UNNAMED
03-Aug-2025 12:28:09.166 INFO [main] org.apache.catalina.startup.VersionLoggerListener.log Command line argument:             --add-opens=java.base/java.util=ALL-UNNAMED
03-Aug-2025 12:28:09.166 INFO [main] org.apache.catalina.startup.VersionLoggerListener.log Command line argument:             --add-opens=java.base/java.util.concurrent=ALL-UNNAMED
03-Aug-2025 12:28:09.166 INFO [main] org.apache.catalina.startup.VersionLoggerListener.log Command line argument:             --add-opens=java.rmi/sun.rmi.transport=ALL-UNNAMED
03-Aug-2025 12:28:09.166 INFO [main] org.apache.catalina.startup.VersionLoggerListener.log Command line argument:             --enable-native-access=ALL-UNNAMED
03-Aug-2025 12:28:09.166 INFO [main] org.apache.catalina.startup.VersionLoggerListener.log Command line argument:             -Dcatalina.base=C:\Users\Administrador\Documents\proyecto_final_helder_java-js\apache-tomcat-11.0.8-windows-x64\apache-tomcat-11.0.8
03-Aug-2025 12:28:09.166 INFO [main] org.apache.catalina.startup.VersionLoggerListener.log Command line argument:             -Dcatalina.home=C:\Users\Administrador\Documents\proyecto_final_helder_java-js\apache-tomcat-11.0.8-windows-x64\apache-tomcat-11.0.8
03-Aug-2025 12:28:09.166 INFO [main] org.apache.catalina.startup.VersionLoggerListener.log Command line argument:             -Djava.io.tmpdir=C:\Users\Administrador\Documents\proyecto_final_helder_java-js\apache-tomcat-11.0.8-windows-x64\apache-tomcat-11.0.8\temp
03-Aug-2025 12:28:09.166 INFO [main] org.apache.catalina.core.AprLifecycleListener.lifecycleEvent Cargada la biblioteca nativa APR de Apache Tomcat [2.0.9] con la versión APR [1.7.6].
03-Aug-2025 12:28:09.182 INFO [main] org.apache.catalina.core.AprLifecycleListener.initializeSSL OpenSSL inicializado correctamente [OpenSSL 3.5.0 8 Apr 2025]
03-Aug-2025 12:28:09.424 INFO [main] org.apache.coyote.AbstractProtocol.init Inicializando el manejador de protocolo ["http-nio-8080"]

03-Aug-2025 12:28:09.441 INFO [main] org.apache.catalina.startup.Catalina.load Server initialization in [453] milliseconds
03-Aug-2025 12:28:09.481 INFO [main] org.apache.catalina.core.StandardService.startInternal Arrancando servicio [Catalina]
03-Aug-2025 12:28:09.481 INFO [main] org.apache.catalina.core.StandardEngine.startInternal Starting Servlet engine: [Apache Tomcat/11.0.8]
03-Aug-2025 12:28:09.489 INFO [main] org.apache.catalina.startup.HostConfig.deployDescriptor Desplieque del descriptor de configuración [C:\Users\Administrador\Documents\proyecto_final_helder_java-js\apache-tomcat-11.0.8-windows-x64\apache-tomcat-11.0.8\conf\Catalina\localhost\helder.xml]
03-Aug-2025 12:28:09.502 WARNING [main] org.apache.catalina.startup.HostConfig.deployDescriptor The path attribute with value [/helder] in deployment descriptor [C:\Users\Administrador\Documents\proyecto_final_helder_java-js\apache-tomcat-11.0.8-windows-x64\apache-tomcat-11.0.8\conf\Catalina\localhost\helder.xml] has been ignored
03-Aug-2025 12:28:10.777 INFO [main] org.apache.jasper.servlet.TldScanner.scanJars Al menos un JAR, que se ha explorado buscando TLDs, aún no contenía TLDs. Activar historial de depuración para este historiador para una completa lista de los JARs que fueron explorados y de los que nos se halló TLDs. Saltarse JARs no necesarios durante la exploración puede dar lugar a una mejora de tiempo significativa en el arranque y compilación de JSP .
03-Aug-2025 12:28:11.231 WARNING [main] org.glassfish.jersey.server.internal.scanning.AnnotationAcceptingListener$ClassReaderWrapper.accept Unsupported class file major version 66
03-Aug-2025 12:28:11.235 WARNING [main] org.glassfish.jersey.server.internal.scanning.AnnotationAcceptingListener$ClassReaderWrapper.accept Unsupported class file major version 66
03-Aug-2025 12:28:11.235 WARNING [main] org.glassfish.jersey.server.internal.scanning.AnnotationAcceptingListener$ClassReaderWrapper.accept Unsupported class file major version 66
03-Aug-2025 12:28:11.236 WARNING [main] org.glassfish.jersey.server.internal.scanning.AnnotationAcceptingListener$ClassReaderWrapper.accept Unsupported class file major version 66
03-Aug-2025 12:28:11.236 WARNING [main] org.glassfish.jersey.server.internal.scanning.AnnotationAcceptingListener$ClassReaderWrapper.accept Unsupported class file major version 66
03-Aug-2025 12:28:11.237 WARNING [main] org.glassfish.jersey.server.internal.scanning.AnnotationAcceptingListener$ClassReaderWrapper.accept Unsupported class file major version 66
03-Aug-2025 12:28:11.237 WARNING [main] org.glassfish.jersey.server.internal.scanning.AnnotationAcceptingListener$ClassReaderWrapper.accept Unsupported class file major version 66
03-Aug-2025 12:28:11.238 WARNING [main] org.glassfish.jersey.server.internal.scanning.AnnotationAcceptingListener$ClassReaderWrapper.accept Unsupported class file major version 66
03-Aug-2025 12:28:11.238 WARNING [main] org.glassfish.jersey.server.internal.scanning.AnnotationAcceptingListener$ClassReaderWrapper.accept Unsupported class file major version 66
03-Aug-2025 12:28:11.239 WARNING [main] org.glassfish.jersey.server.internal.scanning.AnnotationAcceptingListener$ClassReaderWrapper.accept Unsupported class file major version 66
03-Aug-2025 12:28:11.239 WARNING [main] org.glassfish.jersey.server.internal.scanning.AnnotationAcceptingListener$ClassReaderWrapper.accept Unsupported class file major version 66
03-Aug-2025 12:28:11.239 WARNING [main] org.glassfish.jersey.server.internal.scanning.AnnotationAcceptingListener$ClassReaderWrapper.accept Unsupported class file major version 66
03-Aug-2025 12:28:11.240 WARNING [main] org.glassfish.jersey.server.internal.scanning.AnnotationAcceptingListener$ClassReaderWrapper.accept Unsupported class file major version 66
03-Aug-2025 12:28:11.240 WARNING [main] org.glassfish.jersey.server.internal.scanning.AnnotationAcceptingListener$ClassReaderWrapper.accept Unsupported class file major version 66
03-Aug-2025 12:28:11.240 WARNING [main] org.glassfish.jersey.server.internal.scanning.AnnotationAcceptingListener$ClassReaderWrapper.accept Unsupported class file major version 66
03-Aug-2025 12:28:11.241 WARNING [main] org.glassfish.jersey.server.internal.scanning.AnnotationAcceptingListener$ClassReaderWrapper.accept Unsupported class file major version 66
03-Aug-2025 12:28:11.241 WARNING [main] org.glassfish.jersey.server.internal.scanning.AnnotationAcceptingListener$ClassReaderWrapper.accept Unsupported class file major version 66
03-Aug-2025 12:28:11.241 WARNING [main] org.glassfish.jersey.server.internal.scanning.AnnotationAcceptingListener$ClassReaderWrapper.accept Unsupported class file major version 66
03-Aug-2025 12:28:11.241 WARNING [main] org.glassfish.jersey.server.internal.scanning.AnnotationAcceptingListener$ClassReaderWrapper.accept Unsupported class file major version 66
03-Aug-2025 12:28:11.242 WARNING [main] org.glassfish.jersey.server.internal.scanning.AnnotationAcceptingListener$ClassReaderWrapper.accept Unsupported class file major version 66
03-Aug-2025 12:28:11.242 WARNING [main] org.glassfish.jersey.server.internal.scanning.AnnotationAcceptingListener$ClassReaderWrapper.accept Unsupported class file major version 66
03-Aug-2025 12:28:11.242 WARNING [main] org.glassfish.jersey.server.internal.scanning.AnnotationAcceptingListener$ClassReaderWrapper.accept Unsupported class file major version 66
03-Aug-2025 12:28:11.243 WARNING [main] org.glassfish.jersey.server.internal.scanning.AnnotationAcceptingListener$ClassReaderWrapper.accept Unsupported class file major version 66
03-Aug-2025 12:28:11.312 WARNING [main] org.glassfish.jersey.server.internal.scanning.AnnotationAcceptingListener$ClassReaderWrapper.accept Unsupported class file major version 66
03-Aug-2025 12:28:11.409 WARNING [main] org.glassfish.jersey.server.wadl.WadlFeature.configure JAXBContext implementation could not be found. WADL feature is disabled.
03-Aug-2025 12:28:11.791 INFO [main] org.apache.catalina.startup.HostConfig.deployDescriptor Deployment of deployment descriptor [C:\Users\Administrador\Documents\proyecto_final_helder_java-js\apache-tomcat-11.0.8-windows-x64\apache-tomcat-11.0.8\conf\Catalina\localhost\helder.xml] has finished in [2.302] ms
03-Aug-2025 12:28:11.791 INFO [main] org.apache.catalina.startup.HostConfig.deployDescriptor Desplieque del descriptor de configuración [C:\Users\Administrador\Documents\proyecto_final_helder_java-js\apache-tomcat-11.0.8-windows-x64\apache-tomcat-11.0.8\conf\Catalina\localhost\StockControl_API.xml]
03-Aug-2025 12:28:11.792 WARNING [main] org.apache.catalina.startup.HostConfig.deployDescriptor The path attribute with value [/StockControl_API] in deployment descriptor [C:\Users\Administrador\Documents\proyecto_final_helder_java-js\apache-tomcat-11.0.8-windows-x64\apache-tomcat-11.0.8\conf\Catalina\localhost\StockControl_API.xml] has been ignored
03-Aug-2025 12:28:12.661 INFO [main] org.apache.jasper.servlet.TldScanner.scanJars Al menos un JAR, que se ha explorado buscando TLDs, aún no contenía TLDs. Activar historial de depuración para este historiador para una completa lista de los JARs que fueron explorados y de los que nos se halló TLDs. Saltarse JARs no necesarios durante la exploración puede dar lugar a una mejora de tiempo significativa en el arranque y compilación de JSP .
03-Aug-2025 12:28:12.661 INFO [main] org.apache.catalina.startup.HostConfig.deployDescriptor Deployment of deployment descriptor [C:\Users\Administrador\Documents\proyecto_final_helder_java-js\apache-tomcat-11.0.8-windows-x64\apache-tomcat-11.0.8\conf\Catalina\localhost\StockControl_API.xml] has finished in [870] ms
03-Aug-2025 12:28:12.661 INFO [main] org.apache.catalina.startup.HostConfig.deployDirectory Desplegando el directorio [C:\Users\Administrador\Documents\proyecto_final_helder_java-js\apache-tomcat-11.0.8-windows-x64\apache-tomcat-11.0.8\webapps\docs] de la aplicación web
03-Aug-2025 12:28:12.692 INFO [main] org.apache.catalina.startup.HostConfig.deployDirectory Deployment of web application directory [C:\Users\Administrador\Documents\proyecto_final_helder_java-js\apache-tomcat-11.0.8-windows-x64\apache-tomcat-11.0.8\webapps\docs] has finished in [31] ms
03-Aug-2025 12:28:12.692 INFO [main] org.apache.catalina.startup.HostConfig.deployDirectory Desplegando el directorio [C:\Users\Administrador\Documents\proyecto_final_helder_java-js\apache-tomcat-11.0.8-windows-x64\apache-tomcat-11.0.8\webapps\examples] de la aplicación web
03-Aug-2025 12:28:13.008 INFO [main] org.apache.catalina.startup.HostConfig.deployDirectory Deployment of web application directory [C:\Users\Administrador\Documents\proyecto_final_helder_java-js\apache-tomcat-11.0.8-windows-x64\apache-tomcat-11.0.8\webapps\examples] has finished in [316] ms
03-Aug-2025 12:28:13.008 INFO [main] org.apache.catalina.startup.HostConfig.deployDirectory Desplegando el directorio [C:\Users\Administrador\Documents\proyecto_final_helder_java-js\apache-tomcat-11.0.8-windows-x64\apache-tomcat-11.0.8\webapps\host-manager] de la aplicación web
03-Aug-2025 12:28:13.034 INFO [main] org.apache.catalina.startup.HostConfig.deployDirectory Deployment of web application directory [C:\Users\Administrador\Documents\proyecto_final_helder_java-js\apache-tomcat-11.0.8-windows-x64\apache-tomcat-11.0.8\webapps\host-manager] has finished in [26] ms
03-Aug-2025 12:28:13.034 INFO [main] org.apache.catalina.startup.HostConfig.deployDirectory Desplegando el directorio [C:\Users\Administrador\Documents\proyecto_final_helder_java-js\apache-tomcat-11.0.8-windows-x64\apache-tomcat-11.0.8\webapps\manager] de la aplicación web
03-Aug-2025 12:28:13.059 INFO [main] org.apache.catalina.startup.HostConfig.deployDirectory Deployment of web application directory [C:\Users\Administrador\Documents\proyecto_final_helder_java-js\apache-tomcat-11.0.8-windows-x64\apache-tomcat-11.0.8\webapps\manager] has finished in [24] ms
03-Aug-2025 12:28:13.059 INFO [main] org.apache.catalina.startup.HostConfig.deployDirectory Desplegando el directorio [C:\Users\Administrador\Documents\proyecto_final_helder_java-js\apache-tomcat-11.0.8-windows-x64\apache-tomcat-11.0.8\webapps\ROOT] de la aplicación web
03-Aug-2025 12:28:13.076 INFO [main] org.apache.catalina.startup.HostConfig.deployDirectory Deployment of web application directory [C:\Users\Administrador\Documents\proyecto_final_helder_java-js\apache-tomcat-11.0.8-windows-x64\apache-tomcat-11.0.8\webapps\ROOT] has finished in [17] ms
03-Aug-2025 12:28:13.081 INFO [main] org.apache.coyote.AbstractProtocol.start Starting ProtocolHandler ["http-nio-8080"]
03-Aug-2025 12:28:13.097 INFO [main] org.apache.catalina.startup.Catalina.start Server startup in [3655] milliseconds
03-Aug-2025 16:35:22.717 WARNING [http-nio-8080-exec-5] org.apache.catalina.loader.WebappClassLoaderBase.clearReferencesJdbc La aplicación web [helder] registró el conductor JDBC [com.mysql.cj.jdbc.Driver] pero falló al anular el registro mientras la aplicación web estaba parada. Para prevenir un fallo de memoria, se ha anulado el registro del conductor JDBC por la fuerza.
03-Aug-2025 16:35:22.718 WARNING [http-nio-8080-exec-5] org.apache.catalina.loader.WebappClassLoaderBase.clearReferencesThreads The web application [helder] appears to have started a thread named [mysql-cj-abandoned-connection-cleanup] but has failed to stop it. This is very likely to create a memory leak. Stack trace of thread:
 java.base/jdk.internal.misc.Unsafe.park(Native Method)
 java.base/java.util.concurrent.locks.LockSupport.parkNanos(LockSupport.java:269)
 java.base/java.util.concurrent.locks.AbstractQueuedSynchronizer$ConditionObject.await(AbstractQueuedSynchronizer.java:1847)
 java.base/java.lang.ref.ReferenceQueue.await(ReferenceQueue.java:71)
 java.base/java.lang.ref.ReferenceQueue.remove0(ReferenceQueue.java:143)
 java.base/java.lang.ref.ReferenceQueue.remove(ReferenceQueue.java:218)
 com.mysql.cj.jdbc.AbandonedConnectionCleanupThread.run(AbandonedConnectionCleanupThread.java:91)
 java.base/java.util.concurrent.ThreadPoolExecutor.runWorker(ThreadPoolExecutor.java:1144)
 java.base/java.util.concurrent.ThreadPoolExecutor$Worker.run(ThreadPoolExecutor.java:642)
 java.base/java.lang.Thread.run(Thread.java:1570)
03-Aug-2025 16:35:23.225 INFO [http-nio-8080-exec-5] org.apache.catalina.startup.HostConfig.undeploy Repliegue (undeploy) de la aplicación web que tiene como trayectoria de contexto [/helder]
03-Aug-2025 16:35:23.284 INFO [http-nio-8080-exec-3] org.apache.catalina.startup.HostConfig.deployDescriptor Desplieque del descriptor de configuración [C:\Users\Administrador\Documents\proyecto_final_helder_java-js\apache-tomcat-11.0.8-windows-x64\apache-tomcat-11.0.8\conf\Catalina\localhost\helder.xml]
03-Aug-2025 16:35:23.286 WARNING [http-nio-8080-exec-3] org.apache.catalina.startup.HostConfig.deployDescriptor The path attribute with value [/helder] in deployment descriptor [C:\Users\Administrador\Documents\proyecto_final_helder_java-js\apache-tomcat-11.0.8-windows-x64\apache-tomcat-11.0.8\conf\Catalina\localhost\helder.xml] has been ignored
03-Aug-2025 16:35:23.426 INFO [mysql-cj-abandoned-connection-cleanup] org.apache.catalina.loader.WebappClassLoaderBase.checkStateForResourceLoading Acceso ilegal: esta instancia de aplicación web ya ha sido parada.  Could not load [].  La eventual traza de pila que sigue ha sido motivada por un error lanzado con motivos de depuración así como para intentar terminar el hilo que motivó el acceso ilegal y no tiene impacto funcional.
	java.lang.IllegalStateException: Acceso ilegal: esta instancia de aplicación web ya ha sido parada.  Could not load [].  La eventual traza de pila que sigue ha sido motivada por un error lanzado con motivos de depuración así como para intentar terminar el hilo que motivó el acceso ilegal y no tiene impacto funcional.
		at org.apache.catalina.loader.WebappClassLoaderBase.checkStateForResourceLoading(WebappClassLoaderBase.java:1248)
		at org.apache.catalina.loader.WebappClassLoaderBase.getResource(WebappClassLoaderBase.java:857)
		at com.mysql.cj.jdbc.AbandonedConnectionCleanupThread.checkThreadContextClassLoader(AbandonedConnectionCleanupThread.java:123)
		at com.mysql.cj.jdbc.AbandonedConnectionCleanupThread.run(AbandonedConnectionCleanupThread.java:90)
		at java.base/java.util.concurrent.ThreadPoolExecutor.runWorker(ThreadPoolExecutor.java:1144)
		at java.base/java.util.concurrent.ThreadPoolExecutor$Worker.run(ThreadPoolExecutor.java:642)
		at java.base/java.lang.Thread.run(Thread.java:1570)
03-Aug-2025 16:35:24.220 INFO [http-nio-8080-exec-3] org.apache.jasper.servlet.TldScanner.scanJars Al menos un JAR, que se ha explorado buscando TLDs, aún no contenía TLDs. Activar historial de depuración para este historiador para una completa lista de los JARs que fueron explorados y de los que nos se halló TLDs. Saltarse JARs no necesarios durante la exploración puede dar lugar a una mejora de tiempo significativa en el arranque y compilación de JSP .
03-Aug-2025 16:35:24.544 WARNING [http-nio-8080-exec-3] org.glassfish.jersey.server.internal.scanning.AnnotationAcceptingListener$ClassReaderWrapper.accept Unsupported class file major version 66
03-Aug-2025 16:35:24.547 WARNING [http-nio-8080-exec-3] org.glassfish.jersey.server.internal.scanning.AnnotationAcceptingListener$ClassReaderWrapper.accept Unsupported class file major version 66
03-Aug-2025 16:35:24.547 WARNING [http-nio-8080-exec-3] org.glassfish.jersey.server.internal.scanning.AnnotationAcceptingListener$ClassReaderWrapper.accept Unsupported class file major version 66
03-Aug-2025 16:35:24.547 WARNING [http-nio-8080-exec-3] org.glassfish.jersey.server.internal.scanning.AnnotationAcceptingListener$ClassReaderWrapper.accept Unsupported class file major version 66
03-Aug-2025 16:35:24.548 WARNING [http-nio-8080-exec-3] org.glassfish.jersey.server.internal.scanning.AnnotationAcceptingListener$ClassReaderWrapper.accept Unsupported class file major version 66
03-Aug-2025 16:35:24.548 WARNING [http-nio-8080-exec-3] org.glassfish.jersey.server.internal.scanning.AnnotationAcceptingListener$ClassReaderWrapper.accept Unsupported class file major version 66
03-Aug-2025 16:35:24.548 WARNING [http-nio-8080-exec-3] org.glassfish.jersey.server.internal.scanning.AnnotationAcceptingListener$ClassReaderWrapper.accept Unsupported class file major version 66
03-Aug-2025 16:35:24.549 WARNING [http-nio-8080-exec-3] org.glassfish.jersey.server.internal.scanning.AnnotationAcceptingListener$ClassReaderWrapper.accept Unsupported class file major version 66
03-Aug-2025 16:35:24.549 WARNING [http-nio-8080-exec-3] org.glassfish.jersey.server.internal.scanning.AnnotationAcceptingListener$ClassReaderWrapper.accept Unsupported class file major version 66
03-Aug-2025 16:35:24.550 WARNING [http-nio-8080-exec-3] org.glassfish.jersey.server.internal.scanning.AnnotationAcceptingListener$ClassReaderWrapper.accept Unsupported class file major version 66
03-Aug-2025 16:35:24.550 WARNING [http-nio-8080-exec-3] org.glassfish.jersey.server.internal.scanning.AnnotationAcceptingListener$ClassReaderWrapper.accept Unsupported class file major version 66
03-Aug-2025 16:35:24.550 WARNING [http-nio-8080-exec-3] org.glassfish.jersey.server.internal.scanning.AnnotationAcceptingListener$ClassReaderWrapper.accept Unsupported class file major version 66
03-Aug-2025 16:35:24.551 WARNING [http-nio-8080-exec-3] org.glassfish.jersey.server.internal.scanning.AnnotationAcceptingListener$ClassReaderWrapper.accept Unsupported class file major version 66
03-Aug-2025 16:35:24.551 WARNING [http-nio-8080-exec-3] org.glassfish.jersey.server.internal.scanning.AnnotationAcceptingListener$ClassReaderWrapper.accept Unsupported class file major version 66
03-Aug-2025 16:35:24.552 WARNING [http-nio-8080-exec-3] org.glassfish.jersey.server.internal.scanning.AnnotationAcceptingListener$ClassReaderWrapper.accept Unsupported class file major version 66
03-Aug-2025 16:35:24.552 WARNING [http-nio-8080-exec-3] org.glassfish.jersey.server.internal.scanning.AnnotationAcceptingListener$ClassReaderWrapper.accept Unsupported class file major version 66
03-Aug-2025 16:35:24.552 WARNING [http-nio-8080-exec-3] org.glassfish.jersey.server.internal.scanning.AnnotationAcceptingListener$ClassReaderWrapper.accept Unsupported class file major version 66
03-Aug-2025 16:35:24.553 WARNING [http-nio-8080-exec-3] org.glassfish.jersey.server.internal.scanning.AnnotationAcceptingListener$ClassReaderWrapper.accept Unsupported class file major version 66
03-Aug-2025 16:35:24.553 WARNING [http-nio-8080-exec-3] org.glassfish.jersey.server.internal.scanning.AnnotationAcceptingListener$ClassReaderWrapper.accept Unsupported class file major version 66
03-Aug-2025 16:35:24.553 WARNING [http-nio-8080-exec-3] org.glassfish.jersey.server.internal.scanning.AnnotationAcceptingListener$ClassReaderWrapper.accept Unsupported class file major version 66
03-Aug-2025 16:35:24.554 WARNING [http-nio-8080-exec-3] org.glassfish.jersey.server.internal.scanning.AnnotationAcceptingListener$ClassReaderWrapper.accept Unsupported class file major version 66
03-Aug-2025 16:35:24.593 WARNING [http-nio-8080-exec-3] org.glassfish.jersey.server.internal.scanning.AnnotationAcceptingListener$ClassReaderWrapper.accept Unsupported class file major version 66
03-Aug-2025 16:35:24.594 WARNING [http-nio-8080-exec-3] org.glassfish.jersey.server.internal.scanning.AnnotationAcceptingListener$ClassReaderWrapper.accept Unsupported class file major version 66
03-Aug-2025 16:35:24.595 WARNING [http-nio-8080-exec-3] org.glassfish.jersey.server.internal.scanning.AnnotationAcceptingListener$ClassReaderWrapper.accept Unsupported class file major version 66
03-Aug-2025 16:35:24.680 WARNING [http-nio-8080-exec-3] org.glassfish.jersey.server.wadl.WadlFeature.configure JAXBContext implementation could not be found. WADL feature is disabled.
03-Aug-2025 16:35:24.991 INFO [http-nio-8080-exec-3] org.apache.catalina.startup.HostConfig.deployDescriptor Deployment of deployment descriptor [C:\Users\Administrador\Documents\proyecto_final_helder_java-js\apache-tomcat-11.0.8-windows-x64\apache-tomcat-11.0.8\conf\Catalina\localhost\helder.xml] has finished in [1.708] ms
03-Aug-2025 16:35:24.995 INFO [http-nio-8080-exec-10] org.apache.catalina.util.LifecycleBase.start The start() method was called on component [StandardEngine[Catalina].StandardHost[localhost].StandardContext[/helder]] after start() had already been called. The second call will be ignored.
03-Aug-2025 16:42:08.376 INFO [main] org.apache.catalina.core.StandardServer.await Se ha recibido un comando de apagado a través del puerto de apagado. Parando la instancia del Servidor.
03-Aug-2025 16:42:08.376 INFO [main] org.apache.coyote.AbstractProtocol.pause Pausing ProtocolHandler ["http-nio-8080"]
03-Aug-2025 16:42:08.384 INFO [main] org.apache.catalina.core.StandardService.stopInternal Parando servicio [Catalina]
03-Aug-2025 16:42:08.407 WARNING [main] org.apache.catalina.loader.WebappClassLoaderBase.clearReferencesThreads The web application [StockControl_API] appears to have started a thread named [mysql-cj-abandoned-connection-cleanup] but has failed to stop it. This is very likely to create a memory leak. Stack trace of thread:
 com.mysql.cj.jdbc.AbandonedConnectionCleanupThread.run(AbandonedConnectionCleanupThread.java:90)
 java.base/java.util.concurrent.ThreadPoolExecutor.runWorker(ThreadPoolExecutor.java:1144)
 java.base/java.util.concurrent.ThreadPoolExecutor$Worker.run(ThreadPoolExecutor.java:642)
 java.base/java.lang.Thread.run(Thread.java:1570)
03-Aug-2025 16:42:08.418 WARNING [main] org.apache.catalina.loader.WebappClassLoaderBase.clearReferencesJdbc La aplicación web [helder] registró el conductor JDBC [com.mysql.cj.jdbc.Driver] pero falló al anular el registro mientras la aplicación web estaba parada. Para prevenir un fallo de memoria, se ha anulado el registro del conductor JDBC por la fuerza.
03-Aug-2025 16:42:08.418 WARNING [main] org.apache.catalina.loader.WebappClassLoaderBase.clearReferencesThreads The web application [helder] appears to have started a thread named [mysql-cj-abandoned-connection-cleanup] but has failed to stop it. This is very likely to create a memory leak. Stack trace of thread:
 java.base/jdk.internal.misc.Unsafe.park(Native Method)
 java.base/java.util.concurrent.locks.LockSupport.parkNanos(LockSupport.java:269)
 java.base/java.util.concurrent.locks.AbstractQueuedSynchronizer$ConditionObject.await(AbstractQueuedSynchronizer.java:1847)
 java.base/java.lang.ref.ReferenceQueue.await(ReferenceQueue.java:71)
 java.base/java.lang.ref.ReferenceQueue.remove0(ReferenceQueue.java:143)
 java.base/java.lang.ref.ReferenceQueue.remove(ReferenceQueue.java:218)
 com.mysql.cj.jdbc.AbandonedConnectionCleanupThread.run(AbandonedConnectionCleanupThread.java:91)
 java.base/java.util.concurrent.ThreadPoolExecutor.runWorker(ThreadPoolExecutor.java:1144)
 java.base/java.util.concurrent.ThreadPoolExecutor$Worker.run(ThreadPoolExecutor.java:642)
 java.base/java.lang.Thread.run(Thread.java:1570)
03-Aug-2025 16:42:08.419 INFO [main] org.apache.coyote.AbstractProtocol.stop Stopping ProtocolHandler ["http-nio-8080"]
03-Aug-2025 16:42:08.425 INFO [main] org.apache.coyote.AbstractProtocol.destroy Destroying ProtocolHandler ["http-nio-8080"]
03-Aug-2025 16:42:08.447 INFO [mysql-cj-abandoned-connection-cleanup] org.apache.catalina.loader.WebappClassLoaderBase.checkStateForResourceLoading Acceso ilegal: esta instancia de aplicación web ya ha sido parada.  Could not load [].  La eventual traza de pila que sigue ha sido motivada por un error lanzado con motivos de depuración así como para intentar terminar el hilo que motivó el acceso ilegal y no tiene impacto funcional.
	java.lang.IllegalStateException: Acceso ilegal: esta instancia de aplicación web ya ha sido parada.  Could not load [].  La eventual traza de pila que sigue ha sido motivada por un error lanzado con motivos de depuración así como para intentar terminar el hilo que motivó el acceso ilegal y no tiene impacto funcional.
		at org.apache.catalina.loader.WebappClassLoaderBase.checkStateForResourceLoading(WebappClassLoaderBase.java:1248)
		at org.apache.catalina.loader.WebappClassLoaderBase.getResource(WebappClassLoaderBase.java:857)
		at com.mysql.cj.jdbc.AbandonedConnectionCleanupThread.checkThreadContextClassLoader(AbandonedConnectionCleanupThread.java:123)
		at com.mysql.cj.jdbc.AbandonedConnectionCleanupThread.run(AbandonedConnectionCleanupThread.java:90)
		at java.base/java.util.concurrent.ThreadPoolExecutor.runWorker(ThreadPoolExecutor.java:1144)
		at java.base/java.util.concurrent.ThreadPoolExecutor$Worker.run(ThreadPoolExecutor.java:642)
		at java.base/java.lang.Thread.run(Thread.java:1570)
03-Aug-2025 16:42:11.548 INFO [main] org.apache.catalina.startup.VersionLoggerListener.log Nombre de la versión del servidor: Apache Tomcat/11.0.8
03-Aug-2025 16:42:11.551 INFO [main] org.apache.catalina.startup.VersionLoggerListener.log Server built:                      Jun 5 2025 17:49:55 UTC
03-Aug-2025 16:42:11.551 INFO [main] org.apache.catalina.startup.VersionLoggerListener.log Número de versión de servidor:     11.0.8.0
03-Aug-2025 16:42:11.551 INFO [main] org.apache.catalina.startup.VersionLoggerListener.log OS Name:                           Windows 10
03-Aug-2025 16:42:11.551 INFO [main] org.apache.catalina.startup.VersionLoggerListener.log Versión de Systema Operativo:      10.0
03-Aug-2025 16:42:11.551 INFO [main] org.apache.catalina.startup.VersionLoggerListener.log Arquitectura:                      amd64
03-Aug-2025 16:42:11.551 INFO [main] org.apache.catalina.startup.VersionLoggerListener.log Java Home:                         C:\Program Files\Java\jdk-22
03-Aug-2025 16:42:11.551 INFO [main] org.apache.catalina.startup.VersionLoggerListener.log JVM Version:                       22.0.2+9-70
03-Aug-2025 16:42:11.551 INFO [main] org.apache.catalina.startup.VersionLoggerListener.log Vededor JVM:                       Oracle Corporation
03-Aug-2025 16:42:11.551 INFO [main] org.apache.catalina.startup.VersionLoggerListener.log CATALINA_BASE:                     C:\Users\Administrador\Documents\proyecto_final_helder_java-js\apache-tomcat-11.0.8-windows-x64\apache-tomcat-11.0.8
03-Aug-2025 16:42:11.551 INFO [main] org.apache.catalina.startup.VersionLoggerListener.log CATALINA_HOME:                     C:\Users\Administrador\Documents\proyecto_final_helder_java-js\apache-tomcat-11.0.8-windows-x64\apache-tomcat-11.0.8
03-Aug-2025 16:42:11.559 INFO [main] org.apache.catalina.startup.VersionLoggerListener.log Command line argument:             -Djava.util.logging.config.file=C:\Users\Administrador\Documents\proyecto_final_helder_java-js\apache-tomcat-11.0.8-windows-x64\apache-tomcat-11.0.8\conf\logging.properties
03-Aug-2025 16:42:11.559 INFO [main] org.apache.catalina.startup.VersionLoggerListener.log Command line argument:             -Djava.util.logging.manager=org.apache.juli.ClassLoaderLogManager
03-Aug-2025 16:42:11.559 INFO [main] org.apache.catalina.startup.VersionLoggerListener.log Command line argument:             -Djdk.tls.ephemeralDHKeySize=2048
03-Aug-2025 16:42:11.559 INFO [main] org.apache.catalina.startup.VersionLoggerListener.log Command line argument:             --add-opens=java.base/java.lang=ALL-UNNAMED
03-Aug-2025 16:42:11.559 INFO [main] org.apache.catalina.startup.VersionLoggerListener.log Command line argument:             --add-opens=java.base/java.lang.reflect=ALL-UNNAMED
03-Aug-2025 16:42:11.559 INFO [main] org.apache.catalina.startup.VersionLoggerListener.log Command line argument:             --add-opens=java.base/java.io=ALL-UNNAMED
03-Aug-2025 16:42:11.559 INFO [main] org.apache.catalina.startup.VersionLoggerListener.log Command line argument:             --add-opens=java.base/java.util=ALL-UNNAMED
03-Aug-2025 16:42:11.559 INFO [main] org.apache.catalina.startup.VersionLoggerListener.log Command line argument:             --add-opens=java.base/java.util.concurrent=ALL-UNNAMED
03-Aug-2025 16:42:11.559 INFO [main] org.apache.catalina.startup.VersionLoggerListener.log Command line argument:             --add-opens=java.rmi/sun.rmi.transport=ALL-UNNAMED
03-Aug-2025 16:42:11.559 INFO [main] org.apache.catalina.startup.VersionLoggerListener.log Command line argument:             --enable-native-access=ALL-UNNAMED
03-Aug-2025 16:42:11.559 INFO [main] org.apache.catalina.startup.VersionLoggerListener.log Command line argument:             -Dcatalina.base=C:\Users\Administrador\Documents\proyecto_final_helder_java-js\apache-tomcat-11.0.8-windows-x64\apache-tomcat-11.0.8
03-Aug-2025 16:42:11.559 INFO [main] org.apache.catalina.startup.VersionLoggerListener.log Command line argument:             -Dcatalina.home=C:\Users\Administrador\Documents\proyecto_final_helder_java-js\apache-tomcat-11.0.8-windows-x64\apache-tomcat-11.0.8
03-Aug-2025 16:42:11.602 INFO [main] org.apache.catalina.startup.VersionLoggerListener.log Command line argument:             -Djava.io.tmpdir=C:\Users\Administrador\Documents\proyecto_final_helder_java-js\apache-tomcat-11.0.8-windows-x64\apache-tomcat-11.0.8\temp
03-Aug-2025 16:42:11.603 INFO [main] org.apache.catalina.core.AprLifecycleListener.lifecycleEvent Cargada la biblioteca nativa APR de Apache Tomcat [2.0.9] con la versión APR [1.7.6].
03-Aug-2025 16:42:11.603 INFO [main] org.apache.catalina.core.AprLifecycleListener.initializeSSL OpenSSL inicializado correctamente [OpenSSL 3.5.0 8 Apr 2025]
03-Aug-2025 16:42:11.827 INFO [main] org.apache.coyote.AbstractProtocol.init Inicializando el manejador de protocolo ["http-nio-8080"]

03-Aug-2025 16:42:11.843 INFO [main] org.apache.catalina.startup.Catalina.load Server initialization in [448] milliseconds
03-Aug-2025 16:42:11.879 INFO [main] org.apache.catalina.core.StandardService.startInternal Arrancando servicio [Catalina]
03-Aug-2025 16:42:11.879 INFO [main] org.apache.catalina.core.StandardEngine.startInternal Starting Servlet engine: [Apache Tomcat/11.0.8]
03-Aug-2025 16:42:11.887 INFO [main] org.apache.catalina.startup.HostConfig.deployDescriptor Desplieque del descriptor de configuración [C:\Users\Administrador\Documents\proyecto_final_helder_java-js\apache-tomcat-11.0.8-windows-x64\apache-tomcat-11.0.8\conf\Catalina\localhost\helder.xml]
03-Aug-2025 16:42:11.901 WARNING [main] org.apache.catalina.startup.HostConfig.deployDescriptor The path attribute with value [/helder] in deployment descriptor [C:\Users\Administrador\Documents\proyecto_final_helder_java-js\apache-tomcat-11.0.8-windows-x64\apache-tomcat-11.0.8\conf\Catalina\localhost\helder.xml] has been ignored
03-Aug-2025 16:42:13.180 INFO [main] org.apache.jasper.servlet.TldScanner.scanJars Al menos un JAR, que se ha explorado buscando TLDs, aún no contenía TLDs. Activar historial de depuración para este historiador para una completa lista de los JARs que fueron explorados y de los que nos se halló TLDs. Saltarse JARs no necesarios durante la exploración puede dar lugar a una mejora de tiempo significativa en el arranque y compilación de JSP .
03-Aug-2025 16:42:13.603 WARNING [main] org.glassfish.jersey.server.internal.scanning.AnnotationAcceptingListener$ClassReaderWrapper.accept Unsupported class file major version 66
03-Aug-2025 16:42:13.606 WARNING [main] org.glassfish.jersey.server.internal.scanning.AnnotationAcceptingListener$ClassReaderWrapper.accept Unsupported class file major version 66
03-Aug-2025 16:42:13.607 WARNING [main] org.glassfish.jersey.server.internal.scanning.AnnotationAcceptingListener$ClassReaderWrapper.accept Unsupported class file major version 66
03-Aug-2025 16:42:13.607 WARNING [main] org.glassfish.jersey.server.internal.scanning.AnnotationAcceptingListener$ClassReaderWrapper.accept Unsupported class file major version 66
03-Aug-2025 16:42:13.608 WARNING [main] org.glassfish.jersey.server.internal.scanning.AnnotationAcceptingListener$ClassReaderWrapper.accept Unsupported class file major version 66
03-Aug-2025 16:42:13.608 WARNING [main] org.glassfish.jersey.server.internal.scanning.AnnotationAcceptingListener$ClassReaderWrapper.accept Unsupported class file major version 66
03-Aug-2025 16:42:13.609 WARNING [main] org.glassfish.jersey.server.internal.scanning.AnnotationAcceptingListener$ClassReaderWrapper.accept Unsupported class file major version 66
03-Aug-2025 16:42:13.610 WARNING [main] org.glassfish.jersey.server.internal.scanning.AnnotationAcceptingListener$ClassReaderWrapper.accept Unsupported class file major version 66
03-Aug-2025 16:42:13.610 WARNING [main] org.glassfish.jersey.server.internal.scanning.AnnotationAcceptingListener$ClassReaderWrapper.accept Unsupported class file major version 66
03-Aug-2025 16:42:13.610 WARNING [main] org.glassfish.jersey.server.internal.scanning.AnnotationAcceptingListener$ClassReaderWrapper.accept Unsupported class file major version 66
03-Aug-2025 16:42:13.611 WARNING [main] org.glassfish.jersey.server.internal.scanning.AnnotationAcceptingListener$ClassReaderWrapper.accept Unsupported class file major version 66
03-Aug-2025 16:42:13.611 WARNING [main] org.glassfish.jersey.server.internal.scanning.AnnotationAcceptingListener$ClassReaderWrapper.accept Unsupported class file major version 66
03-Aug-2025 16:42:13.611 WARNING [main] org.glassfish.jersey.server.internal.scanning.AnnotationAcceptingListener$ClassReaderWrapper.accept Unsupported class file major version 66
03-Aug-2025 16:42:13.612 WARNING [main] org.glassfish.jersey.server.internal.scanning.AnnotationAcceptingListener$ClassReaderWrapper.accept Unsupported class file major version 66
03-Aug-2025 16:42:13.612 WARNING [main] org.glassfish.jersey.server.internal.scanning.AnnotationAcceptingListener$ClassReaderWrapper.accept Unsupported class file major version 66
03-Aug-2025 16:42:13.613 WARNING [main] org.glassfish.jersey.server.internal.scanning.AnnotationAcceptingListener$ClassReaderWrapper.accept Unsupported class file major version 66
03-Aug-2025 16:42:13.613 WARNING [main] org.glassfish.jersey.server.internal.scanning.AnnotationAcceptingListener$ClassReaderWrapper.accept Unsupported class file major version 66
03-Aug-2025 16:42:13.613 WARNING [main] org.glassfish.jersey.server.internal.scanning.AnnotationAcceptingListener$ClassReaderWrapper.accept Unsupported class file major version 66
03-Aug-2025 16:42:13.614 WARNING [main] org.glassfish.jersey.server.internal.scanning.AnnotationAcceptingListener$ClassReaderWrapper.accept Unsupported class file major version 66
03-Aug-2025 16:42:13.614 WARNING [main] org.glassfish.jersey.server.internal.scanning.AnnotationAcceptingListener$ClassReaderWrapper.accept Unsupported class file major version 66
03-Aug-2025 16:42:13.614 WARNING [main] org.glassfish.jersey.server.internal.scanning.AnnotationAcceptingListener$ClassReaderWrapper.accept Unsupported class file major version 66
03-Aug-2025 16:42:13.615 WARNING [main] org.glassfish.jersey.server.internal.scanning.AnnotationAcceptingListener$ClassReaderWrapper.accept Unsupported class file major version 66
03-Aug-2025 16:42:13.615 WARNING [main] org.glassfish.jersey.server.internal.scanning.AnnotationAcceptingListener$ClassReaderWrapper.accept Unsupported class file major version 66
03-Aug-2025 16:42:13.650 WARNING [main] org.glassfish.jersey.server.internal.scanning.AnnotationAcceptingListener$ClassReaderWrapper.accept Unsupported class file major version 66
03-Aug-2025 16:42:13.753 WARNING [main] org.glassfish.jersey.server.wadl.WadlFeature.configure JAXBContext implementation could not be found. WADL feature is disabled.
03-Aug-2025 16:42:14.133 INFO [main] org.apache.catalina.startup.HostConfig.deployDescriptor Deployment of deployment descriptor [C:\Users\Administrador\Documents\proyecto_final_helder_java-js\apache-tomcat-11.0.8-windows-x64\apache-tomcat-11.0.8\conf\Catalina\localhost\helder.xml] has finished in [2.246] ms
03-Aug-2025 16:42:14.134 INFO [main] org.apache.catalina.startup.HostConfig.deployDescriptor Desplieque del descriptor de configuración [C:\Users\Administrador\Documents\proyecto_final_helder_java-js\apache-tomcat-11.0.8-windows-x64\apache-tomcat-11.0.8\conf\Catalina\localhost\StockControl_API.xml]
03-Aug-2025 16:42:14.134 WARNING [main] org.apache.catalina.startup.HostConfig.deployDescriptor The path attribute with value [/StockControl_API] in deployment descriptor [C:\Users\Administrador\Documents\proyecto_final_helder_java-js\apache-tomcat-11.0.8-windows-x64\apache-tomcat-11.0.8\conf\Catalina\localhost\StockControl_API.xml] has been ignored
03-Aug-2025 16:42:14.944 INFO [main] org.apache.jasper.servlet.TldScanner.scanJars Al menos un JAR, que se ha explorado buscando TLDs, aún no contenía TLDs. Activar historial de depuración para este historiador para una completa lista de los JARs que fueron explorados y de los que nos se halló TLDs. Saltarse JARs no necesarios durante la exploración puede dar lugar a una mejora de tiempo significativa en el arranque y compilación de JSP .
03-Aug-2025 16:42:14.947 INFO [main] org.apache.catalina.startup.HostConfig.deployDescriptor Deployment of deployment descriptor [C:\Users\Administrador\Documents\proyecto_final_helder_java-js\apache-tomcat-11.0.8-windows-x64\apache-tomcat-11.0.8\conf\Catalina\localhost\StockControl_API.xml] has finished in [813] ms
03-Aug-2025 16:42:14.948 INFO [main] org.apache.catalina.startup.HostConfig.deployDirectory Desplegando el directorio [C:\Users\Administrador\Documents\proyecto_final_helder_java-js\apache-tomcat-11.0.8-windows-x64\apache-tomcat-11.0.8\webapps\docs] de la aplicación web
03-Aug-2025 16:42:14.970 INFO [main] org.apache.catalina.startup.HostConfig.deployDirectory Deployment of web application directory [C:\Users\Administrador\Documents\proyecto_final_helder_java-js\apache-tomcat-11.0.8-windows-x64\apache-tomcat-11.0.8\webapps\docs] has finished in [22] ms
03-Aug-2025 16:42:14.970 INFO [main] org.apache.catalina.startup.HostConfig.deployDirectory Desplegando el directorio [C:\Users\Administrador\Documents\proyecto_final_helder_java-js\apache-tomcat-11.0.8-windows-x64\apache-tomcat-11.0.8\webapps\examples] de la aplicación web
03-Aug-2025 16:42:15.267 INFO [main] org.apache.catalina.startup.HostConfig.deployDirectory Deployment of web application directory [C:\Users\Administrador\Documents\proyecto_final_helder_java-js\apache-tomcat-11.0.8-windows-x64\apache-tomcat-11.0.8\webapps\examples] has finished in [297] ms
03-Aug-2025 16:42:15.267 INFO [main] org.apache.catalina.startup.HostConfig.deployDirectory Desplegando el directorio [C:\Users\Administrador\Documents\proyecto_final_helder_java-js\apache-tomcat-11.0.8-windows-x64\apache-tomcat-11.0.8\webapps\host-manager] de la aplicación web
03-Aug-2025 16:42:15.290 INFO [main] org.apache.catalina.startup.HostConfig.deployDirectory Deployment of web application directory [C:\Users\Administrador\Documents\proyecto_final_helder_java-js\apache-tomcat-11.0.8-windows-x64\apache-tomcat-11.0.8\webapps\host-manager] has finished in [23] ms
03-Aug-2025 16:42:15.290 INFO [main] org.apache.catalina.startup.HostConfig.deployDirectory Desplegando el directorio [C:\Users\Administrador\Documents\proyecto_final_helder_java-js\apache-tomcat-11.0.8-windows-x64\apache-tomcat-11.0.8\webapps\manager] de la aplicación web
03-Aug-2025 16:42:15.318 INFO [main] org.apache.catalina.startup.HostConfig.deployDirectory Deployment of web application directory [C:\Users\Administrador\Documents\proyecto_final_helder_java-js\apache-tomcat-11.0.8-windows-x64\apache-tomcat-11.0.8\webapps\manager] has finished in [28] ms
03-Aug-2025 16:42:15.318 INFO [main] org.apache.catalina.startup.HostConfig.deployDirectory Desplegando el directorio [C:\Users\Administrador\Documents\proyecto_final_helder_java-js\apache-tomcat-11.0.8-windows-x64\apache-tomcat-11.0.8\webapps\ROOT] de la aplicación web
03-Aug-2025 16:42:15.332 INFO [main] org.apache.catalina.startup.HostConfig.deployDirectory Deployment of web application directory [C:\Users\Administrador\Documents\proyecto_final_helder_java-js\apache-tomcat-11.0.8-windows-x64\apache-tomcat-11.0.8\webapps\ROOT] has finished in [14] ms
03-Aug-2025 16:42:15.339 INFO [main] org.apache.coyote.AbstractProtocol.start Starting ProtocolHandler ["http-nio-8080"]
03-Aug-2025 16:42:15.350 INFO [main] org.apache.catalina.startup.Catalina.start Server startup in [3510] milliseconds
03-Aug-2025 16:43:26.901 INFO [http-nio-8080-exec-2] org.apache.catalina.startup.HostConfig.undeploy Repliegue (undeploy) de la aplicación web que tiene como trayectoria de contexto [/helder]
03-Aug-2025 16:43:26.937 INFO [http-nio-8080-exec-3] org.apache.catalina.startup.HostConfig.deployDescriptor Desplieque del descriptor de configuración [C:\Users\Administrador\Documents\proyecto_final_helder_java-js\apache-tomcat-11.0.8-windows-x64\apache-tomcat-11.0.8\conf\Catalina\localhost\helder.xml]
03-Aug-2025 16:43:26.938 WARNING [http-nio-8080-exec-3] org.apache.catalina.startup.HostConfig.deployDescriptor The path attribute with value [/helder] in deployment descriptor [C:\Users\Administrador\Documents\proyecto_final_helder_java-js\apache-tomcat-11.0.8-windows-x64\apache-tomcat-11.0.8\conf\Catalina\localhost\helder.xml] has been ignored
03-Aug-2025 16:43:27.940 INFO [http-nio-8080-exec-3] org.apache.jasper.servlet.TldScanner.scanJars Al menos un JAR, que se ha explorado buscando TLDs, aún no contenía TLDs. Activar historial de depuración para este historiador para una completa lista de los JARs que fueron explorados y de los que nos se halló TLDs. Saltarse JARs no necesarios durante la exploración puede dar lugar a una mejora de tiempo significativa en el arranque y compilación de JSP .
03-Aug-2025 16:43:28.289 WARNING [http-nio-8080-exec-3] org.glassfish.jersey.server.internal.scanning.AnnotationAcceptingListener$ClassReaderWrapper.accept Unsupported class file major version 66
03-Aug-2025 16:43:28.292 WARNING [http-nio-8080-exec-3] org.glassfish.jersey.server.internal.scanning.AnnotationAcceptingListener$ClassReaderWrapper.accept Unsupported class file major version 66
03-Aug-2025 16:43:28.293 WARNING [http-nio-8080-exec-3] org.glassfish.jersey.server.internal.scanning.AnnotationAcceptingListener$ClassReaderWrapper.accept Unsupported class file major version 66
03-Aug-2025 16:43:28.293 WARNING [http-nio-8080-exec-3] org.glassfish.jersey.server.internal.scanning.AnnotationAcceptingListener$ClassReaderWrapper.accept Unsupported class file major version 66
03-Aug-2025 16:43:28.294 WARNING [http-nio-8080-exec-3] org.glassfish.jersey.server.internal.scanning.AnnotationAcceptingListener$ClassReaderWrapper.accept Unsupported class file major version 66
03-Aug-2025 16:43:28.294 WARNING [http-nio-8080-exec-3] org.glassfish.jersey.server.internal.scanning.AnnotationAcceptingListener$ClassReaderWrapper.accept Unsupported class file major version 66
03-Aug-2025 16:43:28.294 WARNING [http-nio-8080-exec-3] org.glassfish.jersey.server.internal.scanning.AnnotationAcceptingListener$ClassReaderWrapper.accept Unsupported class file major version 66
03-Aug-2025 16:43:28.295 WARNING [http-nio-8080-exec-3] org.glassfish.jersey.server.internal.scanning.AnnotationAcceptingListener$ClassReaderWrapper.accept Unsupported class file major version 66
03-Aug-2025 16:43:28.295 WARNING [http-nio-8080-exec-3] org.glassfish.jersey.server.internal.scanning.AnnotationAcceptingListener$ClassReaderWrapper.accept Unsupported class file major version 66
03-Aug-2025 16:43:28.296 WARNING [http-nio-8080-exec-3] org.glassfish.jersey.server.internal.scanning.AnnotationAcceptingListener$ClassReaderWrapper.accept Unsupported class file major version 66
03-Aug-2025 16:43:28.296 WARNING [http-nio-8080-exec-3] org.glassfish.jersey.server.internal.scanning.AnnotationAcceptingListener$ClassReaderWrapper.accept Unsupported class file major version 66
03-Aug-2025 16:43:28.296 WARNING [http-nio-8080-exec-3] org.glassfish.jersey.server.internal.scanning.AnnotationAcceptingListener$ClassReaderWrapper.accept Unsupported class file major version 66
03-Aug-2025 16:43:28.296 WARNING [http-nio-8080-exec-3] org.glassfish.jersey.server.internal.scanning.AnnotationAcceptingListener$ClassReaderWrapper.accept Unsupported class file major version 66
03-Aug-2025 16:43:28.297 WARNING [http-nio-8080-exec-3] org.glassfish.jersey.server.internal.scanning.AnnotationAcceptingListener$ClassReaderWrapper.accept Unsupported class file major version 66
03-Aug-2025 16:43:28.297 WARNING [http-nio-8080-exec-3] org.glassfish.jersey.server.internal.scanning.AnnotationAcceptingListener$ClassReaderWrapper.accept Unsupported class file major version 66
03-Aug-2025 16:43:28.297 WARNING [http-nio-8080-exec-3] org.glassfish.jersey.server.internal.scanning.AnnotationAcceptingListener$ClassReaderWrapper.accept Unsupported class file major version 66
03-Aug-2025 16:43:28.297 WARNING [http-nio-8080-exec-3] org.glassfish.jersey.server.internal.scanning.AnnotationAcceptingListener$ClassReaderWrapper.accept Unsupported class file major version 66
03-Aug-2025 16:43:28.298 WARNING [http-nio-8080-exec-3] org.glassfish.jersey.server.internal.scanning.AnnotationAcceptingListener$ClassReaderWrapper.accept Unsupported class file major version 66
03-Aug-2025 16:43:28.298 WARNING [http-nio-8080-exec-3] org.glassfish.jersey.server.internal.scanning.AnnotationAcceptingListener$ClassReaderWrapper.accept Unsupported class file major version 66
03-Aug-2025 16:43:28.298 WARNING [http-nio-8080-exec-3] org.glassfish.jersey.server.internal.scanning.AnnotationAcceptingListener$ClassReaderWrapper.accept Unsupported class file major version 66
03-Aug-2025 16:43:28.299 WARNING [http-nio-8080-exec-3] org.glassfish.jersey.server.internal.scanning.AnnotationAcceptingListener$ClassReaderWrapper.accept Unsupported class file major version 66
03-Aug-2025 16:43:28.299 WARNING [http-nio-8080-exec-3] org.glassfish.jersey.server.internal.scanning.AnnotationAcceptingListener$ClassReaderWrapper.accept Unsupported class file major version 66
03-Aug-2025 16:43:28.344 WARNING [http-nio-8080-exec-3] org.glassfish.jersey.server.internal.scanning.AnnotationAcceptingListener$ClassReaderWrapper.accept Unsupported class file major version 66
03-Aug-2025 16:43:28.346 WARNING [http-nio-8080-exec-3] org.glassfish.jersey.server.internal.scanning.AnnotationAcceptingListener$ClassReaderWrapper.accept Unsupported class file major version 66
03-Aug-2025 16:43:28.442 WARNING [http-nio-8080-exec-3] org.glassfish.jersey.server.wadl.WadlFeature.configure JAXBContext implementation could not be found. WADL feature is disabled.
03-Aug-2025 16:43:28.773 INFO [http-nio-8080-exec-3] org.apache.catalina.startup.HostConfig.deployDescriptor Deployment of deployment descriptor [C:\Users\Administrador\Documents\proyecto_final_helder_java-js\apache-tomcat-11.0.8-windows-x64\apache-tomcat-11.0.8\conf\Catalina\localhost\helder.xml] has finished in [1.836] ms
03-Aug-2025 16:43:28.775 INFO [http-nio-8080-exec-1] org.apache.catalina.util.LifecycleBase.start The start() method was called on component [StandardEngine[Catalina].StandardHost[localhost].StandardContext[/helder]] after start() had already been called. The second call will be ignored.
03-Aug-2025 16:50:38.290 SEVERE [http-nio-8080-exec-11] org.glassfish.jersey.message.internal.WriterInterceptorExecutor$TerminalWriterInterceptor.aroundWriteTo MessageBodyWriter not found for media type=null, type=class modelo.ApiResponse, genericType=class modelo.ApiResponse.
03-Aug-2025 16:50:38.290 SEVERE [http-nio-8080-exec-11] org.glassfish.jersey.server.ServerRuntime$Responder.process Error occurred when processing a response created from an already mapped exception.
03-Aug-2025 16:50:38.291 WARNING [http-nio-8080-exec-11] org.glassfish.jersey.server.ServerRuntime$Responder.process An exception mapping did not successfully produce and processed a response. Logging the exception propagated to the default exception mapper.
	jakarta.ws.rs.InternalServerErrorException: HTTP 500 Internal Server Error
		at org.glassfish.jersey.server.internal.MappableExceptionWrapperInterceptor.aroundWriteTo(MappableExceptionWrapperInterceptor.java:65)
		at org.glassfish.jersey.message.internal.WriterInterceptorExecutor.proceed(WriterInterceptorExecutor.java:139)
		at org.glassfish.jersey.message.internal.MessageBodyFactory.writeTo(MessageBodyFactory.java:1116)
		at org.glassfish.jersey.server.ServerRuntime$Responder.writeResponse(ServerRuntime.java:677)
		at org.glassfish.jersey.server.ServerRuntime$Responder.processResponse(ServerRuntime.java:385)
		at org.glassfish.jersey.server.ServerRuntime$Responder.process(ServerRuntime.java:437)
		at org.glassfish.jersey.server.ServerRuntime$1.run(ServerRuntime.java:269)
		at org.glassfish.jersey.internal.Errors$1.call(Errors.java:248)
		at org.glassfish.jersey.internal.Errors$1.call(Errors.java:244)
		at org.glassfish.jersey.internal.Errors.process(Errors.java:292)
		at org.glassfish.jersey.internal.Errors.process(Errors.java:274)
		at org.glassfish.jersey.internal.Errors.process(Errors.java:244)
		at org.glassfish.jersey.process.internal.RequestScope.runInScope(RequestScope.java:265)
		at org.glassfish.jersey.server.ServerRuntime.process(ServerRuntime.java:240)
		at org.glassfish.jersey.server.ApplicationHandler.handle(ApplicationHandler.java:697)
		at org.glassfish.jersey.servlet.WebComponent.serviceImpl(WebComponent.java:394)
		at org.glassfish.jersey.servlet.WebComponent.service(WebComponent.java:346)
		at org.glassfish.jersey.servlet.ServletContainer.service(ServletContainer.java:357)
		at org.glassfish.jersey.servlet.ServletContainer.service(ServletContainer.java:311)
		at org.glassfish.jersey.servlet.ServletContainer.service(ServletContainer.java:205)
		at org.apache.catalina.core.ApplicationFilterChain.doFilter(ApplicationFilterChain.java:130)
		at org.apache.tomcat.websocket.server.WsFilter.doFilter(WsFilter.java:53)
		at org.apache.catalina.core.ApplicationFilterChain.doFilter(ApplicationFilterChain.java:109)
		at org.apache.catalina.core.StandardWrapperValve.invoke(StandardWrapperValve.java:167)
		at org.apache.catalina.core.StandardContextValve.invoke(StandardContextValve.java:79)
		at org.apache.catalina.authenticator.AuthenticatorBase.invoke(AuthenticatorBase.java:483)
		at org.apache.catalina.core.StandardHostValve.invoke(StandardHostValve.java:116)
		at org.apache.catalina.valves.ErrorReportValve.invoke(ErrorReportValve.java:93)
		at org.apache.catalina.valves.AbstractAccessLogValve.invoke(AbstractAccessLogValve.java:666)
		at org.apache.catalina.core.StandardEngineValve.invoke(StandardEngineValve.java:74)
		at org.apache.catalina.connector.CoyoteAdapter.service(CoyoteAdapter.java:343)
		at org.apache.coyote.http11.Http11Processor.service(Http11Processor.java:396)
		at org.apache.coyote.AbstractProcessorLight.process(AbstractProcessorLight.java:63)
		at org.apache.coyote.AbstractProtocol$ConnectionHandler.process(AbstractProtocol.java:903)
		at org.apache.tomcat.util.net.NioEndpoint$SocketProcessor.doRun(NioEndpoint.java:1773)
		at org.apache.tomcat.util.net.SocketProcessorBase.run(SocketProcessorBase.java:52)
		at org.apache.tomcat.util.threads.ThreadPoolExecutor.runWorker(ThreadPoolExecutor.java:1149)
		at org.apache.tomcat.util.threads.ThreadPoolExecutor$Worker.run(ThreadPoolExecutor.java:637)
		at org.apache.tomcat.util.threads.TaskThread$WrappingRunnable.run(TaskThread.java:59)
		at java.base/java.lang.Thread.run(Thread.java:1570)
	Caused by: org.glassfish.jersey.message.internal.MessageBodyProviderNotFoundException: MessageBodyWriter not found for media type=null, type=class modelo.ApiResponse, genericType=class modelo.ApiResponse.
		at org.glassfish.jersey.message.internal.WriterInterceptorExecutor$TerminalWriterInterceptor.aroundWriteTo(WriterInterceptorExecutor.java:224)
		at org.glassfish.jersey.message.internal.WriterInterceptorExecutor.proceed(WriterInterceptorExecutor.java:139)
		at org.glassfish.jersey.server.internal.JsonWithPaddingInterceptor.aroundWriteTo(JsonWithPaddingInterceptor.java:85)
		at org.glassfish.jersey.message.internal.WriterInterceptorExecutor.proceed(WriterInterceptorExecutor.java:139)
		at org.glassfish.jersey.server.internal.MappableExceptionWrapperInterceptor.aroundWriteTo(MappableExceptionWrapperInterceptor.java:61)
		... 39 more
03-Aug-2025 16:50:38.442 WARNING [http-nio-8080-exec-11] org.glassfish.jersey.server.ServerRuntime$Responder.release Attempt to release request processing resources has failed for a request.
	org.glassfish.jersey.server.ContainerException: java.util.concurrent.ExecutionException: jakarta.ws.rs.InternalServerErrorException: HTTP 500 Internal Server Error
		at org.glassfish.jersey.servlet.internal.ResponseWriter.getResponseContext(ResponseWriter.java:278)
		at org.glassfish.jersey.servlet.internal.ResponseWriter.writeResponseStatusAndHeaders(ResponseWriter.java:128)
		at org.glassfish.jersey.server.ServerRuntime$Responder$1.getOutputStream(ServerRuntime.java:667)
		at org.glassfish.jersey.message.internal.CommittingOutputStream.commitStream(CommittingOutputStream.java:171)
		at org.glassfish.jersey.message.internal.CommittingOutputStream.flushBuffer(CommittingOutputStream.java:276)
		at org.glassfish.jersey.message.internal.CommittingOutputStream.commit(CommittingOutputStream.java:232)
		at org.glassfish.jersey.message.internal.CommittingOutputStream.close(CommittingOutputStream.java:247)
		at org.glassfish.jersey.message.internal.OutboundMessageContext.close(OutboundMessageContext.java:865)
		at org.glassfish.jersey.server.ContainerResponse.close(ContainerResponse.java:403)
		at java.base/java.util.stream.ForEachOps$ForEachOp$OfRef.accept(ForEachOps.java:184)
		at java.base/java.util.stream.ReferencePipeline$2$1.accept(ReferencePipeline.java:194)
		at java.base/java.util.Spliterators$ArraySpliterator.forEachRemaining(Spliterators.java:1024)
		at java.base/java.util.stream.AbstractPipeline.copyInto(AbstractPipeline.java:556)
		at java.base/java.util.stream.AbstractPipeline.wrapAndCopyInto(AbstractPipeline.java:546)
		at java.base/java.util.stream.ForEachOps$ForEachOp.evaluateSequential(ForEachOps.java:151)
		at java.base/java.util.stream.ForEachOps$ForEachOp$OfRef.evaluateSequential(ForEachOps.java:174)
		at java.base/java.util.stream.AbstractPipeline.evaluate(AbstractPipeline.java:265)
		at java.base/java.util.stream.ReferencePipeline.forEach(ReferencePipeline.java:611)
		at org.glassfish.jersey.server.ServerRuntime$Responder.release(ServerRuntime.java:774)
		at org.glassfish.jersey.server.ServerRuntime$Responder.process(ServerRuntime.java:467)
		at org.glassfish.jersey.server.ServerRuntime$1.run(ServerRuntime.java:269)
		at org.glassfish.jersey.internal.Errors$1.call(Errors.java:248)
		at org.glassfish.jersey.internal.Errors$1.call(Errors.java:244)
		at org.glassfish.jersey.internal.Errors.process(Errors.java:292)
		at org.glassfish.jersey.internal.Errors.process(Errors.java:274)
		at org.glassfish.jersey.internal.Errors.process(Errors.java:244)
		at org.glassfish.jersey.process.internal.RequestScope.runInScope(RequestScope.java:265)
		at org.glassfish.jersey.server.ServerRuntime.process(ServerRuntime.java:240)
		at org.glassfish.jersey.server.ApplicationHandler.handle(ApplicationHandler.java:697)
		at org.glassfish.jersey.servlet.WebComponent.serviceImpl(WebComponent.java:394)
		at org.glassfish.jersey.servlet.WebComponent.service(WebComponent.java:346)
		at org.glassfish.jersey.servlet.ServletContainer.service(ServletContainer.java:357)
		at org.glassfish.jersey.servlet.ServletContainer.service(ServletContainer.java:311)
		at org.glassfish.jersey.servlet.ServletContainer.service(ServletContainer.java:205)
		at org.apache.catalina.core.ApplicationFilterChain.doFilter(ApplicationFilterChain.java:130)
		at org.apache.tomcat.websocket.server.WsFilter.doFilter(WsFilter.java:53)
		at org.apache.catalina.core.ApplicationFilterChain.doFilter(ApplicationFilterChain.java:109)
		at org.apache.catalina.core.StandardWrapperValve.invoke(StandardWrapperValve.java:167)
		at org.apache.catalina.core.StandardContextValve.invoke(StandardContextValve.java:79)
		at org.apache.catalina.authenticator.AuthenticatorBase.invoke(AuthenticatorBase.java:483)
		at org.apache.catalina.core.StandardHostValve.invoke(StandardHostValve.java:116)
		at org.apache.catalina.valves.ErrorReportValve.invoke(ErrorReportValve.java:93)
		at org.apache.catalina.valves.AbstractAccessLogValve.invoke(AbstractAccessLogValve.java:666)
		at org.apache.catalina.core.StandardEngineValve.invoke(StandardEngineValve.java:74)
		at org.apache.catalina.connector.CoyoteAdapter.service(CoyoteAdapter.java:343)
		at org.apache.coyote.http11.Http11Processor.service(Http11Processor.java:396)
		at org.apache.coyote.AbstractProcessorLight.process(AbstractProcessorLight.java:63)
		at org.apache.coyote.AbstractProtocol$ConnectionHandler.process(AbstractProtocol.java:903)
		at org.apache.tomcat.util.net.NioEndpoint$SocketProcessor.doRun(NioEndpoint.java:1773)
		at org.apache.tomcat.util.net.SocketProcessorBase.run(SocketProcessorBase.java:52)
		at org.apache.tomcat.util.threads.ThreadPoolExecutor.runWorker(ThreadPoolExecutor.java:1149)
		at org.apache.tomcat.util.threads.ThreadPoolExecutor$Worker.run(ThreadPoolExecutor.java:637)
		at org.apache.tomcat.util.threads.TaskThread$WrappingRunnable.run(TaskThread.java:59)
		at java.base/java.lang.Thread.run(Thread.java:1570)
	Caused by: java.util.concurrent.ExecutionException: jakarta.ws.rs.InternalServerErrorException: HTTP 500 Internal Server Error
		at java.base/java.util.concurrent.CompletableFuture.reportGet(CompletableFuture.java:396)
		at java.base/java.util.concurrent.CompletableFuture.get(CompletableFuture.java:2073)
		at org.glassfish.jersey.servlet.internal.ResponseWriter.getResponseContext(ResponseWriter.java:276)
		... 53 more
	Caused by: jakarta.ws.rs.InternalServerErrorException: HTTP 500 Internal Server Error
		at org.glassfish.jersey.server.internal.MappableExceptionWrapperInterceptor.aroundWriteTo(MappableExceptionWrapperInterceptor.java:65)
		at org.glassfish.jersey.message.internal.WriterInterceptorExecutor.proceed(WriterInterceptorExecutor.java:139)
		at org.glassfish.jersey.message.internal.MessageBodyFactory.writeTo(MessageBodyFactory.java:1116)
		at org.glassfish.jersey.server.ServerRuntime$Responder.writeResponse(ServerRuntime.java:677)
		at org.glassfish.jersey.server.ServerRuntime$Responder.processResponse(ServerRuntime.java:385)
		at org.glassfish.jersey.server.ServerRuntime$Responder.process(ServerRuntime.java:437)
		... 34 more
	Caused by: org.glassfish.jersey.message.internal.MessageBodyProviderNotFoundException: MessageBodyWriter not found for media type=null, type=class modelo.ApiResponse, genericType=class modelo.ApiResponse.
		at org.glassfish.jersey.message.internal.WriterInterceptorExecutor$TerminalWriterInterceptor.aroundWriteTo(WriterInterceptorExecutor.java:224)
		at org.glassfish.jersey.message.internal.WriterInterceptorExecutor.proceed(WriterInterceptorExecutor.java:139)
		at org.glassfish.jersey.server.internal.JsonWithPaddingInterceptor.aroundWriteTo(JsonWithPaddingInterceptor.java:85)
		at org.glassfish.jersey.message.internal.WriterInterceptorExecutor.proceed(WriterInterceptorExecutor.java:139)
		at org.glassfish.jersey.server.internal.MappableExceptionWrapperInterceptor.aroundWriteTo(MappableExceptionWrapperInterceptor.java:61)
		... 39 more
03-Aug-2025 16:50:58.399 SEVERE [http-nio-8080-exec-16] org.glassfish.jersey.message.internal.WriterInterceptorExecutor$TerminalWriterInterceptor.aroundWriteTo MessageBodyWriter not found for media type=null, type=class modelo.ApiResponse, genericType=class modelo.ApiResponse.
03-Aug-2025 16:50:58.399 SEVERE [http-nio-8080-exec-16] org.glassfish.jersey.server.ServerRuntime$Responder.process Error occurred when processing a response created from an already mapped exception.
03-Aug-2025 16:50:58.400 WARNING [http-nio-8080-exec-16] org.glassfish.jersey.server.ServerRuntime$Responder.process An exception mapping did not successfully produce and processed a response. Logging the exception propagated to the default exception mapper.
	jakarta.ws.rs.InternalServerErrorException: HTTP 500 Internal Server Error
		at org.glassfish.jersey.server.internal.MappableExceptionWrapperInterceptor.aroundWriteTo(MappableExceptionWrapperInterceptor.java:65)
		at org.glassfish.jersey.message.internal.WriterInterceptorExecutor.proceed(WriterInterceptorExecutor.java:139)
		at org.glassfish.jersey.message.internal.MessageBodyFactory.writeTo(MessageBodyFactory.java:1116)
		at org.glassfish.jersey.server.ServerRuntime$Responder.writeResponse(ServerRuntime.java:677)
		at org.glassfish.jersey.server.ServerRuntime$Responder.processResponse(ServerRuntime.java:385)
		at org.glassfish.jersey.server.ServerRuntime$Responder.process(ServerRuntime.java:437)
		at org.glassfish.jersey.server.ServerRuntime$1.run(ServerRuntime.java:269)
		at org.glassfish.jersey.internal.Errors$1.call(Errors.java:248)
		at org.glassfish.jersey.internal.Errors$1.call(Errors.java:244)
		at org.glassfish.jersey.internal.Errors.process(Errors.java:292)
		at org.glassfish.jersey.internal.Errors.process(Errors.java:274)
		at org.glassfish.jersey.internal.Errors.process(Errors.java:244)
		at org.glassfish.jersey.process.internal.RequestScope.runInScope(RequestScope.java:265)
		at org.glassfish.jersey.server.ServerRuntime.process(ServerRuntime.java:240)
		at org.glassfish.jersey.server.ApplicationHandler.handle(ApplicationHandler.java:697)
		at org.glassfish.jersey.servlet.WebComponent.serviceImpl(WebComponent.java:394)
		at org.glassfish.jersey.servlet.WebComponent.service(WebComponent.java:346)
		at org.glassfish.jersey.servlet.ServletContainer.service(ServletContainer.java:357)
		at org.glassfish.jersey.servlet.ServletContainer.service(ServletContainer.java:311)
		at org.glassfish.jersey.servlet.ServletContainer.service(ServletContainer.java:205)
		at org.apache.catalina.core.ApplicationFilterChain.doFilter(ApplicationFilterChain.java:130)
		at org.apache.tomcat.websocket.server.WsFilter.doFilter(WsFilter.java:53)
		at org.apache.catalina.core.ApplicationFilterChain.doFilter(ApplicationFilterChain.java:109)
		at org.apache.catalina.core.StandardWrapperValve.invoke(StandardWrapperValve.java:167)
		at org.apache.catalina.core.StandardContextValve.invoke(StandardContextValve.java:79)
		at org.apache.catalina.authenticator.AuthenticatorBase.invoke(AuthenticatorBase.java:483)
		at org.apache.catalina.core.StandardHostValve.invoke(StandardHostValve.java:116)
		at org.apache.catalina.valves.ErrorReportValve.invoke(ErrorReportValve.java:93)
		at org.apache.catalina.valves.AbstractAccessLogValve.invoke(AbstractAccessLogValve.java:666)
		at org.apache.catalina.core.StandardEngineValve.invoke(StandardEngineValve.java:74)
		at org.apache.catalina.connector.CoyoteAdapter.service(CoyoteAdapter.java:343)
		at org.apache.coyote.http11.Http11Processor.service(Http11Processor.java:396)
		at org.apache.coyote.AbstractProcessorLight.process(AbstractProcessorLight.java:63)
		at org.apache.coyote.AbstractProtocol$ConnectionHandler.process(AbstractProtocol.java:903)
		at org.apache.tomcat.util.net.NioEndpoint$SocketProcessor.doRun(NioEndpoint.java:1773)
		at org.apache.tomcat.util.net.SocketProcessorBase.run(SocketProcessorBase.java:52)
		at org.apache.tomcat.util.threads.ThreadPoolExecutor.runWorker(ThreadPoolExecutor.java:1149)
		at org.apache.tomcat.util.threads.ThreadPoolExecutor$Worker.run(ThreadPoolExecutor.java:637)
		at org.apache.tomcat.util.threads.TaskThread$WrappingRunnable.run(TaskThread.java:59)
		at java.base/java.lang.Thread.run(Thread.java:1570)
	Caused by: org.glassfish.jersey.message.internal.MessageBodyProviderNotFoundException: MessageBodyWriter not found for media type=null, type=class modelo.ApiResponse, genericType=class modelo.ApiResponse.
		at org.glassfish.jersey.message.internal.WriterInterceptorExecutor$TerminalWriterInterceptor.aroundWriteTo(WriterInterceptorExecutor.java:224)
		at org.glassfish.jersey.message.internal.WriterInterceptorExecutor.proceed(WriterInterceptorExecutor.java:139)
		at org.glassfish.jersey.server.internal.JsonWithPaddingInterceptor.aroundWriteTo(JsonWithPaddingInterceptor.java:85)
		at org.glassfish.jersey.message.internal.WriterInterceptorExecutor.proceed(WriterInterceptorExecutor.java:139)
		at org.glassfish.jersey.server.internal.MappableExceptionWrapperInterceptor.aroundWriteTo(MappableExceptionWrapperInterceptor.java:61)
		... 39 more
03-Aug-2025 16:50:58.472 WARNING [http-nio-8080-exec-16] org.glassfish.jersey.server.ServerRuntime$Responder.release Attempt to release request processing resources has failed for a request.
	org.glassfish.jersey.server.ContainerException: java.util.concurrent.ExecutionException: jakarta.ws.rs.InternalServerErrorException: HTTP 500 Internal Server Error
		at org.glassfish.jersey.servlet.internal.ResponseWriter.getResponseContext(ResponseWriter.java:278)
		at org.glassfish.jersey.servlet.internal.ResponseWriter.writeResponseStatusAndHeaders(ResponseWriter.java:128)
		at org.glassfish.jersey.server.ServerRuntime$Responder$1.getOutputStream(ServerRuntime.java:667)
		at org.glassfish.jersey.message.internal.CommittingOutputStream.commitStream(CommittingOutputStream.java:171)
		at org.glassfish.jersey.message.internal.CommittingOutputStream.flushBuffer(CommittingOutputStream.java:276)
		at org.glassfish.jersey.message.internal.CommittingOutputStream.commit(CommittingOutputStream.java:232)
		at org.glassfish.jersey.message.internal.CommittingOutputStream.close(CommittingOutputStream.java:247)
		at org.glassfish.jersey.message.internal.OutboundMessageContext.close(OutboundMessageContext.java:865)
		at org.glassfish.jersey.server.ContainerResponse.close(ContainerResponse.java:403)
		at java.base/java.util.stream.ForEachOps$ForEachOp$OfRef.accept(ForEachOps.java:184)
		at java.base/java.util.stream.ReferencePipeline$2$1.accept(ReferencePipeline.java:194)
		at java.base/java.util.Spliterators$ArraySpliterator.forEachRemaining(Spliterators.java:1024)
		at java.base/java.util.stream.AbstractPipeline.copyInto(AbstractPipeline.java:556)
		at java.base/java.util.stream.AbstractPipeline.wrapAndCopyInto(AbstractPipeline.java:546)
		at java.base/java.util.stream.ForEachOps$ForEachOp.evaluateSequential(ForEachOps.java:151)
		at java.base/java.util.stream.ForEachOps$ForEachOp$OfRef.evaluateSequential(ForEachOps.java:174)
		at java.base/java.util.stream.AbstractPipeline.evaluate(AbstractPipeline.java:265)
		at java.base/java.util.stream.ReferencePipeline.forEach(ReferencePipeline.java:611)
		at org.glassfish.jersey.server.ServerRuntime$Responder.release(ServerRuntime.java:774)
		at org.glassfish.jersey.server.ServerRuntime$Responder.process(ServerRuntime.java:467)
		at org.glassfish.jersey.server.ServerRuntime$1.run(ServerRuntime.java:269)
		at org.glassfish.jersey.internal.Errors$1.call(Errors.java:248)
		at org.glassfish.jersey.internal.Errors$1.call(Errors.java:244)
		at org.glassfish.jersey.internal.Errors.process(Errors.java:292)
		at org.glassfish.jersey.internal.Errors.process(Errors.java:274)
		at org.glassfish.jersey.internal.Errors.process(Errors.java:244)
		at org.glassfish.jersey.process.internal.RequestScope.runInScope(RequestScope.java:265)
		at org.glassfish.jersey.server.ServerRuntime.process(ServerRuntime.java:240)
		at org.glassfish.jersey.server.ApplicationHandler.handle(ApplicationHandler.java:697)
		at org.glassfish.jersey.servlet.WebComponent.serviceImpl(WebComponent.java:394)
		at org.glassfish.jersey.servlet.WebComponent.service(WebComponent.java:346)
		at org.glassfish.jersey.servlet.ServletContainer.service(ServletContainer.java:357)
		at org.glassfish.jersey.servlet.ServletContainer.service(ServletContainer.java:311)
		at org.glassfish.jersey.servlet.ServletContainer.service(ServletContainer.java:205)
		at org.apache.catalina.core.ApplicationFilterChain.doFilter(ApplicationFilterChain.java:130)
		at org.apache.tomcat.websocket.server.WsFilter.doFilter(WsFilter.java:53)
		at org.apache.catalina.core.ApplicationFilterChain.doFilter(ApplicationFilterChain.java:109)
		at org.apache.catalina.core.StandardWrapperValve.invoke(StandardWrapperValve.java:167)
		at org.apache.catalina.core.StandardContextValve.invoke(StandardContextValve.java:79)
		at org.apache.catalina.authenticator.AuthenticatorBase.invoke(AuthenticatorBase.java:483)
		at org.apache.catalina.core.StandardHostValve.invoke(StandardHostValve.java:116)
		at org.apache.catalina.valves.ErrorReportValve.invoke(ErrorReportValve.java:93)
		at org.apache.catalina.valves.AbstractAccessLogValve.invoke(AbstractAccessLogValve.java:666)
		at org.apache.catalina.core.StandardEngineValve.invoke(StandardEngineValve.java:74)
		at org.apache.catalina.connector.CoyoteAdapter.service(CoyoteAdapter.java:343)
		at org.apache.coyote.http11.Http11Processor.service(Http11Processor.java:396)
		at org.apache.coyote.AbstractProcessorLight.process(AbstractProcessorLight.java:63)
		at org.apache.coyote.AbstractProtocol$ConnectionHandler.process(AbstractProtocol.java:903)
		at org.apache.tomcat.util.net.NioEndpoint$SocketProcessor.doRun(NioEndpoint.java:1773)
		at org.apache.tomcat.util.net.SocketProcessorBase.run(SocketProcessorBase.java:52)
		at org.apache.tomcat.util.threads.ThreadPoolExecutor.runWorker(ThreadPoolExecutor.java:1149)
		at org.apache.tomcat.util.threads.ThreadPoolExecutor$Worker.run(ThreadPoolExecutor.java:637)
		at org.apache.tomcat.util.threads.TaskThread$WrappingRunnable.run(TaskThread.java:59)
		at java.base/java.lang.Thread.run(Thread.java:1570)
	Caused by: java.util.concurrent.ExecutionException: jakarta.ws.rs.InternalServerErrorException: HTTP 500 Internal Server Error
		at java.base/java.util.concurrent.CompletableFuture.reportGet(CompletableFuture.java:396)
		at java.base/java.util.concurrent.CompletableFuture.get(CompletableFuture.java:2073)
		at org.glassfish.jersey.servlet.internal.ResponseWriter.getResponseContext(ResponseWriter.java:276)
		... 53 more
	Caused by: jakarta.ws.rs.InternalServerErrorException: HTTP 500 Internal Server Error
		at org.glassfish.jersey.server.internal.MappableExceptionWrapperInterceptor.aroundWriteTo(MappableExceptionWrapperInterceptor.java:65)
		at org.glassfish.jersey.message.internal.WriterInterceptorExecutor.proceed(WriterInterceptorExecutor.java:139)
		at org.glassfish.jersey.message.internal.MessageBodyFactory.writeTo(MessageBodyFactory.java:1116)
		at org.glassfish.jersey.server.ServerRuntime$Responder.writeResponse(ServerRuntime.java:677)
		at org.glassfish.jersey.server.ServerRuntime$Responder.processResponse(ServerRuntime.java:385)
		at org.glassfish.jersey.server.ServerRuntime$Responder.process(ServerRuntime.java:437)
		... 34 more
	Caused by: org.glassfish.jersey.message.internal.MessageBodyProviderNotFoundException: MessageBodyWriter not found for media type=null, type=class modelo.ApiResponse, genericType=class modelo.ApiResponse.
		at org.glassfish.jersey.message.internal.WriterInterceptorExecutor$TerminalWriterInterceptor.aroundWriteTo(WriterInterceptorExecutor.java:224)
		at org.glassfish.jersey.message.internal.WriterInterceptorExecutor.proceed(WriterInterceptorExecutor.java:139)
		at org.glassfish.jersey.server.internal.JsonWithPaddingInterceptor.aroundWriteTo(JsonWithPaddingInterceptor.java:85)
		at org.glassfish.jersey.message.internal.WriterInterceptorExecutor.proceed(WriterInterceptorExecutor.java:139)
		at org.glassfish.jersey.server.internal.MappableExceptionWrapperInterceptor.aroundWriteTo(MappableExceptionWrapperInterceptor.java:61)
		... 39 more
03-Aug-2025 16:51:18.489 SEVERE [http-nio-8080-exec-18] org.glassfish.jersey.message.internal.WriterInterceptorExecutor$TerminalWriterInterceptor.aroundWriteTo MessageBodyWriter not found for media type=null, type=class modelo.ApiResponse, genericType=class modelo.ApiResponse.
03-Aug-2025 16:51:18.489 SEVERE [http-nio-8080-exec-18] org.glassfish.jersey.server.ServerRuntime$Responder.process Error occurred when processing a response created from an already mapped exception.
03-Aug-2025 16:51:18.489 WARNING [http-nio-8080-exec-18] org.glassfish.jersey.server.ServerRuntime$Responder.process An exception mapping did not successfully produce and processed a response. Logging the exception propagated to the default exception mapper.
	jakarta.ws.rs.InternalServerErrorException: HTTP 500 Internal Server Error
		at org.glassfish.jersey.server.internal.MappableExceptionWrapperInterceptor.aroundWriteTo(MappableExceptionWrapperInterceptor.java:65)
		at org.glassfish.jersey.message.internal.WriterInterceptorExecutor.proceed(WriterInterceptorExecutor.java:139)
		at org.glassfish.jersey.message.internal.MessageBodyFactory.writeTo(MessageBodyFactory.java:1116)
		at org.glassfish.jersey.server.ServerRuntime$Responder.writeResponse(ServerRuntime.java:677)
		at org.glassfish.jersey.server.ServerRuntime$Responder.processResponse(ServerRuntime.java:385)
		at org.glassfish.jersey.server.ServerRuntime$Responder.process(ServerRuntime.java:437)
		at org.glassfish.jersey.server.ServerRuntime$1.run(ServerRuntime.java:269)
		at org.glassfish.jersey.internal.Errors$1.call(Errors.java:248)
		at org.glassfish.jersey.internal.Errors$1.call(Errors.java:244)
		at org.glassfish.jersey.internal.Errors.process(Errors.java:292)
		at org.glassfish.jersey.internal.Errors.process(Errors.java:274)
		at org.glassfish.jersey.internal.Errors.process(Errors.java:244)
		at org.glassfish.jersey.process.internal.RequestScope.runInScope(RequestScope.java:265)
		at org.glassfish.jersey.server.ServerRuntime.process(ServerRuntime.java:240)
		at org.glassfish.jersey.server.ApplicationHandler.handle(ApplicationHandler.java:697)
		at org.glassfish.jersey.servlet.WebComponent.serviceImpl(WebComponent.java:394)
		at org.glassfish.jersey.servlet.WebComponent.service(WebComponent.java:346)
		at org.glassfish.jersey.servlet.ServletContainer.service(ServletContainer.java:357)
		at org.glassfish.jersey.servlet.ServletContainer.service(ServletContainer.java:311)
		at org.glassfish.jersey.servlet.ServletContainer.service(ServletContainer.java:205)
		at org.apache.catalina.core.ApplicationFilterChain.doFilter(ApplicationFilterChain.java:130)
		at org.apache.tomcat.websocket.server.WsFilter.doFilter(WsFilter.java:53)
		at org.apache.catalina.core.ApplicationFilterChain.doFilter(ApplicationFilterChain.java:109)
		at org.apache.catalina.core.StandardWrapperValve.invoke(StandardWrapperValve.java:167)
		at org.apache.catalina.core.StandardContextValve.invoke(StandardContextValve.java:79)
		at org.apache.catalina.authenticator.AuthenticatorBase.invoke(AuthenticatorBase.java:483)
		at org.apache.catalina.core.StandardHostValve.invoke(StandardHostValve.java:116)
		at org.apache.catalina.valves.ErrorReportValve.invoke(ErrorReportValve.java:93)
		at org.apache.catalina.valves.AbstractAccessLogValve.invoke(AbstractAccessLogValve.java:666)
		at org.apache.catalina.core.StandardEngineValve.invoke(StandardEngineValve.java:74)
		at org.apache.catalina.connector.CoyoteAdapter.service(CoyoteAdapter.java:343)
		at org.apache.coyote.http11.Http11Processor.service(Http11Processor.java:396)
		at org.apache.coyote.AbstractProcessorLight.process(AbstractProcessorLight.java:63)
		at org.apache.coyote.AbstractProtocol$ConnectionHandler.process(AbstractProtocol.java:903)
		at org.apache.tomcat.util.net.NioEndpoint$SocketProcessor.doRun(NioEndpoint.java:1773)
		at org.apache.tomcat.util.net.SocketProcessorBase.run(SocketProcessorBase.java:52)
		at org.apache.tomcat.util.threads.ThreadPoolExecutor.runWorker(ThreadPoolExecutor.java:1149)
		at org.apache.tomcat.util.threads.ThreadPoolExecutor$Worker.run(ThreadPoolExecutor.java:637)
		at org.apache.tomcat.util.threads.TaskThread$WrappingRunnable.run(TaskThread.java:59)
		at java.base/java.lang.Thread.run(Thread.java:1570)
	Caused by: org.glassfish.jersey.message.internal.MessageBodyProviderNotFoundException: MessageBodyWriter not found for media type=null, type=class modelo.ApiResponse, genericType=class modelo.ApiResponse.
		at org.glassfish.jersey.message.internal.WriterInterceptorExecutor$TerminalWriterInterceptor.aroundWriteTo(WriterInterceptorExecutor.java:224)
		at org.glassfish.jersey.message.internal.WriterInterceptorExecutor.proceed(WriterInterceptorExecutor.java:139)
		at org.glassfish.jersey.server.internal.JsonWithPaddingInterceptor.aroundWriteTo(JsonWithPaddingInterceptor.java:85)
		at org.glassfish.jersey.message.internal.WriterInterceptorExecutor.proceed(WriterInterceptorExecutor.java:139)
		at org.glassfish.jersey.server.internal.MappableExceptionWrapperInterceptor.aroundWriteTo(MappableExceptionWrapperInterceptor.java:61)
		... 39 more
03-Aug-2025 16:51:18.736 WARNING [http-nio-8080-exec-18] org.glassfish.jersey.server.ServerRuntime$Responder.release Attempt to release request processing resources has failed for a request.
	org.glassfish.jersey.server.ContainerException: java.util.concurrent.ExecutionException: jakarta.ws.rs.InternalServerErrorException: HTTP 500 Internal Server Error
		at org.glassfish.jersey.servlet.internal.ResponseWriter.getResponseContext(ResponseWriter.java:278)
		at org.glassfish.jersey.servlet.internal.ResponseWriter.writeResponseStatusAndHeaders(ResponseWriter.java:128)
		at org.glassfish.jersey.server.ServerRuntime$Responder$1.getOutputStream(ServerRuntime.java:667)
		at org.glassfish.jersey.message.internal.CommittingOutputStream.commitStream(CommittingOutputStream.java:171)
		at org.glassfish.jersey.message.internal.CommittingOutputStream.flushBuffer(CommittingOutputStream.java:276)
		at org.glassfish.jersey.message.internal.CommittingOutputStream.commit(CommittingOutputStream.java:232)
		at org.glassfish.jersey.message.internal.CommittingOutputStream.close(CommittingOutputStream.java:247)
		at org.glassfish.jersey.message.internal.OutboundMessageContext.close(OutboundMessageContext.java:865)
		at org.glassfish.jersey.server.ContainerResponse.close(ContainerResponse.java:403)
		at java.base/java.util.stream.ForEachOps$ForEachOp$OfRef.accept(ForEachOps.java:184)
		at java.base/java.util.stream.ReferencePipeline$2$1.accept(ReferencePipeline.java:194)
		at java.base/java.util.Spliterators$ArraySpliterator.forEachRemaining(Spliterators.java:1024)
		at java.base/java.util.stream.AbstractPipeline.copyInto(AbstractPipeline.java:556)
		at java.base/java.util.stream.AbstractPipeline.wrapAndCopyInto(AbstractPipeline.java:546)
		at java.base/java.util.stream.ForEachOps$ForEachOp.evaluateSequential(ForEachOps.java:151)
		at java.base/java.util.stream.ForEachOps$ForEachOp$OfRef.evaluateSequential(ForEachOps.java:174)
		at java.base/java.util.stream.AbstractPipeline.evaluate(AbstractPipeline.java:265)
		at java.base/java.util.stream.ReferencePipeline.forEach(ReferencePipeline.java:611)
		at org.glassfish.jersey.server.ServerRuntime$Responder.release(ServerRuntime.java:774)
		at org.glassfish.jersey.server.ServerRuntime$Responder.process(ServerRuntime.java:467)
		at org.glassfish.jersey.server.ServerRuntime$1.run(ServerRuntime.java:269)
		at org.glassfish.jersey.internal.Errors$1.call(Errors.java:248)
		at org.glassfish.jersey.internal.Errors$1.call(Errors.java:244)
		at org.glassfish.jersey.internal.Errors.process(Errors.java:292)
		at org.glassfish.jersey.internal.Errors.process(Errors.java:274)
		at org.glassfish.jersey.internal.Errors.process(Errors.java:244)
		at org.glassfish.jersey.process.internal.RequestScope.runInScope(RequestScope.java:265)
		at org.glassfish.jersey.server.ServerRuntime.process(ServerRuntime.java:240)
		at org.glassfish.jersey.server.ApplicationHandler.handle(ApplicationHandler.java:697)
		at org.glassfish.jersey.servlet.WebComponent.serviceImpl(WebComponent.java:394)
		at org.glassfish.jersey.servlet.WebComponent.service(WebComponent.java:346)
		at org.glassfish.jersey.servlet.ServletContainer.service(ServletContainer.java:357)
		at org.glassfish.jersey.servlet.ServletContainer.service(ServletContainer.java:311)
		at org.glassfish.jersey.servlet.ServletContainer.service(ServletContainer.java:205)
		at org.apache.catalina.core.ApplicationFilterChain.doFilter(ApplicationFilterChain.java:130)
		at org.apache.tomcat.websocket.server.WsFilter.doFilter(WsFilter.java:53)
		at org.apache.catalina.core.ApplicationFilterChain.doFilter(ApplicationFilterChain.java:109)
		at org.apache.catalina.core.StandardWrapperValve.invoke(StandardWrapperValve.java:167)
		at org.apache.catalina.core.StandardContextValve.invoke(StandardContextValve.java:79)
		at org.apache.catalina.authenticator.AuthenticatorBase.invoke(AuthenticatorBase.java:483)
		at org.apache.catalina.core.StandardHostValve.invoke(StandardHostValve.java:116)
		at org.apache.catalina.valves.ErrorReportValve.invoke(ErrorReportValve.java:93)
		at org.apache.catalina.valves.AbstractAccessLogValve.invoke(AbstractAccessLogValve.java:666)
		at org.apache.catalina.core.StandardEngineValve.invoke(StandardEngineValve.java:74)
		at org.apache.catalina.connector.CoyoteAdapter.service(CoyoteAdapter.java:343)
		at org.apache.coyote.http11.Http11Processor.service(Http11Processor.java:396)
		at org.apache.coyote.AbstractProcessorLight.process(AbstractProcessorLight.java:63)
		at org.apache.coyote.AbstractProtocol$ConnectionHandler.process(AbstractProtocol.java:903)
		at org.apache.tomcat.util.net.NioEndpoint$SocketProcessor.doRun(NioEndpoint.java:1773)
		at org.apache.tomcat.util.net.SocketProcessorBase.run(SocketProcessorBase.java:52)
		at org.apache.tomcat.util.threads.ThreadPoolExecutor.runWorker(ThreadPoolExecutor.java:1149)
		at org.apache.tomcat.util.threads.ThreadPoolExecutor$Worker.run(ThreadPoolExecutor.java:637)
		at org.apache.tomcat.util.threads.TaskThread$WrappingRunnable.run(TaskThread.java:59)
		at java.base/java.lang.Thread.run(Thread.java:1570)
	Caused by: java.util.concurrent.ExecutionException: jakarta.ws.rs.InternalServerErrorException: HTTP 500 Internal Server Error
		at java.base/java.util.concurrent.CompletableFuture.reportGet(CompletableFuture.java:396)
		at java.base/java.util.concurrent.CompletableFuture.get(CompletableFuture.java:2073)
		at org.glassfish.jersey.servlet.internal.ResponseWriter.getResponseContext(ResponseWriter.java:276)
		... 53 more
	Caused by: jakarta.ws.rs.InternalServerErrorException: HTTP 500 Internal Server Error
		at org.glassfish.jersey.server.internal.MappableExceptionWrapperInterceptor.aroundWriteTo(MappableExceptionWrapperInterceptor.java:65)
		at org.glassfish.jersey.message.internal.WriterInterceptorExecutor.proceed(WriterInterceptorExecutor.java:139)
		at org.glassfish.jersey.message.internal.MessageBodyFactory.writeTo(MessageBodyFactory.java:1116)
		at org.glassfish.jersey.server.ServerRuntime$Responder.writeResponse(ServerRuntime.java:677)
		at org.glassfish.jersey.server.ServerRuntime$Responder.processResponse(ServerRuntime.java:385)
		at org.glassfish.jersey.server.ServerRuntime$Responder.process(ServerRuntime.java:437)
		... 34 more
	Caused by: org.glassfish.jersey.message.internal.MessageBodyProviderNotFoundException: MessageBodyWriter not found for media type=null, type=class modelo.ApiResponse, genericType=class modelo.ApiResponse.
		at org.glassfish.jersey.message.internal.WriterInterceptorExecutor$TerminalWriterInterceptor.aroundWriteTo(WriterInterceptorExecutor.java:224)
		at org.glassfish.jersey.message.internal.WriterInterceptorExecutor.proceed(WriterInterceptorExecutor.java:139)
		at org.glassfish.jersey.server.internal.JsonWithPaddingInterceptor.aroundWriteTo(JsonWithPaddingInterceptor.java:85)
		at org.glassfish.jersey.message.internal.WriterInterceptorExecutor.proceed(WriterInterceptorExecutor.java:139)
		at org.glassfish.jersey.server.internal.MappableExceptionWrapperInterceptor.aroundWriteTo(MappableExceptionWrapperInterceptor.java:61)
		... 39 more
03-Aug-2025 17:01:15.606 SEVERE [http-nio-8080-exec-13] org.glassfish.jersey.message.internal.WriterInterceptorExecutor$TerminalWriterInterceptor.aroundWriteTo MessageBodyWriter not found for media type=null, type=class modelo.ApiResponse, genericType=class modelo.ApiResponse.
03-Aug-2025 17:01:15.607 SEVERE [http-nio-8080-exec-13] org.glassfish.jersey.server.ServerRuntime$Responder.process Error occurred when processing a response created from an already mapped exception.
03-Aug-2025 17:01:15.607 WARNING [http-nio-8080-exec-13] org.glassfish.jersey.server.ServerRuntime$Responder.process An exception mapping did not successfully produce and processed a response. Logging the exception propagated to the default exception mapper.
	jakarta.ws.rs.InternalServerErrorException: HTTP 500 Internal Server Error
		at org.glassfish.jersey.server.internal.MappableExceptionWrapperInterceptor.aroundWriteTo(MappableExceptionWrapperInterceptor.java:65)
		at org.glassfish.jersey.message.internal.WriterInterceptorExecutor.proceed(WriterInterceptorExecutor.java:139)
		at org.glassfish.jersey.message.internal.MessageBodyFactory.writeTo(MessageBodyFactory.java:1116)
		at org.glassfish.jersey.server.ServerRuntime$Responder.writeResponse(ServerRuntime.java:677)
		at org.glassfish.jersey.server.ServerRuntime$Responder.processResponse(ServerRuntime.java:385)
		at org.glassfish.jersey.server.ServerRuntime$Responder.process(ServerRuntime.java:437)
		at org.glassfish.jersey.server.ServerRuntime$1.run(ServerRuntime.java:269)
		at org.glassfish.jersey.internal.Errors$1.call(Errors.java:248)
		at org.glassfish.jersey.internal.Errors$1.call(Errors.java:244)
		at org.glassfish.jersey.internal.Errors.process(Errors.java:292)
		at org.glassfish.jersey.internal.Errors.process(Errors.java:274)
		at org.glassfish.jersey.internal.Errors.process(Errors.java:244)
		at org.glassfish.jersey.process.internal.RequestScope.runInScope(RequestScope.java:265)
		at org.glassfish.jersey.server.ServerRuntime.process(ServerRuntime.java:240)
		at org.glassfish.jersey.server.ApplicationHandler.handle(ApplicationHandler.java:697)
		at org.glassfish.jersey.servlet.WebComponent.serviceImpl(WebComponent.java:394)
		at org.glassfish.jersey.servlet.WebComponent.service(WebComponent.java:346)
		at org.glassfish.jersey.servlet.ServletContainer.service(ServletContainer.java:357)
		at org.glassfish.jersey.servlet.ServletContainer.service(ServletContainer.java:311)
		at org.glassfish.jersey.servlet.ServletContainer.service(ServletContainer.java:205)
		at org.apache.catalina.core.ApplicationFilterChain.doFilter(ApplicationFilterChain.java:130)
		at org.apache.tomcat.websocket.server.WsFilter.doFilter(WsFilter.java:53)
		at org.apache.catalina.core.ApplicationFilterChain.doFilter(ApplicationFilterChain.java:109)
		at org.apache.catalina.core.StandardWrapperValve.invoke(StandardWrapperValve.java:167)
		at org.apache.catalina.core.StandardContextValve.invoke(StandardContextValve.java:79)
		at org.apache.catalina.authenticator.AuthenticatorBase.invoke(AuthenticatorBase.java:483)
		at org.apache.catalina.core.StandardHostValve.invoke(StandardHostValve.java:116)
		at org.apache.catalina.valves.ErrorReportValve.invoke(ErrorReportValve.java:93)
		at org.apache.catalina.valves.AbstractAccessLogValve.invoke(AbstractAccessLogValve.java:666)
		at org.apache.catalina.core.StandardEngineValve.invoke(StandardEngineValve.java:74)
		at org.apache.catalina.connector.CoyoteAdapter.service(CoyoteAdapter.java:343)
		at org.apache.coyote.http11.Http11Processor.service(Http11Processor.java:396)
		at org.apache.coyote.AbstractProcessorLight.process(AbstractProcessorLight.java:63)
		at org.apache.coyote.AbstractProtocol$ConnectionHandler.process(AbstractProtocol.java:903)
		at org.apache.tomcat.util.net.NioEndpoint$SocketProcessor.doRun(NioEndpoint.java:1773)
		at org.apache.tomcat.util.net.SocketProcessorBase.run(SocketProcessorBase.java:52)
		at org.apache.tomcat.util.threads.ThreadPoolExecutor.runWorker(ThreadPoolExecutor.java:1149)
		at org.apache.tomcat.util.threads.ThreadPoolExecutor$Worker.run(ThreadPoolExecutor.java:637)
		at org.apache.tomcat.util.threads.TaskThread$WrappingRunnable.run(TaskThread.java:59)
		at java.base/java.lang.Thread.run(Thread.java:1570)
	Caused by: org.glassfish.jersey.message.internal.MessageBodyProviderNotFoundException: MessageBodyWriter not found for media type=null, type=class modelo.ApiResponse, genericType=class modelo.ApiResponse.
		at org.glassfish.jersey.message.internal.WriterInterceptorExecutor$TerminalWriterInterceptor.aroundWriteTo(WriterInterceptorExecutor.java:224)
		at org.glassfish.jersey.message.internal.WriterInterceptorExecutor.proceed(WriterInterceptorExecutor.java:139)
		at org.glassfish.jersey.server.internal.JsonWithPaddingInterceptor.aroundWriteTo(JsonWithPaddingInterceptor.java:85)
		at org.glassfish.jersey.message.internal.WriterInterceptorExecutor.proceed(WriterInterceptorExecutor.java:139)
		at org.glassfish.jersey.server.internal.MappableExceptionWrapperInterceptor.aroundWriteTo(MappableExceptionWrapperInterceptor.java:61)
		... 39 more
03-Aug-2025 17:01:15.735 WARNING [http-nio-8080-exec-13] org.glassfish.jersey.server.ServerRuntime$Responder.release Attempt to release request processing resources has failed for a request.
	org.glassfish.jersey.server.ContainerException: java.util.concurrent.ExecutionException: jakarta.ws.rs.InternalServerErrorException: HTTP 500 Internal Server Error
		at org.glassfish.jersey.servlet.internal.ResponseWriter.getResponseContext(ResponseWriter.java:278)
		at org.glassfish.jersey.servlet.internal.ResponseWriter.writeResponseStatusAndHeaders(ResponseWriter.java:128)
		at org.glassfish.jersey.server.ServerRuntime$Responder$1.getOutputStream(ServerRuntime.java:667)
		at org.glassfish.jersey.message.internal.CommittingOutputStream.commitStream(CommittingOutputStream.java:171)
		at org.glassfish.jersey.message.internal.CommittingOutputStream.flushBuffer(CommittingOutputStream.java:276)
		at org.glassfish.jersey.message.internal.CommittingOutputStream.commit(CommittingOutputStream.java:232)
		at org.glassfish.jersey.message.internal.CommittingOutputStream.close(CommittingOutputStream.java:247)
		at org.glassfish.jersey.message.internal.OutboundMessageContext.close(OutboundMessageContext.java:865)
		at org.glassfish.jersey.server.ContainerResponse.close(ContainerResponse.java:403)
		at java.base/java.util.stream.ForEachOps$ForEachOp$OfRef.accept(ForEachOps.java:184)
		at java.base/java.util.stream.ReferencePipeline$2$1.accept(ReferencePipeline.java:194)
		at java.base/java.util.Spliterators$ArraySpliterator.forEachRemaining(Spliterators.java:1024)
		at java.base/java.util.stream.AbstractPipeline.copyInto(AbstractPipeline.java:556)
		at java.base/java.util.stream.AbstractPipeline.wrapAndCopyInto(AbstractPipeline.java:546)
		at java.base/java.util.stream.ForEachOps$ForEachOp.evaluateSequential(ForEachOps.java:151)
		at java.base/java.util.stream.ForEachOps$ForEachOp$OfRef.evaluateSequential(ForEachOps.java:174)
		at java.base/java.util.stream.AbstractPipeline.evaluate(AbstractPipeline.java:265)
		at java.base/java.util.stream.ReferencePipeline.forEach(ReferencePipeline.java:611)
		at org.glassfish.jersey.server.ServerRuntime$Responder.release(ServerRuntime.java:774)
		at org.glassfish.jersey.server.ServerRuntime$Responder.process(ServerRuntime.java:467)
		at org.glassfish.jersey.server.ServerRuntime$1.run(ServerRuntime.java:269)
		at org.glassfish.jersey.internal.Errors$1.call(Errors.java:248)
		at org.glassfish.jersey.internal.Errors$1.call(Errors.java:244)
		at org.glassfish.jersey.internal.Errors.process(Errors.java:292)
		at org.glassfish.jersey.internal.Errors.process(Errors.java:274)
		at org.glassfish.jersey.internal.Errors.process(Errors.java:244)
		at org.glassfish.jersey.process.internal.RequestScope.runInScope(RequestScope.java:265)
		at org.glassfish.jersey.server.ServerRuntime.process(ServerRuntime.java:240)
		at org.glassfish.jersey.server.ApplicationHandler.handle(ApplicationHandler.java:697)
		at org.glassfish.jersey.servlet.WebComponent.serviceImpl(WebComponent.java:394)
		at org.glassfish.jersey.servlet.WebComponent.service(WebComponent.java:346)
		at org.glassfish.jersey.servlet.ServletContainer.service(ServletContainer.java:357)
		at org.glassfish.jersey.servlet.ServletContainer.service(ServletContainer.java:311)
		at org.glassfish.jersey.servlet.ServletContainer.service(ServletContainer.java:205)
		at org.apache.catalina.core.ApplicationFilterChain.doFilter(ApplicationFilterChain.java:130)
		at org.apache.tomcat.websocket.server.WsFilter.doFilter(WsFilter.java:53)
		at org.apache.catalina.core.ApplicationFilterChain.doFilter(ApplicationFilterChain.java:109)
		at org.apache.catalina.core.StandardWrapperValve.invoke(StandardWrapperValve.java:167)
		at org.apache.catalina.core.StandardContextValve.invoke(StandardContextValve.java:79)
		at org.apache.catalina.authenticator.AuthenticatorBase.invoke(AuthenticatorBase.java:483)
		at org.apache.catalina.core.StandardHostValve.invoke(StandardHostValve.java:116)
		at org.apache.catalina.valves.ErrorReportValve.invoke(ErrorReportValve.java:93)
		at org.apache.catalina.valves.AbstractAccessLogValve.invoke(AbstractAccessLogValve.java:666)
		at org.apache.catalina.core.StandardEngineValve.invoke(StandardEngineValve.java:74)
		at org.apache.catalina.connector.CoyoteAdapter.service(CoyoteAdapter.java:343)
		at org.apache.coyote.http11.Http11Processor.service(Http11Processor.java:396)
		at org.apache.coyote.AbstractProcessorLight.process(AbstractProcessorLight.java:63)
		at org.apache.coyote.AbstractProtocol$ConnectionHandler.process(AbstractProtocol.java:903)
		at org.apache.tomcat.util.net.NioEndpoint$SocketProcessor.doRun(NioEndpoint.java:1773)
		at org.apache.tomcat.util.net.SocketProcessorBase.run(SocketProcessorBase.java:52)
		at org.apache.tomcat.util.threads.ThreadPoolExecutor.runWorker(ThreadPoolExecutor.java:1149)
		at org.apache.tomcat.util.threads.ThreadPoolExecutor$Worker.run(ThreadPoolExecutor.java:637)
		at org.apache.tomcat.util.threads.TaskThread$WrappingRunnable.run(TaskThread.java:59)
		at java.base/java.lang.Thread.run(Thread.java:1570)
	Caused by: java.util.concurrent.ExecutionException: jakarta.ws.rs.InternalServerErrorException: HTTP 500 Internal Server Error
		at java.base/java.util.concurrent.CompletableFuture.reportGet(CompletableFuture.java:396)
		at java.base/java.util.concurrent.CompletableFuture.get(CompletableFuture.java:2073)
		at org.glassfish.jersey.servlet.internal.ResponseWriter.getResponseContext(ResponseWriter.java:276)
		... 53 more
	Caused by: jakarta.ws.rs.InternalServerErrorException: HTTP 500 Internal Server Error
		at org.glassfish.jersey.server.internal.MappableExceptionWrapperInterceptor.aroundWriteTo(MappableExceptionWrapperInterceptor.java:65)
		at org.glassfish.jersey.message.internal.WriterInterceptorExecutor.proceed(WriterInterceptorExecutor.java:139)
		at org.glassfish.jersey.message.internal.MessageBodyFactory.writeTo(MessageBodyFactory.java:1116)
		at org.glassfish.jersey.server.ServerRuntime$Responder.writeResponse(ServerRuntime.java:677)
		at org.glassfish.jersey.server.ServerRuntime$Responder.processResponse(ServerRuntime.java:385)
		at org.glassfish.jersey.server.ServerRuntime$Responder.process(ServerRuntime.java:437)
		... 34 more
	Caused by: org.glassfish.jersey.message.internal.MessageBodyProviderNotFoundException: MessageBodyWriter not found for media type=null, type=class modelo.ApiResponse, genericType=class modelo.ApiResponse.
		at org.glassfish.jersey.message.internal.WriterInterceptorExecutor$TerminalWriterInterceptor.aroundWriteTo(WriterInterceptorExecutor.java:224)
		at org.glassfish.jersey.message.internal.WriterInterceptorExecutor.proceed(WriterInterceptorExecutor.java:139)
		at org.glassfish.jersey.server.internal.JsonWithPaddingInterceptor.aroundWriteTo(JsonWithPaddingInterceptor.java:85)
		at org.glassfish.jersey.message.internal.WriterInterceptorExecutor.proceed(WriterInterceptorExecutor.java:139)
		at org.glassfish.jersey.server.internal.MappableExceptionWrapperInterceptor.aroundWriteTo(MappableExceptionWrapperInterceptor.java:61)
		... 39 more
03-Aug-2025 17:01:20.973 SEVERE [http-nio-8080-exec-17] org.glassfish.jersey.message.internal.WriterInterceptorExecutor$TerminalWriterInterceptor.aroundWriteTo MessageBodyWriter not found for media type=null, type=class modelo.ApiResponse, genericType=class modelo.ApiResponse.
03-Aug-2025 17:01:20.974 SEVERE [http-nio-8080-exec-17] org.glassfish.jersey.server.ServerRuntime$Responder.process Error occurred when processing a response created from an already mapped exception.
03-Aug-2025 17:01:20.974 WARNING [http-nio-8080-exec-17] org.glassfish.jersey.server.ServerRuntime$Responder.process An exception mapping did not successfully produce and processed a response. Logging the exception propagated to the default exception mapper.
	jakarta.ws.rs.InternalServerErrorException: HTTP 500 Internal Server Error
		at org.glassfish.jersey.server.internal.MappableExceptionWrapperInterceptor.aroundWriteTo(MappableExceptionWrapperInterceptor.java:65)
		at org.glassfish.jersey.message.internal.WriterInterceptorExecutor.proceed(WriterInterceptorExecutor.java:139)
		at org.glassfish.jersey.message.internal.MessageBodyFactory.writeTo(MessageBodyFactory.java:1116)
		at org.glassfish.jersey.server.ServerRuntime$Responder.writeResponse(ServerRuntime.java:677)
		at org.glassfish.jersey.server.ServerRuntime$Responder.processResponse(ServerRuntime.java:385)
		at org.glassfish.jersey.server.ServerRuntime$Responder.process(ServerRuntime.java:437)
		at org.glassfish.jersey.server.ServerRuntime$1.run(ServerRuntime.java:269)
		at org.glassfish.jersey.internal.Errors$1.call(Errors.java:248)
		at org.glassfish.jersey.internal.Errors$1.call(Errors.java:244)
		at org.glassfish.jersey.internal.Errors.process(Errors.java:292)
		at org.glassfish.jersey.internal.Errors.process(Errors.java:274)
		at org.glassfish.jersey.internal.Errors.process(Errors.java:244)
		at org.glassfish.jersey.process.internal.RequestScope.runInScope(RequestScope.java:265)
		at org.glassfish.jersey.server.ServerRuntime.process(ServerRuntime.java:240)
		at org.glassfish.jersey.server.ApplicationHandler.handle(ApplicationHandler.java:697)
		at org.glassfish.jersey.servlet.WebComponent.serviceImpl(WebComponent.java:394)
		at org.glassfish.jersey.servlet.WebComponent.service(WebComponent.java:346)
		at org.glassfish.jersey.servlet.ServletContainer.service(ServletContainer.java:357)
		at org.glassfish.jersey.servlet.ServletContainer.service(ServletContainer.java:311)
		at org.glassfish.jersey.servlet.ServletContainer.service(ServletContainer.java:205)
		at org.apache.catalina.core.ApplicationFilterChain.doFilter(ApplicationFilterChain.java:130)
		at org.apache.tomcat.websocket.server.WsFilter.doFilter(WsFilter.java:53)
		at org.apache.catalina.core.ApplicationFilterChain.doFilter(ApplicationFilterChain.java:109)
		at org.apache.catalina.core.StandardWrapperValve.invoke(StandardWrapperValve.java:167)
		at org.apache.catalina.core.StandardContextValve.invoke(StandardContextValve.java:79)
		at org.apache.catalina.authenticator.AuthenticatorBase.invoke(AuthenticatorBase.java:483)
		at org.apache.catalina.core.StandardHostValve.invoke(StandardHostValve.java:116)
		at org.apache.catalina.valves.ErrorReportValve.invoke(ErrorReportValve.java:93)
		at org.apache.catalina.valves.AbstractAccessLogValve.invoke(AbstractAccessLogValve.java:666)
		at org.apache.catalina.core.StandardEngineValve.invoke(StandardEngineValve.java:74)
		at org.apache.catalina.connector.CoyoteAdapter.service(CoyoteAdapter.java:343)
		at org.apache.coyote.http11.Http11Processor.service(Http11Processor.java:396)
		at org.apache.coyote.AbstractProcessorLight.process(AbstractProcessorLight.java:63)
		at org.apache.coyote.AbstractProtocol$ConnectionHandler.process(AbstractProtocol.java:903)
		at org.apache.tomcat.util.net.NioEndpoint$SocketProcessor.doRun(NioEndpoint.java:1773)
		at org.apache.tomcat.util.net.SocketProcessorBase.run(SocketProcessorBase.java:52)
		at org.apache.tomcat.util.threads.ThreadPoolExecutor.runWorker(ThreadPoolExecutor.java:1149)
		at org.apache.tomcat.util.threads.ThreadPoolExecutor$Worker.run(ThreadPoolExecutor.java:637)
		at org.apache.tomcat.util.threads.TaskThread$WrappingRunnable.run(TaskThread.java:59)
		at java.base/java.lang.Thread.run(Thread.java:1570)
	Caused by: org.glassfish.jersey.message.internal.MessageBodyProviderNotFoundException: MessageBodyWriter not found for media type=null, type=class modelo.ApiResponse, genericType=class modelo.ApiResponse.
		at org.glassfish.jersey.message.internal.WriterInterceptorExecutor$TerminalWriterInterceptor.aroundWriteTo(WriterInterceptorExecutor.java:224)
		at org.glassfish.jersey.message.internal.WriterInterceptorExecutor.proceed(WriterInterceptorExecutor.java:139)
		at org.glassfish.jersey.server.internal.JsonWithPaddingInterceptor.aroundWriteTo(JsonWithPaddingInterceptor.java:85)
		at org.glassfish.jersey.message.internal.WriterInterceptorExecutor.proceed(WriterInterceptorExecutor.java:139)
		at org.glassfish.jersey.server.internal.MappableExceptionWrapperInterceptor.aroundWriteTo(MappableExceptionWrapperInterceptor.java:61)
		... 39 more
03-Aug-2025 17:01:21.146 WARNING [http-nio-8080-exec-17] org.glassfish.jersey.server.ServerRuntime$Responder.release Attempt to release request processing resources has failed for a request.
	org.glassfish.jersey.server.ContainerException: java.util.concurrent.ExecutionException: jakarta.ws.rs.InternalServerErrorException: HTTP 500 Internal Server Error
		at org.glassfish.jersey.servlet.internal.ResponseWriter.getResponseContext(ResponseWriter.java:278)
		at org.glassfish.jersey.servlet.internal.ResponseWriter.writeResponseStatusAndHeaders(ResponseWriter.java:128)
		at org.glassfish.jersey.server.ServerRuntime$Responder$1.getOutputStream(ServerRuntime.java:667)
		at org.glassfish.jersey.message.internal.CommittingOutputStream.commitStream(CommittingOutputStream.java:171)
		at org.glassfish.jersey.message.internal.CommittingOutputStream.flushBuffer(CommittingOutputStream.java:276)
		at org.glassfish.jersey.message.internal.CommittingOutputStream.commit(CommittingOutputStream.java:232)
		at org.glassfish.jersey.message.internal.CommittingOutputStream.close(CommittingOutputStream.java:247)
		at org.glassfish.jersey.message.internal.OutboundMessageContext.close(OutboundMessageContext.java:865)
		at org.glassfish.jersey.server.ContainerResponse.close(ContainerResponse.java:403)
		at java.base/java.util.stream.ForEachOps$ForEachOp$OfRef.accept(ForEachOps.java:184)
		at java.base/java.util.stream.ReferencePipeline$2$1.accept(ReferencePipeline.java:194)
		at java.base/java.util.Spliterators$ArraySpliterator.forEachRemaining(Spliterators.java:1024)
		at java.base/java.util.stream.AbstractPipeline.copyInto(AbstractPipeline.java:556)
		at java.base/java.util.stream.AbstractPipeline.wrapAndCopyInto(AbstractPipeline.java:546)
		at java.base/java.util.stream.ForEachOps$ForEachOp.evaluateSequential(ForEachOps.java:151)
		at java.base/java.util.stream.ForEachOps$ForEachOp$OfRef.evaluateSequential(ForEachOps.java:174)
		at java.base/java.util.stream.AbstractPipeline.evaluate(AbstractPipeline.java:265)
		at java.base/java.util.stream.ReferencePipeline.forEach(ReferencePipeline.java:611)
		at org.glassfish.jersey.server.ServerRuntime$Responder.release(ServerRuntime.java:774)
		at org.glassfish.jersey.server.ServerRuntime$Responder.process(ServerRuntime.java:467)
		at org.glassfish.jersey.server.ServerRuntime$1.run(ServerRuntime.java:269)
		at org.glassfish.jersey.internal.Errors$1.call(Errors.java:248)
		at org.glassfish.jersey.internal.Errors$1.call(Errors.java:244)
		at org.glassfish.jersey.internal.Errors.process(Errors.java:292)
		at org.glassfish.jersey.internal.Errors.process(Errors.java:274)
		at org.glassfish.jersey.internal.Errors.process(Errors.java:244)
		at org.glassfish.jersey.process.internal.RequestScope.runInScope(RequestScope.java:265)
		at org.glassfish.jersey.server.ServerRuntime.process(ServerRuntime.java:240)
		at org.glassfish.jersey.server.ApplicationHandler.handle(ApplicationHandler.java:697)
		at org.glassfish.jersey.servlet.WebComponent.serviceImpl(WebComponent.java:394)
		at org.glassfish.jersey.servlet.WebComponent.service(WebComponent.java:346)
		at org.glassfish.jersey.servlet.ServletContainer.service(ServletContainer.java:357)
		at org.glassfish.jersey.servlet.ServletContainer.service(ServletContainer.java:311)
		at org.glassfish.jersey.servlet.ServletContainer.service(ServletContainer.java:205)
		at org.apache.catalina.core.ApplicationFilterChain.doFilter(ApplicationFilterChain.java:130)
		at org.apache.tomcat.websocket.server.WsFilter.doFilter(WsFilter.java:53)
		at org.apache.catalina.core.ApplicationFilterChain.doFilter(ApplicationFilterChain.java:109)
		at org.apache.catalina.core.StandardWrapperValve.invoke(StandardWrapperValve.java:167)
		at org.apache.catalina.core.StandardContextValve.invoke(StandardContextValve.java:79)
		at org.apache.catalina.authenticator.AuthenticatorBase.invoke(AuthenticatorBase.java:483)
		at org.apache.catalina.core.StandardHostValve.invoke(StandardHostValve.java:116)
		at org.apache.catalina.valves.ErrorReportValve.invoke(ErrorReportValve.java:93)
		at org.apache.catalina.valves.AbstractAccessLogValve.invoke(AbstractAccessLogValve.java:666)
		at org.apache.catalina.core.StandardEngineValve.invoke(StandardEngineValve.java:74)
		at org.apache.catalina.connector.CoyoteAdapter.service(CoyoteAdapter.java:343)
		at org.apache.coyote.http11.Http11Processor.service(Http11Processor.java:396)
		at org.apache.coyote.AbstractProcessorLight.process(AbstractProcessorLight.java:63)
		at org.apache.coyote.AbstractProtocol$ConnectionHandler.process(AbstractProtocol.java:903)
		at org.apache.tomcat.util.net.NioEndpoint$SocketProcessor.doRun(NioEndpoint.java:1773)
		at org.apache.tomcat.util.net.SocketProcessorBase.run(SocketProcessorBase.java:52)
		at org.apache.tomcat.util.threads.ThreadPoolExecutor.runWorker(ThreadPoolExecutor.java:1149)
		at org.apache.tomcat.util.threads.ThreadPoolExecutor$Worker.run(ThreadPoolExecutor.java:637)
		at org.apache.tomcat.util.threads.TaskThread$WrappingRunnable.run(TaskThread.java:59)
		at java.base/java.lang.Thread.run(Thread.java:1570)
	Caused by: java.util.concurrent.ExecutionException: jakarta.ws.rs.InternalServerErrorException: HTTP 500 Internal Server Error
		at java.base/java.util.concurrent.CompletableFuture.reportGet(CompletableFuture.java:396)
		at java.base/java.util.concurrent.CompletableFuture.get(CompletableFuture.java:2073)
		at org.glassfish.jersey.servlet.internal.ResponseWriter.getResponseContext(ResponseWriter.java:276)
		... 53 more
	Caused by: jakarta.ws.rs.InternalServerErrorException: HTTP 500 Internal Server Error
		at org.glassfish.jersey.server.internal.MappableExceptionWrapperInterceptor.aroundWriteTo(MappableExceptionWrapperInterceptor.java:65)
		at org.glassfish.jersey.message.internal.WriterInterceptorExecutor.proceed(WriterInterceptorExecutor.java:139)
		at org.glassfish.jersey.message.internal.MessageBodyFactory.writeTo(MessageBodyFactory.java:1116)
		at org.glassfish.jersey.server.ServerRuntime$Responder.writeResponse(ServerRuntime.java:677)
		at org.glassfish.jersey.server.ServerRuntime$Responder.processResponse(ServerRuntime.java:385)
		at org.glassfish.jersey.server.ServerRuntime$Responder.process(ServerRuntime.java:437)
		... 34 more
	Caused by: org.glassfish.jersey.message.internal.MessageBodyProviderNotFoundException: MessageBodyWriter not found for media type=null, type=class modelo.ApiResponse, genericType=class modelo.ApiResponse.
		at org.glassfish.jersey.message.internal.WriterInterceptorExecutor$TerminalWriterInterceptor.aroundWriteTo(WriterInterceptorExecutor.java:224)
		at org.glassfish.jersey.message.internal.WriterInterceptorExecutor.proceed(WriterInterceptorExecutor.java:139)
		at org.glassfish.jersey.server.internal.JsonWithPaddingInterceptor.aroundWriteTo(JsonWithPaddingInterceptor.java:85)
		at org.glassfish.jersey.message.internal.WriterInterceptorExecutor.proceed(WriterInterceptorExecutor.java:139)
		at org.glassfish.jersey.server.internal.MappableExceptionWrapperInterceptor.aroundWriteTo(MappableExceptionWrapperInterceptor.java:61)
		... 39 more
03-Aug-2025 17:44:15.862 WARNING [http-nio-8080-exec-14] org.apache.catalina.loader.WebappClassLoaderBase.clearReferencesJdbc La aplicación web [helder] registró el conductor JDBC [com.mysql.cj.jdbc.Driver] pero falló al anular el registro mientras la aplicación web estaba parada. Para prevenir un fallo de memoria, se ha anulado el registro del conductor JDBC por la fuerza.
03-Aug-2025 17:44:15.862 WARNING [http-nio-8080-exec-14] org.apache.catalina.loader.WebappClassLoaderBase.clearReferencesThreads The web application [helder] appears to have started a thread named [mysql-cj-abandoned-connection-cleanup] but has failed to stop it. This is very likely to create a memory leak. Stack trace of thread:
 java.base/jdk.internal.misc.Unsafe.park(Native Method)
 java.base/java.util.concurrent.locks.LockSupport.parkNanos(LockSupport.java:269)
 java.base/java.util.concurrent.locks.AbstractQueuedSynchronizer$ConditionObject.await(AbstractQueuedSynchronizer.java:1847)
 java.base/java.lang.ref.ReferenceQueue.await(ReferenceQueue.java:71)
 java.base/java.lang.ref.ReferenceQueue.remove0(ReferenceQueue.java:143)
 java.base/java.lang.ref.ReferenceQueue.remove(ReferenceQueue.java:218)
 com.mysql.cj.jdbc.AbandonedConnectionCleanupThread.run(AbandonedConnectionCleanupThread.java:91)
 java.base/java.util.concurrent.ThreadPoolExecutor.runWorker(ThreadPoolExecutor.java:1144)
 java.base/java.util.concurrent.ThreadPoolExecutor$Worker.run(ThreadPoolExecutor.java:642)
 java.base/java.lang.Thread.run(Thread.java:1570)
03-Aug-2025 17:44:16.377 INFO [http-nio-8080-exec-14] org.apache.catalina.startup.HostConfig.undeploy Repliegue (undeploy) de la aplicación web que tiene como trayectoria de contexto [/helder]
03-Aug-2025 17:44:16.392 INFO [http-nio-8080-exec-17] org.apache.catalina.startup.HostConfig.deployDescriptor Desplieque del descriptor de configuración [C:\Users\Administrador\Documents\proyecto_final_helder_java-js\apache-tomcat-11.0.8-windows-x64\apache-tomcat-11.0.8\conf\Catalina\localhost\helder.xml]
03-Aug-2025 17:44:16.393 WARNING [http-nio-8080-exec-17] org.apache.catalina.startup.HostConfig.deployDescriptor The path attribute with value [/helder] in deployment descriptor [C:\Users\Administrador\Documents\proyecto_final_helder_java-js\apache-tomcat-11.0.8-windows-x64\apache-tomcat-11.0.8\conf\Catalina\localhost\helder.xml] has been ignored
03-Aug-2025 17:44:16.547 INFO [mysql-cj-abandoned-connection-cleanup] org.apache.catalina.loader.WebappClassLoaderBase.checkStateForResourceLoading Acceso ilegal: esta instancia de aplicación web ya ha sido parada.  Could not load [].  La eventual traza de pila que sigue ha sido motivada por un error lanzado con motivos de depuración así como para intentar terminar el hilo que motivó el acceso ilegal y no tiene impacto funcional.
	java.lang.IllegalStateException: Acceso ilegal: esta instancia de aplicación web ya ha sido parada.  Could not load [].  La eventual traza de pila que sigue ha sido motivada por un error lanzado con motivos de depuración así como para intentar terminar el hilo que motivó el acceso ilegal y no tiene impacto funcional.
		at org.apache.catalina.loader.WebappClassLoaderBase.checkStateForResourceLoading(WebappClassLoaderBase.java:1248)
		at org.apache.catalina.loader.WebappClassLoaderBase.getResource(WebappClassLoaderBase.java:857)
		at com.mysql.cj.jdbc.AbandonedConnectionCleanupThread.checkThreadContextClassLoader(AbandonedConnectionCleanupThread.java:123)
		at com.mysql.cj.jdbc.AbandonedConnectionCleanupThread.run(AbandonedConnectionCleanupThread.java:90)
		at java.base/java.util.concurrent.ThreadPoolExecutor.runWorker(ThreadPoolExecutor.java:1144)
		at java.base/java.util.concurrent.ThreadPoolExecutor$Worker.run(ThreadPoolExecutor.java:642)
		at java.base/java.lang.Thread.run(Thread.java:1570)
03-Aug-2025 17:44:17.335 INFO [http-nio-8080-exec-17] org.apache.jasper.servlet.TldScanner.scanJars Al menos un JAR, que se ha explorado buscando TLDs, aún no contenía TLDs. Activar historial de depuración para este historiador para una completa lista de los JARs que fueron explorados y de los que nos se halló TLDs. Saltarse JARs no necesarios durante la exploración puede dar lugar a una mejora de tiempo significativa en el arranque y compilación de JSP .
03-Aug-2025 17:44:17.638 WARNING [http-nio-8080-exec-17] org.glassfish.jersey.server.internal.scanning.AnnotationAcceptingListener$ClassReaderWrapper.accept Unsupported class file major version 66
03-Aug-2025 17:44:17.640 WARNING [http-nio-8080-exec-17] org.glassfish.jersey.server.internal.scanning.AnnotationAcceptingListener$ClassReaderWrapper.accept Unsupported class file major version 66
03-Aug-2025 17:44:17.641 WARNING [http-nio-8080-exec-17] org.glassfish.jersey.server.internal.scanning.AnnotationAcceptingListener$ClassReaderWrapper.accept Unsupported class file major version 66
03-Aug-2025 17:44:17.641 WARNING [http-nio-8080-exec-17] org.glassfish.jersey.server.internal.scanning.AnnotationAcceptingListener$ClassReaderWrapper.accept Unsupported class file major version 66
03-Aug-2025 17:44:17.641 WARNING [http-nio-8080-exec-17] org.glassfish.jersey.server.internal.scanning.AnnotationAcceptingListener$ClassReaderWrapper.accept Unsupported class file major version 66
03-Aug-2025 17:44:17.642 WARNING [http-nio-8080-exec-17] org.glassfish.jersey.server.internal.scanning.AnnotationAcceptingListener$ClassReaderWrapper.accept Unsupported class file major version 66
03-Aug-2025 17:44:17.643 WARNING [http-nio-8080-exec-17] org.glassfish.jersey.server.internal.scanning.AnnotationAcceptingListener$ClassReaderWrapper.accept Unsupported class file major version 66
03-Aug-2025 17:44:17.643 WARNING [http-nio-8080-exec-17] org.glassfish.jersey.server.internal.scanning.AnnotationAcceptingListener$ClassReaderWrapper.accept Unsupported class file major version 66
03-Aug-2025 17:44:17.643 WARNING [http-nio-8080-exec-17] org.glassfish.jersey.server.internal.scanning.AnnotationAcceptingListener$ClassReaderWrapper.accept Unsupported class file major version 66
03-Aug-2025 17:44:17.644 WARNING [http-nio-8080-exec-17] org.glassfish.jersey.server.internal.scanning.AnnotationAcceptingListener$ClassReaderWrapper.accept Unsupported class file major version 66
03-Aug-2025 17:44:17.644 WARNING [http-nio-8080-exec-17] org.glassfish.jersey.server.internal.scanning.AnnotationAcceptingListener$ClassReaderWrapper.accept Unsupported class file major version 66
03-Aug-2025 17:44:17.645 WARNING [http-nio-8080-exec-17] org.glassfish.jersey.server.internal.scanning.AnnotationAcceptingListener$ClassReaderWrapper.accept Unsupported class file major version 66
03-Aug-2025 17:44:17.645 WARNING [http-nio-8080-exec-17] org.glassfish.jersey.server.internal.scanning.AnnotationAcceptingListener$ClassReaderWrapper.accept Unsupported class file major version 66
03-Aug-2025 17:44:17.646 WARNING [http-nio-8080-exec-17] org.glassfish.jersey.server.internal.scanning.AnnotationAcceptingListener$ClassReaderWrapper.accept Unsupported class file major version 66
03-Aug-2025 17:44:17.646 WARNING [http-nio-8080-exec-17] org.glassfish.jersey.server.internal.scanning.AnnotationAcceptingListener$ClassReaderWrapper.accept Unsupported class file major version 66
03-Aug-2025 17:44:17.646 WARNING [http-nio-8080-exec-17] org.glassfish.jersey.server.internal.scanning.AnnotationAcceptingListener$ClassReaderWrapper.accept Unsupported class file major version 66
03-Aug-2025 17:44:17.647 WARNING [http-nio-8080-exec-17] org.glassfish.jersey.server.internal.scanning.AnnotationAcceptingListener$ClassReaderWrapper.accept Unsupported class file major version 66
03-Aug-2025 17:44:17.647 WARNING [http-nio-8080-exec-17] org.glassfish.jersey.server.internal.scanning.AnnotationAcceptingListener$ClassReaderWrapper.accept Unsupported class file major version 66
03-Aug-2025 17:44:17.647 WARNING [http-nio-8080-exec-17] org.glassfish.jersey.server.internal.scanning.AnnotationAcceptingListener$ClassReaderWrapper.accept Unsupported class file major version 66
03-Aug-2025 17:44:17.648 WARNING [http-nio-8080-exec-17] org.glassfish.jersey.server.internal.scanning.AnnotationAcceptingListener$ClassReaderWrapper.accept Unsupported class file major version 66
03-Aug-2025 17:44:17.648 WARNING [http-nio-8080-exec-17] org.glassfish.jersey.server.internal.scanning.AnnotationAcceptingListener$ClassReaderWrapper.accept Unsupported class file major version 66
03-Aug-2025 17:44:17.648 WARNING [http-nio-8080-exec-17] org.glassfish.jersey.server.internal.scanning.AnnotationAcceptingListener$ClassReaderWrapper.accept Unsupported class file major version 66
03-Aug-2025 17:44:17.649 WARNING [http-nio-8080-exec-17] org.glassfish.jersey.server.internal.scanning.AnnotationAcceptingListener$ClassReaderWrapper.accept Unsupported class file major version 66
03-Aug-2025 17:44:17.649 WARNING [http-nio-8080-exec-17] org.glassfish.jersey.server.internal.scanning.AnnotationAcceptingListener$ClassReaderWrapper.accept Unsupported class file major version 66
03-Aug-2025 17:44:17.738 WARNING [http-nio-8080-exec-17] org.glassfish.jersey.server.wadl.WadlFeature.configure JAXBContext implementation could not be found. WADL feature is disabled.
03-Aug-2025 17:44:18.031 INFO [http-nio-8080-exec-17] org.apache.catalina.startup.HostConfig.deployDescriptor Deployment of deployment descriptor [C:\Users\Administrador\Documents\proyecto_final_helder_java-js\apache-tomcat-11.0.8-windows-x64\apache-tomcat-11.0.8\conf\Catalina\localhost\helder.xml] has finished in [1.639] ms
03-Aug-2025 17:44:18.034 INFO [http-nio-8080-exec-18] org.apache.catalina.util.LifecycleBase.start The start() method was called on component [StandardEngine[Catalina].StandardHost[localhost].StandardContext[/helder]] after start() had already been called. The second call will be ignored.
03-Aug-2025 17:45:24.893 SEVERE [http-nio-8080-exec-22] org.glassfish.jersey.message.internal.WriterInterceptorExecutor$TerminalWriterInterceptor.aroundWriteTo MessageBodyWriter not found for media type=null, type=class modelo.ApiResponse, genericType=class modelo.ApiResponse.
03-Aug-2025 17:45:24.893 SEVERE [http-nio-8080-exec-22] org.glassfish.jersey.server.ServerRuntime$Responder.process Error occurred when processing a response created from an already mapped exception.
03-Aug-2025 17:45:24.893 WARNING [http-nio-8080-exec-22] org.glassfish.jersey.server.ServerRuntime$Responder.process An exception mapping did not successfully produce and processed a response. Logging the exception propagated to the default exception mapper.
	jakarta.ws.rs.InternalServerErrorException: HTTP 500 Internal Server Error
		at org.glassfish.jersey.server.internal.MappableExceptionWrapperInterceptor.aroundWriteTo(MappableExceptionWrapperInterceptor.java:65)
		at org.glassfish.jersey.message.internal.WriterInterceptorExecutor.proceed(WriterInterceptorExecutor.java:139)
		at org.glassfish.jersey.message.internal.MessageBodyFactory.writeTo(MessageBodyFactory.java:1116)
		at org.glassfish.jersey.server.ServerRuntime$Responder.writeResponse(ServerRuntime.java:677)
		at org.glassfish.jersey.server.ServerRuntime$Responder.processResponse(ServerRuntime.java:385)
		at org.glassfish.jersey.server.ServerRuntime$Responder.process(ServerRuntime.java:437)
		at org.glassfish.jersey.server.ServerRuntime$1.run(ServerRuntime.java:269)
		at org.glassfish.jersey.internal.Errors$1.call(Errors.java:248)
		at org.glassfish.jersey.internal.Errors$1.call(Errors.java:244)
		at org.glassfish.jersey.internal.Errors.process(Errors.java:292)
		at org.glassfish.jersey.internal.Errors.process(Errors.java:274)
		at org.glassfish.jersey.internal.Errors.process(Errors.java:244)
		at org.glassfish.jersey.process.internal.RequestScope.runInScope(RequestScope.java:265)
		at org.glassfish.jersey.server.ServerRuntime.process(ServerRuntime.java:240)
		at org.glassfish.jersey.server.ApplicationHandler.handle(ApplicationHandler.java:697)
		at org.glassfish.jersey.servlet.WebComponent.serviceImpl(WebComponent.java:394)
		at org.glassfish.jersey.servlet.WebComponent.service(WebComponent.java:346)
		at org.glassfish.jersey.servlet.ServletContainer.service(ServletContainer.java:357)
		at org.glassfish.jersey.servlet.ServletContainer.service(ServletContainer.java:311)
		at org.glassfish.jersey.servlet.ServletContainer.service(ServletContainer.java:205)
		at org.apache.catalina.core.ApplicationFilterChain.doFilter(ApplicationFilterChain.java:130)
		at org.apache.tomcat.websocket.server.WsFilter.doFilter(WsFilter.java:53)
		at org.apache.catalina.core.ApplicationFilterChain.doFilter(ApplicationFilterChain.java:109)
		at org.apache.catalina.core.StandardWrapperValve.invoke(StandardWrapperValve.java:167)
		at org.apache.catalina.core.StandardContextValve.invoke(StandardContextValve.java:79)
		at org.apache.catalina.authenticator.AuthenticatorBase.invoke(AuthenticatorBase.java:483)
		at org.apache.catalina.core.StandardHostValve.invoke(StandardHostValve.java:116)
		at org.apache.catalina.valves.ErrorReportValve.invoke(ErrorReportValve.java:93)
		at org.apache.catalina.valves.AbstractAccessLogValve.invoke(AbstractAccessLogValve.java:666)
		at org.apache.catalina.core.StandardEngineValve.invoke(StandardEngineValve.java:74)
		at org.apache.catalina.connector.CoyoteAdapter.service(CoyoteAdapter.java:343)
		at org.apache.coyote.http11.Http11Processor.service(Http11Processor.java:396)
		at org.apache.coyote.AbstractProcessorLight.process(AbstractProcessorLight.java:63)
		at org.apache.coyote.AbstractProtocol$ConnectionHandler.process(AbstractProtocol.java:903)
		at org.apache.tomcat.util.net.NioEndpoint$SocketProcessor.doRun(NioEndpoint.java:1773)
		at org.apache.tomcat.util.net.SocketProcessorBase.run(SocketProcessorBase.java:52)
		at org.apache.tomcat.util.threads.ThreadPoolExecutor.runWorker(ThreadPoolExecutor.java:1149)
		at org.apache.tomcat.util.threads.ThreadPoolExecutor$Worker.run(ThreadPoolExecutor.java:637)
		at org.apache.tomcat.util.threads.TaskThread$WrappingRunnable.run(TaskThread.java:59)
		at java.base/java.lang.Thread.run(Thread.java:1570)
	Caused by: org.glassfish.jersey.message.internal.MessageBodyProviderNotFoundException: MessageBodyWriter not found for media type=null, type=class modelo.ApiResponse, genericType=class modelo.ApiResponse.
		at org.glassfish.jersey.message.internal.WriterInterceptorExecutor$TerminalWriterInterceptor.aroundWriteTo(WriterInterceptorExecutor.java:224)
		at org.glassfish.jersey.message.internal.WriterInterceptorExecutor.proceed(WriterInterceptorExecutor.java:139)
		at org.glassfish.jersey.server.internal.JsonWithPaddingInterceptor.aroundWriteTo(JsonWithPaddingInterceptor.java:85)
		at org.glassfish.jersey.message.internal.WriterInterceptorExecutor.proceed(WriterInterceptorExecutor.java:139)
		at org.glassfish.jersey.server.internal.MappableExceptionWrapperInterceptor.aroundWriteTo(MappableExceptionWrapperInterceptor.java:61)
		... 39 more
03-Aug-2025 17:45:24.932 WARNING [http-nio-8080-exec-22] org.glassfish.jersey.server.ServerRuntime$Responder.release Attempt to release request processing resources has failed for a request.
	org.glassfish.jersey.server.ContainerException: java.util.concurrent.ExecutionException: jakarta.ws.rs.InternalServerErrorException: HTTP 500 Internal Server Error
		at org.glassfish.jersey.servlet.internal.ResponseWriter.getResponseContext(ResponseWriter.java:278)
		at org.glassfish.jersey.servlet.internal.ResponseWriter.writeResponseStatusAndHeaders(ResponseWriter.java:128)
		at org.glassfish.jersey.server.ServerRuntime$Responder$1.getOutputStream(ServerRuntime.java:667)
		at org.glassfish.jersey.message.internal.CommittingOutputStream.commitStream(CommittingOutputStream.java:171)
		at org.glassfish.jersey.message.internal.CommittingOutputStream.flushBuffer(CommittingOutputStream.java:276)
		at org.glassfish.jersey.message.internal.CommittingOutputStream.commit(CommittingOutputStream.java:232)
		at org.glassfish.jersey.message.internal.CommittingOutputStream.close(CommittingOutputStream.java:247)
		at org.glassfish.jersey.message.internal.OutboundMessageContext.close(OutboundMessageContext.java:865)
		at org.glassfish.jersey.server.ContainerResponse.close(ContainerResponse.java:403)
		at java.base/java.util.stream.ForEachOps$ForEachOp$OfRef.accept(ForEachOps.java:184)
		at java.base/java.util.stream.ReferencePipeline$2$1.accept(ReferencePipeline.java:194)
		at java.base/java.util.Spliterators$ArraySpliterator.forEachRemaining(Spliterators.java:1024)
		at java.base/java.util.stream.AbstractPipeline.copyInto(AbstractPipeline.java:556)
		at java.base/java.util.stream.AbstractPipeline.wrapAndCopyInto(AbstractPipeline.java:546)
		at java.base/java.util.stream.ForEachOps$ForEachOp.evaluateSequential(ForEachOps.java:151)
		at java.base/java.util.stream.ForEachOps$ForEachOp$OfRef.evaluateSequential(ForEachOps.java:174)
		at java.base/java.util.stream.AbstractPipeline.evaluate(AbstractPipeline.java:265)
		at java.base/java.util.stream.ReferencePipeline.forEach(ReferencePipeline.java:611)
		at org.glassfish.jersey.server.ServerRuntime$Responder.release(ServerRuntime.java:774)
		at org.glassfish.jersey.server.ServerRuntime$Responder.process(ServerRuntime.java:467)
		at org.glassfish.jersey.server.ServerRuntime$1.run(ServerRuntime.java:269)
		at org.glassfish.jersey.internal.Errors$1.call(Errors.java:248)
		at org.glassfish.jersey.internal.Errors$1.call(Errors.java:244)
		at org.glassfish.jersey.internal.Errors.process(Errors.java:292)
		at org.glassfish.jersey.internal.Errors.process(Errors.java:274)
		at org.glassfish.jersey.internal.Errors.process(Errors.java:244)
		at org.glassfish.jersey.process.internal.RequestScope.runInScope(RequestScope.java:265)
		at org.glassfish.jersey.server.ServerRuntime.process(ServerRuntime.java:240)
		at org.glassfish.jersey.server.ApplicationHandler.handle(ApplicationHandler.java:697)
		at org.glassfish.jersey.servlet.WebComponent.serviceImpl(WebComponent.java:394)
		at org.glassfish.jersey.servlet.WebComponent.service(WebComponent.java:346)
		at org.glassfish.jersey.servlet.ServletContainer.service(ServletContainer.java:357)
		at org.glassfish.jersey.servlet.ServletContainer.service(ServletContainer.java:311)
		at org.glassfish.jersey.servlet.ServletContainer.service(ServletContainer.java:205)
		at org.apache.catalina.core.ApplicationFilterChain.doFilter(ApplicationFilterChain.java:130)
		at org.apache.tomcat.websocket.server.WsFilter.doFilter(WsFilter.java:53)
		at org.apache.catalina.core.ApplicationFilterChain.doFilter(ApplicationFilterChain.java:109)
		at org.apache.catalina.core.StandardWrapperValve.invoke(StandardWrapperValve.java:167)
		at org.apache.catalina.core.StandardContextValve.invoke(StandardContextValve.java:79)
		at org.apache.catalina.authenticator.AuthenticatorBase.invoke(AuthenticatorBase.java:483)
		at org.apache.catalina.core.StandardHostValve.invoke(StandardHostValve.java:116)
		at org.apache.catalina.valves.ErrorReportValve.invoke(ErrorReportValve.java:93)
		at org.apache.catalina.valves.AbstractAccessLogValve.invoke(AbstractAccessLogValve.java:666)
		at org.apache.catalina.core.StandardEngineValve.invoke(StandardEngineValve.java:74)
		at org.apache.catalina.connector.CoyoteAdapter.service(CoyoteAdapter.java:343)
		at org.apache.coyote.http11.Http11Processor.service(Http11Processor.java:396)
		at org.apache.coyote.AbstractProcessorLight.process(AbstractProcessorLight.java:63)
		at org.apache.coyote.AbstractProtocol$ConnectionHandler.process(AbstractProtocol.java:903)
		at org.apache.tomcat.util.net.NioEndpoint$SocketProcessor.doRun(NioEndpoint.java:1773)
		at org.apache.tomcat.util.net.SocketProcessorBase.run(SocketProcessorBase.java:52)
		at org.apache.tomcat.util.threads.ThreadPoolExecutor.runWorker(ThreadPoolExecutor.java:1149)
		at org.apache.tomcat.util.threads.ThreadPoolExecutor$Worker.run(ThreadPoolExecutor.java:637)
		at org.apache.tomcat.util.threads.TaskThread$WrappingRunnable.run(TaskThread.java:59)
		at java.base/java.lang.Thread.run(Thread.java:1570)
	Caused by: java.util.concurrent.ExecutionException: jakarta.ws.rs.InternalServerErrorException: HTTP 500 Internal Server Error
		at java.base/java.util.concurrent.CompletableFuture.reportGet(CompletableFuture.java:396)
		at java.base/java.util.concurrent.CompletableFuture.get(CompletableFuture.java:2073)
		at org.glassfish.jersey.servlet.internal.ResponseWriter.getResponseContext(ResponseWriter.java:276)
		... 53 more
	Caused by: jakarta.ws.rs.InternalServerErrorException: HTTP 500 Internal Server Error
		at org.glassfish.jersey.server.internal.MappableExceptionWrapperInterceptor.aroundWriteTo(MappableExceptionWrapperInterceptor.java:65)
		at org.glassfish.jersey.message.internal.WriterInterceptorExecutor.proceed(WriterInterceptorExecutor.java:139)
		at org.glassfish.jersey.message.internal.MessageBodyFactory.writeTo(MessageBodyFactory.java:1116)
		at org.glassfish.jersey.server.ServerRuntime$Responder.writeResponse(ServerRuntime.java:677)
		at org.glassfish.jersey.server.ServerRuntime$Responder.processResponse(ServerRuntime.java:385)
		at org.glassfish.jersey.server.ServerRuntime$Responder.process(ServerRuntime.java:437)
		... 34 more
	Caused by: org.glassfish.jersey.message.internal.MessageBodyProviderNotFoundException: MessageBodyWriter not found for media type=null, type=class modelo.ApiResponse, genericType=class modelo.ApiResponse.
		at org.glassfish.jersey.message.internal.WriterInterceptorExecutor$TerminalWriterInterceptor.aroundWriteTo(WriterInterceptorExecutor.java:224)
		at org.glassfish.jersey.message.internal.WriterInterceptorExecutor.proceed(WriterInterceptorExecutor.java:139)
		at org.glassfish.jersey.server.internal.JsonWithPaddingInterceptor.aroundWriteTo(JsonWithPaddingInterceptor.java:85)
		at org.glassfish.jersey.message.internal.WriterInterceptorExecutor.proceed(WriterInterceptorExecutor.java:139)
		at org.glassfish.jersey.server.internal.MappableExceptionWrapperInterceptor.aroundWriteTo(MappableExceptionWrapperInterceptor.java:61)
		... 39 more
03-Aug-2025 17:45:39.332 SEVERE [http-nio-8080-exec-24] org.glassfish.jersey.message.internal.WriterInterceptorExecutor$TerminalWriterInterceptor.aroundWriteTo MessageBodyWriter not found for media type=null, type=class modelo.ApiResponse, genericType=class modelo.ApiResponse.
03-Aug-2025 17:45:39.332 SEVERE [http-nio-8080-exec-24] org.glassfish.jersey.server.ServerRuntime$Responder.process Error occurred when processing a response created from an already mapped exception.
03-Aug-2025 17:45:39.332 WARNING [http-nio-8080-exec-24] org.glassfish.jersey.server.ServerRuntime$Responder.process An exception mapping did not successfully produce and processed a response. Logging the exception propagated to the default exception mapper.
	jakarta.ws.rs.InternalServerErrorException: HTTP 500 Internal Server Error
		at org.glassfish.jersey.server.internal.MappableExceptionWrapperInterceptor.aroundWriteTo(MappableExceptionWrapperInterceptor.java:65)
		at org.glassfish.jersey.message.internal.WriterInterceptorExecutor.proceed(WriterInterceptorExecutor.java:139)
		at org.glassfish.jersey.message.internal.MessageBodyFactory.writeTo(MessageBodyFactory.java:1116)
		at org.glassfish.jersey.server.ServerRuntime$Responder.writeResponse(ServerRuntime.java:677)
		at org.glassfish.jersey.server.ServerRuntime$Responder.processResponse(ServerRuntime.java:385)
		at org.glassfish.jersey.server.ServerRuntime$Responder.process(ServerRuntime.java:437)
		at org.glassfish.jersey.server.ServerRuntime$1.run(ServerRuntime.java:269)
		at org.glassfish.jersey.internal.Errors$1.call(Errors.java:248)
		at org.glassfish.jersey.internal.Errors$1.call(Errors.java:244)
		at org.glassfish.jersey.internal.Errors.process(Errors.java:292)
		at org.glassfish.jersey.internal.Errors.process(Errors.java:274)
		at org.glassfish.jersey.internal.Errors.process(Errors.java:244)
		at org.glassfish.jersey.process.internal.RequestScope.runInScope(RequestScope.java:265)
		at org.glassfish.jersey.server.ServerRuntime.process(ServerRuntime.java:240)
		at org.glassfish.jersey.server.ApplicationHandler.handle(ApplicationHandler.java:697)
		at org.glassfish.jersey.servlet.WebComponent.serviceImpl(WebComponent.java:394)
		at org.glassfish.jersey.servlet.WebComponent.service(WebComponent.java:346)
		at org.glassfish.jersey.servlet.ServletContainer.service(ServletContainer.java:357)
		at org.glassfish.jersey.servlet.ServletContainer.service(ServletContainer.java:311)
		at org.glassfish.jersey.servlet.ServletContainer.service(ServletContainer.java:205)
		at org.apache.catalina.core.ApplicationFilterChain.doFilter(ApplicationFilterChain.java:130)
		at org.apache.tomcat.websocket.server.WsFilter.doFilter(WsFilter.java:53)
		at org.apache.catalina.core.ApplicationFilterChain.doFilter(ApplicationFilterChain.java:109)
		at org.apache.catalina.core.StandardWrapperValve.invoke(StandardWrapperValve.java:167)
		at org.apache.catalina.core.StandardContextValve.invoke(StandardContextValve.java:79)
		at org.apache.catalina.authenticator.AuthenticatorBase.invoke(AuthenticatorBase.java:483)
		at org.apache.catalina.core.StandardHostValve.invoke(StandardHostValve.java:116)
		at org.apache.catalina.valves.ErrorReportValve.invoke(ErrorReportValve.java:93)
		at org.apache.catalina.valves.AbstractAccessLogValve.invoke(AbstractAccessLogValve.java:666)
		at org.apache.catalina.core.StandardEngineValve.invoke(StandardEngineValve.java:74)
		at org.apache.catalina.connector.CoyoteAdapter.service(CoyoteAdapter.java:343)
		at org.apache.coyote.http11.Http11Processor.service(Http11Processor.java:396)
		at org.apache.coyote.AbstractProcessorLight.process(AbstractProcessorLight.java:63)
		at org.apache.coyote.AbstractProtocol$ConnectionHandler.process(AbstractProtocol.java:903)
		at org.apache.tomcat.util.net.NioEndpoint$SocketProcessor.doRun(NioEndpoint.java:1773)
		at org.apache.tomcat.util.net.SocketProcessorBase.run(SocketProcessorBase.java:52)
		at org.apache.tomcat.util.threads.ThreadPoolExecutor.runWorker(ThreadPoolExecutor.java:1149)
		at org.apache.tomcat.util.threads.ThreadPoolExecutor$Worker.run(ThreadPoolExecutor.java:637)
		at org.apache.tomcat.util.threads.TaskThread$WrappingRunnable.run(TaskThread.java:59)
		at java.base/java.lang.Thread.run(Thread.java:1570)
	Caused by: org.glassfish.jersey.message.internal.MessageBodyProviderNotFoundException: MessageBodyWriter not found for media type=null, type=class modelo.ApiResponse, genericType=class modelo.ApiResponse.
		at org.glassfish.jersey.message.internal.WriterInterceptorExecutor$TerminalWriterInterceptor.aroundWriteTo(WriterInterceptorExecutor.java:224)
		at org.glassfish.jersey.message.internal.WriterInterceptorExecutor.proceed(WriterInterceptorExecutor.java:139)
		at org.glassfish.jersey.server.internal.JsonWithPaddingInterceptor.aroundWriteTo(JsonWithPaddingInterceptor.java:85)
		at org.glassfish.jersey.message.internal.WriterInterceptorExecutor.proceed(WriterInterceptorExecutor.java:139)
		at org.glassfish.jersey.server.internal.MappableExceptionWrapperInterceptor.aroundWriteTo(MappableExceptionWrapperInterceptor.java:61)
		... 39 more
03-Aug-2025 17:45:39.414 WARNING [http-nio-8080-exec-24] org.glassfish.jersey.server.ServerRuntime$Responder.release Attempt to release request processing resources has failed for a request.
	org.glassfish.jersey.server.ContainerException: java.util.concurrent.ExecutionException: jakarta.ws.rs.InternalServerErrorException: HTTP 500 Internal Server Error
		at org.glassfish.jersey.servlet.internal.ResponseWriter.getResponseContext(ResponseWriter.java:278)
		at org.glassfish.jersey.servlet.internal.ResponseWriter.writeResponseStatusAndHeaders(ResponseWriter.java:128)
		at org.glassfish.jersey.server.ServerRuntime$Responder$1.getOutputStream(ServerRuntime.java:667)
		at org.glassfish.jersey.message.internal.CommittingOutputStream.commitStream(CommittingOutputStream.java:171)
		at org.glassfish.jersey.message.internal.CommittingOutputStream.flushBuffer(CommittingOutputStream.java:276)
		at org.glassfish.jersey.message.internal.CommittingOutputStream.commit(CommittingOutputStream.java:232)
		at org.glassfish.jersey.message.internal.CommittingOutputStream.close(CommittingOutputStream.java:247)
		at org.glassfish.jersey.message.internal.OutboundMessageContext.close(OutboundMessageContext.java:865)
		at org.glassfish.jersey.server.ContainerResponse.close(ContainerResponse.java:403)
		at java.base/java.util.stream.ForEachOps$ForEachOp$OfRef.accept(ForEachOps.java:184)
		at java.base/java.util.stream.ReferencePipeline$2$1.accept(ReferencePipeline.java:194)
		at java.base/java.util.Spliterators$ArraySpliterator.forEachRemaining(Spliterators.java:1024)
		at java.base/java.util.stream.AbstractPipeline.copyInto(AbstractPipeline.java:556)
		at java.base/java.util.stream.AbstractPipeline.wrapAndCopyInto(AbstractPipeline.java:546)
		at java.base/java.util.stream.ForEachOps$ForEachOp.evaluateSequential(ForEachOps.java:151)
		at java.base/java.util.stream.ForEachOps$ForEachOp$OfRef.evaluateSequential(ForEachOps.java:174)
		at java.base/java.util.stream.AbstractPipeline.evaluate(AbstractPipeline.java:265)
		at java.base/java.util.stream.ReferencePipeline.forEach(ReferencePipeline.java:611)
		at org.glassfish.jersey.server.ServerRuntime$Responder.release(ServerRuntime.java:774)
		at org.glassfish.jersey.server.ServerRuntime$Responder.process(ServerRuntime.java:467)
		at org.glassfish.jersey.server.ServerRuntime$1.run(ServerRuntime.java:269)
		at org.glassfish.jersey.internal.Errors$1.call(Errors.java:248)
		at org.glassfish.jersey.internal.Errors$1.call(Errors.java:244)
		at org.glassfish.jersey.internal.Errors.process(Errors.java:292)
		at org.glassfish.jersey.internal.Errors.process(Errors.java:274)
		at org.glassfish.jersey.internal.Errors.process(Errors.java:244)
		at org.glassfish.jersey.process.internal.RequestScope.runInScope(RequestScope.java:265)
		at org.glassfish.jersey.server.ServerRuntime.process(ServerRuntime.java:240)
		at org.glassfish.jersey.server.ApplicationHandler.handle(ApplicationHandler.java:697)
		at org.glassfish.jersey.servlet.WebComponent.serviceImpl(WebComponent.java:394)
		at org.glassfish.jersey.servlet.WebComponent.service(WebComponent.java:346)
		at org.glassfish.jersey.servlet.ServletContainer.service(ServletContainer.java:357)
		at org.glassfish.jersey.servlet.ServletContainer.service(ServletContainer.java:311)
		at org.glassfish.jersey.servlet.ServletContainer.service(ServletContainer.java:205)
		at org.apache.catalina.core.ApplicationFilterChain.doFilter(ApplicationFilterChain.java:130)
		at org.apache.tomcat.websocket.server.WsFilter.doFilter(WsFilter.java:53)
		at org.apache.catalina.core.ApplicationFilterChain.doFilter(ApplicationFilterChain.java:109)
		at org.apache.catalina.core.StandardWrapperValve.invoke(StandardWrapperValve.java:167)
		at org.apache.catalina.core.StandardContextValve.invoke(StandardContextValve.java:79)
		at org.apache.catalina.authenticator.AuthenticatorBase.invoke(AuthenticatorBase.java:483)
		at org.apache.catalina.core.StandardHostValve.invoke(StandardHostValve.java:116)
		at org.apache.catalina.valves.ErrorReportValve.invoke(ErrorReportValve.java:93)
		at org.apache.catalina.valves.AbstractAccessLogValve.invoke(AbstractAccessLogValve.java:666)
		at org.apache.catalina.core.StandardEngineValve.invoke(StandardEngineValve.java:74)
		at org.apache.catalina.connector.CoyoteAdapter.service(CoyoteAdapter.java:343)
		at org.apache.coyote.http11.Http11Processor.service(Http11Processor.java:396)
		at org.apache.coyote.AbstractProcessorLight.process(AbstractProcessorLight.java:63)
		at org.apache.coyote.AbstractProtocol$ConnectionHandler.process(AbstractProtocol.java:903)
		at org.apache.tomcat.util.net.NioEndpoint$SocketProcessor.doRun(NioEndpoint.java:1773)
		at org.apache.tomcat.util.net.SocketProcessorBase.run(SocketProcessorBase.java:52)
		at org.apache.tomcat.util.threads.ThreadPoolExecutor.runWorker(ThreadPoolExecutor.java:1149)
		at org.apache.tomcat.util.threads.ThreadPoolExecutor$Worker.run(ThreadPoolExecutor.java:637)
		at org.apache.tomcat.util.threads.TaskThread$WrappingRunnable.run(TaskThread.java:59)
		at java.base/java.lang.Thread.run(Thread.java:1570)
	Caused by: java.util.concurrent.ExecutionException: jakarta.ws.rs.InternalServerErrorException: HTTP 500 Internal Server Error
		at java.base/java.util.concurrent.CompletableFuture.reportGet(CompletableFuture.java:396)
		at java.base/java.util.concurrent.CompletableFuture.get(CompletableFuture.java:2073)
		at org.glassfish.jersey.servlet.internal.ResponseWriter.getResponseContext(ResponseWriter.java:276)
		... 53 more
	Caused by: jakarta.ws.rs.InternalServerErrorException: HTTP 500 Internal Server Error
		at org.glassfish.jersey.server.internal.MappableExceptionWrapperInterceptor.aroundWriteTo(MappableExceptionWrapperInterceptor.java:65)
		at org.glassfish.jersey.message.internal.WriterInterceptorExecutor.proceed(WriterInterceptorExecutor.java:139)
		at org.glassfish.jersey.message.internal.MessageBodyFactory.writeTo(MessageBodyFactory.java:1116)
		at org.glassfish.jersey.server.ServerRuntime$Responder.writeResponse(ServerRuntime.java:677)
		at org.glassfish.jersey.server.ServerRuntime$Responder.processResponse(ServerRuntime.java:385)
		at org.glassfish.jersey.server.ServerRuntime$Responder.process(ServerRuntime.java:437)
		... 34 more
	Caused by: org.glassfish.jersey.message.internal.MessageBodyProviderNotFoundException: MessageBodyWriter not found for media type=null, type=class modelo.ApiResponse, genericType=class modelo.ApiResponse.
		at org.glassfish.jersey.message.internal.WriterInterceptorExecutor$TerminalWriterInterceptor.aroundWriteTo(WriterInterceptorExecutor.java:224)
		at org.glassfish.jersey.message.internal.WriterInterceptorExecutor.proceed(WriterInterceptorExecutor.java:139)
		at org.glassfish.jersey.server.internal.JsonWithPaddingInterceptor.aroundWriteTo(JsonWithPaddingInterceptor.java:85)
		at org.glassfish.jersey.message.internal.WriterInterceptorExecutor.proceed(WriterInterceptorExecutor.java:139)
		at org.glassfish.jersey.server.internal.MappableExceptionWrapperInterceptor.aroundWriteTo(MappableExceptionWrapperInterceptor.java:61)
		... 39 more
03-Aug-2025 17:46:03.105 SEVERE [http-nio-8080-exec-27] org.glassfish.jersey.message.internal.WriterInterceptorExecutor$TerminalWriterInterceptor.aroundWriteTo MessageBodyWriter not found for media type=null, type=class modelo.ApiResponse, genericType=class modelo.ApiResponse.
03-Aug-2025 17:46:03.105 SEVERE [http-nio-8080-exec-27] org.glassfish.jersey.server.ServerRuntime$Responder.process Error occurred when processing a response created from an already mapped exception.
03-Aug-2025 17:46:03.105 WARNING [http-nio-8080-exec-27] org.glassfish.jersey.server.ServerRuntime$Responder.process An exception mapping did not successfully produce and processed a response. Logging the exception propagated to the default exception mapper.
	jakarta.ws.rs.InternalServerErrorException: HTTP 500 Internal Server Error
		at org.glassfish.jersey.server.internal.MappableExceptionWrapperInterceptor.aroundWriteTo(MappableExceptionWrapperInterceptor.java:65)
		at org.glassfish.jersey.message.internal.WriterInterceptorExecutor.proceed(WriterInterceptorExecutor.java:139)
		at org.glassfish.jersey.message.internal.MessageBodyFactory.writeTo(MessageBodyFactory.java:1116)
		at org.glassfish.jersey.server.ServerRuntime$Responder.writeResponse(ServerRuntime.java:677)
		at org.glassfish.jersey.server.ServerRuntime$Responder.processResponse(ServerRuntime.java:385)
		at org.glassfish.jersey.server.ServerRuntime$Responder.process(ServerRuntime.java:437)
		at org.glassfish.jersey.server.ServerRuntime$1.run(ServerRuntime.java:269)
		at org.glassfish.jersey.internal.Errors$1.call(Errors.java:248)
		at org.glassfish.jersey.internal.Errors$1.call(Errors.java:244)
		at org.glassfish.jersey.internal.Errors.process(Errors.java:292)
		at org.glassfish.jersey.internal.Errors.process(Errors.java:274)
		at org.glassfish.jersey.internal.Errors.process(Errors.java:244)
		at org.glassfish.jersey.process.internal.RequestScope.runInScope(RequestScope.java:265)
		at org.glassfish.jersey.server.ServerRuntime.process(ServerRuntime.java:240)
		at org.glassfish.jersey.server.ApplicationHandler.handle(ApplicationHandler.java:697)
		at org.glassfish.jersey.servlet.WebComponent.serviceImpl(WebComponent.java:394)
		at org.glassfish.jersey.servlet.WebComponent.service(WebComponent.java:346)
		at org.glassfish.jersey.servlet.ServletContainer.service(ServletContainer.java:357)
		at org.glassfish.jersey.servlet.ServletContainer.service(ServletContainer.java:311)
		at org.glassfish.jersey.servlet.ServletContainer.service(ServletContainer.java:205)
		at org.apache.catalina.core.ApplicationFilterChain.doFilter(ApplicationFilterChain.java:130)
		at org.apache.tomcat.websocket.server.WsFilter.doFilter(WsFilter.java:53)
		at org.apache.catalina.core.ApplicationFilterChain.doFilter(ApplicationFilterChain.java:109)
		at org.apache.catalina.core.StandardWrapperValve.invoke(StandardWrapperValve.java:167)
		at org.apache.catalina.core.StandardContextValve.invoke(StandardContextValve.java:79)
		at org.apache.catalina.authenticator.AuthenticatorBase.invoke(AuthenticatorBase.java:483)
		at org.apache.catalina.core.StandardHostValve.invoke(StandardHostValve.java:116)
		at org.apache.catalina.valves.ErrorReportValve.invoke(ErrorReportValve.java:93)
		at org.apache.catalina.valves.AbstractAccessLogValve.invoke(AbstractAccessLogValve.java:666)
		at org.apache.catalina.core.StandardEngineValve.invoke(StandardEngineValve.java:74)
		at org.apache.catalina.connector.CoyoteAdapter.service(CoyoteAdapter.java:343)
		at org.apache.coyote.http11.Http11Processor.service(Http11Processor.java:396)
		at org.apache.coyote.AbstractProcessorLight.process(AbstractProcessorLight.java:63)
		at org.apache.coyote.AbstractProtocol$ConnectionHandler.process(AbstractProtocol.java:903)
		at org.apache.tomcat.util.net.NioEndpoint$SocketProcessor.doRun(NioEndpoint.java:1773)
		at org.apache.tomcat.util.net.SocketProcessorBase.run(SocketProcessorBase.java:52)
		at org.apache.tomcat.util.threads.ThreadPoolExecutor.runWorker(ThreadPoolExecutor.java:1149)
		at org.apache.tomcat.util.threads.ThreadPoolExecutor$Worker.run(ThreadPoolExecutor.java:637)
		at org.apache.tomcat.util.threads.TaskThread$WrappingRunnable.run(TaskThread.java:59)
		at java.base/java.lang.Thread.run(Thread.java:1570)
	Caused by: org.glassfish.jersey.message.internal.MessageBodyProviderNotFoundException: MessageBodyWriter not found for media type=null, type=class modelo.ApiResponse, genericType=class modelo.ApiResponse.
		at org.glassfish.jersey.message.internal.WriterInterceptorExecutor$TerminalWriterInterceptor.aroundWriteTo(WriterInterceptorExecutor.java:224)
		at org.glassfish.jersey.message.internal.WriterInterceptorExecutor.proceed(WriterInterceptorExecutor.java:139)
		at org.glassfish.jersey.server.internal.JsonWithPaddingInterceptor.aroundWriteTo(JsonWithPaddingInterceptor.java:85)
		at org.glassfish.jersey.message.internal.WriterInterceptorExecutor.proceed(WriterInterceptorExecutor.java:139)
		at org.glassfish.jersey.server.internal.MappableExceptionWrapperInterceptor.aroundWriteTo(MappableExceptionWrapperInterceptor.java:61)
		... 39 more
03-Aug-2025 17:46:03.117 WARNING [http-nio-8080-exec-27] org.glassfish.jersey.server.ServerRuntime$Responder.release Attempt to release request processing resources has failed for a request.
	org.glassfish.jersey.server.ContainerException: java.util.concurrent.ExecutionException: jakarta.ws.rs.InternalServerErrorException: HTTP 500 Internal Server Error
		at org.glassfish.jersey.servlet.internal.ResponseWriter.getResponseContext(ResponseWriter.java:278)
		at org.glassfish.jersey.servlet.internal.ResponseWriter.writeResponseStatusAndHeaders(ResponseWriter.java:128)
		at org.glassfish.jersey.server.ServerRuntime$Responder$1.getOutputStream(ServerRuntime.java:667)
		at org.glassfish.jersey.message.internal.CommittingOutputStream.commitStream(CommittingOutputStream.java:171)
		at org.glassfish.jersey.message.internal.CommittingOutputStream.flushBuffer(CommittingOutputStream.java:276)
		at org.glassfish.jersey.message.internal.CommittingOutputStream.commit(CommittingOutputStream.java:232)
		at org.glassfish.jersey.message.internal.CommittingOutputStream.close(CommittingOutputStream.java:247)
		at org.glassfish.jersey.message.internal.OutboundMessageContext.close(OutboundMessageContext.java:865)
		at org.glassfish.jersey.server.ContainerResponse.close(ContainerResponse.java:403)
		at java.base/java.util.stream.ForEachOps$ForEachOp$OfRef.accept(ForEachOps.java:184)
		at java.base/java.util.stream.ReferencePipeline$2$1.accept(ReferencePipeline.java:194)
		at java.base/java.util.Spliterators$ArraySpliterator.forEachRemaining(Spliterators.java:1024)
		at java.base/java.util.stream.AbstractPipeline.copyInto(AbstractPipeline.java:556)
		at java.base/java.util.stream.AbstractPipeline.wrapAndCopyInto(AbstractPipeline.java:546)
		at java.base/java.util.stream.ForEachOps$ForEachOp.evaluateSequential(ForEachOps.java:151)
		at java.base/java.util.stream.ForEachOps$ForEachOp$OfRef.evaluateSequential(ForEachOps.java:174)
		at java.base/java.util.stream.AbstractPipeline.evaluate(AbstractPipeline.java:265)
		at java.base/java.util.stream.ReferencePipeline.forEach(ReferencePipeline.java:611)
		at org.glassfish.jersey.server.ServerRuntime$Responder.release(ServerRuntime.java:774)
		at org.glassfish.jersey.server.ServerRuntime$Responder.process(ServerRuntime.java:467)
		at org.glassfish.jersey.server.ServerRuntime$1.run(ServerRuntime.java:269)
		at org.glassfish.jersey.internal.Errors$1.call(Errors.java:248)
		at org.glassfish.jersey.internal.Errors$1.call(Errors.java:244)
		at org.glassfish.jersey.internal.Errors.process(Errors.java:292)
		at org.glassfish.jersey.internal.Errors.process(Errors.java:274)
		at org.glassfish.jersey.internal.Errors.process(Errors.java:244)
		at org.glassfish.jersey.process.internal.RequestScope.runInScope(RequestScope.java:265)
		at org.glassfish.jersey.server.ServerRuntime.process(ServerRuntime.java:240)
		at org.glassfish.jersey.server.ApplicationHandler.handle(ApplicationHandler.java:697)
		at org.glassfish.jersey.servlet.WebComponent.serviceImpl(WebComponent.java:394)
		at org.glassfish.jersey.servlet.WebComponent.service(WebComponent.java:346)
		at org.glassfish.jersey.servlet.ServletContainer.service(ServletContainer.java:357)
		at org.glassfish.jersey.servlet.ServletContainer.service(ServletContainer.java:311)
		at org.glassfish.jersey.servlet.ServletContainer.service(ServletContainer.java:205)
		at org.apache.catalina.core.ApplicationFilterChain.doFilter(ApplicationFilterChain.java:130)
		at org.apache.tomcat.websocket.server.WsFilter.doFilter(WsFilter.java:53)
		at org.apache.catalina.core.ApplicationFilterChain.doFilter(ApplicationFilterChain.java:109)
		at org.apache.catalina.core.StandardWrapperValve.invoke(StandardWrapperValve.java:167)
		at org.apache.catalina.core.StandardContextValve.invoke(StandardContextValve.java:79)
		at org.apache.catalina.authenticator.AuthenticatorBase.invoke(AuthenticatorBase.java:483)
		at org.apache.catalina.core.StandardHostValve.invoke(StandardHostValve.java:116)
		at org.apache.catalina.valves.ErrorReportValve.invoke(ErrorReportValve.java:93)
		at org.apache.catalina.valves.AbstractAccessLogValve.invoke(AbstractAccessLogValve.java:666)
		at org.apache.catalina.core.StandardEngineValve.invoke(StandardEngineValve.java:74)
		at org.apache.catalina.connector.CoyoteAdapter.service(CoyoteAdapter.java:343)
		at org.apache.coyote.http11.Http11Processor.service(Http11Processor.java:396)
		at org.apache.coyote.AbstractProcessorLight.process(AbstractProcessorLight.java:63)
		at org.apache.coyote.AbstractProtocol$ConnectionHandler.process(AbstractProtocol.java:903)
		at org.apache.tomcat.util.net.NioEndpoint$SocketProcessor.doRun(NioEndpoint.java:1773)
		at org.apache.tomcat.util.net.SocketProcessorBase.run(SocketProcessorBase.java:52)
		at org.apache.tomcat.util.threads.ThreadPoolExecutor.runWorker(ThreadPoolExecutor.java:1149)
		at org.apache.tomcat.util.threads.ThreadPoolExecutor$Worker.run(ThreadPoolExecutor.java:637)
		at org.apache.tomcat.util.threads.TaskThread$WrappingRunnable.run(TaskThread.java:59)
		at java.base/java.lang.Thread.run(Thread.java:1570)
	Caused by: java.util.concurrent.ExecutionException: jakarta.ws.rs.InternalServerErrorException: HTTP 500 Internal Server Error
		at java.base/java.util.concurrent.CompletableFuture.reportGet(CompletableFuture.java:396)
		at java.base/java.util.concurrent.CompletableFuture.get(CompletableFuture.java:2073)
		at org.glassfish.jersey.servlet.internal.ResponseWriter.getResponseContext(ResponseWriter.java:276)
		... 53 more
	Caused by: jakarta.ws.rs.InternalServerErrorException: HTTP 500 Internal Server Error
		at org.glassfish.jersey.server.internal.MappableExceptionWrapperInterceptor.aroundWriteTo(MappableExceptionWrapperInterceptor.java:65)
		at org.glassfish.jersey.message.internal.WriterInterceptorExecutor.proceed(WriterInterceptorExecutor.java:139)
		at org.glassfish.jersey.message.internal.MessageBodyFactory.writeTo(MessageBodyFactory.java:1116)
		at org.glassfish.jersey.server.ServerRuntime$Responder.writeResponse(ServerRuntime.java:677)
		at org.glassfish.jersey.server.ServerRuntime$Responder.processResponse(ServerRuntime.java:385)
		at org.glassfish.jersey.server.ServerRuntime$Responder.process(ServerRuntime.java:437)
		... 34 more
	Caused by: org.glassfish.jersey.message.internal.MessageBodyProviderNotFoundException: MessageBodyWriter not found for media type=null, type=class modelo.ApiResponse, genericType=class modelo.ApiResponse.
		at org.glassfish.jersey.message.internal.WriterInterceptorExecutor$TerminalWriterInterceptor.aroundWriteTo(WriterInterceptorExecutor.java:224)
		at org.glassfish.jersey.message.internal.WriterInterceptorExecutor.proceed(WriterInterceptorExecutor.java:139)
		at org.glassfish.jersey.server.internal.JsonWithPaddingInterceptor.aroundWriteTo(JsonWithPaddingInterceptor.java:85)
		at org.glassfish.jersey.message.internal.WriterInterceptorExecutor.proceed(WriterInterceptorExecutor.java:139)
		at org.glassfish.jersey.server.internal.MappableExceptionWrapperInterceptor.aroundWriteTo(MappableExceptionWrapperInterceptor.java:61)
		... 39 more
03-Aug-2025 17:49:42.288 INFO [main] org.apache.catalina.core.StandardServer.await Se ha recibido un comando de apagado a través del puerto de apagado. Parando la instancia del Servidor.
03-Aug-2025 17:49:42.288 INFO [main] org.apache.coyote.AbstractProtocol.pause Pausing ProtocolHandler ["http-nio-8080"]
03-Aug-2025 17:49:42.304 INFO [main] org.apache.catalina.core.StandardService.stopInternal Parando servicio [Catalina]
03-Aug-2025 17:49:42.319 WARNING [main] org.apache.catalina.loader.WebappClassLoaderBase.clearReferencesThreads The web application [StockControl_API] appears to have started a thread named [mysql-cj-abandoned-connection-cleanup] but has failed to stop it. This is very likely to create a memory leak. Stack trace of thread:
 com.mysql.cj.jdbc.AbandonedConnectionCleanupThread.checkThreadContextClassLoader(AbandonedConnectionCleanupThread.java:123)
 com.mysql.cj.jdbc.AbandonedConnectionCleanupThread.run(AbandonedConnectionCleanupThread.java:90)
 java.base/java.util.concurrent.ThreadPoolExecutor.runWorker(ThreadPoolExecutor.java:1144)
 java.base/java.util.concurrent.ThreadPoolExecutor$Worker.run(ThreadPoolExecutor.java:642)
 java.base/java.lang.Thread.run(Thread.java:1570)
03-Aug-2025 17:49:42.338 WARNING [main] org.apache.catalina.loader.WebappClassLoaderBase.clearReferencesJdbc La aplicación web [helder] registró el conductor JDBC [com.mysql.cj.jdbc.Driver] pero falló al anular el registro mientras la aplicación web estaba parada. Para prevenir un fallo de memoria, se ha anulado el registro del conductor JDBC por la fuerza.
03-Aug-2025 17:49:42.338 WARNING [main] org.apache.catalina.loader.WebappClassLoaderBase.clearReferencesThreads The web application [helder] appears to have started a thread named [mysql-cj-abandoned-connection-cleanup] but has failed to stop it. This is very likely to create a memory leak. Stack trace of thread:
 java.base/jdk.internal.misc.Unsafe.park(Native Method)
 java.base/java.util.concurrent.locks.LockSupport.parkNanos(LockSupport.java:269)
 java.base/java.util.concurrent.locks.AbstractQueuedSynchronizer$ConditionObject.await(AbstractQueuedSynchronizer.java:1847)
 java.base/java.lang.ref.ReferenceQueue.await(ReferenceQueue.java:71)
 java.base/java.lang.ref.ReferenceQueue.remove0(ReferenceQueue.java:143)
 java.base/java.lang.ref.ReferenceQueue.remove(ReferenceQueue.java:218)
 com.mysql.cj.jdbc.AbandonedConnectionCleanupThread.run(AbandonedConnectionCleanupThread.java:91)
 java.base/java.util.concurrent.ThreadPoolExecutor.runWorker(ThreadPoolExecutor.java:1144)
 java.base/java.util.concurrent.ThreadPoolExecutor$Worker.run(ThreadPoolExecutor.java:642)
 java.base/java.lang.Thread.run(Thread.java:1570)
03-Aug-2025 17:49:42.339 INFO [main] org.apache.coyote.AbstractProtocol.stop Stopping ProtocolHandler ["http-nio-8080"]
03-Aug-2025 17:49:42.357 INFO [main] org.apache.coyote.AbstractProtocol.destroy Destroying ProtocolHandler ["http-nio-8080"]
03-Aug-2025 17:49:42.388 INFO [mysql-cj-abandoned-connection-cleanup] org.apache.catalina.loader.WebappClassLoaderBase.checkStateForResourceLoading Acceso ilegal: esta instancia de aplicación web ya ha sido parada.  Could not load [].  La eventual traza de pila que sigue ha sido motivada por un error lanzado con motivos de depuración así como para intentar terminar el hilo que motivó el acceso ilegal y no tiene impacto funcional.
	java.lang.IllegalStateException: Acceso ilegal: esta instancia de aplicación web ya ha sido parada.  Could not load [].  La eventual traza de pila que sigue ha sido motivada por un error lanzado con motivos de depuración así como para intentar terminar el hilo que motivó el acceso ilegal y no tiene impacto funcional.
		at org.apache.catalina.loader.WebappClassLoaderBase.checkStateForResourceLoading(WebappClassLoaderBase.java:1248)
		at org.apache.catalina.loader.WebappClassLoaderBase.getResource(WebappClassLoaderBase.java:857)
		at com.mysql.cj.jdbc.AbandonedConnectionCleanupThread.checkThreadContextClassLoader(AbandonedConnectionCleanupThread.java:123)
		at com.mysql.cj.jdbc.AbandonedConnectionCleanupThread.run(AbandonedConnectionCleanupThread.java:90)
		at java.base/java.util.concurrent.ThreadPoolExecutor.runWorker(ThreadPoolExecutor.java:1144)
		at java.base/java.util.concurrent.ThreadPoolExecutor$Worker.run(ThreadPoolExecutor.java:642)
		at java.base/java.lang.Thread.run(Thread.java:1570)
