29-Jul-2025 00:27:56.955 WARNING [http-nio-8080-exec-18] org.apache.catalina.loader.WebappClassLoaderBase.clearReferencesJdbc La aplicación web [helder] registró el conductor JDBC [com.mysql.cj.jdbc.Driver] pero falló al anular el registro mientras la aplicación web estaba parada. Para prevenir un fallo de memoria, se ha anulado el registro del conductor JDBC por la fuerza.
29-Jul-2025 00:27:56.956 WARNING [http-nio-8080-exec-18] org.apache.catalina.loader.WebappClassLoaderBase.clearReferencesThreads The web application [helder] appears to have started a thread named [mysql-cj-abandoned-connection-cleanup] but has failed to stop it. This is very likely to create a memory leak. Stack trace of thread:
 java.base/jdk.internal.misc.Unsafe.park(Native Method)
 java.base/java.util.concurrent.locks.LockSupport.parkNanos(LockSupport.java:269)
 java.base/java.util.concurrent.locks.AbstractQueuedSynchronizer$ConditionObject.await(AbstractQueuedSynchronizer.java:1847)
 java.base/java.lang.ref.ReferenceQueue.await(ReferenceQueue.java:71)
 java.base/java.lang.ref.ReferenceQueue.remove0(ReferenceQueue.java:143)
 java.base/java.lang.ref.ReferenceQueue.remove(ReferenceQueue.java:218)
 com.mysql.cj.jdbc.AbandonedConnectionCleanupThread.run(AbandonedConnectionCleanupThread.java:91)
 java.base/java.util.concurrent.ThreadPoolExecutor.runWorker(ThreadPoolExecutor.java:1144)
 java.base/java.util.concurrent.ThreadPoolExecutor$Worker.run(ThreadPoolExecutor.java:642)
 java.base/java.lang.Thread.run(Thread.java:1570)
29-Jul-2025 00:27:57.474 INFO [http-nio-8080-exec-18] org.apache.catalina.startup.HostConfig.undeploy Repliegue (undeploy) de la aplicación web que tiene como trayectoria de contexto [/helder]
29-Jul-2025 00:27:57.486 INFO [http-nio-8080-exec-16] org.apache.catalina.startup.HostConfig.deployDescriptor Desplieque del descriptor de configuración [C:\Users\Administrador\Documents\proyecto_final_helder_java-js\apache-tomcat-11.0.8-windows-x64\apache-tomcat-11.0.8\conf\Catalina\localhost\helder.xml]
29-Jul-2025 00:27:57.487 WARNING [http-nio-8080-exec-16] org.apache.catalina.startup.HostConfig.deployDescriptor The path attribute with value [/helder] in deployment descriptor [C:\Users\Administrador\Documents\proyecto_final_helder_java-js\apache-tomcat-11.0.8-windows-x64\apache-tomcat-11.0.8\conf\Catalina\localhost\helder.xml] has been ignored
29-Jul-2025 00:27:57.810 INFO [mysql-cj-abandoned-connection-cleanup] org.apache.catalina.loader.WebappClassLoaderBase.checkStateForResourceLoading Acceso ilegal: esta instancia de aplicación web ya ha sido parada.  Could not load [].  La eventual traza de pila que sigue ha sido motivada por un error lanzado con motivos de depuración así como para intentar terminar el hilo que motivó el acceso ilegal y no tiene impacto funcional.
	java.lang.IllegalStateException: Acceso ilegal: esta instancia de aplicación web ya ha sido parada.  Could not load [].  La eventual traza de pila que sigue ha sido motivada por un error lanzado con motivos de depuración así como para intentar terminar el hilo que motivó el acceso ilegal y no tiene impacto funcional.
		at org.apache.catalina.loader.WebappClassLoaderBase.checkStateForResourceLoading(WebappClassLoaderBase.java:1248)
		at org.apache.catalina.loader.WebappClassLoaderBase.getResource(WebappClassLoaderBase.java:857)
		at com.mysql.cj.jdbc.AbandonedConnectionCleanupThread.checkThreadContextClassLoader(AbandonedConnectionCleanupThread.java:123)
		at com.mysql.cj.jdbc.AbandonedConnectionCleanupThread.run(AbandonedConnectionCleanupThread.java:90)
		at java.base/java.util.concurrent.ThreadPoolExecutor.runWorker(ThreadPoolExecutor.java:1144)
		at java.base/java.util.concurrent.ThreadPoolExecutor$Worker.run(ThreadPoolExecutor.java:642)
		at java.base/java.lang.Thread.run(Thread.java:1570)
29-Jul-2025 00:27:57.818 INFO [mysql-cj-abandoned-connection-cleanup] org.apache.catalina.loader.WebappClassLoaderBase.checkStateForResourceLoading Acceso ilegal: esta instancia de aplicación web ya ha sido parada.  Could not load [].  La eventual traza de pila que sigue ha sido motivada por un error lanzado con motivos de depuración así como para intentar terminar el hilo que motivó el acceso ilegal y no tiene impacto funcional.
	java.lang.IllegalStateException: Acceso ilegal: esta instancia de aplicación web ya ha sido parada.  Could not load [].  La eventual traza de pila que sigue ha sido motivada por un error lanzado con motivos de depuración así como para intentar terminar el hilo que motivó el acceso ilegal y no tiene impacto funcional.
		at org.apache.catalina.loader.WebappClassLoaderBase.checkStateForResourceLoading(WebappClassLoaderBase.java:1248)
		at org.apache.catalina.loader.WebappClassLoaderBase.getResource(WebappClassLoaderBase.java:857)
		at com.mysql.cj.jdbc.AbandonedConnectionCleanupThread.checkThreadContextClassLoader(AbandonedConnectionCleanupThread.java:123)
		at com.mysql.cj.jdbc.AbandonedConnectionCleanupThread.run(AbandonedConnectionCleanupThread.java:90)
		at java.base/java.util.concurrent.ThreadPoolExecutor.runWorker(ThreadPoolExecutor.java:1144)
		at java.base/java.util.concurrent.ThreadPoolExecutor$Worker.run(ThreadPoolExecutor.java:642)
		at java.base/java.lang.Thread.run(Thread.java:1570)
29-Jul-2025 00:27:57.818 INFO [mysql-cj-abandoned-connection-cleanup] org.apache.catalina.loader.WebappClassLoaderBase.checkStateForResourceLoading Acceso ilegal: esta instancia de aplicación web ya ha sido parada.  Could not load [].  La eventual traza de pila que sigue ha sido motivada por un error lanzado con motivos de depuración así como para intentar terminar el hilo que motivó el acceso ilegal y no tiene impacto funcional.
	java.lang.IllegalStateException: Acceso ilegal: esta instancia de aplicación web ya ha sido parada.  Could not load [].  La eventual traza de pila que sigue ha sido motivada por un error lanzado con motivos de depuración así como para intentar terminar el hilo que motivó el acceso ilegal y no tiene impacto funcional.
		at org.apache.catalina.loader.WebappClassLoaderBase.checkStateForResourceLoading(WebappClassLoaderBase.java:1248)
		at org.apache.catalina.loader.WebappClassLoaderBase.getResource(WebappClassLoaderBase.java:857)
		at com.mysql.cj.jdbc.AbandonedConnectionCleanupThread.checkThreadContextClassLoader(AbandonedConnectionCleanupThread.java:123)
		at com.mysql.cj.jdbc.AbandonedConnectionCleanupThread.run(AbandonedConnectionCleanupThread.java:90)
		at java.base/java.util.concurrent.ThreadPoolExecutor.runWorker(ThreadPoolExecutor.java:1144)
		at java.base/java.util.concurrent.ThreadPoolExecutor$Worker.run(ThreadPoolExecutor.java:642)
		at java.base/java.lang.Thread.run(Thread.java:1570)
29-Jul-2025 00:27:57.849 INFO [mysql-cj-abandoned-connection-cleanup] org.apache.catalina.loader.WebappClassLoaderBase.checkStateForResourceLoading Acceso ilegal: esta instancia de aplicación web ya ha sido parada.  Could not load [].  La eventual traza de pila que sigue ha sido motivada por un error lanzado con motivos de depuración así como para intentar terminar el hilo que motivó el acceso ilegal y no tiene impacto funcional.
	java.lang.IllegalStateException: Acceso ilegal: esta instancia de aplicación web ya ha sido parada.  Could not load [].  La eventual traza de pila que sigue ha sido motivada por un error lanzado con motivos de depuración así como para intentar terminar el hilo que motivó el acceso ilegal y no tiene impacto funcional.
		at org.apache.catalina.loader.WebappClassLoaderBase.checkStateForResourceLoading(WebappClassLoaderBase.java:1248)
		at org.apache.catalina.loader.WebappClassLoaderBase.getResource(WebappClassLoaderBase.java:857)
		at com.mysql.cj.jdbc.AbandonedConnectionCleanupThread.checkThreadContextClassLoader(AbandonedConnectionCleanupThread.java:123)
		at com.mysql.cj.jdbc.AbandonedConnectionCleanupThread.run(AbandonedConnectionCleanupThread.java:90)
		at java.base/java.util.concurrent.ThreadPoolExecutor.runWorker(ThreadPoolExecutor.java:1144)
		at java.base/java.util.concurrent.ThreadPoolExecutor$Worker.run(ThreadPoolExecutor.java:642)
		at java.base/java.lang.Thread.run(Thread.java:1570)
29-Jul-2025 00:27:57.849 INFO [mysql-cj-abandoned-connection-cleanup] org.apache.catalina.loader.WebappClassLoaderBase.checkStateForResourceLoading Acceso ilegal: esta instancia de aplicación web ya ha sido parada.  Could not load [].  La eventual traza de pila que sigue ha sido motivada por un error lanzado con motivos de depuración así como para intentar terminar el hilo que motivó el acceso ilegal y no tiene impacto funcional.
	java.lang.IllegalStateException: Acceso ilegal: esta instancia de aplicación web ya ha sido parada.  Could not load [].  La eventual traza de pila que sigue ha sido motivada por un error lanzado con motivos de depuración así como para intentar terminar el hilo que motivó el acceso ilegal y no tiene impacto funcional.
		at org.apache.catalina.loader.WebappClassLoaderBase.checkStateForResourceLoading(WebappClassLoaderBase.java:1248)
		at org.apache.catalina.loader.WebappClassLoaderBase.getResource(WebappClassLoaderBase.java:857)
		at com.mysql.cj.jdbc.AbandonedConnectionCleanupThread.checkThreadContextClassLoader(AbandonedConnectionCleanupThread.java:123)
		at com.mysql.cj.jdbc.AbandonedConnectionCleanupThread.run(AbandonedConnectionCleanupThread.java:90)
		at java.base/java.util.concurrent.ThreadPoolExecutor.runWorker(ThreadPoolExecutor.java:1144)
		at java.base/java.util.concurrent.ThreadPoolExecutor$Worker.run(ThreadPoolExecutor.java:642)
		at java.base/java.lang.Thread.run(Thread.java:1570)
29-Jul-2025 00:27:57.850 INFO [mysql-cj-abandoned-connection-cleanup] org.apache.catalina.loader.WebappClassLoaderBase.checkStateForResourceLoading Acceso ilegal: esta instancia de aplicación web ya ha sido parada.  Could not load [].  La eventual traza de pila que sigue ha sido motivada por un error lanzado con motivos de depuración así como para intentar terminar el hilo que motivó el acceso ilegal y no tiene impacto funcional.
	java.lang.IllegalStateException: Acceso ilegal: esta instancia de aplicación web ya ha sido parada.  Could not load [].  La eventual traza de pila que sigue ha sido motivada por un error lanzado con motivos de depuración así como para intentar terminar el hilo que motivó el acceso ilegal y no tiene impacto funcional.
		at org.apache.catalina.loader.WebappClassLoaderBase.checkStateForResourceLoading(WebappClassLoaderBase.java:1248)
		at org.apache.catalina.loader.WebappClassLoaderBase.getResource(WebappClassLoaderBase.java:857)
		at com.mysql.cj.jdbc.AbandonedConnectionCleanupThread.checkThreadContextClassLoader(AbandonedConnectionCleanupThread.java:123)
		at com.mysql.cj.jdbc.AbandonedConnectionCleanupThread.run(AbandonedConnectionCleanupThread.java:90)
		at java.base/java.util.concurrent.ThreadPoolExecutor.runWorker(ThreadPoolExecutor.java:1144)
		at java.base/java.util.concurrent.ThreadPoolExecutor$Worker.run(ThreadPoolExecutor.java:642)
		at java.base/java.lang.Thread.run(Thread.java:1570)
29-Jul-2025 00:27:57.907 INFO [mysql-cj-abandoned-connection-cleanup] org.apache.catalina.loader.WebappClassLoaderBase.checkStateForResourceLoading Acceso ilegal: esta instancia de aplicación web ya ha sido parada.  Could not load [].  La eventual traza de pila que sigue ha sido motivada por un error lanzado con motivos de depuración así como para intentar terminar el hilo que motivó el acceso ilegal y no tiene impacto funcional.
	java.lang.IllegalStateException: Acceso ilegal: esta instancia de aplicación web ya ha sido parada.  Could not load [].  La eventual traza de pila que sigue ha sido motivada por un error lanzado con motivos de depuración así como para intentar terminar el hilo que motivó el acceso ilegal y no tiene impacto funcional.
		at org.apache.catalina.loader.WebappClassLoaderBase.checkStateForResourceLoading(WebappClassLoaderBase.java:1248)
		at org.apache.catalina.loader.WebappClassLoaderBase.getResource(WebappClassLoaderBase.java:857)
		at com.mysql.cj.jdbc.AbandonedConnectionCleanupThread.checkThreadContextClassLoader(AbandonedConnectionCleanupThread.java:123)
		at com.mysql.cj.jdbc.AbandonedConnectionCleanupThread.run(AbandonedConnectionCleanupThread.java:90)
		at java.base/java.util.concurrent.ThreadPoolExecutor.runWorker(ThreadPoolExecutor.java:1144)
		at java.base/java.util.concurrent.ThreadPoolExecutor$Worker.run(ThreadPoolExecutor.java:642)
		at java.base/java.lang.Thread.run(Thread.java:1570)
29-Jul-2025 00:27:57.908 INFO [mysql-cj-abandoned-connection-cleanup] org.apache.catalina.loader.WebappClassLoaderBase.checkStateForResourceLoading Acceso ilegal: esta instancia de aplicación web ya ha sido parada.  Could not load [].  La eventual traza de pila que sigue ha sido motivada por un error lanzado con motivos de depuración así como para intentar terminar el hilo que motivó el acceso ilegal y no tiene impacto funcional.
	java.lang.IllegalStateException: Acceso ilegal: esta instancia de aplicación web ya ha sido parada.  Could not load [].  La eventual traza de pila que sigue ha sido motivada por un error lanzado con motivos de depuración así como para intentar terminar el hilo que motivó el acceso ilegal y no tiene impacto funcional.
		at org.apache.catalina.loader.WebappClassLoaderBase.checkStateForResourceLoading(WebappClassLoaderBase.java:1248)
		at org.apache.catalina.loader.WebappClassLoaderBase.getResource(WebappClassLoaderBase.java:857)
		at com.mysql.cj.jdbc.AbandonedConnectionCleanupThread.checkThreadContextClassLoader(AbandonedConnectionCleanupThread.java:123)
		at com.mysql.cj.jdbc.AbandonedConnectionCleanupThread.run(AbandonedConnectionCleanupThread.java:90)
		at java.base/java.util.concurrent.ThreadPoolExecutor.runWorker(ThreadPoolExecutor.java:1144)
		at java.base/java.util.concurrent.ThreadPoolExecutor$Worker.run(ThreadPoolExecutor.java:642)
		at java.base/java.lang.Thread.run(Thread.java:1570)
29-Jul-2025 00:27:57.908 INFO [mysql-cj-abandoned-connection-cleanup] org.apache.catalina.loader.WebappClassLoaderBase.checkStateForResourceLoading Acceso ilegal: esta instancia de aplicación web ya ha sido parada.  Could not load [].  La eventual traza de pila que sigue ha sido motivada por un error lanzado con motivos de depuración así como para intentar terminar el hilo que motivó el acceso ilegal y no tiene impacto funcional.
	java.lang.IllegalStateException: Acceso ilegal: esta instancia de aplicación web ya ha sido parada.  Could not load [].  La eventual traza de pila que sigue ha sido motivada por un error lanzado con motivos de depuración así como para intentar terminar el hilo que motivó el acceso ilegal y no tiene impacto funcional.
		at org.apache.catalina.loader.WebappClassLoaderBase.checkStateForResourceLoading(WebappClassLoaderBase.java:1248)
		at org.apache.catalina.loader.WebappClassLoaderBase.getResource(WebappClassLoaderBase.java:857)
		at com.mysql.cj.jdbc.AbandonedConnectionCleanupThread.checkThreadContextClassLoader(AbandonedConnectionCleanupThread.java:123)
		at com.mysql.cj.jdbc.AbandonedConnectionCleanupThread.run(AbandonedConnectionCleanupThread.java:90)
		at java.base/java.util.concurrent.ThreadPoolExecutor.runWorker(ThreadPoolExecutor.java:1144)
		at java.base/java.util.concurrent.ThreadPoolExecutor$Worker.run(ThreadPoolExecutor.java:642)
		at java.base/java.lang.Thread.run(Thread.java:1570)
29-Jul-2025 00:27:57.975 INFO [mysql-cj-abandoned-connection-cleanup] org.apache.catalina.loader.WebappClassLoaderBase.checkStateForResourceLoading Acceso ilegal: esta instancia de aplicación web ya ha sido parada.  Could not load [].  La eventual traza de pila que sigue ha sido motivada por un error lanzado con motivos de depuración así como para intentar terminar el hilo que motivó el acceso ilegal y no tiene impacto funcional.
	java.lang.IllegalStateException: Acceso ilegal: esta instancia de aplicación web ya ha sido parada.  Could not load [].  La eventual traza de pila que sigue ha sido motivada por un error lanzado con motivos de depuración así como para intentar terminar el hilo que motivó el acceso ilegal y no tiene impacto funcional.
		at org.apache.catalina.loader.WebappClassLoaderBase.checkStateForResourceLoading(WebappClassLoaderBase.java:1248)
		at org.apache.catalina.loader.WebappClassLoaderBase.getResource(WebappClassLoaderBase.java:857)
		at com.mysql.cj.jdbc.AbandonedConnectionCleanupThread.checkThreadContextClassLoader(AbandonedConnectionCleanupThread.java:123)
		at com.mysql.cj.jdbc.AbandonedConnectionCleanupThread.run(AbandonedConnectionCleanupThread.java:90)
		at java.base/java.util.concurrent.ThreadPoolExecutor.runWorker(ThreadPoolExecutor.java:1144)
		at java.base/java.util.concurrent.ThreadPoolExecutor$Worker.run(ThreadPoolExecutor.java:642)
		at java.base/java.lang.Thread.run(Thread.java:1570)
29-Jul-2025 00:27:57.975 INFO [mysql-cj-abandoned-connection-cleanup] org.apache.catalina.loader.WebappClassLoaderBase.checkStateForResourceLoading Acceso ilegal: esta instancia de aplicación web ya ha sido parada.  Could not load [].  La eventual traza de pila que sigue ha sido motivada por un error lanzado con motivos de depuración así como para intentar terminar el hilo que motivó el acceso ilegal y no tiene impacto funcional.
	java.lang.IllegalStateException: Acceso ilegal: esta instancia de aplicación web ya ha sido parada.  Could not load [].  La eventual traza de pila que sigue ha sido motivada por un error lanzado con motivos de depuración así como para intentar terminar el hilo que motivó el acceso ilegal y no tiene impacto funcional.
		at org.apache.catalina.loader.WebappClassLoaderBase.checkStateForResourceLoading(WebappClassLoaderBase.java:1248)
		at org.apache.catalina.loader.WebappClassLoaderBase.getResource(WebappClassLoaderBase.java:857)
		at com.mysql.cj.jdbc.AbandonedConnectionCleanupThread.checkThreadContextClassLoader(AbandonedConnectionCleanupThread.java:123)
		at com.mysql.cj.jdbc.AbandonedConnectionCleanupThread.run(AbandonedConnectionCleanupThread.java:90)
		at java.base/java.util.concurrent.ThreadPoolExecutor.runWorker(ThreadPoolExecutor.java:1144)
		at java.base/java.util.concurrent.ThreadPoolExecutor$Worker.run(ThreadPoolExecutor.java:642)
		at java.base/java.lang.Thread.run(Thread.java:1570)
29-Jul-2025 00:27:57.976 INFO [mysql-cj-abandoned-connection-cleanup] org.apache.catalina.loader.WebappClassLoaderBase.checkStateForResourceLoading Acceso ilegal: esta instancia de aplicación web ya ha sido parada.  Could not load [].  La eventual traza de pila que sigue ha sido motivada por un error lanzado con motivos de depuración así como para intentar terminar el hilo que motivó el acceso ilegal y no tiene impacto funcional.
	java.lang.IllegalStateException: Acceso ilegal: esta instancia de aplicación web ya ha sido parada.  Could not load [].  La eventual traza de pila que sigue ha sido motivada por un error lanzado con motivos de depuración así como para intentar terminar el hilo que motivó el acceso ilegal y no tiene impacto funcional.
		at org.apache.catalina.loader.WebappClassLoaderBase.checkStateForResourceLoading(WebappClassLoaderBase.java:1248)
		at org.apache.catalina.loader.WebappClassLoaderBase.getResource(WebappClassLoaderBase.java:857)
		at com.mysql.cj.jdbc.AbandonedConnectionCleanupThread.checkThreadContextClassLoader(AbandonedConnectionCleanupThread.java:123)
		at com.mysql.cj.jdbc.AbandonedConnectionCleanupThread.run(AbandonedConnectionCleanupThread.java:90)
		at java.base/java.util.concurrent.ThreadPoolExecutor.runWorker(ThreadPoolExecutor.java:1144)
		at java.base/java.util.concurrent.ThreadPoolExecutor$Worker.run(ThreadPoolExecutor.java:642)
		at java.base/java.lang.Thread.run(Thread.java:1570)
29-Jul-2025 00:27:58.030 INFO [mysql-cj-abandoned-connection-cleanup] org.apache.catalina.loader.WebappClassLoaderBase.checkStateForResourceLoading Acceso ilegal: esta instancia de aplicación web ya ha sido parada.  Could not load [].  La eventual traza de pila que sigue ha sido motivada por un error lanzado con motivos de depuración así como para intentar terminar el hilo que motivó el acceso ilegal y no tiene impacto funcional.
	java.lang.IllegalStateException: Acceso ilegal: esta instancia de aplicación web ya ha sido parada.  Could not load [].  La eventual traza de pila que sigue ha sido motivada por un error lanzado con motivos de depuración así como para intentar terminar el hilo que motivó el acceso ilegal y no tiene impacto funcional.
		at org.apache.catalina.loader.WebappClassLoaderBase.checkStateForResourceLoading(WebappClassLoaderBase.java:1248)
		at org.apache.catalina.loader.WebappClassLoaderBase.getResource(WebappClassLoaderBase.java:857)
		at com.mysql.cj.jdbc.AbandonedConnectionCleanupThread.checkThreadContextClassLoader(AbandonedConnectionCleanupThread.java:123)
		at com.mysql.cj.jdbc.AbandonedConnectionCleanupThread.run(AbandonedConnectionCleanupThread.java:90)
		at java.base/java.util.concurrent.ThreadPoolExecutor.runWorker(ThreadPoolExecutor.java:1144)
		at java.base/java.util.concurrent.ThreadPoolExecutor$Worker.run(ThreadPoolExecutor.java:642)
		at java.base/java.lang.Thread.run(Thread.java:1570)
29-Jul-2025 00:27:58.030 INFO [mysql-cj-abandoned-connection-cleanup] org.apache.catalina.loader.WebappClassLoaderBase.checkStateForResourceLoading Acceso ilegal: esta instancia de aplicación web ya ha sido parada.  Could not load [].  La eventual traza de pila que sigue ha sido motivada por un error lanzado con motivos de depuración así como para intentar terminar el hilo que motivó el acceso ilegal y no tiene impacto funcional.
	java.lang.IllegalStateException: Acceso ilegal: esta instancia de aplicación web ya ha sido parada.  Could not load [].  La eventual traza de pila que sigue ha sido motivada por un error lanzado con motivos de depuración así como para intentar terminar el hilo que motivó el acceso ilegal y no tiene impacto funcional.
		at org.apache.catalina.loader.WebappClassLoaderBase.checkStateForResourceLoading(WebappClassLoaderBase.java:1248)
		at org.apache.catalina.loader.WebappClassLoaderBase.getResource(WebappClassLoaderBase.java:857)
		at com.mysql.cj.jdbc.AbandonedConnectionCleanupThread.checkThreadContextClassLoader(AbandonedConnectionCleanupThread.java:123)
		at com.mysql.cj.jdbc.AbandonedConnectionCleanupThread.run(AbandonedConnectionCleanupThread.java:90)
		at java.base/java.util.concurrent.ThreadPoolExecutor.runWorker(ThreadPoolExecutor.java:1144)
		at java.base/java.util.concurrent.ThreadPoolExecutor$Worker.run(ThreadPoolExecutor.java:642)
		at java.base/java.lang.Thread.run(Thread.java:1570)
29-Jul-2025 00:27:58.030 INFO [mysql-cj-abandoned-connection-cleanup] org.apache.catalina.loader.WebappClassLoaderBase.checkStateForResourceLoading Acceso ilegal: esta instancia de aplicación web ya ha sido parada.  Could not load [].  La eventual traza de pila que sigue ha sido motivada por un error lanzado con motivos de depuración así como para intentar terminar el hilo que motivó el acceso ilegal y no tiene impacto funcional.
	java.lang.IllegalStateException: Acceso ilegal: esta instancia de aplicación web ya ha sido parada.  Could not load [].  La eventual traza de pila que sigue ha sido motivada por un error lanzado con motivos de depuración así como para intentar terminar el hilo que motivó el acceso ilegal y no tiene impacto funcional.
		at org.apache.catalina.loader.WebappClassLoaderBase.checkStateForResourceLoading(WebappClassLoaderBase.java:1248)
		at org.apache.catalina.loader.WebappClassLoaderBase.getResource(WebappClassLoaderBase.java:857)
		at com.mysql.cj.jdbc.AbandonedConnectionCleanupThread.checkThreadContextClassLoader(AbandonedConnectionCleanupThread.java:123)
		at com.mysql.cj.jdbc.AbandonedConnectionCleanupThread.run(AbandonedConnectionCleanupThread.java:90)
		at java.base/java.util.concurrent.ThreadPoolExecutor.runWorker(ThreadPoolExecutor.java:1144)
		at java.base/java.util.concurrent.ThreadPoolExecutor$Worker.run(ThreadPoolExecutor.java:642)
		at java.base/java.lang.Thread.run(Thread.java:1570)
29-Jul-2025 00:27:58.084 INFO [mysql-cj-abandoned-connection-cleanup] org.apache.catalina.loader.WebappClassLoaderBase.checkStateForResourceLoading Acceso ilegal: esta instancia de aplicación web ya ha sido parada.  Could not load [].  La eventual traza de pila que sigue ha sido motivada por un error lanzado con motivos de depuración así como para intentar terminar el hilo que motivó el acceso ilegal y no tiene impacto funcional.
	java.lang.IllegalStateException: Acceso ilegal: esta instancia de aplicación web ya ha sido parada.  Could not load [].  La eventual traza de pila que sigue ha sido motivada por un error lanzado con motivos de depuración así como para intentar terminar el hilo que motivó el acceso ilegal y no tiene impacto funcional.
		at org.apache.catalina.loader.WebappClassLoaderBase.checkStateForResourceLoading(WebappClassLoaderBase.java:1248)
		at org.apache.catalina.loader.WebappClassLoaderBase.getResource(WebappClassLoaderBase.java:857)
		at com.mysql.cj.jdbc.AbandonedConnectionCleanupThread.checkThreadContextClassLoader(AbandonedConnectionCleanupThread.java:123)
		at com.mysql.cj.jdbc.AbandonedConnectionCleanupThread.run(AbandonedConnectionCleanupThread.java:90)
		at java.base/java.util.concurrent.ThreadPoolExecutor.runWorker(ThreadPoolExecutor.java:1144)
		at java.base/java.util.concurrent.ThreadPoolExecutor$Worker.run(ThreadPoolExecutor.java:642)
		at java.base/java.lang.Thread.run(Thread.java:1570)
29-Jul-2025 00:27:58.084 INFO [mysql-cj-abandoned-connection-cleanup] org.apache.catalina.loader.WebappClassLoaderBase.checkStateForResourceLoading Acceso ilegal: esta instancia de aplicación web ya ha sido parada.  Could not load [].  La eventual traza de pila que sigue ha sido motivada por un error lanzado con motivos de depuración así como para intentar terminar el hilo que motivó el acceso ilegal y no tiene impacto funcional.
	java.lang.IllegalStateException: Acceso ilegal: esta instancia de aplicación web ya ha sido parada.  Could not load [].  La eventual traza de pila que sigue ha sido motivada por un error lanzado con motivos de depuración así como para intentar terminar el hilo que motivó el acceso ilegal y no tiene impacto funcional.
		at org.apache.catalina.loader.WebappClassLoaderBase.checkStateForResourceLoading(WebappClassLoaderBase.java:1248)
		at org.apache.catalina.loader.WebappClassLoaderBase.getResource(WebappClassLoaderBase.java:857)
		at com.mysql.cj.jdbc.AbandonedConnectionCleanupThread.checkThreadContextClassLoader(AbandonedConnectionCleanupThread.java:123)
		at com.mysql.cj.jdbc.AbandonedConnectionCleanupThread.run(AbandonedConnectionCleanupThread.java:90)
		at java.base/java.util.concurrent.ThreadPoolExecutor.runWorker(ThreadPoolExecutor.java:1144)
		at java.base/java.util.concurrent.ThreadPoolExecutor$Worker.run(ThreadPoolExecutor.java:642)
		at java.base/java.lang.Thread.run(Thread.java:1570)
29-Jul-2025 00:27:58.084 INFO [mysql-cj-abandoned-connection-cleanup] org.apache.catalina.loader.WebappClassLoaderBase.checkStateForResourceLoading Acceso ilegal: esta instancia de aplicación web ya ha sido parada.  Could not load [].  La eventual traza de pila que sigue ha sido motivada por un error lanzado con motivos de depuración así como para intentar terminar el hilo que motivó el acceso ilegal y no tiene impacto funcional.
	java.lang.IllegalStateException: Acceso ilegal: esta instancia de aplicación web ya ha sido parada.  Could not load [].  La eventual traza de pila que sigue ha sido motivada por un error lanzado con motivos de depuración así como para intentar terminar el hilo que motivó el acceso ilegal y no tiene impacto funcional.
		at org.apache.catalina.loader.WebappClassLoaderBase.checkStateForResourceLoading(WebappClassLoaderBase.java:1248)
		at org.apache.catalina.loader.WebappClassLoaderBase.getResource(WebappClassLoaderBase.java:857)
		at com.mysql.cj.jdbc.AbandonedConnectionCleanupThread.checkThreadContextClassLoader(AbandonedConnectionCleanupThread.java:123)
		at com.mysql.cj.jdbc.AbandonedConnectionCleanupThread.run(AbandonedConnectionCleanupThread.java:90)
		at java.base/java.util.concurrent.ThreadPoolExecutor.runWorker(ThreadPoolExecutor.java:1144)
		at java.base/java.util.concurrent.ThreadPoolExecutor$Worker.run(ThreadPoolExecutor.java:642)
		at java.base/java.lang.Thread.run(Thread.java:1570)
29-Jul-2025 00:27:58.139 INFO [mysql-cj-abandoned-connection-cleanup] org.apache.catalina.loader.WebappClassLoaderBase.checkStateForResourceLoading Acceso ilegal: esta instancia de aplicación web ya ha sido parada.  Could not load [].  La eventual traza de pila que sigue ha sido motivada por un error lanzado con motivos de depuración así como para intentar terminar el hilo que motivó el acceso ilegal y no tiene impacto funcional.
	java.lang.IllegalStateException: Acceso ilegal: esta instancia de aplicación web ya ha sido parada.  Could not load [].  La eventual traza de pila que sigue ha sido motivada por un error lanzado con motivos de depuración así como para intentar terminar el hilo que motivó el acceso ilegal y no tiene impacto funcional.
		at org.apache.catalina.loader.WebappClassLoaderBase.checkStateForResourceLoading(WebappClassLoaderBase.java:1248)
		at org.apache.catalina.loader.WebappClassLoaderBase.getResource(WebappClassLoaderBase.java:857)
		at com.mysql.cj.jdbc.AbandonedConnectionCleanupThread.checkThreadContextClassLoader(AbandonedConnectionCleanupThread.java:123)
		at com.mysql.cj.jdbc.AbandonedConnectionCleanupThread.run(AbandonedConnectionCleanupThread.java:90)
		at java.base/java.util.concurrent.ThreadPoolExecutor.runWorker(ThreadPoolExecutor.java:1144)
		at java.base/java.util.concurrent.ThreadPoolExecutor$Worker.run(ThreadPoolExecutor.java:642)
		at java.base/java.lang.Thread.run(Thread.java:1570)
29-Jul-2025 00:27:58.139 INFO [mysql-cj-abandoned-connection-cleanup] org.apache.catalina.loader.WebappClassLoaderBase.checkStateForResourceLoading Acceso ilegal: esta instancia de aplicación web ya ha sido parada.  Could not load [].  La eventual traza de pila que sigue ha sido motivada por un error lanzado con motivos de depuración así como para intentar terminar el hilo que motivó el acceso ilegal y no tiene impacto funcional.
	java.lang.IllegalStateException: Acceso ilegal: esta instancia de aplicación web ya ha sido parada.  Could not load [].  La eventual traza de pila que sigue ha sido motivada por un error lanzado con motivos de depuración así como para intentar terminar el hilo que motivó el acceso ilegal y no tiene impacto funcional.
		at org.apache.catalina.loader.WebappClassLoaderBase.checkStateForResourceLoading(WebappClassLoaderBase.java:1248)
		at org.apache.catalina.loader.WebappClassLoaderBase.getResource(WebappClassLoaderBase.java:857)
		at com.mysql.cj.jdbc.AbandonedConnectionCleanupThread.checkThreadContextClassLoader(AbandonedConnectionCleanupThread.java:123)
		at com.mysql.cj.jdbc.AbandonedConnectionCleanupThread.run(AbandonedConnectionCleanupThread.java:90)
		at java.base/java.util.concurrent.ThreadPoolExecutor.runWorker(ThreadPoolExecutor.java:1144)
		at java.base/java.util.concurrent.ThreadPoolExecutor$Worker.run(ThreadPoolExecutor.java:642)
		at java.base/java.lang.Thread.run(Thread.java:1570)
29-Jul-2025 00:27:58.139 INFO [mysql-cj-abandoned-connection-cleanup] org.apache.catalina.loader.WebappClassLoaderBase.checkStateForResourceLoading Acceso ilegal: esta instancia de aplicación web ya ha sido parada.  Could not load [].  La eventual traza de pila que sigue ha sido motivada por un error lanzado con motivos de depuración así como para intentar terminar el hilo que motivó el acceso ilegal y no tiene impacto funcional.
	java.lang.IllegalStateException: Acceso ilegal: esta instancia de aplicación web ya ha sido parada.  Could not load [].  La eventual traza de pila que sigue ha sido motivada por un error lanzado con motivos de depuración así como para intentar terminar el hilo que motivó el acceso ilegal y no tiene impacto funcional.
		at org.apache.catalina.loader.WebappClassLoaderBase.checkStateForResourceLoading(WebappClassLoaderBase.java:1248)
		at org.apache.catalina.loader.WebappClassLoaderBase.getResource(WebappClassLoaderBase.java:857)
		at com.mysql.cj.jdbc.AbandonedConnectionCleanupThread.checkThreadContextClassLoader(AbandonedConnectionCleanupThread.java:123)
		at com.mysql.cj.jdbc.AbandonedConnectionCleanupThread.run(AbandonedConnectionCleanupThread.java:90)
		at java.base/java.util.concurrent.ThreadPoolExecutor.runWorker(ThreadPoolExecutor.java:1144)
		at java.base/java.util.concurrent.ThreadPoolExecutor$Worker.run(ThreadPoolExecutor.java:642)
		at java.base/java.lang.Thread.run(Thread.java:1570)
29-Jul-2025 00:27:58.194 INFO [mysql-cj-abandoned-connection-cleanup] org.apache.catalina.loader.WebappClassLoaderBase.checkStateForResourceLoading Acceso ilegal: esta instancia de aplicación web ya ha sido parada.  Could not load [].  La eventual traza de pila que sigue ha sido motivada por un error lanzado con motivos de depuración así como para intentar terminar el hilo que motivó el acceso ilegal y no tiene impacto funcional.
	java.lang.IllegalStateException: Acceso ilegal: esta instancia de aplicación web ya ha sido parada.  Could not load [].  La eventual traza de pila que sigue ha sido motivada por un error lanzado con motivos de depuración así como para intentar terminar el hilo que motivó el acceso ilegal y no tiene impacto funcional.
		at org.apache.catalina.loader.WebappClassLoaderBase.checkStateForResourceLoading(WebappClassLoaderBase.java:1248)
		at org.apache.catalina.loader.WebappClassLoaderBase.getResource(WebappClassLoaderBase.java:857)
		at com.mysql.cj.jdbc.AbandonedConnectionCleanupThread.checkThreadContextClassLoader(AbandonedConnectionCleanupThread.java:123)
		at com.mysql.cj.jdbc.AbandonedConnectionCleanupThread.run(AbandonedConnectionCleanupThread.java:90)
		at java.base/java.util.concurrent.ThreadPoolExecutor.runWorker(ThreadPoolExecutor.java:1144)
		at java.base/java.util.concurrent.ThreadPoolExecutor$Worker.run(ThreadPoolExecutor.java:642)
		at java.base/java.lang.Thread.run(Thread.java:1570)
29-Jul-2025 00:27:58.195 INFO [mysql-cj-abandoned-connection-cleanup] org.apache.catalina.loader.WebappClassLoaderBase.checkStateForResourceLoading Acceso ilegal: esta instancia de aplicación web ya ha sido parada.  Could not load [].  La eventual traza de pila que sigue ha sido motivada por un error lanzado con motivos de depuración así como para intentar terminar el hilo que motivó el acceso ilegal y no tiene impacto funcional.
	java.lang.IllegalStateException: Acceso ilegal: esta instancia de aplicación web ya ha sido parada.  Could not load [].  La eventual traza de pila que sigue ha sido motivada por un error lanzado con motivos de depuración así como para intentar terminar el hilo que motivó el acceso ilegal y no tiene impacto funcional.
		at org.apache.catalina.loader.WebappClassLoaderBase.checkStateForResourceLoading(WebappClassLoaderBase.java:1248)
		at org.apache.catalina.loader.WebappClassLoaderBase.getResource(WebappClassLoaderBase.java:857)
		at com.mysql.cj.jdbc.AbandonedConnectionCleanupThread.checkThreadContextClassLoader(AbandonedConnectionCleanupThread.java:123)
		at com.mysql.cj.jdbc.AbandonedConnectionCleanupThread.run(AbandonedConnectionCleanupThread.java:90)
		at java.base/java.util.concurrent.ThreadPoolExecutor.runWorker(ThreadPoolExecutor.java:1144)
		at java.base/java.util.concurrent.ThreadPoolExecutor$Worker.run(ThreadPoolExecutor.java:642)
		at java.base/java.lang.Thread.run(Thread.java:1570)
29-Jul-2025 00:27:58.195 INFO [mysql-cj-abandoned-connection-cleanup] org.apache.catalina.loader.WebappClassLoaderBase.checkStateForResourceLoading Acceso ilegal: esta instancia de aplicación web ya ha sido parada.  Could not load [].  La eventual traza de pila que sigue ha sido motivada por un error lanzado con motivos de depuración así como para intentar terminar el hilo que motivó el acceso ilegal y no tiene impacto funcional.
	java.lang.IllegalStateException: Acceso ilegal: esta instancia de aplicación web ya ha sido parada.  Could not load [].  La eventual traza de pila que sigue ha sido motivada por un error lanzado con motivos de depuración así como para intentar terminar el hilo que motivó el acceso ilegal y no tiene impacto funcional.
		at org.apache.catalina.loader.WebappClassLoaderBase.checkStateForResourceLoading(WebappClassLoaderBase.java:1248)
		at org.apache.catalina.loader.WebappClassLoaderBase.getResource(WebappClassLoaderBase.java:857)
		at com.mysql.cj.jdbc.AbandonedConnectionCleanupThread.checkThreadContextClassLoader(AbandonedConnectionCleanupThread.java:123)
		at com.mysql.cj.jdbc.AbandonedConnectionCleanupThread.run(AbandonedConnectionCleanupThread.java:90)
		at java.base/java.util.concurrent.ThreadPoolExecutor.runWorker(ThreadPoolExecutor.java:1144)
		at java.base/java.util.concurrent.ThreadPoolExecutor$Worker.run(ThreadPoolExecutor.java:642)
		at java.base/java.lang.Thread.run(Thread.java:1570)
29-Jul-2025 00:27:58.249 INFO [mysql-cj-abandoned-connection-cleanup] org.apache.catalina.loader.WebappClassLoaderBase.checkStateForResourceLoading Acceso ilegal: esta instancia de aplicación web ya ha sido parada.  Could not load [].  La eventual traza de pila que sigue ha sido motivada por un error lanzado con motivos de depuración así como para intentar terminar el hilo que motivó el acceso ilegal y no tiene impacto funcional.
	java.lang.IllegalStateException: Acceso ilegal: esta instancia de aplicación web ya ha sido parada.  Could not load [].  La eventual traza de pila que sigue ha sido motivada por un error lanzado con motivos de depuración así como para intentar terminar el hilo que motivó el acceso ilegal y no tiene impacto funcional.
		at org.apache.catalina.loader.WebappClassLoaderBase.checkStateForResourceLoading(WebappClassLoaderBase.java:1248)
		at org.apache.catalina.loader.WebappClassLoaderBase.getResource(WebappClassLoaderBase.java:857)
		at com.mysql.cj.jdbc.AbandonedConnectionCleanupThread.checkThreadContextClassLoader(AbandonedConnectionCleanupThread.java:123)
		at com.mysql.cj.jdbc.AbandonedConnectionCleanupThread.run(AbandonedConnectionCleanupThread.java:90)
		at java.base/java.util.concurrent.ThreadPoolExecutor.runWorker(ThreadPoolExecutor.java:1144)
		at java.base/java.util.concurrent.ThreadPoolExecutor$Worker.run(ThreadPoolExecutor.java:642)
		at java.base/java.lang.Thread.run(Thread.java:1570)
29-Jul-2025 00:27:58.249 INFO [mysql-cj-abandoned-connection-cleanup] org.apache.catalina.loader.WebappClassLoaderBase.checkStateForResourceLoading Acceso ilegal: esta instancia de aplicación web ya ha sido parada.  Could not load [].  La eventual traza de pila que sigue ha sido motivada por un error lanzado con motivos de depuración así como para intentar terminar el hilo que motivó el acceso ilegal y no tiene impacto funcional.
	java.lang.IllegalStateException: Acceso ilegal: esta instancia de aplicación web ya ha sido parada.  Could not load [].  La eventual traza de pila que sigue ha sido motivada por un error lanzado con motivos de depuración así como para intentar terminar el hilo que motivó el acceso ilegal y no tiene impacto funcional.
		at org.apache.catalina.loader.WebappClassLoaderBase.checkStateForResourceLoading(WebappClassLoaderBase.java:1248)
		at org.apache.catalina.loader.WebappClassLoaderBase.getResource(WebappClassLoaderBase.java:857)
		at com.mysql.cj.jdbc.AbandonedConnectionCleanupThread.checkThreadContextClassLoader(AbandonedConnectionCleanupThread.java:123)
		at com.mysql.cj.jdbc.AbandonedConnectionCleanupThread.run(AbandonedConnectionCleanupThread.java:90)
		at java.base/java.util.concurrent.ThreadPoolExecutor.runWorker(ThreadPoolExecutor.java:1144)
		at java.base/java.util.concurrent.ThreadPoolExecutor$Worker.run(ThreadPoolExecutor.java:642)
		at java.base/java.lang.Thread.run(Thread.java:1570)
29-Jul-2025 00:27:58.249 INFO [mysql-cj-abandoned-connection-cleanup] org.apache.catalina.loader.WebappClassLoaderBase.checkStateForResourceLoading Acceso ilegal: esta instancia de aplicación web ya ha sido parada.  Could not load [].  La eventual traza de pila que sigue ha sido motivada por un error lanzado con motivos de depuración así como para intentar terminar el hilo que motivó el acceso ilegal y no tiene impacto funcional.
	java.lang.IllegalStateException: Acceso ilegal: esta instancia de aplicación web ya ha sido parada.  Could not load [].  La eventual traza de pila que sigue ha sido motivada por un error lanzado con motivos de depuración así como para intentar terminar el hilo que motivó el acceso ilegal y no tiene impacto funcional.
		at org.apache.catalina.loader.WebappClassLoaderBase.checkStateForResourceLoading(WebappClassLoaderBase.java:1248)
		at org.apache.catalina.loader.WebappClassLoaderBase.getResource(WebappClassLoaderBase.java:857)
		at com.mysql.cj.jdbc.AbandonedConnectionCleanupThread.checkThreadContextClassLoader(AbandonedConnectionCleanupThread.java:123)
		at com.mysql.cj.jdbc.AbandonedConnectionCleanupThread.run(AbandonedConnectionCleanupThread.java:90)
		at java.base/java.util.concurrent.ThreadPoolExecutor.runWorker(ThreadPoolExecutor.java:1144)
		at java.base/java.util.concurrent.ThreadPoolExecutor$Worker.run(ThreadPoolExecutor.java:642)
		at java.base/java.lang.Thread.run(Thread.java:1570)
29-Jul-2025 00:27:58.303 INFO [mysql-cj-abandoned-connection-cleanup] org.apache.catalina.loader.WebappClassLoaderBase.checkStateForResourceLoading Acceso ilegal: esta instancia de aplicación web ya ha sido parada.  Could not load [].  La eventual traza de pila que sigue ha sido motivada por un error lanzado con motivos de depuración así como para intentar terminar el hilo que motivó el acceso ilegal y no tiene impacto funcional.
	java.lang.IllegalStateException: Acceso ilegal: esta instancia de aplicación web ya ha sido parada.  Could not load [].  La eventual traza de pila que sigue ha sido motivada por un error lanzado con motivos de depuración así como para intentar terminar el hilo que motivó el acceso ilegal y no tiene impacto funcional.
		at org.apache.catalina.loader.WebappClassLoaderBase.checkStateForResourceLoading(WebappClassLoaderBase.java:1248)
		at org.apache.catalina.loader.WebappClassLoaderBase.getResource(WebappClassLoaderBase.java:857)
		at com.mysql.cj.jdbc.AbandonedConnectionCleanupThread.checkThreadContextClassLoader(AbandonedConnectionCleanupThread.java:123)
		at com.mysql.cj.jdbc.AbandonedConnectionCleanupThread.run(AbandonedConnectionCleanupThread.java:90)
		at java.base/java.util.concurrent.ThreadPoolExecutor.runWorker(ThreadPoolExecutor.java:1144)
		at java.base/java.util.concurrent.ThreadPoolExecutor$Worker.run(ThreadPoolExecutor.java:642)
		at java.base/java.lang.Thread.run(Thread.java:1570)
29-Jul-2025 00:27:58.303 INFO [mysql-cj-abandoned-connection-cleanup] org.apache.catalina.loader.WebappClassLoaderBase.checkStateForResourceLoading Acceso ilegal: esta instancia de aplicación web ya ha sido parada.  Could not load [].  La eventual traza de pila que sigue ha sido motivada por un error lanzado con motivos de depuración así como para intentar terminar el hilo que motivó el acceso ilegal y no tiene impacto funcional.
	java.lang.IllegalStateException: Acceso ilegal: esta instancia de aplicación web ya ha sido parada.  Could not load [].  La eventual traza de pila que sigue ha sido motivada por un error lanzado con motivos de depuración así como para intentar terminar el hilo que motivó el acceso ilegal y no tiene impacto funcional.
		at org.apache.catalina.loader.WebappClassLoaderBase.checkStateForResourceLoading(WebappClassLoaderBase.java:1248)
		at org.apache.catalina.loader.WebappClassLoaderBase.getResource(WebappClassLoaderBase.java:857)
		at com.mysql.cj.jdbc.AbandonedConnectionCleanupThread.checkThreadContextClassLoader(AbandonedConnectionCleanupThread.java:123)
		at com.mysql.cj.jdbc.AbandonedConnectionCleanupThread.run(AbandonedConnectionCleanupThread.java:90)
		at java.base/java.util.concurrent.ThreadPoolExecutor.runWorker(ThreadPoolExecutor.java:1144)
		at java.base/java.util.concurrent.ThreadPoolExecutor$Worker.run(ThreadPoolExecutor.java:642)
		at java.base/java.lang.Thread.run(Thread.java:1570)
29-Jul-2025 00:27:58.303 INFO [mysql-cj-abandoned-connection-cleanup] org.apache.catalina.loader.WebappClassLoaderBase.checkStateForResourceLoading Acceso ilegal: esta instancia de aplicación web ya ha sido parada.  Could not load [].  La eventual traza de pila que sigue ha sido motivada por un error lanzado con motivos de depuración así como para intentar terminar el hilo que motivó el acceso ilegal y no tiene impacto funcional.
	java.lang.IllegalStateException: Acceso ilegal: esta instancia de aplicación web ya ha sido parada.  Could not load [].  La eventual traza de pila que sigue ha sido motivada por un error lanzado con motivos de depuración así como para intentar terminar el hilo que motivó el acceso ilegal y no tiene impacto funcional.
		at org.apache.catalina.loader.WebappClassLoaderBase.checkStateForResourceLoading(WebappClassLoaderBase.java:1248)
		at org.apache.catalina.loader.WebappClassLoaderBase.getResource(WebappClassLoaderBase.java:857)
		at com.mysql.cj.jdbc.AbandonedConnectionCleanupThread.checkThreadContextClassLoader(AbandonedConnectionCleanupThread.java:123)
		at com.mysql.cj.jdbc.AbandonedConnectionCleanupThread.run(AbandonedConnectionCleanupThread.java:90)
		at java.base/java.util.concurrent.ThreadPoolExecutor.runWorker(ThreadPoolExecutor.java:1144)
		at java.base/java.util.concurrent.ThreadPoolExecutor$Worker.run(ThreadPoolExecutor.java:642)
		at java.base/java.lang.Thread.run(Thread.java:1570)
29-Jul-2025 00:27:58.357 INFO [mysql-cj-abandoned-connection-cleanup] org.apache.catalina.loader.WebappClassLoaderBase.checkStateForResourceLoading Acceso ilegal: esta instancia de aplicación web ya ha sido parada.  Could not load [].  La eventual traza de pila que sigue ha sido motivada por un error lanzado con motivos de depuración así como para intentar terminar el hilo que motivó el acceso ilegal y no tiene impacto funcional.
	java.lang.IllegalStateException: Acceso ilegal: esta instancia de aplicación web ya ha sido parada.  Could not load [].  La eventual traza de pila que sigue ha sido motivada por un error lanzado con motivos de depuración así como para intentar terminar el hilo que motivó el acceso ilegal y no tiene impacto funcional.
		at org.apache.catalina.loader.WebappClassLoaderBase.checkStateForResourceLoading(WebappClassLoaderBase.java:1248)
		at org.apache.catalina.loader.WebappClassLoaderBase.getResource(WebappClassLoaderBase.java:857)
		at com.mysql.cj.jdbc.AbandonedConnectionCleanupThread.checkThreadContextClassLoader(AbandonedConnectionCleanupThread.java:123)
		at com.mysql.cj.jdbc.AbandonedConnectionCleanupThread.run(AbandonedConnectionCleanupThread.java:90)
		at java.base/java.util.concurrent.ThreadPoolExecutor.runWorker(ThreadPoolExecutor.java:1144)
		at java.base/java.util.concurrent.ThreadPoolExecutor$Worker.run(ThreadPoolExecutor.java:642)
		at java.base/java.lang.Thread.run(Thread.java:1570)
29-Jul-2025 00:27:58.358 INFO [mysql-cj-abandoned-connection-cleanup] org.apache.catalina.loader.WebappClassLoaderBase.checkStateForResourceLoading Acceso ilegal: esta instancia de aplicación web ya ha sido parada.  Could not load [].  La eventual traza de pila que sigue ha sido motivada por un error lanzado con motivos de depuración así como para intentar terminar el hilo que motivó el acceso ilegal y no tiene impacto funcional.
	java.lang.IllegalStateException: Acceso ilegal: esta instancia de aplicación web ya ha sido parada.  Could not load [].  La eventual traza de pila que sigue ha sido motivada por un error lanzado con motivos de depuración así como para intentar terminar el hilo que motivó el acceso ilegal y no tiene impacto funcional.
		at org.apache.catalina.loader.WebappClassLoaderBase.checkStateForResourceLoading(WebappClassLoaderBase.java:1248)
		at org.apache.catalina.loader.WebappClassLoaderBase.getResource(WebappClassLoaderBase.java:857)
		at com.mysql.cj.jdbc.AbandonedConnectionCleanupThread.checkThreadContextClassLoader(AbandonedConnectionCleanupThread.java:123)
		at com.mysql.cj.jdbc.AbandonedConnectionCleanupThread.run(AbandonedConnectionCleanupThread.java:90)
		at java.base/java.util.concurrent.ThreadPoolExecutor.runWorker(ThreadPoolExecutor.java:1144)
		at java.base/java.util.concurrent.ThreadPoolExecutor$Worker.run(ThreadPoolExecutor.java:642)
		at java.base/java.lang.Thread.run(Thread.java:1570)
29-Jul-2025 00:27:58.358 INFO [mysql-cj-abandoned-connection-cleanup] org.apache.catalina.loader.WebappClassLoaderBase.checkStateForResourceLoading Acceso ilegal: esta instancia de aplicación web ya ha sido parada.  Could not load [].  La eventual traza de pila que sigue ha sido motivada por un error lanzado con motivos de depuración así como para intentar terminar el hilo que motivó el acceso ilegal y no tiene impacto funcional.
	java.lang.IllegalStateException: Acceso ilegal: esta instancia de aplicación web ya ha sido parada.  Could not load [].  La eventual traza de pila que sigue ha sido motivada por un error lanzado con motivos de depuración así como para intentar terminar el hilo que motivó el acceso ilegal y no tiene impacto funcional.
		at org.apache.catalina.loader.WebappClassLoaderBase.checkStateForResourceLoading(WebappClassLoaderBase.java:1248)
		at org.apache.catalina.loader.WebappClassLoaderBase.getResource(WebappClassLoaderBase.java:857)
		at com.mysql.cj.jdbc.AbandonedConnectionCleanupThread.checkThreadContextClassLoader(AbandonedConnectionCleanupThread.java:123)
		at com.mysql.cj.jdbc.AbandonedConnectionCleanupThread.run(AbandonedConnectionCleanupThread.java:90)
		at java.base/java.util.concurrent.ThreadPoolExecutor.runWorker(ThreadPoolExecutor.java:1144)
		at java.base/java.util.concurrent.ThreadPoolExecutor$Worker.run(ThreadPoolExecutor.java:642)
		at java.base/java.lang.Thread.run(Thread.java:1570)
29-Jul-2025 00:27:58.387 INFO [http-nio-8080-exec-16] org.apache.jasper.servlet.TldScanner.scanJars Al menos un JAR, que se ha explorado buscando TLDs, aún no contenía TLDs. Activar historial de depuración para este historiador para una completa lista de los JARs que fueron explorados y de los que nos se halló TLDs. Saltarse JARs no necesarios durante la exploración puede dar lugar a una mejora de tiempo significativa en el arranque y compilación de JSP .
29-Jul-2025 00:27:58.412 INFO [mysql-cj-abandoned-connection-cleanup] org.apache.catalina.loader.WebappClassLoaderBase.checkStateForResourceLoading Acceso ilegal: esta instancia de aplicación web ya ha sido parada.  Could not load [].  La eventual traza de pila que sigue ha sido motivada por un error lanzado con motivos de depuración así como para intentar terminar el hilo que motivó el acceso ilegal y no tiene impacto funcional.
	java.lang.IllegalStateException: Acceso ilegal: esta instancia de aplicación web ya ha sido parada.  Could not load [].  La eventual traza de pila que sigue ha sido motivada por un error lanzado con motivos de depuración así como para intentar terminar el hilo que motivó el acceso ilegal y no tiene impacto funcional.
		at org.apache.catalina.loader.WebappClassLoaderBase.checkStateForResourceLoading(WebappClassLoaderBase.java:1248)
		at org.apache.catalina.loader.WebappClassLoaderBase.getResource(WebappClassLoaderBase.java:857)
		at com.mysql.cj.jdbc.AbandonedConnectionCleanupThread.checkThreadContextClassLoader(AbandonedConnectionCleanupThread.java:123)
		at com.mysql.cj.jdbc.AbandonedConnectionCleanupThread.run(AbandonedConnectionCleanupThread.java:90)
		at java.base/java.util.concurrent.ThreadPoolExecutor.runWorker(ThreadPoolExecutor.java:1144)
		at java.base/java.util.concurrent.ThreadPoolExecutor$Worker.run(ThreadPoolExecutor.java:642)
		at java.base/java.lang.Thread.run(Thread.java:1570)
29-Jul-2025 00:27:58.412 INFO [mysql-cj-abandoned-connection-cleanup] org.apache.catalina.loader.WebappClassLoaderBase.checkStateForResourceLoading Acceso ilegal: esta instancia de aplicación web ya ha sido parada.  Could not load [].  La eventual traza de pila que sigue ha sido motivada por un error lanzado con motivos de depuración así como para intentar terminar el hilo que motivó el acceso ilegal y no tiene impacto funcional.
	java.lang.IllegalStateException: Acceso ilegal: esta instancia de aplicación web ya ha sido parada.  Could not load [].  La eventual traza de pila que sigue ha sido motivada por un error lanzado con motivos de depuración así como para intentar terminar el hilo que motivó el acceso ilegal y no tiene impacto funcional.
		at org.apache.catalina.loader.WebappClassLoaderBase.checkStateForResourceLoading(WebappClassLoaderBase.java:1248)
		at org.apache.catalina.loader.WebappClassLoaderBase.getResource(WebappClassLoaderBase.java:857)
		at com.mysql.cj.jdbc.AbandonedConnectionCleanupThread.checkThreadContextClassLoader(AbandonedConnectionCleanupThread.java:123)
		at com.mysql.cj.jdbc.AbandonedConnectionCleanupThread.run(AbandonedConnectionCleanupThread.java:90)
		at java.base/java.util.concurrent.ThreadPoolExecutor.runWorker(ThreadPoolExecutor.java:1144)
		at java.base/java.util.concurrent.ThreadPoolExecutor$Worker.run(ThreadPoolExecutor.java:642)
		at java.base/java.lang.Thread.run(Thread.java:1570)
29-Jul-2025 00:27:58.412 INFO [mysql-cj-abandoned-connection-cleanup] org.apache.catalina.loader.WebappClassLoaderBase.checkStateForResourceLoading Acceso ilegal: esta instancia de aplicación web ya ha sido parada.  Could not load [].  La eventual traza de pila que sigue ha sido motivada por un error lanzado con motivos de depuración así como para intentar terminar el hilo que motivó el acceso ilegal y no tiene impacto funcional.
	java.lang.IllegalStateException: Acceso ilegal: esta instancia de aplicación web ya ha sido parada.  Could not load [].  La eventual traza de pila que sigue ha sido motivada por un error lanzado con motivos de depuración así como para intentar terminar el hilo que motivó el acceso ilegal y no tiene impacto funcional.
		at org.apache.catalina.loader.WebappClassLoaderBase.checkStateForResourceLoading(WebappClassLoaderBase.java:1248)
		at org.apache.catalina.loader.WebappClassLoaderBase.getResource(WebappClassLoaderBase.java:857)
		at com.mysql.cj.jdbc.AbandonedConnectionCleanupThread.checkThreadContextClassLoader(AbandonedConnectionCleanupThread.java:123)
		at com.mysql.cj.jdbc.AbandonedConnectionCleanupThread.run(AbandonedConnectionCleanupThread.java:90)
		at java.base/java.util.concurrent.ThreadPoolExecutor.runWorker(ThreadPoolExecutor.java:1144)
		at java.base/java.util.concurrent.ThreadPoolExecutor$Worker.run(ThreadPoolExecutor.java:642)
		at java.base/java.lang.Thread.run(Thread.java:1570)
29-Jul-2025 00:27:58.474 INFO [mysql-cj-abandoned-connection-cleanup] org.apache.catalina.loader.WebappClassLoaderBase.checkStateForResourceLoading Acceso ilegal: esta instancia de aplicación web ya ha sido parada.  Could not load [].  La eventual traza de pila que sigue ha sido motivada por un error lanzado con motivos de depuración así como para intentar terminar el hilo que motivó el acceso ilegal y no tiene impacto funcional.
	java.lang.IllegalStateException: Acceso ilegal: esta instancia de aplicación web ya ha sido parada.  Could not load [].  La eventual traza de pila que sigue ha sido motivada por un error lanzado con motivos de depuración así como para intentar terminar el hilo que motivó el acceso ilegal y no tiene impacto funcional.
		at org.apache.catalina.loader.WebappClassLoaderBase.checkStateForResourceLoading(WebappClassLoaderBase.java:1248)
		at org.apache.catalina.loader.WebappClassLoaderBase.getResource(WebappClassLoaderBase.java:857)
		at com.mysql.cj.jdbc.AbandonedConnectionCleanupThread.checkThreadContextClassLoader(AbandonedConnectionCleanupThread.java:123)
		at com.mysql.cj.jdbc.AbandonedConnectionCleanupThread.run(AbandonedConnectionCleanupThread.java:90)
		at java.base/java.util.concurrent.ThreadPoolExecutor.runWorker(ThreadPoolExecutor.java:1144)
		at java.base/java.util.concurrent.ThreadPoolExecutor$Worker.run(ThreadPoolExecutor.java:642)
		at java.base/java.lang.Thread.run(Thread.java:1570)
29-Jul-2025 00:27:58.475 INFO [mysql-cj-abandoned-connection-cleanup] org.apache.catalina.loader.WebappClassLoaderBase.checkStateForResourceLoading Acceso ilegal: esta instancia de aplicación web ya ha sido parada.  Could not load [].  La eventual traza de pila que sigue ha sido motivada por un error lanzado con motivos de depuración así como para intentar terminar el hilo que motivó el acceso ilegal y no tiene impacto funcional.
	java.lang.IllegalStateException: Acceso ilegal: esta instancia de aplicación web ya ha sido parada.  Could not load [].  La eventual traza de pila que sigue ha sido motivada por un error lanzado con motivos de depuración así como para intentar terminar el hilo que motivó el acceso ilegal y no tiene impacto funcional.
		at org.apache.catalina.loader.WebappClassLoaderBase.checkStateForResourceLoading(WebappClassLoaderBase.java:1248)
		at org.apache.catalina.loader.WebappClassLoaderBase.getResource(WebappClassLoaderBase.java:857)
		at com.mysql.cj.jdbc.AbandonedConnectionCleanupThread.checkThreadContextClassLoader(AbandonedConnectionCleanupThread.java:123)
		at com.mysql.cj.jdbc.AbandonedConnectionCleanupThread.run(AbandonedConnectionCleanupThread.java:90)
		at java.base/java.util.concurrent.ThreadPoolExecutor.runWorker(ThreadPoolExecutor.java:1144)
		at java.base/java.util.concurrent.ThreadPoolExecutor$Worker.run(ThreadPoolExecutor.java:642)
		at java.base/java.lang.Thread.run(Thread.java:1570)
29-Jul-2025 00:27:58.475 INFO [mysql-cj-abandoned-connection-cleanup] org.apache.catalina.loader.WebappClassLoaderBase.checkStateForResourceLoading Acceso ilegal: esta instancia de aplicación web ya ha sido parada.  Could not load [].  La eventual traza de pila que sigue ha sido motivada por un error lanzado con motivos de depuración así como para intentar terminar el hilo que motivó el acceso ilegal y no tiene impacto funcional.
	java.lang.IllegalStateException: Acceso ilegal: esta instancia de aplicación web ya ha sido parada.  Could not load [].  La eventual traza de pila que sigue ha sido motivada por un error lanzado con motivos de depuración así como para intentar terminar el hilo que motivó el acceso ilegal y no tiene impacto funcional.
		at org.apache.catalina.loader.WebappClassLoaderBase.checkStateForResourceLoading(WebappClassLoaderBase.java:1248)
		at org.apache.catalina.loader.WebappClassLoaderBase.getResource(WebappClassLoaderBase.java:857)
		at com.mysql.cj.jdbc.AbandonedConnectionCleanupThread.checkThreadContextClassLoader(AbandonedConnectionCleanupThread.java:123)
		at com.mysql.cj.jdbc.AbandonedConnectionCleanupThread.run(AbandonedConnectionCleanupThread.java:90)
		at java.base/java.util.concurrent.ThreadPoolExecutor.runWorker(ThreadPoolExecutor.java:1144)
		at java.base/java.util.concurrent.ThreadPoolExecutor$Worker.run(ThreadPoolExecutor.java:642)
		at java.base/java.lang.Thread.run(Thread.java:1570)
29-Jul-2025 00:27:58.528 INFO [mysql-cj-abandoned-connection-cleanup] org.apache.catalina.loader.WebappClassLoaderBase.checkStateForResourceLoading Acceso ilegal: esta instancia de aplicación web ya ha sido parada.  Could not load [].  La eventual traza de pila que sigue ha sido motivada por un error lanzado con motivos de depuración así como para intentar terminar el hilo que motivó el acceso ilegal y no tiene impacto funcional.
	java.lang.IllegalStateException: Acceso ilegal: esta instancia de aplicación web ya ha sido parada.  Could not load [].  La eventual traza de pila que sigue ha sido motivada por un error lanzado con motivos de depuración así como para intentar terminar el hilo que motivó el acceso ilegal y no tiene impacto funcional.
		at org.apache.catalina.loader.WebappClassLoaderBase.checkStateForResourceLoading(WebappClassLoaderBase.java:1248)
		at org.apache.catalina.loader.WebappClassLoaderBase.getResource(WebappClassLoaderBase.java:857)
		at com.mysql.cj.jdbc.AbandonedConnectionCleanupThread.checkThreadContextClassLoader(AbandonedConnectionCleanupThread.java:123)
		at com.mysql.cj.jdbc.AbandonedConnectionCleanupThread.run(AbandonedConnectionCleanupThread.java:90)
		at java.base/java.util.concurrent.ThreadPoolExecutor.runWorker(ThreadPoolExecutor.java:1144)
		at java.base/java.util.concurrent.ThreadPoolExecutor$Worker.run(ThreadPoolExecutor.java:642)
		at java.base/java.lang.Thread.run(Thread.java:1570)
29-Jul-2025 00:27:58.529 INFO [mysql-cj-abandoned-connection-cleanup] org.apache.catalina.loader.WebappClassLoaderBase.checkStateForResourceLoading Acceso ilegal: esta instancia de aplicación web ya ha sido parada.  Could not load [].  La eventual traza de pila que sigue ha sido motivada por un error lanzado con motivos de depuración así como para intentar terminar el hilo que motivó el acceso ilegal y no tiene impacto funcional.
	java.lang.IllegalStateException: Acceso ilegal: esta instancia de aplicación web ya ha sido parada.  Could not load [].  La eventual traza de pila que sigue ha sido motivada por un error lanzado con motivos de depuración así como para intentar terminar el hilo que motivó el acceso ilegal y no tiene impacto funcional.
		at org.apache.catalina.loader.WebappClassLoaderBase.checkStateForResourceLoading(WebappClassLoaderBase.java:1248)
		at org.apache.catalina.loader.WebappClassLoaderBase.getResource(WebappClassLoaderBase.java:857)
		at com.mysql.cj.jdbc.AbandonedConnectionCleanupThread.checkThreadContextClassLoader(AbandonedConnectionCleanupThread.java:123)
		at com.mysql.cj.jdbc.AbandonedConnectionCleanupThread.run(AbandonedConnectionCleanupThread.java:90)
		at java.base/java.util.concurrent.ThreadPoolExecutor.runWorker(ThreadPoolExecutor.java:1144)
		at java.base/java.util.concurrent.ThreadPoolExecutor$Worker.run(ThreadPoolExecutor.java:642)
		at java.base/java.lang.Thread.run(Thread.java:1570)
29-Jul-2025 00:27:58.529 INFO [mysql-cj-abandoned-connection-cleanup] org.apache.catalina.loader.WebappClassLoaderBase.checkStateForResourceLoading Acceso ilegal: esta instancia de aplicación web ya ha sido parada.  Could not load [].  La eventual traza de pila que sigue ha sido motivada por un error lanzado con motivos de depuración así como para intentar terminar el hilo que motivó el acceso ilegal y no tiene impacto funcional.
	java.lang.IllegalStateException: Acceso ilegal: esta instancia de aplicación web ya ha sido parada.  Could not load [].  La eventual traza de pila que sigue ha sido motivada por un error lanzado con motivos de depuración así como para intentar terminar el hilo que motivó el acceso ilegal y no tiene impacto funcional.
		at org.apache.catalina.loader.WebappClassLoaderBase.checkStateForResourceLoading(WebappClassLoaderBase.java:1248)
		at org.apache.catalina.loader.WebappClassLoaderBase.getResource(WebappClassLoaderBase.java:857)
		at com.mysql.cj.jdbc.AbandonedConnectionCleanupThread.checkThreadContextClassLoader(AbandonedConnectionCleanupThread.java:123)
		at com.mysql.cj.jdbc.AbandonedConnectionCleanupThread.run(AbandonedConnectionCleanupThread.java:90)
		at java.base/java.util.concurrent.ThreadPoolExecutor.runWorker(ThreadPoolExecutor.java:1144)
		at java.base/java.util.concurrent.ThreadPoolExecutor$Worker.run(ThreadPoolExecutor.java:642)
		at java.base/java.lang.Thread.run(Thread.java:1570)
29-Jul-2025 00:27:58.595 INFO [mysql-cj-abandoned-connection-cleanup] org.apache.catalina.loader.WebappClassLoaderBase.checkStateForResourceLoading Acceso ilegal: esta instancia de aplicación web ya ha sido parada.  Could not load [].  La eventual traza de pila que sigue ha sido motivada por un error lanzado con motivos de depuración así como para intentar terminar el hilo que motivó el acceso ilegal y no tiene impacto funcional.
	java.lang.IllegalStateException: Acceso ilegal: esta instancia de aplicación web ya ha sido parada.  Could not load [].  La eventual traza de pila que sigue ha sido motivada por un error lanzado con motivos de depuración así como para intentar terminar el hilo que motivó el acceso ilegal y no tiene impacto funcional.
		at org.apache.catalina.loader.WebappClassLoaderBase.checkStateForResourceLoading(WebappClassLoaderBase.java:1248)
		at org.apache.catalina.loader.WebappClassLoaderBase.getResource(WebappClassLoaderBase.java:857)
		at com.mysql.cj.jdbc.AbandonedConnectionCleanupThread.checkThreadContextClassLoader(AbandonedConnectionCleanupThread.java:123)
		at com.mysql.cj.jdbc.AbandonedConnectionCleanupThread.run(AbandonedConnectionCleanupThread.java:90)
		at java.base/java.util.concurrent.ThreadPoolExecutor.runWorker(ThreadPoolExecutor.java:1144)
		at java.base/java.util.concurrent.ThreadPoolExecutor$Worker.run(ThreadPoolExecutor.java:642)
		at java.base/java.lang.Thread.run(Thread.java:1570)
29-Jul-2025 00:27:58.595 INFO [mysql-cj-abandoned-connection-cleanup] org.apache.catalina.loader.WebappClassLoaderBase.checkStateForResourceLoading Acceso ilegal: esta instancia de aplicación web ya ha sido parada.  Could not load [].  La eventual traza de pila que sigue ha sido motivada por un error lanzado con motivos de depuración así como para intentar terminar el hilo que motivó el acceso ilegal y no tiene impacto funcional.
	java.lang.IllegalStateException: Acceso ilegal: esta instancia de aplicación web ya ha sido parada.  Could not load [].  La eventual traza de pila que sigue ha sido motivada por un error lanzado con motivos de depuración así como para intentar terminar el hilo que motivó el acceso ilegal y no tiene impacto funcional.
		at org.apache.catalina.loader.WebappClassLoaderBase.checkStateForResourceLoading(WebappClassLoaderBase.java:1248)
		at org.apache.catalina.loader.WebappClassLoaderBase.getResource(WebappClassLoaderBase.java:857)
		at com.mysql.cj.jdbc.AbandonedConnectionCleanupThread.checkThreadContextClassLoader(AbandonedConnectionCleanupThread.java:123)
		at com.mysql.cj.jdbc.AbandonedConnectionCleanupThread.run(AbandonedConnectionCleanupThread.java:90)
		at java.base/java.util.concurrent.ThreadPoolExecutor.runWorker(ThreadPoolExecutor.java:1144)
		at java.base/java.util.concurrent.ThreadPoolExecutor$Worker.run(ThreadPoolExecutor.java:642)
		at java.base/java.lang.Thread.run(Thread.java:1570)
29-Jul-2025 00:27:58.595 INFO [mysql-cj-abandoned-connection-cleanup] org.apache.catalina.loader.WebappClassLoaderBase.checkStateForResourceLoading Acceso ilegal: esta instancia de aplicación web ya ha sido parada.  Could not load [].  La eventual traza de pila que sigue ha sido motivada por un error lanzado con motivos de depuración así como para intentar terminar el hilo que motivó el acceso ilegal y no tiene impacto funcional.
	java.lang.IllegalStateException: Acceso ilegal: esta instancia de aplicación web ya ha sido parada.  Could not load [].  La eventual traza de pila que sigue ha sido motivada por un error lanzado con motivos de depuración así como para intentar terminar el hilo que motivó el acceso ilegal y no tiene impacto funcional.
		at org.apache.catalina.loader.WebappClassLoaderBase.checkStateForResourceLoading(WebappClassLoaderBase.java:1248)
		at org.apache.catalina.loader.WebappClassLoaderBase.getResource(WebappClassLoaderBase.java:857)
		at com.mysql.cj.jdbc.AbandonedConnectionCleanupThread.checkThreadContextClassLoader(AbandonedConnectionCleanupThread.java:123)
		at com.mysql.cj.jdbc.AbandonedConnectionCleanupThread.run(AbandonedConnectionCleanupThread.java:90)
		at java.base/java.util.concurrent.ThreadPoolExecutor.runWorker(ThreadPoolExecutor.java:1144)
		at java.base/java.util.concurrent.ThreadPoolExecutor$Worker.run(ThreadPoolExecutor.java:642)
		at java.base/java.lang.Thread.run(Thread.java:1570)
29-Jul-2025 00:27:58.650 INFO [mysql-cj-abandoned-connection-cleanup] org.apache.catalina.loader.WebappClassLoaderBase.checkStateForResourceLoading Acceso ilegal: esta instancia de aplicación web ya ha sido parada.  Could not load [].  La eventual traza de pila que sigue ha sido motivada por un error lanzado con motivos de depuración así como para intentar terminar el hilo que motivó el acceso ilegal y no tiene impacto funcional.
	java.lang.IllegalStateException: Acceso ilegal: esta instancia de aplicación web ya ha sido parada.  Could not load [].  La eventual traza de pila que sigue ha sido motivada por un error lanzado con motivos de depuración así como para intentar terminar el hilo que motivó el acceso ilegal y no tiene impacto funcional.
		at org.apache.catalina.loader.WebappClassLoaderBase.checkStateForResourceLoading(WebappClassLoaderBase.java:1248)
		at org.apache.catalina.loader.WebappClassLoaderBase.getResource(WebappClassLoaderBase.java:857)
		at com.mysql.cj.jdbc.AbandonedConnectionCleanupThread.checkThreadContextClassLoader(AbandonedConnectionCleanupThread.java:123)
		at com.mysql.cj.jdbc.AbandonedConnectionCleanupThread.run(AbandonedConnectionCleanupThread.java:90)
		at java.base/java.util.concurrent.ThreadPoolExecutor.runWorker(ThreadPoolExecutor.java:1144)
		at java.base/java.util.concurrent.ThreadPoolExecutor$Worker.run(ThreadPoolExecutor.java:642)
		at java.base/java.lang.Thread.run(Thread.java:1570)
29-Jul-2025 00:27:58.650 INFO [mysql-cj-abandoned-connection-cleanup] org.apache.catalina.loader.WebappClassLoaderBase.checkStateForResourceLoading Acceso ilegal: esta instancia de aplicación web ya ha sido parada.  Could not load [].  La eventual traza de pila que sigue ha sido motivada por un error lanzado con motivos de depuración así como para intentar terminar el hilo que motivó el acceso ilegal y no tiene impacto funcional.
	java.lang.IllegalStateException: Acceso ilegal: esta instancia de aplicación web ya ha sido parada.  Could not load [].  La eventual traza de pila que sigue ha sido motivada por un error lanzado con motivos de depuración así como para intentar terminar el hilo que motivó el acceso ilegal y no tiene impacto funcional.
		at org.apache.catalina.loader.WebappClassLoaderBase.checkStateForResourceLoading(WebappClassLoaderBase.java:1248)
		at org.apache.catalina.loader.WebappClassLoaderBase.getResource(WebappClassLoaderBase.java:857)
		at com.mysql.cj.jdbc.AbandonedConnectionCleanupThread.checkThreadContextClassLoader(AbandonedConnectionCleanupThread.java:123)
		at com.mysql.cj.jdbc.AbandonedConnectionCleanupThread.run(AbandonedConnectionCleanupThread.java:90)
		at java.base/java.util.concurrent.ThreadPoolExecutor.runWorker(ThreadPoolExecutor.java:1144)
		at java.base/java.util.concurrent.ThreadPoolExecutor$Worker.run(ThreadPoolExecutor.java:642)
		at java.base/java.lang.Thread.run(Thread.java:1570)
29-Jul-2025 00:27:58.651 INFO [mysql-cj-abandoned-connection-cleanup] org.apache.catalina.loader.WebappClassLoaderBase.checkStateForResourceLoading Acceso ilegal: esta instancia de aplicación web ya ha sido parada.  Could not load [].  La eventual traza de pila que sigue ha sido motivada por un error lanzado con motivos de depuración así como para intentar terminar el hilo que motivó el acceso ilegal y no tiene impacto funcional.
	java.lang.IllegalStateException: Acceso ilegal: esta instancia de aplicación web ya ha sido parada.  Could not load [].  La eventual traza de pila que sigue ha sido motivada por un error lanzado con motivos de depuración así como para intentar terminar el hilo que motivó el acceso ilegal y no tiene impacto funcional.
		at org.apache.catalina.loader.WebappClassLoaderBase.checkStateForResourceLoading(WebappClassLoaderBase.java:1248)
		at org.apache.catalina.loader.WebappClassLoaderBase.getResource(WebappClassLoaderBase.java:857)
		at com.mysql.cj.jdbc.AbandonedConnectionCleanupThread.checkThreadContextClassLoader(AbandonedConnectionCleanupThread.java:123)
		at com.mysql.cj.jdbc.AbandonedConnectionCleanupThread.run(AbandonedConnectionCleanupThread.java:90)
		at java.base/java.util.concurrent.ThreadPoolExecutor.runWorker(ThreadPoolExecutor.java:1144)
		at java.base/java.util.concurrent.ThreadPoolExecutor$Worker.run(ThreadPoolExecutor.java:642)
		at java.base/java.lang.Thread.run(Thread.java:1570)
29-Jul-2025 00:27:58.715 INFO [mysql-cj-abandoned-connection-cleanup] org.apache.catalina.loader.WebappClassLoaderBase.checkStateForResourceLoading Acceso ilegal: esta instancia de aplicación web ya ha sido parada.  Could not load [].  La eventual traza de pila que sigue ha sido motivada por un error lanzado con motivos de depuración así como para intentar terminar el hilo que motivó el acceso ilegal y no tiene impacto funcional.
	java.lang.IllegalStateException: Acceso ilegal: esta instancia de aplicación web ya ha sido parada.  Could not load [].  La eventual traza de pila que sigue ha sido motivada por un error lanzado con motivos de depuración así como para intentar terminar el hilo que motivó el acceso ilegal y no tiene impacto funcional.
		at org.apache.catalina.loader.WebappClassLoaderBase.checkStateForResourceLoading(WebappClassLoaderBase.java:1248)
		at org.apache.catalina.loader.WebappClassLoaderBase.getResource(WebappClassLoaderBase.java:857)
		at com.mysql.cj.jdbc.AbandonedConnectionCleanupThread.checkThreadContextClassLoader(AbandonedConnectionCleanupThread.java:123)
		at com.mysql.cj.jdbc.AbandonedConnectionCleanupThread.run(AbandonedConnectionCleanupThread.java:90)
		at java.base/java.util.concurrent.ThreadPoolExecutor.runWorker(ThreadPoolExecutor.java:1144)
		at java.base/java.util.concurrent.ThreadPoolExecutor$Worker.run(ThreadPoolExecutor.java:642)
		at java.base/java.lang.Thread.run(Thread.java:1570)
29-Jul-2025 00:27:58.715 INFO [mysql-cj-abandoned-connection-cleanup] org.apache.catalina.loader.WebappClassLoaderBase.checkStateForResourceLoading Acceso ilegal: esta instancia de aplicación web ya ha sido parada.  Could not load [].  La eventual traza de pila que sigue ha sido motivada por un error lanzado con motivos de depuración así como para intentar terminar el hilo que motivó el acceso ilegal y no tiene impacto funcional.
	java.lang.IllegalStateException: Acceso ilegal: esta instancia de aplicación web ya ha sido parada.  Could not load [].  La eventual traza de pila que sigue ha sido motivada por un error lanzado con motivos de depuración así como para intentar terminar el hilo que motivó el acceso ilegal y no tiene impacto funcional.
		at org.apache.catalina.loader.WebappClassLoaderBase.checkStateForResourceLoading(WebappClassLoaderBase.java:1248)
		at org.apache.catalina.loader.WebappClassLoaderBase.getResource(WebappClassLoaderBase.java:857)
		at com.mysql.cj.jdbc.AbandonedConnectionCleanupThread.checkThreadContextClassLoader(AbandonedConnectionCleanupThread.java:123)
		at com.mysql.cj.jdbc.AbandonedConnectionCleanupThread.run(AbandonedConnectionCleanupThread.java:90)
		at java.base/java.util.concurrent.ThreadPoolExecutor.runWorker(ThreadPoolExecutor.java:1144)
		at java.base/java.util.concurrent.ThreadPoolExecutor$Worker.run(ThreadPoolExecutor.java:642)
		at java.base/java.lang.Thread.run(Thread.java:1570)
29-Jul-2025 00:27:58.715 INFO [mysql-cj-abandoned-connection-cleanup] org.apache.catalina.loader.WebappClassLoaderBase.checkStateForResourceLoading Acceso ilegal: esta instancia de aplicación web ya ha sido parada.  Could not load [].  La eventual traza de pila que sigue ha sido motivada por un error lanzado con motivos de depuración así como para intentar terminar el hilo que motivó el acceso ilegal y no tiene impacto funcional.
	java.lang.IllegalStateException: Acceso ilegal: esta instancia de aplicación web ya ha sido parada.  Could not load [].  La eventual traza de pila que sigue ha sido motivada por un error lanzado con motivos de depuración así como para intentar terminar el hilo que motivó el acceso ilegal y no tiene impacto funcional.
		at org.apache.catalina.loader.WebappClassLoaderBase.checkStateForResourceLoading(WebappClassLoaderBase.java:1248)
		at org.apache.catalina.loader.WebappClassLoaderBase.getResource(WebappClassLoaderBase.java:857)
		at com.mysql.cj.jdbc.AbandonedConnectionCleanupThread.checkThreadContextClassLoader(AbandonedConnectionCleanupThread.java:123)
		at com.mysql.cj.jdbc.AbandonedConnectionCleanupThread.run(AbandonedConnectionCleanupThread.java:90)
		at java.base/java.util.concurrent.ThreadPoolExecutor.runWorker(ThreadPoolExecutor.java:1144)
		at java.base/java.util.concurrent.ThreadPoolExecutor$Worker.run(ThreadPoolExecutor.java:642)
		at java.base/java.lang.Thread.run(Thread.java:1570)
29-Jul-2025 00:27:58.769 INFO [mysql-cj-abandoned-connection-cleanup] org.apache.catalina.loader.WebappClassLoaderBase.checkStateForResourceLoading Acceso ilegal: esta instancia de aplicación web ya ha sido parada.  Could not load [].  La eventual traza de pila que sigue ha sido motivada por un error lanzado con motivos de depuración así como para intentar terminar el hilo que motivó el acceso ilegal y no tiene impacto funcional.
	java.lang.IllegalStateException: Acceso ilegal: esta instancia de aplicación web ya ha sido parada.  Could not load [].  La eventual traza de pila que sigue ha sido motivada por un error lanzado con motivos de depuración así como para intentar terminar el hilo que motivó el acceso ilegal y no tiene impacto funcional.
		at org.apache.catalina.loader.WebappClassLoaderBase.checkStateForResourceLoading(WebappClassLoaderBase.java:1248)
		at org.apache.catalina.loader.WebappClassLoaderBase.getResource(WebappClassLoaderBase.java:857)
		at com.mysql.cj.jdbc.AbandonedConnectionCleanupThread.checkThreadContextClassLoader(AbandonedConnectionCleanupThread.java:123)
		at com.mysql.cj.jdbc.AbandonedConnectionCleanupThread.run(AbandonedConnectionCleanupThread.java:90)
		at java.base/java.util.concurrent.ThreadPoolExecutor.runWorker(ThreadPoolExecutor.java:1144)
		at java.base/java.util.concurrent.ThreadPoolExecutor$Worker.run(ThreadPoolExecutor.java:642)
		at java.base/java.lang.Thread.run(Thread.java:1570)
29-Jul-2025 00:27:58.769 INFO [mysql-cj-abandoned-connection-cleanup] org.apache.catalina.loader.WebappClassLoaderBase.checkStateForResourceLoading Acceso ilegal: esta instancia de aplicación web ya ha sido parada.  Could not load [].  La eventual traza de pila que sigue ha sido motivada por un error lanzado con motivos de depuración así como para intentar terminar el hilo que motivó el acceso ilegal y no tiene impacto funcional.
	java.lang.IllegalStateException: Acceso ilegal: esta instancia de aplicación web ya ha sido parada.  Could not load [].  La eventual traza de pila que sigue ha sido motivada por un error lanzado con motivos de depuración así como para intentar terminar el hilo que motivó el acceso ilegal y no tiene impacto funcional.
		at org.apache.catalina.loader.WebappClassLoaderBase.checkStateForResourceLoading(WebappClassLoaderBase.java:1248)
		at org.apache.catalina.loader.WebappClassLoaderBase.getResource(WebappClassLoaderBase.java:857)
		at com.mysql.cj.jdbc.AbandonedConnectionCleanupThread.checkThreadContextClassLoader(AbandonedConnectionCleanupThread.java:123)
		at com.mysql.cj.jdbc.AbandonedConnectionCleanupThread.run(AbandonedConnectionCleanupThread.java:90)
		at java.base/java.util.concurrent.ThreadPoolExecutor.runWorker(ThreadPoolExecutor.java:1144)
		at java.base/java.util.concurrent.ThreadPoolExecutor$Worker.run(ThreadPoolExecutor.java:642)
		at java.base/java.lang.Thread.run(Thread.java:1570)
29-Jul-2025 00:27:58.769 INFO [mysql-cj-abandoned-connection-cleanup] org.apache.catalina.loader.WebappClassLoaderBase.checkStateForResourceLoading Acceso ilegal: esta instancia de aplicación web ya ha sido parada.  Could not load [].  La eventual traza de pila que sigue ha sido motivada por un error lanzado con motivos de depuración así como para intentar terminar el hilo que motivó el acceso ilegal y no tiene impacto funcional.
	java.lang.IllegalStateException: Acceso ilegal: esta instancia de aplicación web ya ha sido parada.  Could not load [].  La eventual traza de pila que sigue ha sido motivada por un error lanzado con motivos de depuración así como para intentar terminar el hilo que motivó el acceso ilegal y no tiene impacto funcional.
		at org.apache.catalina.loader.WebappClassLoaderBase.checkStateForResourceLoading(WebappClassLoaderBase.java:1248)
		at org.apache.catalina.loader.WebappClassLoaderBase.getResource(WebappClassLoaderBase.java:857)
		at com.mysql.cj.jdbc.AbandonedConnectionCleanupThread.checkThreadContextClassLoader(AbandonedConnectionCleanupThread.java:123)
		at com.mysql.cj.jdbc.AbandonedConnectionCleanupThread.run(AbandonedConnectionCleanupThread.java:90)
		at java.base/java.util.concurrent.ThreadPoolExecutor.runWorker(ThreadPoolExecutor.java:1144)
		at java.base/java.util.concurrent.ThreadPoolExecutor$Worker.run(ThreadPoolExecutor.java:642)
		at java.base/java.lang.Thread.run(Thread.java:1570)
29-Jul-2025 00:27:58.834 INFO [mysql-cj-abandoned-connection-cleanup] org.apache.catalina.loader.WebappClassLoaderBase.checkStateForResourceLoading Acceso ilegal: esta instancia de aplicación web ya ha sido parada.  Could not load [].  La eventual traza de pila que sigue ha sido motivada por un error lanzado con motivos de depuración así como para intentar terminar el hilo que motivó el acceso ilegal y no tiene impacto funcional.
	java.lang.IllegalStateException: Acceso ilegal: esta instancia de aplicación web ya ha sido parada.  Could not load [].  La eventual traza de pila que sigue ha sido motivada por un error lanzado con motivos de depuración así como para intentar terminar el hilo que motivó el acceso ilegal y no tiene impacto funcional.
		at org.apache.catalina.loader.WebappClassLoaderBase.checkStateForResourceLoading(WebappClassLoaderBase.java:1248)
		at org.apache.catalina.loader.WebappClassLoaderBase.getResource(WebappClassLoaderBase.java:857)
		at com.mysql.cj.jdbc.AbandonedConnectionCleanupThread.checkThreadContextClassLoader(AbandonedConnectionCleanupThread.java:123)
		at com.mysql.cj.jdbc.AbandonedConnectionCleanupThread.run(AbandonedConnectionCleanupThread.java:90)
		at java.base/java.util.concurrent.ThreadPoolExecutor.runWorker(ThreadPoolExecutor.java:1144)
		at java.base/java.util.concurrent.ThreadPoolExecutor$Worker.run(ThreadPoolExecutor.java:642)
		at java.base/java.lang.Thread.run(Thread.java:1570)
29-Jul-2025 00:27:58.834 INFO [mysql-cj-abandoned-connection-cleanup] org.apache.catalina.loader.WebappClassLoaderBase.checkStateForResourceLoading Acceso ilegal: esta instancia de aplicación web ya ha sido parada.  Could not load [].  La eventual traza de pila que sigue ha sido motivada por un error lanzado con motivos de depuración así como para intentar terminar el hilo que motivó el acceso ilegal y no tiene impacto funcional.
	java.lang.IllegalStateException: Acceso ilegal: esta instancia de aplicación web ya ha sido parada.  Could not load [].  La eventual traza de pila que sigue ha sido motivada por un error lanzado con motivos de depuración así como para intentar terminar el hilo que motivó el acceso ilegal y no tiene impacto funcional.
		at org.apache.catalina.loader.WebappClassLoaderBase.checkStateForResourceLoading(WebappClassLoaderBase.java:1248)
		at org.apache.catalina.loader.WebappClassLoaderBase.getResource(WebappClassLoaderBase.java:857)
		at com.mysql.cj.jdbc.AbandonedConnectionCleanupThread.checkThreadContextClassLoader(AbandonedConnectionCleanupThread.java:123)
		at com.mysql.cj.jdbc.AbandonedConnectionCleanupThread.run(AbandonedConnectionCleanupThread.java:90)
		at java.base/java.util.concurrent.ThreadPoolExecutor.runWorker(ThreadPoolExecutor.java:1144)
		at java.base/java.util.concurrent.ThreadPoolExecutor$Worker.run(ThreadPoolExecutor.java:642)
		at java.base/java.lang.Thread.run(Thread.java:1570)
29-Jul-2025 00:27:58.834 INFO [mysql-cj-abandoned-connection-cleanup] org.apache.catalina.loader.WebappClassLoaderBase.checkStateForResourceLoading Acceso ilegal: esta instancia de aplicación web ya ha sido parada.  Could not load [].  La eventual traza de pila que sigue ha sido motivada por un error lanzado con motivos de depuración así como para intentar terminar el hilo que motivó el acceso ilegal y no tiene impacto funcional.
	java.lang.IllegalStateException: Acceso ilegal: esta instancia de aplicación web ya ha sido parada.  Could not load [].  La eventual traza de pila que sigue ha sido motivada por un error lanzado con motivos de depuración así como para intentar terminar el hilo que motivó el acceso ilegal y no tiene impacto funcional.
		at org.apache.catalina.loader.WebappClassLoaderBase.checkStateForResourceLoading(WebappClassLoaderBase.java:1248)
		at org.apache.catalina.loader.WebappClassLoaderBase.getResource(WebappClassLoaderBase.java:857)
		at com.mysql.cj.jdbc.AbandonedConnectionCleanupThread.checkThreadContextClassLoader(AbandonedConnectionCleanupThread.java:123)
		at com.mysql.cj.jdbc.AbandonedConnectionCleanupThread.run(AbandonedConnectionCleanupThread.java:90)
		at java.base/java.util.concurrent.ThreadPoolExecutor.runWorker(ThreadPoolExecutor.java:1144)
		at java.base/java.util.concurrent.ThreadPoolExecutor$Worker.run(ThreadPoolExecutor.java:642)
		at java.base/java.lang.Thread.run(Thread.java:1570)
29-Jul-2025 00:27:58.888 INFO [mysql-cj-abandoned-connection-cleanup] org.apache.catalina.loader.WebappClassLoaderBase.checkStateForResourceLoading Acceso ilegal: esta instancia de aplicación web ya ha sido parada.  Could not load [].  La eventual traza de pila que sigue ha sido motivada por un error lanzado con motivos de depuración así como para intentar terminar el hilo que motivó el acceso ilegal y no tiene impacto funcional.
	java.lang.IllegalStateException: Acceso ilegal: esta instancia de aplicación web ya ha sido parada.  Could not load [].  La eventual traza de pila que sigue ha sido motivada por un error lanzado con motivos de depuración así como para intentar terminar el hilo que motivó el acceso ilegal y no tiene impacto funcional.
		at org.apache.catalina.loader.WebappClassLoaderBase.checkStateForResourceLoading(WebappClassLoaderBase.java:1248)
		at org.apache.catalina.loader.WebappClassLoaderBase.getResource(WebappClassLoaderBase.java:857)
		at com.mysql.cj.jdbc.AbandonedConnectionCleanupThread.checkThreadContextClassLoader(AbandonedConnectionCleanupThread.java:123)
		at com.mysql.cj.jdbc.AbandonedConnectionCleanupThread.run(AbandonedConnectionCleanupThread.java:90)
		at java.base/java.util.concurrent.ThreadPoolExecutor.runWorker(ThreadPoolExecutor.java:1144)
		at java.base/java.util.concurrent.ThreadPoolExecutor$Worker.run(ThreadPoolExecutor.java:642)
		at java.base/java.lang.Thread.run(Thread.java:1570)
29-Jul-2025 00:27:58.889 INFO [mysql-cj-abandoned-connection-cleanup] org.apache.catalina.loader.WebappClassLoaderBase.checkStateForResourceLoading Acceso ilegal: esta instancia de aplicación web ya ha sido parada.  Could not load [].  La eventual traza de pila que sigue ha sido motivada por un error lanzado con motivos de depuración así como para intentar terminar el hilo que motivó el acceso ilegal y no tiene impacto funcional.
	java.lang.IllegalStateException: Acceso ilegal: esta instancia de aplicación web ya ha sido parada.  Could not load [].  La eventual traza de pila que sigue ha sido motivada por un error lanzado con motivos de depuración así como para intentar terminar el hilo que motivó el acceso ilegal y no tiene impacto funcional.
		at org.apache.catalina.loader.WebappClassLoaderBase.checkStateForResourceLoading(WebappClassLoaderBase.java:1248)
		at org.apache.catalina.loader.WebappClassLoaderBase.getResource(WebappClassLoaderBase.java:857)
		at com.mysql.cj.jdbc.AbandonedConnectionCleanupThread.checkThreadContextClassLoader(AbandonedConnectionCleanupThread.java:123)
		at com.mysql.cj.jdbc.AbandonedConnectionCleanupThread.run(AbandonedConnectionCleanupThread.java:90)
		at java.base/java.util.concurrent.ThreadPoolExecutor.runWorker(ThreadPoolExecutor.java:1144)
		at java.base/java.util.concurrent.ThreadPoolExecutor$Worker.run(ThreadPoolExecutor.java:642)
		at java.base/java.lang.Thread.run(Thread.java:1570)
29-Jul-2025 00:27:58.889 INFO [mysql-cj-abandoned-connection-cleanup] org.apache.catalina.loader.WebappClassLoaderBase.checkStateForResourceLoading Acceso ilegal: esta instancia de aplicación web ya ha sido parada.  Could not load [].  La eventual traza de pila que sigue ha sido motivada por un error lanzado con motivos de depuración así como para intentar terminar el hilo que motivó el acceso ilegal y no tiene impacto funcional.
	java.lang.IllegalStateException: Acceso ilegal: esta instancia de aplicación web ya ha sido parada.  Could not load [].  La eventual traza de pila que sigue ha sido motivada por un error lanzado con motivos de depuración así como para intentar terminar el hilo que motivó el acceso ilegal y no tiene impacto funcional.
		at org.apache.catalina.loader.WebappClassLoaderBase.checkStateForResourceLoading(WebappClassLoaderBase.java:1248)
		at org.apache.catalina.loader.WebappClassLoaderBase.getResource(WebappClassLoaderBase.java:857)
		at com.mysql.cj.jdbc.AbandonedConnectionCleanupThread.checkThreadContextClassLoader(AbandonedConnectionCleanupThread.java:123)
		at com.mysql.cj.jdbc.AbandonedConnectionCleanupThread.run(AbandonedConnectionCleanupThread.java:90)
		at java.base/java.util.concurrent.ThreadPoolExecutor.runWorker(ThreadPoolExecutor.java:1144)
		at java.base/java.util.concurrent.ThreadPoolExecutor$Worker.run(ThreadPoolExecutor.java:642)
		at java.base/java.lang.Thread.run(Thread.java:1570)
29-Jul-2025 00:27:58.899 WARNING [http-nio-8080-exec-16] org.glassfish.jersey.server.internal.scanning.AnnotationAcceptingListener$ClassReaderWrapper.accept Unsupported class file major version 66
29-Jul-2025 00:27:58.942 INFO [mysql-cj-abandoned-connection-cleanup] org.apache.catalina.loader.WebappClassLoaderBase.checkStateForResourceLoading Acceso ilegal: esta instancia de aplicación web ya ha sido parada.  Could not load [].  La eventual traza de pila que sigue ha sido motivada por un error lanzado con motivos de depuración así como para intentar terminar el hilo que motivó el acceso ilegal y no tiene impacto funcional.
	java.lang.IllegalStateException: Acceso ilegal: esta instancia de aplicación web ya ha sido parada.  Could not load [].  La eventual traza de pila que sigue ha sido motivada por un error lanzado con motivos de depuración así como para intentar terminar el hilo que motivó el acceso ilegal y no tiene impacto funcional.
		at org.apache.catalina.loader.WebappClassLoaderBase.checkStateForResourceLoading(WebappClassLoaderBase.java:1248)
		at org.apache.catalina.loader.WebappClassLoaderBase.getResource(WebappClassLoaderBase.java:857)
		at com.mysql.cj.jdbc.AbandonedConnectionCleanupThread.checkThreadContextClassLoader(AbandonedConnectionCleanupThread.java:123)
		at com.mysql.cj.jdbc.AbandonedConnectionCleanupThread.run(AbandonedConnectionCleanupThread.java:90)
		at java.base/java.util.concurrent.ThreadPoolExecutor.runWorker(ThreadPoolExecutor.java:1144)
		at java.base/java.util.concurrent.ThreadPoolExecutor$Worker.run(ThreadPoolExecutor.java:642)
		at java.base/java.lang.Thread.run(Thread.java:1570)
29-Jul-2025 00:27:58.942 INFO [mysql-cj-abandoned-connection-cleanup] org.apache.catalina.loader.WebappClassLoaderBase.checkStateForResourceLoading Acceso ilegal: esta instancia de aplicación web ya ha sido parada.  Could not load [].  La eventual traza de pila que sigue ha sido motivada por un error lanzado con motivos de depuración así como para intentar terminar el hilo que motivó el acceso ilegal y no tiene impacto funcional.
	java.lang.IllegalStateException: Acceso ilegal: esta instancia de aplicación web ya ha sido parada.  Could not load [].  La eventual traza de pila que sigue ha sido motivada por un error lanzado con motivos de depuración así como para intentar terminar el hilo que motivó el acceso ilegal y no tiene impacto funcional.
		at org.apache.catalina.loader.WebappClassLoaderBase.checkStateForResourceLoading(WebappClassLoaderBase.java:1248)
		at org.apache.catalina.loader.WebappClassLoaderBase.getResource(WebappClassLoaderBase.java:857)
		at com.mysql.cj.jdbc.AbandonedConnectionCleanupThread.checkThreadContextClassLoader(AbandonedConnectionCleanupThread.java:123)
		at com.mysql.cj.jdbc.AbandonedConnectionCleanupThread.run(AbandonedConnectionCleanupThread.java:90)
		at java.base/java.util.concurrent.ThreadPoolExecutor.runWorker(ThreadPoolExecutor.java:1144)
		at java.base/java.util.concurrent.ThreadPoolExecutor$Worker.run(ThreadPoolExecutor.java:642)
		at java.base/java.lang.Thread.run(Thread.java:1570)
29-Jul-2025 00:27:58.942 INFO [mysql-cj-abandoned-connection-cleanup] org.apache.catalina.loader.WebappClassLoaderBase.checkStateForResourceLoading Acceso ilegal: esta instancia de aplicación web ya ha sido parada.  Could not load [].  La eventual traza de pila que sigue ha sido motivada por un error lanzado con motivos de depuración así como para intentar terminar el hilo que motivó el acceso ilegal y no tiene impacto funcional.
	java.lang.IllegalStateException: Acceso ilegal: esta instancia de aplicación web ya ha sido parada.  Could not load [].  La eventual traza de pila que sigue ha sido motivada por un error lanzado con motivos de depuración así como para intentar terminar el hilo que motivó el acceso ilegal y no tiene impacto funcional.
		at org.apache.catalina.loader.WebappClassLoaderBase.checkStateForResourceLoading(WebappClassLoaderBase.java:1248)
		at org.apache.catalina.loader.WebappClassLoaderBase.getResource(WebappClassLoaderBase.java:857)
		at com.mysql.cj.jdbc.AbandonedConnectionCleanupThread.checkThreadContextClassLoader(AbandonedConnectionCleanupThread.java:123)
		at com.mysql.cj.jdbc.AbandonedConnectionCleanupThread.run(AbandonedConnectionCleanupThread.java:90)
		at java.base/java.util.concurrent.ThreadPoolExecutor.runWorker(ThreadPoolExecutor.java:1144)
		at java.base/java.util.concurrent.ThreadPoolExecutor$Worker.run(ThreadPoolExecutor.java:642)
		at java.base/java.lang.Thread.run(Thread.java:1570)
29-Jul-2025 00:27:58.944 WARNING [http-nio-8080-exec-16] org.glassfish.jersey.server.internal.scanning.AnnotationAcceptingListener$ClassReaderWrapper.accept Unsupported class file major version 66
29-Jul-2025 00:27:59.011 INFO [mysql-cj-abandoned-connection-cleanup] org.apache.catalina.loader.WebappClassLoaderBase.checkStateForResourceLoading Acceso ilegal: esta instancia de aplicación web ya ha sido parada.  Could not load [].  La eventual traza de pila que sigue ha sido motivada por un error lanzado con motivos de depuración así como para intentar terminar el hilo que motivó el acceso ilegal y no tiene impacto funcional.
	java.lang.IllegalStateException: Acceso ilegal: esta instancia de aplicación web ya ha sido parada.  Could not load [].  La eventual traza de pila que sigue ha sido motivada por un error lanzado con motivos de depuración así como para intentar terminar el hilo que motivó el acceso ilegal y no tiene impacto funcional.
		at org.apache.catalina.loader.WebappClassLoaderBase.checkStateForResourceLoading(WebappClassLoaderBase.java:1248)
		at org.apache.catalina.loader.WebappClassLoaderBase.getResource(WebappClassLoaderBase.java:857)
		at com.mysql.cj.jdbc.AbandonedConnectionCleanupThread.checkThreadContextClassLoader(AbandonedConnectionCleanupThread.java:123)
		at com.mysql.cj.jdbc.AbandonedConnectionCleanupThread.run(AbandonedConnectionCleanupThread.java:90)
		at java.base/java.util.concurrent.ThreadPoolExecutor.runWorker(ThreadPoolExecutor.java:1144)
		at java.base/java.util.concurrent.ThreadPoolExecutor$Worker.run(ThreadPoolExecutor.java:642)
		at java.base/java.lang.Thread.run(Thread.java:1570)
29-Jul-2025 00:27:59.011 INFO [mysql-cj-abandoned-connection-cleanup] org.apache.catalina.loader.WebappClassLoaderBase.checkStateForResourceLoading Acceso ilegal: esta instancia de aplicación web ya ha sido parada.  Could not load [].  La eventual traza de pila que sigue ha sido motivada por un error lanzado con motivos de depuración así como para intentar terminar el hilo que motivó el acceso ilegal y no tiene impacto funcional.
	java.lang.IllegalStateException: Acceso ilegal: esta instancia de aplicación web ya ha sido parada.  Could not load [].  La eventual traza de pila que sigue ha sido motivada por un error lanzado con motivos de depuración así como para intentar terminar el hilo que motivó el acceso ilegal y no tiene impacto funcional.
		at org.apache.catalina.loader.WebappClassLoaderBase.checkStateForResourceLoading(WebappClassLoaderBase.java:1248)
		at org.apache.catalina.loader.WebappClassLoaderBase.getResource(WebappClassLoaderBase.java:857)
		at com.mysql.cj.jdbc.AbandonedConnectionCleanupThread.checkThreadContextClassLoader(AbandonedConnectionCleanupThread.java:123)
		at com.mysql.cj.jdbc.AbandonedConnectionCleanupThread.run(AbandonedConnectionCleanupThread.java:90)
		at java.base/java.util.concurrent.ThreadPoolExecutor.runWorker(ThreadPoolExecutor.java:1144)
		at java.base/java.util.concurrent.ThreadPoolExecutor$Worker.run(ThreadPoolExecutor.java:642)
		at java.base/java.lang.Thread.run(Thread.java:1570)
29-Jul-2025 00:27:59.011 INFO [mysql-cj-abandoned-connection-cleanup] org.apache.catalina.loader.WebappClassLoaderBase.checkStateForResourceLoading Acceso ilegal: esta instancia de aplicación web ya ha sido parada.  Could not load [].  La eventual traza de pila que sigue ha sido motivada por un error lanzado con motivos de depuración así como para intentar terminar el hilo que motivó el acceso ilegal y no tiene impacto funcional.
	java.lang.IllegalStateException: Acceso ilegal: esta instancia de aplicación web ya ha sido parada.  Could not load [].  La eventual traza de pila que sigue ha sido motivada por un error lanzado con motivos de depuración así como para intentar terminar el hilo que motivó el acceso ilegal y no tiene impacto funcional.
		at org.apache.catalina.loader.WebappClassLoaderBase.checkStateForResourceLoading(WebappClassLoaderBase.java:1248)
		at org.apache.catalina.loader.WebappClassLoaderBase.getResource(WebappClassLoaderBase.java:857)
		at com.mysql.cj.jdbc.AbandonedConnectionCleanupThread.checkThreadContextClassLoader(AbandonedConnectionCleanupThread.java:123)
		at com.mysql.cj.jdbc.AbandonedConnectionCleanupThread.run(AbandonedConnectionCleanupThread.java:90)
		at java.base/java.util.concurrent.ThreadPoolExecutor.runWorker(ThreadPoolExecutor.java:1144)
		at java.base/java.util.concurrent.ThreadPoolExecutor$Worker.run(ThreadPoolExecutor.java:642)
		at java.base/java.lang.Thread.run(Thread.java:1570)
29-Jul-2025 00:27:59.011 WARNING [http-nio-8080-exec-16] org.glassfish.jersey.server.internal.scanning.AnnotationAcceptingListener$ClassReaderWrapper.accept Unsupported class file major version 66
29-Jul-2025 00:27:59.064 INFO [mysql-cj-abandoned-connection-cleanup] org.apache.catalina.loader.WebappClassLoaderBase.checkStateForResourceLoading Acceso ilegal: esta instancia de aplicación web ya ha sido parada.  Could not load [].  La eventual traza de pila que sigue ha sido motivada por un error lanzado con motivos de depuración así como para intentar terminar el hilo que motivó el acceso ilegal y no tiene impacto funcional.
	java.lang.IllegalStateException: Acceso ilegal: esta instancia de aplicación web ya ha sido parada.  Could not load [].  La eventual traza de pila que sigue ha sido motivada por un error lanzado con motivos de depuración así como para intentar terminar el hilo que motivó el acceso ilegal y no tiene impacto funcional.
		at org.apache.catalina.loader.WebappClassLoaderBase.checkStateForResourceLoading(WebappClassLoaderBase.java:1248)
		at org.apache.catalina.loader.WebappClassLoaderBase.getResource(WebappClassLoaderBase.java:857)
		at com.mysql.cj.jdbc.AbandonedConnectionCleanupThread.checkThreadContextClassLoader(AbandonedConnectionCleanupThread.java:123)
		at com.mysql.cj.jdbc.AbandonedConnectionCleanupThread.run(AbandonedConnectionCleanupThread.java:90)
		at java.base/java.util.concurrent.ThreadPoolExecutor.runWorker(ThreadPoolExecutor.java:1144)
		at java.base/java.util.concurrent.ThreadPoolExecutor$Worker.run(ThreadPoolExecutor.java:642)
		at java.base/java.lang.Thread.run(Thread.java:1570)
29-Jul-2025 00:27:59.064 INFO [mysql-cj-abandoned-connection-cleanup] org.apache.catalina.loader.WebappClassLoaderBase.checkStateForResourceLoading Acceso ilegal: esta instancia de aplicación web ya ha sido parada.  Could not load [].  La eventual traza de pila que sigue ha sido motivada por un error lanzado con motivos de depuración así como para intentar terminar el hilo que motivó el acceso ilegal y no tiene impacto funcional.
	java.lang.IllegalStateException: Acceso ilegal: esta instancia de aplicación web ya ha sido parada.  Could not load [].  La eventual traza de pila que sigue ha sido motivada por un error lanzado con motivos de depuración así como para intentar terminar el hilo que motivó el acceso ilegal y no tiene impacto funcional.
		at org.apache.catalina.loader.WebappClassLoaderBase.checkStateForResourceLoading(WebappClassLoaderBase.java:1248)
		at org.apache.catalina.loader.WebappClassLoaderBase.getResource(WebappClassLoaderBase.java:857)
		at com.mysql.cj.jdbc.AbandonedConnectionCleanupThread.checkThreadContextClassLoader(AbandonedConnectionCleanupThread.java:123)
		at com.mysql.cj.jdbc.AbandonedConnectionCleanupThread.run(AbandonedConnectionCleanupThread.java:90)
		at java.base/java.util.concurrent.ThreadPoolExecutor.runWorker(ThreadPoolExecutor.java:1144)
		at java.base/java.util.concurrent.ThreadPoolExecutor$Worker.run(ThreadPoolExecutor.java:642)
		at java.base/java.lang.Thread.run(Thread.java:1570)
29-Jul-2025 00:27:59.064 INFO [mysql-cj-abandoned-connection-cleanup] org.apache.catalina.loader.WebappClassLoaderBase.checkStateForResourceLoading Acceso ilegal: esta instancia de aplicación web ya ha sido parada.  Could not load [].  La eventual traza de pila que sigue ha sido motivada por un error lanzado con motivos de depuración así como para intentar terminar el hilo que motivó el acceso ilegal y no tiene impacto funcional.
	java.lang.IllegalStateException: Acceso ilegal: esta instancia de aplicación web ya ha sido parada.  Could not load [].  La eventual traza de pila que sigue ha sido motivada por un error lanzado con motivos de depuración así como para intentar terminar el hilo que motivó el acceso ilegal y no tiene impacto funcional.
		at org.apache.catalina.loader.WebappClassLoaderBase.checkStateForResourceLoading(WebappClassLoaderBase.java:1248)
		at org.apache.catalina.loader.WebappClassLoaderBase.getResource(WebappClassLoaderBase.java:857)
		at com.mysql.cj.jdbc.AbandonedConnectionCleanupThread.checkThreadContextClassLoader(AbandonedConnectionCleanupThread.java:123)
		at com.mysql.cj.jdbc.AbandonedConnectionCleanupThread.run(AbandonedConnectionCleanupThread.java:90)
		at java.base/java.util.concurrent.ThreadPoolExecutor.runWorker(ThreadPoolExecutor.java:1144)
		at java.base/java.util.concurrent.ThreadPoolExecutor$Worker.run(ThreadPoolExecutor.java:642)
		at java.base/java.lang.Thread.run(Thread.java:1570)
29-Jul-2025 00:27:59.065 WARNING [http-nio-8080-exec-16] org.glassfish.jersey.server.internal.scanning.AnnotationAcceptingListener$ClassReaderWrapper.accept Unsupported class file major version 66
29-Jul-2025 00:27:59.118 INFO [mysql-cj-abandoned-connection-cleanup] org.apache.catalina.loader.WebappClassLoaderBase.checkStateForResourceLoading Acceso ilegal: esta instancia de aplicación web ya ha sido parada.  Could not load [].  La eventual traza de pila que sigue ha sido motivada por un error lanzado con motivos de depuración así como para intentar terminar el hilo que motivó el acceso ilegal y no tiene impacto funcional.
	java.lang.IllegalStateException: Acceso ilegal: esta instancia de aplicación web ya ha sido parada.  Could not load [].  La eventual traza de pila que sigue ha sido motivada por un error lanzado con motivos de depuración así como para intentar terminar el hilo que motivó el acceso ilegal y no tiene impacto funcional.
		at org.apache.catalina.loader.WebappClassLoaderBase.checkStateForResourceLoading(WebappClassLoaderBase.java:1248)
		at org.apache.catalina.loader.WebappClassLoaderBase.getResource(WebappClassLoaderBase.java:857)
		at com.mysql.cj.jdbc.AbandonedConnectionCleanupThread.checkThreadContextClassLoader(AbandonedConnectionCleanupThread.java:123)
		at com.mysql.cj.jdbc.AbandonedConnectionCleanupThread.run(AbandonedConnectionCleanupThread.java:90)
		at java.base/java.util.concurrent.ThreadPoolExecutor.runWorker(ThreadPoolExecutor.java:1144)
		at java.base/java.util.concurrent.ThreadPoolExecutor$Worker.run(ThreadPoolExecutor.java:642)
		at java.base/java.lang.Thread.run(Thread.java:1570)
29-Jul-2025 00:27:59.118 INFO [mysql-cj-abandoned-connection-cleanup] org.apache.catalina.loader.WebappClassLoaderBase.checkStateForResourceLoading Acceso ilegal: esta instancia de aplicación web ya ha sido parada.  Could not load [].  La eventual traza de pila que sigue ha sido motivada por un error lanzado con motivos de depuración así como para intentar terminar el hilo que motivó el acceso ilegal y no tiene impacto funcional.
	java.lang.IllegalStateException: Acceso ilegal: esta instancia de aplicación web ya ha sido parada.  Could not load [].  La eventual traza de pila que sigue ha sido motivada por un error lanzado con motivos de depuración así como para intentar terminar el hilo que motivó el acceso ilegal y no tiene impacto funcional.
		at org.apache.catalina.loader.WebappClassLoaderBase.checkStateForResourceLoading(WebappClassLoaderBase.java:1248)
		at org.apache.catalina.loader.WebappClassLoaderBase.getResource(WebappClassLoaderBase.java:857)
		at com.mysql.cj.jdbc.AbandonedConnectionCleanupThread.checkThreadContextClassLoader(AbandonedConnectionCleanupThread.java:123)
		at com.mysql.cj.jdbc.AbandonedConnectionCleanupThread.run(AbandonedConnectionCleanupThread.java:90)
		at java.base/java.util.concurrent.ThreadPoolExecutor.runWorker(ThreadPoolExecutor.java:1144)
		at java.base/java.util.concurrent.ThreadPoolExecutor$Worker.run(ThreadPoolExecutor.java:642)
		at java.base/java.lang.Thread.run(Thread.java:1570)
29-Jul-2025 00:27:59.118 WARNING [http-nio-8080-exec-16] org.glassfish.jersey.server.internal.scanning.AnnotationAcceptingListener$ClassReaderWrapper.accept Unsupported class file major version 66
29-Jul-2025 00:27:59.118 WARNING [http-nio-8080-exec-16] org.glassfish.jersey.server.internal.scanning.AnnotationAcceptingListener$ClassReaderWrapper.accept Unsupported class file major version 66
29-Jul-2025 00:27:59.119 WARNING [http-nio-8080-exec-16] org.glassfish.jersey.server.internal.scanning.AnnotationAcceptingListener$ClassReaderWrapper.accept Unsupported class file major version 66
29-Jul-2025 00:27:59.120 WARNING [http-nio-8080-exec-16] org.glassfish.jersey.server.internal.scanning.AnnotationAcceptingListener$ClassReaderWrapper.accept Unsupported class file major version 66
29-Jul-2025 00:27:59.121 WARNING [http-nio-8080-exec-16] org.glassfish.jersey.server.internal.scanning.AnnotationAcceptingListener$ClassReaderWrapper.accept Unsupported class file major version 66
29-Jul-2025 00:27:59.121 WARNING [http-nio-8080-exec-16] org.glassfish.jersey.server.internal.scanning.AnnotationAcceptingListener$ClassReaderWrapper.accept Unsupported class file major version 66
29-Jul-2025 00:27:59.173 WARNING [http-nio-8080-exec-16] org.glassfish.jersey.server.internal.scanning.AnnotationAcceptingListener$ClassReaderWrapper.accept Unsupported class file major version 66
29-Jul-2025 00:27:59.173 WARNING [http-nio-8080-exec-16] org.glassfish.jersey.server.internal.scanning.AnnotationAcceptingListener$ClassReaderWrapper.accept Unsupported class file major version 66
29-Jul-2025 00:27:59.174 WARNING [http-nio-8080-exec-16] org.glassfish.jersey.server.internal.scanning.AnnotationAcceptingListener$ClassReaderWrapper.accept Unsupported class file major version 66
29-Jul-2025 00:27:59.174 WARNING [http-nio-8080-exec-16] org.glassfish.jersey.server.internal.scanning.AnnotationAcceptingListener$ClassReaderWrapper.accept Unsupported class file major version 66
29-Jul-2025 00:27:59.174 WARNING [http-nio-8080-exec-16] org.glassfish.jersey.server.internal.scanning.AnnotationAcceptingListener$ClassReaderWrapper.accept Unsupported class file major version 66
29-Jul-2025 00:27:59.175 WARNING [http-nio-8080-exec-16] org.glassfish.jersey.server.internal.scanning.AnnotationAcceptingListener$ClassReaderWrapper.accept Unsupported class file major version 66
29-Jul-2025 00:27:59.175 WARNING [http-nio-8080-exec-16] org.glassfish.jersey.server.internal.scanning.AnnotationAcceptingListener$ClassReaderWrapper.accept Unsupported class file major version 66
29-Jul-2025 00:27:59.176 WARNING [http-nio-8080-exec-16] org.glassfish.jersey.server.internal.scanning.AnnotationAcceptingListener$ClassReaderWrapper.accept Unsupported class file major version 66
29-Jul-2025 00:27:59.176 WARNING [http-nio-8080-exec-16] org.glassfish.jersey.server.internal.scanning.AnnotationAcceptingListener$ClassReaderWrapper.accept Unsupported class file major version 66
29-Jul-2025 00:27:59.259 WARNING [http-nio-8080-exec-16] org.glassfish.jersey.server.wadl.WadlFeature.configure JAXBContext implementation could not be found. WADL feature is disabled.
29-Jul-2025 00:27:59.536 INFO [http-nio-8080-exec-16] org.apache.catalina.startup.HostConfig.deployDescriptor Deployment of deployment descriptor [C:\Users\Administrador\Documents\proyecto_final_helder_java-js\apache-tomcat-11.0.8-windows-x64\apache-tomcat-11.0.8\conf\Catalina\localhost\helder.xml] has finished in [2.050] ms
29-Jul-2025 00:27:59.538 INFO [http-nio-8080-exec-17] org.apache.catalina.util.LifecycleBase.start The start() method was called on component [StandardEngine[Catalina].StandardHost[localhost].StandardContext[/helder]] after start() had already been called. The second call will be ignored.
29-Jul-2025 00:55:16.566 WARNING [http-nio-8080-exec-26] org.apache.catalina.loader.WebappClassLoaderBase.clearReferencesJdbc La aplicación web [helder] registró el conductor JDBC [com.mysql.cj.jdbc.Driver] pero falló al anular el registro mientras la aplicación web estaba parada. Para prevenir un fallo de memoria, se ha anulado el registro del conductor JDBC por la fuerza.
29-Jul-2025 00:55:16.566 WARNING [http-nio-8080-exec-26] org.apache.catalina.loader.WebappClassLoaderBase.clearReferencesThreads The web application [helder] appears to have started a thread named [mysql-cj-abandoned-connection-cleanup] but has failed to stop it. This is very likely to create a memory leak. Stack trace of thread:
 java.base/jdk.internal.misc.Unsafe.park(Native Method)
 java.base/java.util.concurrent.locks.LockSupport.parkNanos(LockSupport.java:269)
 java.base/java.util.concurrent.locks.AbstractQueuedSynchronizer$ConditionObject.await(AbstractQueuedSynchronizer.java:1847)
 java.base/java.lang.ref.ReferenceQueue.await(ReferenceQueue.java:71)
 java.base/java.lang.ref.ReferenceQueue.remove0(ReferenceQueue.java:143)
 java.base/java.lang.ref.ReferenceQueue.remove(ReferenceQueue.java:218)
 com.mysql.cj.jdbc.AbandonedConnectionCleanupThread.run(AbandonedConnectionCleanupThread.java:91)
 java.base/java.util.concurrent.ThreadPoolExecutor.runWorker(ThreadPoolExecutor.java:1144)
 java.base/java.util.concurrent.ThreadPoolExecutor$Worker.run(ThreadPoolExecutor.java:642)
 java.base/java.lang.Thread.run(Thread.java:1570)
29-Jul-2025 00:55:17.076 INFO [http-nio-8080-exec-26] org.apache.catalina.startup.HostConfig.undeploy Repliegue (undeploy) de la aplicación web que tiene como trayectoria de contexto [/helder]
29-Jul-2025 00:55:17.094 INFO [http-nio-8080-exec-25] org.apache.catalina.startup.HostConfig.deployDescriptor Desplieque del descriptor de configuración [C:\Users\Administrador\Documents\proyecto_final_helder_java-js\apache-tomcat-11.0.8-windows-x64\apache-tomcat-11.0.8\conf\Catalina\localhost\helder.xml]
29-Jul-2025 00:55:17.095 WARNING [http-nio-8080-exec-25] org.apache.catalina.startup.HostConfig.deployDescriptor The path attribute with value [/helder] in deployment descriptor [C:\Users\Administrador\Documents\proyecto_final_helder_java-js\apache-tomcat-11.0.8-windows-x64\apache-tomcat-11.0.8\conf\Catalina\localhost\helder.xml] has been ignored
29-Jul-2025 00:55:17.344 INFO [mysql-cj-abandoned-connection-cleanup] org.apache.catalina.loader.WebappClassLoaderBase.checkStateForResourceLoading Acceso ilegal: esta instancia de aplicación web ya ha sido parada.  Could not load [].  La eventual traza de pila que sigue ha sido motivada por un error lanzado con motivos de depuración así como para intentar terminar el hilo que motivó el acceso ilegal y no tiene impacto funcional.
	java.lang.IllegalStateException: Acceso ilegal: esta instancia de aplicación web ya ha sido parada.  Could not load [].  La eventual traza de pila que sigue ha sido motivada por un error lanzado con motivos de depuración así como para intentar terminar el hilo que motivó el acceso ilegal y no tiene impacto funcional.
		at org.apache.catalina.loader.WebappClassLoaderBase.checkStateForResourceLoading(WebappClassLoaderBase.java:1248)
		at org.apache.catalina.loader.WebappClassLoaderBase.getResource(WebappClassLoaderBase.java:857)
		at com.mysql.cj.jdbc.AbandonedConnectionCleanupThread.checkThreadContextClassLoader(AbandonedConnectionCleanupThread.java:123)
		at com.mysql.cj.jdbc.AbandonedConnectionCleanupThread.run(AbandonedConnectionCleanupThread.java:90)
		at java.base/java.util.concurrent.ThreadPoolExecutor.runWorker(ThreadPoolExecutor.java:1144)
		at java.base/java.util.concurrent.ThreadPoolExecutor$Worker.run(ThreadPoolExecutor.java:642)
		at java.base/java.lang.Thread.run(Thread.java:1570)
29-Jul-2025 00:55:17.344 INFO [mysql-cj-abandoned-connection-cleanup] org.apache.catalina.loader.WebappClassLoaderBase.checkStateForResourceLoading Acceso ilegal: esta instancia de aplicación web ya ha sido parada.  Could not load [].  La eventual traza de pila que sigue ha sido motivada por un error lanzado con motivos de depuración así como para intentar terminar el hilo que motivó el acceso ilegal y no tiene impacto funcional.
	java.lang.IllegalStateException: Acceso ilegal: esta instancia de aplicación web ya ha sido parada.  Could not load [].  La eventual traza de pila que sigue ha sido motivada por un error lanzado con motivos de depuración así como para intentar terminar el hilo que motivó el acceso ilegal y no tiene impacto funcional.
		at org.apache.catalina.loader.WebappClassLoaderBase.checkStateForResourceLoading(WebappClassLoaderBase.java:1248)
		at org.apache.catalina.loader.WebappClassLoaderBase.getResource(WebappClassLoaderBase.java:857)
		at com.mysql.cj.jdbc.AbandonedConnectionCleanupThread.checkThreadContextClassLoader(AbandonedConnectionCleanupThread.java:123)
		at com.mysql.cj.jdbc.AbandonedConnectionCleanupThread.run(AbandonedConnectionCleanupThread.java:90)
		at java.base/java.util.concurrent.ThreadPoolExecutor.runWorker(ThreadPoolExecutor.java:1144)
		at java.base/java.util.concurrent.ThreadPoolExecutor$Worker.run(ThreadPoolExecutor.java:642)
		at java.base/java.lang.Thread.run(Thread.java:1570)
29-Jul-2025 00:55:17.344 INFO [mysql-cj-abandoned-connection-cleanup] org.apache.catalina.loader.WebappClassLoaderBase.checkStateForResourceLoading Acceso ilegal: esta instancia de aplicación web ya ha sido parada.  Could not load [].  La eventual traza de pila que sigue ha sido motivada por un error lanzado con motivos de depuración así como para intentar terminar el hilo que motivó el acceso ilegal y no tiene impacto funcional.
	java.lang.IllegalStateException: Acceso ilegal: esta instancia de aplicación web ya ha sido parada.  Could not load [].  La eventual traza de pila que sigue ha sido motivada por un error lanzado con motivos de depuración así como para intentar terminar el hilo que motivó el acceso ilegal y no tiene impacto funcional.
		at org.apache.catalina.loader.WebappClassLoaderBase.checkStateForResourceLoading(WebappClassLoaderBase.java:1248)
		at org.apache.catalina.loader.WebappClassLoaderBase.getResource(WebappClassLoaderBase.java:857)
		at com.mysql.cj.jdbc.AbandonedConnectionCleanupThread.checkThreadContextClassLoader(AbandonedConnectionCleanupThread.java:123)
		at com.mysql.cj.jdbc.AbandonedConnectionCleanupThread.run(AbandonedConnectionCleanupThread.java:90)
		at java.base/java.util.concurrent.ThreadPoolExecutor.runWorker(ThreadPoolExecutor.java:1144)
		at java.base/java.util.concurrent.ThreadPoolExecutor$Worker.run(ThreadPoolExecutor.java:642)
		at java.base/java.lang.Thread.run(Thread.java:1570)
29-Jul-2025 00:55:17.358 INFO [mysql-cj-abandoned-connection-cleanup] org.apache.catalina.loader.WebappClassLoaderBase.checkStateForResourceLoading Acceso ilegal: esta instancia de aplicación web ya ha sido parada.  Could not load [].  La eventual traza de pila que sigue ha sido motivada por un error lanzado con motivos de depuración así como para intentar terminar el hilo que motivó el acceso ilegal y no tiene impacto funcional.
	java.lang.IllegalStateException: Acceso ilegal: esta instancia de aplicación web ya ha sido parada.  Could not load [].  La eventual traza de pila que sigue ha sido motivada por un error lanzado con motivos de depuración así como para intentar terminar el hilo que motivó el acceso ilegal y no tiene impacto funcional.
		at org.apache.catalina.loader.WebappClassLoaderBase.checkStateForResourceLoading(WebappClassLoaderBase.java:1248)
		at org.apache.catalina.loader.WebappClassLoaderBase.getResource(WebappClassLoaderBase.java:857)
		at com.mysql.cj.jdbc.AbandonedConnectionCleanupThread.checkThreadContextClassLoader(AbandonedConnectionCleanupThread.java:123)
		at com.mysql.cj.jdbc.AbandonedConnectionCleanupThread.run(AbandonedConnectionCleanupThread.java:90)
		at java.base/java.util.concurrent.ThreadPoolExecutor.runWorker(ThreadPoolExecutor.java:1144)
		at java.base/java.util.concurrent.ThreadPoolExecutor$Worker.run(ThreadPoolExecutor.java:642)
		at java.base/java.lang.Thread.run(Thread.java:1570)
29-Jul-2025 00:55:17.358 INFO [mysql-cj-abandoned-connection-cleanup] org.apache.catalina.loader.WebappClassLoaderBase.checkStateForResourceLoading Acceso ilegal: esta instancia de aplicación web ya ha sido parada.  Could not load [].  La eventual traza de pila que sigue ha sido motivada por un error lanzado con motivos de depuración así como para intentar terminar el hilo que motivó el acceso ilegal y no tiene impacto funcional.
	java.lang.IllegalStateException: Acceso ilegal: esta instancia de aplicación web ya ha sido parada.  Could not load [].  La eventual traza de pila que sigue ha sido motivada por un error lanzado con motivos de depuración así como para intentar terminar el hilo que motivó el acceso ilegal y no tiene impacto funcional.
		at org.apache.catalina.loader.WebappClassLoaderBase.checkStateForResourceLoading(WebappClassLoaderBase.java:1248)
		at org.apache.catalina.loader.WebappClassLoaderBase.getResource(WebappClassLoaderBase.java:857)
		at com.mysql.cj.jdbc.AbandonedConnectionCleanupThread.checkThreadContextClassLoader(AbandonedConnectionCleanupThread.java:123)
		at com.mysql.cj.jdbc.AbandonedConnectionCleanupThread.run(AbandonedConnectionCleanupThread.java:90)
		at java.base/java.util.concurrent.ThreadPoolExecutor.runWorker(ThreadPoolExecutor.java:1144)
		at java.base/java.util.concurrent.ThreadPoolExecutor$Worker.run(ThreadPoolExecutor.java:642)
		at java.base/java.lang.Thread.run(Thread.java:1570)
29-Jul-2025 00:55:17.358 INFO [mysql-cj-abandoned-connection-cleanup] org.apache.catalina.loader.WebappClassLoaderBase.checkStateForResourceLoading Acceso ilegal: esta instancia de aplicación web ya ha sido parada.  Could not load [].  La eventual traza de pila que sigue ha sido motivada por un error lanzado con motivos de depuración así como para intentar terminar el hilo que motivó el acceso ilegal y no tiene impacto funcional.
	java.lang.IllegalStateException: Acceso ilegal: esta instancia de aplicación web ya ha sido parada.  Could not load [].  La eventual traza de pila que sigue ha sido motivada por un error lanzado con motivos de depuración así como para intentar terminar el hilo que motivó el acceso ilegal y no tiene impacto funcional.
		at org.apache.catalina.loader.WebappClassLoaderBase.checkStateForResourceLoading(WebappClassLoaderBase.java:1248)
		at org.apache.catalina.loader.WebappClassLoaderBase.getResource(WebappClassLoaderBase.java:857)
		at com.mysql.cj.jdbc.AbandonedConnectionCleanupThread.checkThreadContextClassLoader(AbandonedConnectionCleanupThread.java:123)
		at com.mysql.cj.jdbc.AbandonedConnectionCleanupThread.run(AbandonedConnectionCleanupThread.java:90)
		at java.base/java.util.concurrent.ThreadPoolExecutor.runWorker(ThreadPoolExecutor.java:1144)
		at java.base/java.util.concurrent.ThreadPoolExecutor$Worker.run(ThreadPoolExecutor.java:642)
		at java.base/java.lang.Thread.run(Thread.java:1570)
29-Jul-2025 00:55:17.415 INFO [mysql-cj-abandoned-connection-cleanup] org.apache.catalina.loader.WebappClassLoaderBase.checkStateForResourceLoading Acceso ilegal: esta instancia de aplicación web ya ha sido parada.  Could not load [].  La eventual traza de pila que sigue ha sido motivada por un error lanzado con motivos de depuración así como para intentar terminar el hilo que motivó el acceso ilegal y no tiene impacto funcional.
	java.lang.IllegalStateException: Acceso ilegal: esta instancia de aplicación web ya ha sido parada.  Could not load [].  La eventual traza de pila que sigue ha sido motivada por un error lanzado con motivos de depuración así como para intentar terminar el hilo que motivó el acceso ilegal y no tiene impacto funcional.
		at org.apache.catalina.loader.WebappClassLoaderBase.checkStateForResourceLoading(WebappClassLoaderBase.java:1248)
		at org.apache.catalina.loader.WebappClassLoaderBase.getResource(WebappClassLoaderBase.java:857)
		at com.mysql.cj.jdbc.AbandonedConnectionCleanupThread.checkThreadContextClassLoader(AbandonedConnectionCleanupThread.java:123)
		at com.mysql.cj.jdbc.AbandonedConnectionCleanupThread.run(AbandonedConnectionCleanupThread.java:90)
		at java.base/java.util.concurrent.ThreadPoolExecutor.runWorker(ThreadPoolExecutor.java:1144)
		at java.base/java.util.concurrent.ThreadPoolExecutor$Worker.run(ThreadPoolExecutor.java:642)
		at java.base/java.lang.Thread.run(Thread.java:1570)
29-Jul-2025 00:55:17.416 INFO [mysql-cj-abandoned-connection-cleanup] org.apache.catalina.loader.WebappClassLoaderBase.checkStateForResourceLoading Acceso ilegal: esta instancia de aplicación web ya ha sido parada.  Could not load [].  La eventual traza de pila que sigue ha sido motivada por un error lanzado con motivos de depuración así como para intentar terminar el hilo que motivó el acceso ilegal y no tiene impacto funcional.
	java.lang.IllegalStateException: Acceso ilegal: esta instancia de aplicación web ya ha sido parada.  Could not load [].  La eventual traza de pila que sigue ha sido motivada por un error lanzado con motivos de depuración así como para intentar terminar el hilo que motivó el acceso ilegal y no tiene impacto funcional.
		at org.apache.catalina.loader.WebappClassLoaderBase.checkStateForResourceLoading(WebappClassLoaderBase.java:1248)
		at org.apache.catalina.loader.WebappClassLoaderBase.getResource(WebappClassLoaderBase.java:857)
		at com.mysql.cj.jdbc.AbandonedConnectionCleanupThread.checkThreadContextClassLoader(AbandonedConnectionCleanupThread.java:123)
		at com.mysql.cj.jdbc.AbandonedConnectionCleanupThread.run(AbandonedConnectionCleanupThread.java:90)
		at java.base/java.util.concurrent.ThreadPoolExecutor.runWorker(ThreadPoolExecutor.java:1144)
		at java.base/java.util.concurrent.ThreadPoolExecutor$Worker.run(ThreadPoolExecutor.java:642)
		at java.base/java.lang.Thread.run(Thread.java:1570)
29-Jul-2025 00:55:17.416 INFO [mysql-cj-abandoned-connection-cleanup] org.apache.catalina.loader.WebappClassLoaderBase.checkStateForResourceLoading Acceso ilegal: esta instancia de aplicación web ya ha sido parada.  Could not load [].  La eventual traza de pila que sigue ha sido motivada por un error lanzado con motivos de depuración así como para intentar terminar el hilo que motivó el acceso ilegal y no tiene impacto funcional.
	java.lang.IllegalStateException: Acceso ilegal: esta instancia de aplicación web ya ha sido parada.  Could not load [].  La eventual traza de pila que sigue ha sido motivada por un error lanzado con motivos de depuración así como para intentar terminar el hilo que motivó el acceso ilegal y no tiene impacto funcional.
		at org.apache.catalina.loader.WebappClassLoaderBase.checkStateForResourceLoading(WebappClassLoaderBase.java:1248)
		at org.apache.catalina.loader.WebappClassLoaderBase.getResource(WebappClassLoaderBase.java:857)
		at com.mysql.cj.jdbc.AbandonedConnectionCleanupThread.checkThreadContextClassLoader(AbandonedConnectionCleanupThread.java:123)
		at com.mysql.cj.jdbc.AbandonedConnectionCleanupThread.run(AbandonedConnectionCleanupThread.java:90)
		at java.base/java.util.concurrent.ThreadPoolExecutor.runWorker(ThreadPoolExecutor.java:1144)
		at java.base/java.util.concurrent.ThreadPoolExecutor$Worker.run(ThreadPoolExecutor.java:642)
		at java.base/java.lang.Thread.run(Thread.java:1570)
29-Jul-2025 00:55:17.469 INFO [mysql-cj-abandoned-connection-cleanup] org.apache.catalina.loader.WebappClassLoaderBase.checkStateForResourceLoading Acceso ilegal: esta instancia de aplicación web ya ha sido parada.  Could not load [].  La eventual traza de pila que sigue ha sido motivada por un error lanzado con motivos de depuración así como para intentar terminar el hilo que motivó el acceso ilegal y no tiene impacto funcional.
	java.lang.IllegalStateException: Acceso ilegal: esta instancia de aplicación web ya ha sido parada.  Could not load [].  La eventual traza de pila que sigue ha sido motivada por un error lanzado con motivos de depuración así como para intentar terminar el hilo que motivó el acceso ilegal y no tiene impacto funcional.
		at org.apache.catalina.loader.WebappClassLoaderBase.checkStateForResourceLoading(WebappClassLoaderBase.java:1248)
		at org.apache.catalina.loader.WebappClassLoaderBase.getResource(WebappClassLoaderBase.java:857)
		at com.mysql.cj.jdbc.AbandonedConnectionCleanupThread.checkThreadContextClassLoader(AbandonedConnectionCleanupThread.java:123)
		at com.mysql.cj.jdbc.AbandonedConnectionCleanupThread.run(AbandonedConnectionCleanupThread.java:90)
		at java.base/java.util.concurrent.ThreadPoolExecutor.runWorker(ThreadPoolExecutor.java:1144)
		at java.base/java.util.concurrent.ThreadPoolExecutor$Worker.run(ThreadPoolExecutor.java:642)
		at java.base/java.lang.Thread.run(Thread.java:1570)
29-Jul-2025 00:55:17.470 INFO [mysql-cj-abandoned-connection-cleanup] org.apache.catalina.loader.WebappClassLoaderBase.checkStateForResourceLoading Acceso ilegal: esta instancia de aplicación web ya ha sido parada.  Could not load [].  La eventual traza de pila que sigue ha sido motivada por un error lanzado con motivos de depuración así como para intentar terminar el hilo que motivó el acceso ilegal y no tiene impacto funcional.
	java.lang.IllegalStateException: Acceso ilegal: esta instancia de aplicación web ya ha sido parada.  Could not load [].  La eventual traza de pila que sigue ha sido motivada por un error lanzado con motivos de depuración así como para intentar terminar el hilo que motivó el acceso ilegal y no tiene impacto funcional.
		at org.apache.catalina.loader.WebappClassLoaderBase.checkStateForResourceLoading(WebappClassLoaderBase.java:1248)
		at org.apache.catalina.loader.WebappClassLoaderBase.getResource(WebappClassLoaderBase.java:857)
		at com.mysql.cj.jdbc.AbandonedConnectionCleanupThread.checkThreadContextClassLoader(AbandonedConnectionCleanupThread.java:123)
		at com.mysql.cj.jdbc.AbandonedConnectionCleanupThread.run(AbandonedConnectionCleanupThread.java:90)
		at java.base/java.util.concurrent.ThreadPoolExecutor.runWorker(ThreadPoolExecutor.java:1144)
		at java.base/java.util.concurrent.ThreadPoolExecutor$Worker.run(ThreadPoolExecutor.java:642)
		at java.base/java.lang.Thread.run(Thread.java:1570)
29-Jul-2025 00:55:17.470 INFO [mysql-cj-abandoned-connection-cleanup] org.apache.catalina.loader.WebappClassLoaderBase.checkStateForResourceLoading Acceso ilegal: esta instancia de aplicación web ya ha sido parada.  Could not load [].  La eventual traza de pila que sigue ha sido motivada por un error lanzado con motivos de depuración así como para intentar terminar el hilo que motivó el acceso ilegal y no tiene impacto funcional.
	java.lang.IllegalStateException: Acceso ilegal: esta instancia de aplicación web ya ha sido parada.  Could not load [].  La eventual traza de pila que sigue ha sido motivada por un error lanzado con motivos de depuración así como para intentar terminar el hilo que motivó el acceso ilegal y no tiene impacto funcional.
		at org.apache.catalina.loader.WebappClassLoaderBase.checkStateForResourceLoading(WebappClassLoaderBase.java:1248)
		at org.apache.catalina.loader.WebappClassLoaderBase.getResource(WebappClassLoaderBase.java:857)
		at com.mysql.cj.jdbc.AbandonedConnectionCleanupThread.checkThreadContextClassLoader(AbandonedConnectionCleanupThread.java:123)
		at com.mysql.cj.jdbc.AbandonedConnectionCleanupThread.run(AbandonedConnectionCleanupThread.java:90)
		at java.base/java.util.concurrent.ThreadPoolExecutor.runWorker(ThreadPoolExecutor.java:1144)
		at java.base/java.util.concurrent.ThreadPoolExecutor$Worker.run(ThreadPoolExecutor.java:642)
		at java.base/java.lang.Thread.run(Thread.java:1570)
29-Jul-2025 00:55:17.523 INFO [mysql-cj-abandoned-connection-cleanup] org.apache.catalina.loader.WebappClassLoaderBase.checkStateForResourceLoading Acceso ilegal: esta instancia de aplicación web ya ha sido parada.  Could not load [].  La eventual traza de pila que sigue ha sido motivada por un error lanzado con motivos de depuración así como para intentar terminar el hilo que motivó el acceso ilegal y no tiene impacto funcional.
	java.lang.IllegalStateException: Acceso ilegal: esta instancia de aplicación web ya ha sido parada.  Could not load [].  La eventual traza de pila que sigue ha sido motivada por un error lanzado con motivos de depuración así como para intentar terminar el hilo que motivó el acceso ilegal y no tiene impacto funcional.
		at org.apache.catalina.loader.WebappClassLoaderBase.checkStateForResourceLoading(WebappClassLoaderBase.java:1248)
		at org.apache.catalina.loader.WebappClassLoaderBase.getResource(WebappClassLoaderBase.java:857)
		at com.mysql.cj.jdbc.AbandonedConnectionCleanupThread.checkThreadContextClassLoader(AbandonedConnectionCleanupThread.java:123)
		at com.mysql.cj.jdbc.AbandonedConnectionCleanupThread.run(AbandonedConnectionCleanupThread.java:90)
		at java.base/java.util.concurrent.ThreadPoolExecutor.runWorker(ThreadPoolExecutor.java:1144)
		at java.base/java.util.concurrent.ThreadPoolExecutor$Worker.run(ThreadPoolExecutor.java:642)
		at java.base/java.lang.Thread.run(Thread.java:1570)
29-Jul-2025 00:55:17.523 INFO [mysql-cj-abandoned-connection-cleanup] org.apache.catalina.loader.WebappClassLoaderBase.checkStateForResourceLoading Acceso ilegal: esta instancia de aplicación web ya ha sido parada.  Could not load [].  La eventual traza de pila que sigue ha sido motivada por un error lanzado con motivos de depuración así como para intentar terminar el hilo que motivó el acceso ilegal y no tiene impacto funcional.
	java.lang.IllegalStateException: Acceso ilegal: esta instancia de aplicación web ya ha sido parada.  Could not load [].  La eventual traza de pila que sigue ha sido motivada por un error lanzado con motivos de depuración así como para intentar terminar el hilo que motivó el acceso ilegal y no tiene impacto funcional.
		at org.apache.catalina.loader.WebappClassLoaderBase.checkStateForResourceLoading(WebappClassLoaderBase.java:1248)
		at org.apache.catalina.loader.WebappClassLoaderBase.getResource(WebappClassLoaderBase.java:857)
		at com.mysql.cj.jdbc.AbandonedConnectionCleanupThread.checkThreadContextClassLoader(AbandonedConnectionCleanupThread.java:123)
		at com.mysql.cj.jdbc.AbandonedConnectionCleanupThread.run(AbandonedConnectionCleanupThread.java:90)
		at java.base/java.util.concurrent.ThreadPoolExecutor.runWorker(ThreadPoolExecutor.java:1144)
		at java.base/java.util.concurrent.ThreadPoolExecutor$Worker.run(ThreadPoolExecutor.java:642)
		at java.base/java.lang.Thread.run(Thread.java:1570)
29-Jul-2025 00:55:17.523 INFO [mysql-cj-abandoned-connection-cleanup] org.apache.catalina.loader.WebappClassLoaderBase.checkStateForResourceLoading Acceso ilegal: esta instancia de aplicación web ya ha sido parada.  Could not load [].  La eventual traza de pila que sigue ha sido motivada por un error lanzado con motivos de depuración así como para intentar terminar el hilo que motivó el acceso ilegal y no tiene impacto funcional.
	java.lang.IllegalStateException: Acceso ilegal: esta instancia de aplicación web ya ha sido parada.  Could not load [].  La eventual traza de pila que sigue ha sido motivada por un error lanzado con motivos de depuración así como para intentar terminar el hilo que motivó el acceso ilegal y no tiene impacto funcional.
		at org.apache.catalina.loader.WebappClassLoaderBase.checkStateForResourceLoading(WebappClassLoaderBase.java:1248)
		at org.apache.catalina.loader.WebappClassLoaderBase.getResource(WebappClassLoaderBase.java:857)
		at com.mysql.cj.jdbc.AbandonedConnectionCleanupThread.checkThreadContextClassLoader(AbandonedConnectionCleanupThread.java:123)
		at com.mysql.cj.jdbc.AbandonedConnectionCleanupThread.run(AbandonedConnectionCleanupThread.java:90)
		at java.base/java.util.concurrent.ThreadPoolExecutor.runWorker(ThreadPoolExecutor.java:1144)
		at java.base/java.util.concurrent.ThreadPoolExecutor$Worker.run(ThreadPoolExecutor.java:642)
		at java.base/java.lang.Thread.run(Thread.java:1570)
29-Jul-2025 00:55:17.576 INFO [mysql-cj-abandoned-connection-cleanup] org.apache.catalina.loader.WebappClassLoaderBase.checkStateForResourceLoading Acceso ilegal: esta instancia de aplicación web ya ha sido parada.  Could not load [].  La eventual traza de pila que sigue ha sido motivada por un error lanzado con motivos de depuración así como para intentar terminar el hilo que motivó el acceso ilegal y no tiene impacto funcional.
	java.lang.IllegalStateException: Acceso ilegal: esta instancia de aplicación web ya ha sido parada.  Could not load [].  La eventual traza de pila que sigue ha sido motivada por un error lanzado con motivos de depuración así como para intentar terminar el hilo que motivó el acceso ilegal y no tiene impacto funcional.
		at org.apache.catalina.loader.WebappClassLoaderBase.checkStateForResourceLoading(WebappClassLoaderBase.java:1248)
		at org.apache.catalina.loader.WebappClassLoaderBase.getResource(WebappClassLoaderBase.java:857)
		at com.mysql.cj.jdbc.AbandonedConnectionCleanupThread.checkThreadContextClassLoader(AbandonedConnectionCleanupThread.java:123)
		at com.mysql.cj.jdbc.AbandonedConnectionCleanupThread.run(AbandonedConnectionCleanupThread.java:90)
		at java.base/java.util.concurrent.ThreadPoolExecutor.runWorker(ThreadPoolExecutor.java:1144)
		at java.base/java.util.concurrent.ThreadPoolExecutor$Worker.run(ThreadPoolExecutor.java:642)
		at java.base/java.lang.Thread.run(Thread.java:1570)
29-Jul-2025 00:55:17.576 INFO [mysql-cj-abandoned-connection-cleanup] org.apache.catalina.loader.WebappClassLoaderBase.checkStateForResourceLoading Acceso ilegal: esta instancia de aplicación web ya ha sido parada.  Could not load [].  La eventual traza de pila que sigue ha sido motivada por un error lanzado con motivos de depuración así como para intentar terminar el hilo que motivó el acceso ilegal y no tiene impacto funcional.
	java.lang.IllegalStateException: Acceso ilegal: esta instancia de aplicación web ya ha sido parada.  Could not load [].  La eventual traza de pila que sigue ha sido motivada por un error lanzado con motivos de depuración así como para intentar terminar el hilo que motivó el acceso ilegal y no tiene impacto funcional.
		at org.apache.catalina.loader.WebappClassLoaderBase.checkStateForResourceLoading(WebappClassLoaderBase.java:1248)
		at org.apache.catalina.loader.WebappClassLoaderBase.getResource(WebappClassLoaderBase.java:857)
		at com.mysql.cj.jdbc.AbandonedConnectionCleanupThread.checkThreadContextClassLoader(AbandonedConnectionCleanupThread.java:123)
		at com.mysql.cj.jdbc.AbandonedConnectionCleanupThread.run(AbandonedConnectionCleanupThread.java:90)
		at java.base/java.util.concurrent.ThreadPoolExecutor.runWorker(ThreadPoolExecutor.java:1144)
		at java.base/java.util.concurrent.ThreadPoolExecutor$Worker.run(ThreadPoolExecutor.java:642)
		at java.base/java.lang.Thread.run(Thread.java:1570)
29-Jul-2025 00:55:17.576 INFO [mysql-cj-abandoned-connection-cleanup] org.apache.catalina.loader.WebappClassLoaderBase.checkStateForResourceLoading Acceso ilegal: esta instancia de aplicación web ya ha sido parada.  Could not load [].  La eventual traza de pila que sigue ha sido motivada por un error lanzado con motivos de depuración así como para intentar terminar el hilo que motivó el acceso ilegal y no tiene impacto funcional.
	java.lang.IllegalStateException: Acceso ilegal: esta instancia de aplicación web ya ha sido parada.  Could not load [].  La eventual traza de pila que sigue ha sido motivada por un error lanzado con motivos de depuración así como para intentar terminar el hilo que motivó el acceso ilegal y no tiene impacto funcional.
		at org.apache.catalina.loader.WebappClassLoaderBase.checkStateForResourceLoading(WebappClassLoaderBase.java:1248)
		at org.apache.catalina.loader.WebappClassLoaderBase.getResource(WebappClassLoaderBase.java:857)
		at com.mysql.cj.jdbc.AbandonedConnectionCleanupThread.checkThreadContextClassLoader(AbandonedConnectionCleanupThread.java:123)
		at com.mysql.cj.jdbc.AbandonedConnectionCleanupThread.run(AbandonedConnectionCleanupThread.java:90)
		at java.base/java.util.concurrent.ThreadPoolExecutor.runWorker(ThreadPoolExecutor.java:1144)
		at java.base/java.util.concurrent.ThreadPoolExecutor$Worker.run(ThreadPoolExecutor.java:642)
		at java.base/java.lang.Thread.run(Thread.java:1570)
29-Jul-2025 00:55:17.643 INFO [mysql-cj-abandoned-connection-cleanup] org.apache.catalina.loader.WebappClassLoaderBase.checkStateForResourceLoading Acceso ilegal: esta instancia de aplicación web ya ha sido parada.  Could not load [].  La eventual traza de pila que sigue ha sido motivada por un error lanzado con motivos de depuración así como para intentar terminar el hilo que motivó el acceso ilegal y no tiene impacto funcional.
	java.lang.IllegalStateException: Acceso ilegal: esta instancia de aplicación web ya ha sido parada.  Could not load [].  La eventual traza de pila que sigue ha sido motivada por un error lanzado con motivos de depuración así como para intentar terminar el hilo que motivó el acceso ilegal y no tiene impacto funcional.
		at org.apache.catalina.loader.WebappClassLoaderBase.checkStateForResourceLoading(WebappClassLoaderBase.java:1248)
		at org.apache.catalina.loader.WebappClassLoaderBase.getResource(WebappClassLoaderBase.java:857)
		at com.mysql.cj.jdbc.AbandonedConnectionCleanupThread.checkThreadContextClassLoader(AbandonedConnectionCleanupThread.java:123)
		at com.mysql.cj.jdbc.AbandonedConnectionCleanupThread.run(AbandonedConnectionCleanupThread.java:90)
		at java.base/java.util.concurrent.ThreadPoolExecutor.runWorker(ThreadPoolExecutor.java:1144)
		at java.base/java.util.concurrent.ThreadPoolExecutor$Worker.run(ThreadPoolExecutor.java:642)
		at java.base/java.lang.Thread.run(Thread.java:1570)
29-Jul-2025 00:55:17.643 INFO [mysql-cj-abandoned-connection-cleanup] org.apache.catalina.loader.WebappClassLoaderBase.checkStateForResourceLoading Acceso ilegal: esta instancia de aplicación web ya ha sido parada.  Could not load [].  La eventual traza de pila que sigue ha sido motivada por un error lanzado con motivos de depuración así como para intentar terminar el hilo que motivó el acceso ilegal y no tiene impacto funcional.
	java.lang.IllegalStateException: Acceso ilegal: esta instancia de aplicación web ya ha sido parada.  Could not load [].  La eventual traza de pila que sigue ha sido motivada por un error lanzado con motivos de depuración así como para intentar terminar el hilo que motivó el acceso ilegal y no tiene impacto funcional.
		at org.apache.catalina.loader.WebappClassLoaderBase.checkStateForResourceLoading(WebappClassLoaderBase.java:1248)
		at org.apache.catalina.loader.WebappClassLoaderBase.getResource(WebappClassLoaderBase.java:857)
		at com.mysql.cj.jdbc.AbandonedConnectionCleanupThread.checkThreadContextClassLoader(AbandonedConnectionCleanupThread.java:123)
		at com.mysql.cj.jdbc.AbandonedConnectionCleanupThread.run(AbandonedConnectionCleanupThread.java:90)
		at java.base/java.util.concurrent.ThreadPoolExecutor.runWorker(ThreadPoolExecutor.java:1144)
		at java.base/java.util.concurrent.ThreadPoolExecutor$Worker.run(ThreadPoolExecutor.java:642)
		at java.base/java.lang.Thread.run(Thread.java:1570)
29-Jul-2025 00:55:17.643 INFO [mysql-cj-abandoned-connection-cleanup] org.apache.catalina.loader.WebappClassLoaderBase.checkStateForResourceLoading Acceso ilegal: esta instancia de aplicación web ya ha sido parada.  Could not load [].  La eventual traza de pila que sigue ha sido motivada por un error lanzado con motivos de depuración así como para intentar terminar el hilo que motivó el acceso ilegal y no tiene impacto funcional.
	java.lang.IllegalStateException: Acceso ilegal: esta instancia de aplicación web ya ha sido parada.  Could not load [].  La eventual traza de pila que sigue ha sido motivada por un error lanzado con motivos de depuración así como para intentar terminar el hilo que motivó el acceso ilegal y no tiene impacto funcional.
		at org.apache.catalina.loader.WebappClassLoaderBase.checkStateForResourceLoading(WebappClassLoaderBase.java:1248)
		at org.apache.catalina.loader.WebappClassLoaderBase.getResource(WebappClassLoaderBase.java:857)
		at com.mysql.cj.jdbc.AbandonedConnectionCleanupThread.checkThreadContextClassLoader(AbandonedConnectionCleanupThread.java:123)
		at com.mysql.cj.jdbc.AbandonedConnectionCleanupThread.run(AbandonedConnectionCleanupThread.java:90)
		at java.base/java.util.concurrent.ThreadPoolExecutor.runWorker(ThreadPoolExecutor.java:1144)
		at java.base/java.util.concurrent.ThreadPoolExecutor$Worker.run(ThreadPoolExecutor.java:642)
		at java.base/java.lang.Thread.run(Thread.java:1570)
29-Jul-2025 00:55:17.697 INFO [mysql-cj-abandoned-connection-cleanup] org.apache.catalina.loader.WebappClassLoaderBase.checkStateForResourceLoading Acceso ilegal: esta instancia de aplicación web ya ha sido parada.  Could not load [].  La eventual traza de pila que sigue ha sido motivada por un error lanzado con motivos de depuración así como para intentar terminar el hilo que motivó el acceso ilegal y no tiene impacto funcional.
	java.lang.IllegalStateException: Acceso ilegal: esta instancia de aplicación web ya ha sido parada.  Could not load [].  La eventual traza de pila que sigue ha sido motivada por un error lanzado con motivos de depuración así como para intentar terminar el hilo que motivó el acceso ilegal y no tiene impacto funcional.
		at org.apache.catalina.loader.WebappClassLoaderBase.checkStateForResourceLoading(WebappClassLoaderBase.java:1248)
		at org.apache.catalina.loader.WebappClassLoaderBase.getResource(WebappClassLoaderBase.java:857)
		at com.mysql.cj.jdbc.AbandonedConnectionCleanupThread.checkThreadContextClassLoader(AbandonedConnectionCleanupThread.java:123)
		at com.mysql.cj.jdbc.AbandonedConnectionCleanupThread.run(AbandonedConnectionCleanupThread.java:90)
		at java.base/java.util.concurrent.ThreadPoolExecutor.runWorker(ThreadPoolExecutor.java:1144)
		at java.base/java.util.concurrent.ThreadPoolExecutor$Worker.run(ThreadPoolExecutor.java:642)
		at java.base/java.lang.Thread.run(Thread.java:1570)
29-Jul-2025 00:55:17.697 INFO [mysql-cj-abandoned-connection-cleanup] org.apache.catalina.loader.WebappClassLoaderBase.checkStateForResourceLoading Acceso ilegal: esta instancia de aplicación web ya ha sido parada.  Could not load [].  La eventual traza de pila que sigue ha sido motivada por un error lanzado con motivos de depuración así como para intentar terminar el hilo que motivó el acceso ilegal y no tiene impacto funcional.
	java.lang.IllegalStateException: Acceso ilegal: esta instancia de aplicación web ya ha sido parada.  Could not load [].  La eventual traza de pila que sigue ha sido motivada por un error lanzado con motivos de depuración así como para intentar terminar el hilo que motivó el acceso ilegal y no tiene impacto funcional.
		at org.apache.catalina.loader.WebappClassLoaderBase.checkStateForResourceLoading(WebappClassLoaderBase.java:1248)
		at org.apache.catalina.loader.WebappClassLoaderBase.getResource(WebappClassLoaderBase.java:857)
		at com.mysql.cj.jdbc.AbandonedConnectionCleanupThread.checkThreadContextClassLoader(AbandonedConnectionCleanupThread.java:123)
		at com.mysql.cj.jdbc.AbandonedConnectionCleanupThread.run(AbandonedConnectionCleanupThread.java:90)
		at java.base/java.util.concurrent.ThreadPoolExecutor.runWorker(ThreadPoolExecutor.java:1144)
		at java.base/java.util.concurrent.ThreadPoolExecutor$Worker.run(ThreadPoolExecutor.java:642)
		at java.base/java.lang.Thread.run(Thread.java:1570)
29-Jul-2025 00:55:17.697 INFO [mysql-cj-abandoned-connection-cleanup] org.apache.catalina.loader.WebappClassLoaderBase.checkStateForResourceLoading Acceso ilegal: esta instancia de aplicación web ya ha sido parada.  Could not load [].  La eventual traza de pila que sigue ha sido motivada por un error lanzado con motivos de depuración así como para intentar terminar el hilo que motivó el acceso ilegal y no tiene impacto funcional.
	java.lang.IllegalStateException: Acceso ilegal: esta instancia de aplicación web ya ha sido parada.  Could not load [].  La eventual traza de pila que sigue ha sido motivada por un error lanzado con motivos de depuración así como para intentar terminar el hilo que motivó el acceso ilegal y no tiene impacto funcional.
		at org.apache.catalina.loader.WebappClassLoaderBase.checkStateForResourceLoading(WebappClassLoaderBase.java:1248)
		at org.apache.catalina.loader.WebappClassLoaderBase.getResource(WebappClassLoaderBase.java:857)
		at com.mysql.cj.jdbc.AbandonedConnectionCleanupThread.checkThreadContextClassLoader(AbandonedConnectionCleanupThread.java:123)
		at com.mysql.cj.jdbc.AbandonedConnectionCleanupThread.run(AbandonedConnectionCleanupThread.java:90)
		at java.base/java.util.concurrent.ThreadPoolExecutor.runWorker(ThreadPoolExecutor.java:1144)
		at java.base/java.util.concurrent.ThreadPoolExecutor$Worker.run(ThreadPoolExecutor.java:642)
		at java.base/java.lang.Thread.run(Thread.java:1570)
29-Jul-2025 00:55:17.751 INFO [mysql-cj-abandoned-connection-cleanup] org.apache.catalina.loader.WebappClassLoaderBase.checkStateForResourceLoading Acceso ilegal: esta instancia de aplicación web ya ha sido parada.  Could not load [].  La eventual traza de pila que sigue ha sido motivada por un error lanzado con motivos de depuración así como para intentar terminar el hilo que motivó el acceso ilegal y no tiene impacto funcional.
	java.lang.IllegalStateException: Acceso ilegal: esta instancia de aplicación web ya ha sido parada.  Could not load [].  La eventual traza de pila que sigue ha sido motivada por un error lanzado con motivos de depuración así como para intentar terminar el hilo que motivó el acceso ilegal y no tiene impacto funcional.
		at org.apache.catalina.loader.WebappClassLoaderBase.checkStateForResourceLoading(WebappClassLoaderBase.java:1248)
		at org.apache.catalina.loader.WebappClassLoaderBase.getResource(WebappClassLoaderBase.java:857)
		at com.mysql.cj.jdbc.AbandonedConnectionCleanupThread.checkThreadContextClassLoader(AbandonedConnectionCleanupThread.java:123)
		at com.mysql.cj.jdbc.AbandonedConnectionCleanupThread.run(AbandonedConnectionCleanupThread.java:90)
		at java.base/java.util.concurrent.ThreadPoolExecutor.runWorker(ThreadPoolExecutor.java:1144)
		at java.base/java.util.concurrent.ThreadPoolExecutor$Worker.run(ThreadPoolExecutor.java:642)
		at java.base/java.lang.Thread.run(Thread.java:1570)
29-Jul-2025 00:55:17.751 INFO [mysql-cj-abandoned-connection-cleanup] org.apache.catalina.loader.WebappClassLoaderBase.checkStateForResourceLoading Acceso ilegal: esta instancia de aplicación web ya ha sido parada.  Could not load [].  La eventual traza de pila que sigue ha sido motivada por un error lanzado con motivos de depuración así como para intentar terminar el hilo que motivó el acceso ilegal y no tiene impacto funcional.
	java.lang.IllegalStateException: Acceso ilegal: esta instancia de aplicación web ya ha sido parada.  Could not load [].  La eventual traza de pila que sigue ha sido motivada por un error lanzado con motivos de depuración así como para intentar terminar el hilo que motivó el acceso ilegal y no tiene impacto funcional.
		at org.apache.catalina.loader.WebappClassLoaderBase.checkStateForResourceLoading(WebappClassLoaderBase.java:1248)
		at org.apache.catalina.loader.WebappClassLoaderBase.getResource(WebappClassLoaderBase.java:857)
		at com.mysql.cj.jdbc.AbandonedConnectionCleanupThread.checkThreadContextClassLoader(AbandonedConnectionCleanupThread.java:123)
		at com.mysql.cj.jdbc.AbandonedConnectionCleanupThread.run(AbandonedConnectionCleanupThread.java:90)
		at java.base/java.util.concurrent.ThreadPoolExecutor.runWorker(ThreadPoolExecutor.java:1144)
		at java.base/java.util.concurrent.ThreadPoolExecutor$Worker.run(ThreadPoolExecutor.java:642)
		at java.base/java.lang.Thread.run(Thread.java:1570)
29-Jul-2025 00:55:17.751 INFO [mysql-cj-abandoned-connection-cleanup] org.apache.catalina.loader.WebappClassLoaderBase.checkStateForResourceLoading Acceso ilegal: esta instancia de aplicación web ya ha sido parada.  Could not load [].  La eventual traza de pila que sigue ha sido motivada por un error lanzado con motivos de depuración así como para intentar terminar el hilo que motivó el acceso ilegal y no tiene impacto funcional.
	java.lang.IllegalStateException: Acceso ilegal: esta instancia de aplicación web ya ha sido parada.  Could not load [].  La eventual traza de pila que sigue ha sido motivada por un error lanzado con motivos de depuración así como para intentar terminar el hilo que motivó el acceso ilegal y no tiene impacto funcional.
		at org.apache.catalina.loader.WebappClassLoaderBase.checkStateForResourceLoading(WebappClassLoaderBase.java:1248)
		at org.apache.catalina.loader.WebappClassLoaderBase.getResource(WebappClassLoaderBase.java:857)
		at com.mysql.cj.jdbc.AbandonedConnectionCleanupThread.checkThreadContextClassLoader(AbandonedConnectionCleanupThread.java:123)
		at com.mysql.cj.jdbc.AbandonedConnectionCleanupThread.run(AbandonedConnectionCleanupThread.java:90)
		at java.base/java.util.concurrent.ThreadPoolExecutor.runWorker(ThreadPoolExecutor.java:1144)
		at java.base/java.util.concurrent.ThreadPoolExecutor$Worker.run(ThreadPoolExecutor.java:642)
		at java.base/java.lang.Thread.run(Thread.java:1570)
29-Jul-2025 00:55:17.804 INFO [mysql-cj-abandoned-connection-cleanup] org.apache.catalina.loader.WebappClassLoaderBase.checkStateForResourceLoading Acceso ilegal: esta instancia de aplicación web ya ha sido parada.  Could not load [].  La eventual traza de pila que sigue ha sido motivada por un error lanzado con motivos de depuración así como para intentar terminar el hilo que motivó el acceso ilegal y no tiene impacto funcional.
	java.lang.IllegalStateException: Acceso ilegal: esta instancia de aplicación web ya ha sido parada.  Could not load [].  La eventual traza de pila que sigue ha sido motivada por un error lanzado con motivos de depuración así como para intentar terminar el hilo que motivó el acceso ilegal y no tiene impacto funcional.
		at org.apache.catalina.loader.WebappClassLoaderBase.checkStateForResourceLoading(WebappClassLoaderBase.java:1248)
		at org.apache.catalina.loader.WebappClassLoaderBase.getResource(WebappClassLoaderBase.java:857)
		at com.mysql.cj.jdbc.AbandonedConnectionCleanupThread.checkThreadContextClassLoader(AbandonedConnectionCleanupThread.java:123)
		at com.mysql.cj.jdbc.AbandonedConnectionCleanupThread.run(AbandonedConnectionCleanupThread.java:90)
		at java.base/java.util.concurrent.ThreadPoolExecutor.runWorker(ThreadPoolExecutor.java:1144)
		at java.base/java.util.concurrent.ThreadPoolExecutor$Worker.run(ThreadPoolExecutor.java:642)
		at java.base/java.lang.Thread.run(Thread.java:1570)
29-Jul-2025 00:55:17.804 INFO [mysql-cj-abandoned-connection-cleanup] org.apache.catalina.loader.WebappClassLoaderBase.checkStateForResourceLoading Acceso ilegal: esta instancia de aplicación web ya ha sido parada.  Could not load [].  La eventual traza de pila que sigue ha sido motivada por un error lanzado con motivos de depuración así como para intentar terminar el hilo que motivó el acceso ilegal y no tiene impacto funcional.
	java.lang.IllegalStateException: Acceso ilegal: esta instancia de aplicación web ya ha sido parada.  Could not load [].  La eventual traza de pila que sigue ha sido motivada por un error lanzado con motivos de depuración así como para intentar terminar el hilo que motivó el acceso ilegal y no tiene impacto funcional.
		at org.apache.catalina.loader.WebappClassLoaderBase.checkStateForResourceLoading(WebappClassLoaderBase.java:1248)
		at org.apache.catalina.loader.WebappClassLoaderBase.getResource(WebappClassLoaderBase.java:857)
		at com.mysql.cj.jdbc.AbandonedConnectionCleanupThread.checkThreadContextClassLoader(AbandonedConnectionCleanupThread.java:123)
		at com.mysql.cj.jdbc.AbandonedConnectionCleanupThread.run(AbandonedConnectionCleanupThread.java:90)
		at java.base/java.util.concurrent.ThreadPoolExecutor.runWorker(ThreadPoolExecutor.java:1144)
		at java.base/java.util.concurrent.ThreadPoolExecutor$Worker.run(ThreadPoolExecutor.java:642)
		at java.base/java.lang.Thread.run(Thread.java:1570)
29-Jul-2025 00:55:17.804 INFO [mysql-cj-abandoned-connection-cleanup] org.apache.catalina.loader.WebappClassLoaderBase.checkStateForResourceLoading Acceso ilegal: esta instancia de aplicación web ya ha sido parada.  Could not load [].  La eventual traza de pila que sigue ha sido motivada por un error lanzado con motivos de depuración así como para intentar terminar el hilo que motivó el acceso ilegal y no tiene impacto funcional.
	java.lang.IllegalStateException: Acceso ilegal: esta instancia de aplicación web ya ha sido parada.  Could not load [].  La eventual traza de pila que sigue ha sido motivada por un error lanzado con motivos de depuración así como para intentar terminar el hilo que motivó el acceso ilegal y no tiene impacto funcional.
		at org.apache.catalina.loader.WebappClassLoaderBase.checkStateForResourceLoading(WebappClassLoaderBase.java:1248)
		at org.apache.catalina.loader.WebappClassLoaderBase.getResource(WebappClassLoaderBase.java:857)
		at com.mysql.cj.jdbc.AbandonedConnectionCleanupThread.checkThreadContextClassLoader(AbandonedConnectionCleanupThread.java:123)
		at com.mysql.cj.jdbc.AbandonedConnectionCleanupThread.run(AbandonedConnectionCleanupThread.java:90)
		at java.base/java.util.concurrent.ThreadPoolExecutor.runWorker(ThreadPoolExecutor.java:1144)
		at java.base/java.util.concurrent.ThreadPoolExecutor$Worker.run(ThreadPoolExecutor.java:642)
		at java.base/java.lang.Thread.run(Thread.java:1570)
29-Jul-2025 00:55:17.868 INFO [mysql-cj-abandoned-connection-cleanup] org.apache.catalina.loader.WebappClassLoaderBase.checkStateForResourceLoading Acceso ilegal: esta instancia de aplicación web ya ha sido parada.  Could not load [].  La eventual traza de pila que sigue ha sido motivada por un error lanzado con motivos de depuración así como para intentar terminar el hilo que motivó el acceso ilegal y no tiene impacto funcional.
	java.lang.IllegalStateException: Acceso ilegal: esta instancia de aplicación web ya ha sido parada.  Could not load [].  La eventual traza de pila que sigue ha sido motivada por un error lanzado con motivos de depuración así como para intentar terminar el hilo que motivó el acceso ilegal y no tiene impacto funcional.
		at org.apache.catalina.loader.WebappClassLoaderBase.checkStateForResourceLoading(WebappClassLoaderBase.java:1248)
		at org.apache.catalina.loader.WebappClassLoaderBase.getResource(WebappClassLoaderBase.java:857)
		at com.mysql.cj.jdbc.AbandonedConnectionCleanupThread.checkThreadContextClassLoader(AbandonedConnectionCleanupThread.java:123)
		at com.mysql.cj.jdbc.AbandonedConnectionCleanupThread.run(AbandonedConnectionCleanupThread.java:90)
		at java.base/java.util.concurrent.ThreadPoolExecutor.runWorker(ThreadPoolExecutor.java:1144)
		at java.base/java.util.concurrent.ThreadPoolExecutor$Worker.run(ThreadPoolExecutor.java:642)
		at java.base/java.lang.Thread.run(Thread.java:1570)
29-Jul-2025 00:55:17.868 INFO [mysql-cj-abandoned-connection-cleanup] org.apache.catalina.loader.WebappClassLoaderBase.checkStateForResourceLoading Acceso ilegal: esta instancia de aplicación web ya ha sido parada.  Could not load [].  La eventual traza de pila que sigue ha sido motivada por un error lanzado con motivos de depuración así como para intentar terminar el hilo que motivó el acceso ilegal y no tiene impacto funcional.
	java.lang.IllegalStateException: Acceso ilegal: esta instancia de aplicación web ya ha sido parada.  Could not load [].  La eventual traza de pila que sigue ha sido motivada por un error lanzado con motivos de depuración así como para intentar terminar el hilo que motivó el acceso ilegal y no tiene impacto funcional.
		at org.apache.catalina.loader.WebappClassLoaderBase.checkStateForResourceLoading(WebappClassLoaderBase.java:1248)
		at org.apache.catalina.loader.WebappClassLoaderBase.getResource(WebappClassLoaderBase.java:857)
		at com.mysql.cj.jdbc.AbandonedConnectionCleanupThread.checkThreadContextClassLoader(AbandonedConnectionCleanupThread.java:123)
		at com.mysql.cj.jdbc.AbandonedConnectionCleanupThread.run(AbandonedConnectionCleanupThread.java:90)
		at java.base/java.util.concurrent.ThreadPoolExecutor.runWorker(ThreadPoolExecutor.java:1144)
		at java.base/java.util.concurrent.ThreadPoolExecutor$Worker.run(ThreadPoolExecutor.java:642)
		at java.base/java.lang.Thread.run(Thread.java:1570)
29-Jul-2025 00:55:17.868 INFO [mysql-cj-abandoned-connection-cleanup] org.apache.catalina.loader.WebappClassLoaderBase.checkStateForResourceLoading Acceso ilegal: esta instancia de aplicación web ya ha sido parada.  Could not load [].  La eventual traza de pila que sigue ha sido motivada por un error lanzado con motivos de depuración así como para intentar terminar el hilo que motivó el acceso ilegal y no tiene impacto funcional.
	java.lang.IllegalStateException: Acceso ilegal: esta instancia de aplicación web ya ha sido parada.  Could not load [].  La eventual traza de pila que sigue ha sido motivada por un error lanzado con motivos de depuración así como para intentar terminar el hilo que motivó el acceso ilegal y no tiene impacto funcional.
		at org.apache.catalina.loader.WebappClassLoaderBase.checkStateForResourceLoading(WebappClassLoaderBase.java:1248)
		at org.apache.catalina.loader.WebappClassLoaderBase.getResource(WebappClassLoaderBase.java:857)
		at com.mysql.cj.jdbc.AbandonedConnectionCleanupThread.checkThreadContextClassLoader(AbandonedConnectionCleanupThread.java:123)
		at com.mysql.cj.jdbc.AbandonedConnectionCleanupThread.run(AbandonedConnectionCleanupThread.java:90)
		at java.base/java.util.concurrent.ThreadPoolExecutor.runWorker(ThreadPoolExecutor.java:1144)
		at java.base/java.util.concurrent.ThreadPoolExecutor$Worker.run(ThreadPoolExecutor.java:642)
		at java.base/java.lang.Thread.run(Thread.java:1570)
29-Jul-2025 00:55:17.921 INFO [mysql-cj-abandoned-connection-cleanup] org.apache.catalina.loader.WebappClassLoaderBase.checkStateForResourceLoading Acceso ilegal: esta instancia de aplicación web ya ha sido parada.  Could not load [].  La eventual traza de pila que sigue ha sido motivada por un error lanzado con motivos de depuración así como para intentar terminar el hilo que motivó el acceso ilegal y no tiene impacto funcional.
	java.lang.IllegalStateException: Acceso ilegal: esta instancia de aplicación web ya ha sido parada.  Could not load [].  La eventual traza de pila que sigue ha sido motivada por un error lanzado con motivos de depuración así como para intentar terminar el hilo que motivó el acceso ilegal y no tiene impacto funcional.
		at org.apache.catalina.loader.WebappClassLoaderBase.checkStateForResourceLoading(WebappClassLoaderBase.java:1248)
		at org.apache.catalina.loader.WebappClassLoaderBase.getResource(WebappClassLoaderBase.java:857)
		at com.mysql.cj.jdbc.AbandonedConnectionCleanupThread.checkThreadContextClassLoader(AbandonedConnectionCleanupThread.java:123)
		at com.mysql.cj.jdbc.AbandonedConnectionCleanupThread.run(AbandonedConnectionCleanupThread.java:90)
		at java.base/java.util.concurrent.ThreadPoolExecutor.runWorker(ThreadPoolExecutor.java:1144)
		at java.base/java.util.concurrent.ThreadPoolExecutor$Worker.run(ThreadPoolExecutor.java:642)
		at java.base/java.lang.Thread.run(Thread.java:1570)
29-Jul-2025 00:55:17.921 INFO [mysql-cj-abandoned-connection-cleanup] org.apache.catalina.loader.WebappClassLoaderBase.checkStateForResourceLoading Acceso ilegal: esta instancia de aplicación web ya ha sido parada.  Could not load [].  La eventual traza de pila que sigue ha sido motivada por un error lanzado con motivos de depuración así como para intentar terminar el hilo que motivó el acceso ilegal y no tiene impacto funcional.
	java.lang.IllegalStateException: Acceso ilegal: esta instancia de aplicación web ya ha sido parada.  Could not load [].  La eventual traza de pila que sigue ha sido motivada por un error lanzado con motivos de depuración así como para intentar terminar el hilo que motivó el acceso ilegal y no tiene impacto funcional.
		at org.apache.catalina.loader.WebappClassLoaderBase.checkStateForResourceLoading(WebappClassLoaderBase.java:1248)
		at org.apache.catalina.loader.WebappClassLoaderBase.getResource(WebappClassLoaderBase.java:857)
		at com.mysql.cj.jdbc.AbandonedConnectionCleanupThread.checkThreadContextClassLoader(AbandonedConnectionCleanupThread.java:123)
		at com.mysql.cj.jdbc.AbandonedConnectionCleanupThread.run(AbandonedConnectionCleanupThread.java:90)
		at java.base/java.util.concurrent.ThreadPoolExecutor.runWorker(ThreadPoolExecutor.java:1144)
		at java.base/java.util.concurrent.ThreadPoolExecutor$Worker.run(ThreadPoolExecutor.java:642)
		at java.base/java.lang.Thread.run(Thread.java:1570)
29-Jul-2025 00:55:17.921 INFO [mysql-cj-abandoned-connection-cleanup] org.apache.catalina.loader.WebappClassLoaderBase.checkStateForResourceLoading Acceso ilegal: esta instancia de aplicación web ya ha sido parada.  Could not load [].  La eventual traza de pila que sigue ha sido motivada por un error lanzado con motivos de depuración así como para intentar terminar el hilo que motivó el acceso ilegal y no tiene impacto funcional.
	java.lang.IllegalStateException: Acceso ilegal: esta instancia de aplicación web ya ha sido parada.  Could not load [].  La eventual traza de pila que sigue ha sido motivada por un error lanzado con motivos de depuración así como para intentar terminar el hilo que motivó el acceso ilegal y no tiene impacto funcional.
		at org.apache.catalina.loader.WebappClassLoaderBase.checkStateForResourceLoading(WebappClassLoaderBase.java:1248)
		at org.apache.catalina.loader.WebappClassLoaderBase.getResource(WebappClassLoaderBase.java:857)
		at com.mysql.cj.jdbc.AbandonedConnectionCleanupThread.checkThreadContextClassLoader(AbandonedConnectionCleanupThread.java:123)
		at com.mysql.cj.jdbc.AbandonedConnectionCleanupThread.run(AbandonedConnectionCleanupThread.java:90)
		at java.base/java.util.concurrent.ThreadPoolExecutor.runWorker(ThreadPoolExecutor.java:1144)
		at java.base/java.util.concurrent.ThreadPoolExecutor$Worker.run(ThreadPoolExecutor.java:642)
		at java.base/java.lang.Thread.run(Thread.java:1570)
29-Jul-2025 00:55:17.951 INFO [http-nio-8080-exec-25] org.apache.jasper.servlet.TldScanner.scanJars Al menos un JAR, que se ha explorado buscando TLDs, aún no contenía TLDs. Activar historial de depuración para este historiador para una completa lista de los JARs que fueron explorados y de los que nos se halló TLDs. Saltarse JARs no necesarios durante la exploración puede dar lugar a una mejora de tiempo significativa en el arranque y compilación de JSP .
29-Jul-2025 00:55:17.974 INFO [mysql-cj-abandoned-connection-cleanup] org.apache.catalina.loader.WebappClassLoaderBase.checkStateForResourceLoading Acceso ilegal: esta instancia de aplicación web ya ha sido parada.  Could not load [].  La eventual traza de pila que sigue ha sido motivada por un error lanzado con motivos de depuración así como para intentar terminar el hilo que motivó el acceso ilegal y no tiene impacto funcional.
	java.lang.IllegalStateException: Acceso ilegal: esta instancia de aplicación web ya ha sido parada.  Could not load [].  La eventual traza de pila que sigue ha sido motivada por un error lanzado con motivos de depuración así como para intentar terminar el hilo que motivó el acceso ilegal y no tiene impacto funcional.
		at org.apache.catalina.loader.WebappClassLoaderBase.checkStateForResourceLoading(WebappClassLoaderBase.java:1248)
		at org.apache.catalina.loader.WebappClassLoaderBase.getResource(WebappClassLoaderBase.java:857)
		at com.mysql.cj.jdbc.AbandonedConnectionCleanupThread.checkThreadContextClassLoader(AbandonedConnectionCleanupThread.java:123)
		at com.mysql.cj.jdbc.AbandonedConnectionCleanupThread.run(AbandonedConnectionCleanupThread.java:90)
		at java.base/java.util.concurrent.ThreadPoolExecutor.runWorker(ThreadPoolExecutor.java:1144)
		at java.base/java.util.concurrent.ThreadPoolExecutor$Worker.run(ThreadPoolExecutor.java:642)
		at java.base/java.lang.Thread.run(Thread.java:1570)
29-Jul-2025 00:55:17.975 INFO [mysql-cj-abandoned-connection-cleanup] org.apache.catalina.loader.WebappClassLoaderBase.checkStateForResourceLoading Acceso ilegal: esta instancia de aplicación web ya ha sido parada.  Could not load [].  La eventual traza de pila que sigue ha sido motivada por un error lanzado con motivos de depuración así como para intentar terminar el hilo que motivó el acceso ilegal y no tiene impacto funcional.
	java.lang.IllegalStateException: Acceso ilegal: esta instancia de aplicación web ya ha sido parada.  Could not load [].  La eventual traza de pila que sigue ha sido motivada por un error lanzado con motivos de depuración así como para intentar terminar el hilo que motivó el acceso ilegal y no tiene impacto funcional.
		at org.apache.catalina.loader.WebappClassLoaderBase.checkStateForResourceLoading(WebappClassLoaderBase.java:1248)
		at org.apache.catalina.loader.WebappClassLoaderBase.getResource(WebappClassLoaderBase.java:857)
		at com.mysql.cj.jdbc.AbandonedConnectionCleanupThread.checkThreadContextClassLoader(AbandonedConnectionCleanupThread.java:123)
		at com.mysql.cj.jdbc.AbandonedConnectionCleanupThread.run(AbandonedConnectionCleanupThread.java:90)
		at java.base/java.util.concurrent.ThreadPoolExecutor.runWorker(ThreadPoolExecutor.java:1144)
		at java.base/java.util.concurrent.ThreadPoolExecutor$Worker.run(ThreadPoolExecutor.java:642)
		at java.base/java.lang.Thread.run(Thread.java:1570)
29-Jul-2025 00:55:17.975 INFO [mysql-cj-abandoned-connection-cleanup] org.apache.catalina.loader.WebappClassLoaderBase.checkStateForResourceLoading Acceso ilegal: esta instancia de aplicación web ya ha sido parada.  Could not load [].  La eventual traza de pila que sigue ha sido motivada por un error lanzado con motivos de depuración así como para intentar terminar el hilo que motivó el acceso ilegal y no tiene impacto funcional.
	java.lang.IllegalStateException: Acceso ilegal: esta instancia de aplicación web ya ha sido parada.  Could not load [].  La eventual traza de pila que sigue ha sido motivada por un error lanzado con motivos de depuración así como para intentar terminar el hilo que motivó el acceso ilegal y no tiene impacto funcional.
		at org.apache.catalina.loader.WebappClassLoaderBase.checkStateForResourceLoading(WebappClassLoaderBase.java:1248)
		at org.apache.catalina.loader.WebappClassLoaderBase.getResource(WebappClassLoaderBase.java:857)
		at com.mysql.cj.jdbc.AbandonedConnectionCleanupThread.checkThreadContextClassLoader(AbandonedConnectionCleanupThread.java:123)
		at com.mysql.cj.jdbc.AbandonedConnectionCleanupThread.run(AbandonedConnectionCleanupThread.java:90)
		at java.base/java.util.concurrent.ThreadPoolExecutor.runWorker(ThreadPoolExecutor.java:1144)
		at java.base/java.util.concurrent.ThreadPoolExecutor$Worker.run(ThreadPoolExecutor.java:642)
		at java.base/java.lang.Thread.run(Thread.java:1570)
29-Jul-2025 00:55:18.028 INFO [mysql-cj-abandoned-connection-cleanup] org.apache.catalina.loader.WebappClassLoaderBase.checkStateForResourceLoading Acceso ilegal: esta instancia de aplicación web ya ha sido parada.  Could not load [].  La eventual traza de pila que sigue ha sido motivada por un error lanzado con motivos de depuración así como para intentar terminar el hilo que motivó el acceso ilegal y no tiene impacto funcional.
	java.lang.IllegalStateException: Acceso ilegal: esta instancia de aplicación web ya ha sido parada.  Could not load [].  La eventual traza de pila que sigue ha sido motivada por un error lanzado con motivos de depuración así como para intentar terminar el hilo que motivó el acceso ilegal y no tiene impacto funcional.
		at org.apache.catalina.loader.WebappClassLoaderBase.checkStateForResourceLoading(WebappClassLoaderBase.java:1248)
		at org.apache.catalina.loader.WebappClassLoaderBase.getResource(WebappClassLoaderBase.java:857)
		at com.mysql.cj.jdbc.AbandonedConnectionCleanupThread.checkThreadContextClassLoader(AbandonedConnectionCleanupThread.java:123)
		at com.mysql.cj.jdbc.AbandonedConnectionCleanupThread.run(AbandonedConnectionCleanupThread.java:90)
		at java.base/java.util.concurrent.ThreadPoolExecutor.runWorker(ThreadPoolExecutor.java:1144)
		at java.base/java.util.concurrent.ThreadPoolExecutor$Worker.run(ThreadPoolExecutor.java:642)
		at java.base/java.lang.Thread.run(Thread.java:1570)
29-Jul-2025 00:55:18.028 INFO [mysql-cj-abandoned-connection-cleanup] org.apache.catalina.loader.WebappClassLoaderBase.checkStateForResourceLoading Acceso ilegal: esta instancia de aplicación web ya ha sido parada.  Could not load [].  La eventual traza de pila que sigue ha sido motivada por un error lanzado con motivos de depuración así como para intentar terminar el hilo que motivó el acceso ilegal y no tiene impacto funcional.
	java.lang.IllegalStateException: Acceso ilegal: esta instancia de aplicación web ya ha sido parada.  Could not load [].  La eventual traza de pila que sigue ha sido motivada por un error lanzado con motivos de depuración así como para intentar terminar el hilo que motivó el acceso ilegal y no tiene impacto funcional.
		at org.apache.catalina.loader.WebappClassLoaderBase.checkStateForResourceLoading(WebappClassLoaderBase.java:1248)
		at org.apache.catalina.loader.WebappClassLoaderBase.getResource(WebappClassLoaderBase.java:857)
		at com.mysql.cj.jdbc.AbandonedConnectionCleanupThread.checkThreadContextClassLoader(AbandonedConnectionCleanupThread.java:123)
		at com.mysql.cj.jdbc.AbandonedConnectionCleanupThread.run(AbandonedConnectionCleanupThread.java:90)
		at java.base/java.util.concurrent.ThreadPoolExecutor.runWorker(ThreadPoolExecutor.java:1144)
		at java.base/java.util.concurrent.ThreadPoolExecutor$Worker.run(ThreadPoolExecutor.java:642)
		at java.base/java.lang.Thread.run(Thread.java:1570)
29-Jul-2025 00:55:18.028 INFO [mysql-cj-abandoned-connection-cleanup] org.apache.catalina.loader.WebappClassLoaderBase.checkStateForResourceLoading Acceso ilegal: esta instancia de aplicación web ya ha sido parada.  Could not load [].  La eventual traza de pila que sigue ha sido motivada por un error lanzado con motivos de depuración así como para intentar terminar el hilo que motivó el acceso ilegal y no tiene impacto funcional.
	java.lang.IllegalStateException: Acceso ilegal: esta instancia de aplicación web ya ha sido parada.  Could not load [].  La eventual traza de pila que sigue ha sido motivada por un error lanzado con motivos de depuración así como para intentar terminar el hilo que motivó el acceso ilegal y no tiene impacto funcional.
		at org.apache.catalina.loader.WebappClassLoaderBase.checkStateForResourceLoading(WebappClassLoaderBase.java:1248)
		at org.apache.catalina.loader.WebappClassLoaderBase.getResource(WebappClassLoaderBase.java:857)
		at com.mysql.cj.jdbc.AbandonedConnectionCleanupThread.checkThreadContextClassLoader(AbandonedConnectionCleanupThread.java:123)
		at com.mysql.cj.jdbc.AbandonedConnectionCleanupThread.run(AbandonedConnectionCleanupThread.java:90)
		at java.base/java.util.concurrent.ThreadPoolExecutor.runWorker(ThreadPoolExecutor.java:1144)
		at java.base/java.util.concurrent.ThreadPoolExecutor$Worker.run(ThreadPoolExecutor.java:642)
		at java.base/java.lang.Thread.run(Thread.java:1570)
29-Jul-2025 00:55:18.082 INFO [mysql-cj-abandoned-connection-cleanup] org.apache.catalina.loader.WebappClassLoaderBase.checkStateForResourceLoading Acceso ilegal: esta instancia de aplicación web ya ha sido parada.  Could not load [].  La eventual traza de pila que sigue ha sido motivada por un error lanzado con motivos de depuración así como para intentar terminar el hilo que motivó el acceso ilegal y no tiene impacto funcional.
	java.lang.IllegalStateException: Acceso ilegal: esta instancia de aplicación web ya ha sido parada.  Could not load [].  La eventual traza de pila que sigue ha sido motivada por un error lanzado con motivos de depuración así como para intentar terminar el hilo que motivó el acceso ilegal y no tiene impacto funcional.
		at org.apache.catalina.loader.WebappClassLoaderBase.checkStateForResourceLoading(WebappClassLoaderBase.java:1248)
		at org.apache.catalina.loader.WebappClassLoaderBase.getResource(WebappClassLoaderBase.java:857)
		at com.mysql.cj.jdbc.AbandonedConnectionCleanupThread.checkThreadContextClassLoader(AbandonedConnectionCleanupThread.java:123)
		at com.mysql.cj.jdbc.AbandonedConnectionCleanupThread.run(AbandonedConnectionCleanupThread.java:90)
		at java.base/java.util.concurrent.ThreadPoolExecutor.runWorker(ThreadPoolExecutor.java:1144)
		at java.base/java.util.concurrent.ThreadPoolExecutor$Worker.run(ThreadPoolExecutor.java:642)
		at java.base/java.lang.Thread.run(Thread.java:1570)
29-Jul-2025 00:55:18.082 INFO [mysql-cj-abandoned-connection-cleanup] org.apache.catalina.loader.WebappClassLoaderBase.checkStateForResourceLoading Acceso ilegal: esta instancia de aplicación web ya ha sido parada.  Could not load [].  La eventual traza de pila que sigue ha sido motivada por un error lanzado con motivos de depuración así como para intentar terminar el hilo que motivó el acceso ilegal y no tiene impacto funcional.
	java.lang.IllegalStateException: Acceso ilegal: esta instancia de aplicación web ya ha sido parada.  Could not load [].  La eventual traza de pila que sigue ha sido motivada por un error lanzado con motivos de depuración así como para intentar terminar el hilo que motivó el acceso ilegal y no tiene impacto funcional.
		at org.apache.catalina.loader.WebappClassLoaderBase.checkStateForResourceLoading(WebappClassLoaderBase.java:1248)
		at org.apache.catalina.loader.WebappClassLoaderBase.getResource(WebappClassLoaderBase.java:857)
		at com.mysql.cj.jdbc.AbandonedConnectionCleanupThread.checkThreadContextClassLoader(AbandonedConnectionCleanupThread.java:123)
		at com.mysql.cj.jdbc.AbandonedConnectionCleanupThread.run(AbandonedConnectionCleanupThread.java:90)
		at java.base/java.util.concurrent.ThreadPoolExecutor.runWorker(ThreadPoolExecutor.java:1144)
		at java.base/java.util.concurrent.ThreadPoolExecutor$Worker.run(ThreadPoolExecutor.java:642)
		at java.base/java.lang.Thread.run(Thread.java:1570)
29-Jul-2025 00:55:18.108 INFO [mysql-cj-abandoned-connection-cleanup] org.apache.catalina.loader.WebappClassLoaderBase.checkStateForResourceLoading Acceso ilegal: esta instancia de aplicación web ya ha sido parada.  Could not load [].  La eventual traza de pila que sigue ha sido motivada por un error lanzado con motivos de depuración así como para intentar terminar el hilo que motivó el acceso ilegal y no tiene impacto funcional.
	java.lang.IllegalStateException: Acceso ilegal: esta instancia de aplicación web ya ha sido parada.  Could not load [].  La eventual traza de pila que sigue ha sido motivada por un error lanzado con motivos de depuración así como para intentar terminar el hilo que motivó el acceso ilegal y no tiene impacto funcional.
		at org.apache.catalina.loader.WebappClassLoaderBase.checkStateForResourceLoading(WebappClassLoaderBase.java:1248)
		at org.apache.catalina.loader.WebappClassLoaderBase.getResource(WebappClassLoaderBase.java:857)
		at com.mysql.cj.jdbc.AbandonedConnectionCleanupThread.checkThreadContextClassLoader(AbandonedConnectionCleanupThread.java:123)
		at com.mysql.cj.jdbc.AbandonedConnectionCleanupThread.run(AbandonedConnectionCleanupThread.java:90)
		at java.base/java.util.concurrent.ThreadPoolExecutor.runWorker(ThreadPoolExecutor.java:1144)
		at java.base/java.util.concurrent.ThreadPoolExecutor$Worker.run(ThreadPoolExecutor.java:642)
		at java.base/java.lang.Thread.run(Thread.java:1570)
29-Jul-2025 00:55:18.135 INFO [mysql-cj-abandoned-connection-cleanup] org.apache.catalina.loader.WebappClassLoaderBase.checkStateForResourceLoading Acceso ilegal: esta instancia de aplicación web ya ha sido parada.  Could not load [].  La eventual traza de pila que sigue ha sido motivada por un error lanzado con motivos de depuración así como para intentar terminar el hilo que motivó el acceso ilegal y no tiene impacto funcional.
	java.lang.IllegalStateException: Acceso ilegal: esta instancia de aplicación web ya ha sido parada.  Could not load [].  La eventual traza de pila que sigue ha sido motivada por un error lanzado con motivos de depuración así como para intentar terminar el hilo que motivó el acceso ilegal y no tiene impacto funcional.
		at org.apache.catalina.loader.WebappClassLoaderBase.checkStateForResourceLoading(WebappClassLoaderBase.java:1248)
		at org.apache.catalina.loader.WebappClassLoaderBase.getResource(WebappClassLoaderBase.java:857)
		at com.mysql.cj.jdbc.AbandonedConnectionCleanupThread.checkThreadContextClassLoader(AbandonedConnectionCleanupThread.java:123)
		at com.mysql.cj.jdbc.AbandonedConnectionCleanupThread.run(AbandonedConnectionCleanupThread.java:90)
		at java.base/java.util.concurrent.ThreadPoolExecutor.runWorker(ThreadPoolExecutor.java:1144)
		at java.base/java.util.concurrent.ThreadPoolExecutor$Worker.run(ThreadPoolExecutor.java:642)
		at java.base/java.lang.Thread.run(Thread.java:1570)
29-Jul-2025 00:55:18.135 INFO [mysql-cj-abandoned-connection-cleanup] org.apache.catalina.loader.WebappClassLoaderBase.checkStateForResourceLoading Acceso ilegal: esta instancia de aplicación web ya ha sido parada.  Could not load [].  La eventual traza de pila que sigue ha sido motivada por un error lanzado con motivos de depuración así como para intentar terminar el hilo que motivó el acceso ilegal y no tiene impacto funcional.
	java.lang.IllegalStateException: Acceso ilegal: esta instancia de aplicación web ya ha sido parada.  Could not load [].  La eventual traza de pila que sigue ha sido motivada por un error lanzado con motivos de depuración así como para intentar terminar el hilo que motivó el acceso ilegal y no tiene impacto funcional.
		at org.apache.catalina.loader.WebappClassLoaderBase.checkStateForResourceLoading(WebappClassLoaderBase.java:1248)
		at org.apache.catalina.loader.WebappClassLoaderBase.getResource(WebappClassLoaderBase.java:857)
		at com.mysql.cj.jdbc.AbandonedConnectionCleanupThread.checkThreadContextClassLoader(AbandonedConnectionCleanupThread.java:123)
		at com.mysql.cj.jdbc.AbandonedConnectionCleanupThread.run(AbandonedConnectionCleanupThread.java:90)
		at java.base/java.util.concurrent.ThreadPoolExecutor.runWorker(ThreadPoolExecutor.java:1144)
		at java.base/java.util.concurrent.ThreadPoolExecutor$Worker.run(ThreadPoolExecutor.java:642)
		at java.base/java.lang.Thread.run(Thread.java:1570)
29-Jul-2025 00:55:18.136 INFO [mysql-cj-abandoned-connection-cleanup] org.apache.catalina.loader.WebappClassLoaderBase.checkStateForResourceLoading Acceso ilegal: esta instancia de aplicación web ya ha sido parada.  Could not load [].  La eventual traza de pila que sigue ha sido motivada por un error lanzado con motivos de depuración así como para intentar terminar el hilo que motivó el acceso ilegal y no tiene impacto funcional.
	java.lang.IllegalStateException: Acceso ilegal: esta instancia de aplicación web ya ha sido parada.  Could not load [].  La eventual traza de pila que sigue ha sido motivada por un error lanzado con motivos de depuración así como para intentar terminar el hilo que motivó el acceso ilegal y no tiene impacto funcional.
		at org.apache.catalina.loader.WebappClassLoaderBase.checkStateForResourceLoading(WebappClassLoaderBase.java:1248)
		at org.apache.catalina.loader.WebappClassLoaderBase.getResource(WebappClassLoaderBase.java:857)
		at com.mysql.cj.jdbc.AbandonedConnectionCleanupThread.checkThreadContextClassLoader(AbandonedConnectionCleanupThread.java:123)
		at com.mysql.cj.jdbc.AbandonedConnectionCleanupThread.run(AbandonedConnectionCleanupThread.java:90)
		at java.base/java.util.concurrent.ThreadPoolExecutor.runWorker(ThreadPoolExecutor.java:1144)
		at java.base/java.util.concurrent.ThreadPoolExecutor$Worker.run(ThreadPoolExecutor.java:642)
		at java.base/java.lang.Thread.run(Thread.java:1570)
29-Jul-2025 00:55:18.191 INFO [mysql-cj-abandoned-connection-cleanup] org.apache.catalina.loader.WebappClassLoaderBase.checkStateForResourceLoading Acceso ilegal: esta instancia de aplicación web ya ha sido parada.  Could not load [].  La eventual traza de pila que sigue ha sido motivada por un error lanzado con motivos de depuración así como para intentar terminar el hilo que motivó el acceso ilegal y no tiene impacto funcional.
	java.lang.IllegalStateException: Acceso ilegal: esta instancia de aplicación web ya ha sido parada.  Could not load [].  La eventual traza de pila que sigue ha sido motivada por un error lanzado con motivos de depuración así como para intentar terminar el hilo que motivó el acceso ilegal y no tiene impacto funcional.
		at org.apache.catalina.loader.WebappClassLoaderBase.checkStateForResourceLoading(WebappClassLoaderBase.java:1248)
		at org.apache.catalina.loader.WebappClassLoaderBase.getResource(WebappClassLoaderBase.java:857)
		at com.mysql.cj.jdbc.AbandonedConnectionCleanupThread.checkThreadContextClassLoader(AbandonedConnectionCleanupThread.java:123)
		at com.mysql.cj.jdbc.AbandonedConnectionCleanupThread.run(AbandonedConnectionCleanupThread.java:90)
		at java.base/java.util.concurrent.ThreadPoolExecutor.runWorker(ThreadPoolExecutor.java:1144)
		at java.base/java.util.concurrent.ThreadPoolExecutor$Worker.run(ThreadPoolExecutor.java:642)
		at java.base/java.lang.Thread.run(Thread.java:1570)
29-Jul-2025 00:55:18.191 INFO [mysql-cj-abandoned-connection-cleanup] org.apache.catalina.loader.WebappClassLoaderBase.checkStateForResourceLoading Acceso ilegal: esta instancia de aplicación web ya ha sido parada.  Could not load [].  La eventual traza de pila que sigue ha sido motivada por un error lanzado con motivos de depuración así como para intentar terminar el hilo que motivó el acceso ilegal y no tiene impacto funcional.
	java.lang.IllegalStateException: Acceso ilegal: esta instancia de aplicación web ya ha sido parada.  Could not load [].  La eventual traza de pila que sigue ha sido motivada por un error lanzado con motivos de depuración así como para intentar terminar el hilo que motivó el acceso ilegal y no tiene impacto funcional.
		at org.apache.catalina.loader.WebappClassLoaderBase.checkStateForResourceLoading(WebappClassLoaderBase.java:1248)
		at org.apache.catalina.loader.WebappClassLoaderBase.getResource(WebappClassLoaderBase.java:857)
		at com.mysql.cj.jdbc.AbandonedConnectionCleanupThread.checkThreadContextClassLoader(AbandonedConnectionCleanupThread.java:123)
		at com.mysql.cj.jdbc.AbandonedConnectionCleanupThread.run(AbandonedConnectionCleanupThread.java:90)
		at java.base/java.util.concurrent.ThreadPoolExecutor.runWorker(ThreadPoolExecutor.java:1144)
		at java.base/java.util.concurrent.ThreadPoolExecutor$Worker.run(ThreadPoolExecutor.java:642)
		at java.base/java.lang.Thread.run(Thread.java:1570)
29-Jul-2025 00:55:18.191 INFO [mysql-cj-abandoned-connection-cleanup] org.apache.catalina.loader.WebappClassLoaderBase.checkStateForResourceLoading Acceso ilegal: esta instancia de aplicación web ya ha sido parada.  Could not load [].  La eventual traza de pila que sigue ha sido motivada por un error lanzado con motivos de depuración así como para intentar terminar el hilo que motivó el acceso ilegal y no tiene impacto funcional.
	java.lang.IllegalStateException: Acceso ilegal: esta instancia de aplicación web ya ha sido parada.  Could not load [].  La eventual traza de pila que sigue ha sido motivada por un error lanzado con motivos de depuración así como para intentar terminar el hilo que motivó el acceso ilegal y no tiene impacto funcional.
		at org.apache.catalina.loader.WebappClassLoaderBase.checkStateForResourceLoading(WebappClassLoaderBase.java:1248)
		at org.apache.catalina.loader.WebappClassLoaderBase.getResource(WebappClassLoaderBase.java:857)
		at com.mysql.cj.jdbc.AbandonedConnectionCleanupThread.checkThreadContextClassLoader(AbandonedConnectionCleanupThread.java:123)
		at com.mysql.cj.jdbc.AbandonedConnectionCleanupThread.run(AbandonedConnectionCleanupThread.java:90)
		at java.base/java.util.concurrent.ThreadPoolExecutor.runWorker(ThreadPoolExecutor.java:1144)
		at java.base/java.util.concurrent.ThreadPoolExecutor$Worker.run(ThreadPoolExecutor.java:642)
		at java.base/java.lang.Thread.run(Thread.java:1570)
29-Jul-2025 00:55:18.244 INFO [mysql-cj-abandoned-connection-cleanup] org.apache.catalina.loader.WebappClassLoaderBase.checkStateForResourceLoading Acceso ilegal: esta instancia de aplicación web ya ha sido parada.  Could not load [].  La eventual traza de pila que sigue ha sido motivada por un error lanzado con motivos de depuración así como para intentar terminar el hilo que motivó el acceso ilegal y no tiene impacto funcional.
	java.lang.IllegalStateException: Acceso ilegal: esta instancia de aplicación web ya ha sido parada.  Could not load [].  La eventual traza de pila que sigue ha sido motivada por un error lanzado con motivos de depuración así como para intentar terminar el hilo que motivó el acceso ilegal y no tiene impacto funcional.
		at org.apache.catalina.loader.WebappClassLoaderBase.checkStateForResourceLoading(WebappClassLoaderBase.java:1248)
		at org.apache.catalina.loader.WebappClassLoaderBase.getResource(WebappClassLoaderBase.java:857)
		at com.mysql.cj.jdbc.AbandonedConnectionCleanupThread.checkThreadContextClassLoader(AbandonedConnectionCleanupThread.java:123)
		at com.mysql.cj.jdbc.AbandonedConnectionCleanupThread.run(AbandonedConnectionCleanupThread.java:90)
		at java.base/java.util.concurrent.ThreadPoolExecutor.runWorker(ThreadPoolExecutor.java:1144)
		at java.base/java.util.concurrent.ThreadPoolExecutor$Worker.run(ThreadPoolExecutor.java:642)
		at java.base/java.lang.Thread.run(Thread.java:1570)
29-Jul-2025 00:55:18.244 INFO [mysql-cj-abandoned-connection-cleanup] org.apache.catalina.loader.WebappClassLoaderBase.checkStateForResourceLoading Acceso ilegal: esta instancia de aplicación web ya ha sido parada.  Could not load [].  La eventual traza de pila que sigue ha sido motivada por un error lanzado con motivos de depuración así como para intentar terminar el hilo que motivó el acceso ilegal y no tiene impacto funcional.
	java.lang.IllegalStateException: Acceso ilegal: esta instancia de aplicación web ya ha sido parada.  Could not load [].  La eventual traza de pila que sigue ha sido motivada por un error lanzado con motivos de depuración así como para intentar terminar el hilo que motivó el acceso ilegal y no tiene impacto funcional.
		at org.apache.catalina.loader.WebappClassLoaderBase.checkStateForResourceLoading(WebappClassLoaderBase.java:1248)
		at org.apache.catalina.loader.WebappClassLoaderBase.getResource(WebappClassLoaderBase.java:857)
		at com.mysql.cj.jdbc.AbandonedConnectionCleanupThread.checkThreadContextClassLoader(AbandonedConnectionCleanupThread.java:123)
		at com.mysql.cj.jdbc.AbandonedConnectionCleanupThread.run(AbandonedConnectionCleanupThread.java:90)
		at java.base/java.util.concurrent.ThreadPoolExecutor.runWorker(ThreadPoolExecutor.java:1144)
		at java.base/java.util.concurrent.ThreadPoolExecutor$Worker.run(ThreadPoolExecutor.java:642)
		at java.base/java.lang.Thread.run(Thread.java:1570)
29-Jul-2025 00:55:18.244 INFO [mysql-cj-abandoned-connection-cleanup] org.apache.catalina.loader.WebappClassLoaderBase.checkStateForResourceLoading Acceso ilegal: esta instancia de aplicación web ya ha sido parada.  Could not load [].  La eventual traza de pila que sigue ha sido motivada por un error lanzado con motivos de depuración así como para intentar terminar el hilo que motivó el acceso ilegal y no tiene impacto funcional.
	java.lang.IllegalStateException: Acceso ilegal: esta instancia de aplicación web ya ha sido parada.  Could not load [].  La eventual traza de pila que sigue ha sido motivada por un error lanzado con motivos de depuración así como para intentar terminar el hilo que motivó el acceso ilegal y no tiene impacto funcional.
		at org.apache.catalina.loader.WebappClassLoaderBase.checkStateForResourceLoading(WebappClassLoaderBase.java:1248)
		at org.apache.catalina.loader.WebappClassLoaderBase.getResource(WebappClassLoaderBase.java:857)
		at com.mysql.cj.jdbc.AbandonedConnectionCleanupThread.checkThreadContextClassLoader(AbandonedConnectionCleanupThread.java:123)
		at com.mysql.cj.jdbc.AbandonedConnectionCleanupThread.run(AbandonedConnectionCleanupThread.java:90)
		at java.base/java.util.concurrent.ThreadPoolExecutor.runWorker(ThreadPoolExecutor.java:1144)
		at java.base/java.util.concurrent.ThreadPoolExecutor$Worker.run(ThreadPoolExecutor.java:642)
		at java.base/java.lang.Thread.run(Thread.java:1570)
29-Jul-2025 00:55:18.297 INFO [mysql-cj-abandoned-connection-cleanup] org.apache.catalina.loader.WebappClassLoaderBase.checkStateForResourceLoading Acceso ilegal: esta instancia de aplicación web ya ha sido parada.  Could not load [].  La eventual traza de pila que sigue ha sido motivada por un error lanzado con motivos de depuración así como para intentar terminar el hilo que motivó el acceso ilegal y no tiene impacto funcional.
	java.lang.IllegalStateException: Acceso ilegal: esta instancia de aplicación web ya ha sido parada.  Could not load [].  La eventual traza de pila que sigue ha sido motivada por un error lanzado con motivos de depuración así como para intentar terminar el hilo que motivó el acceso ilegal y no tiene impacto funcional.
		at org.apache.catalina.loader.WebappClassLoaderBase.checkStateForResourceLoading(WebappClassLoaderBase.java:1248)
		at org.apache.catalina.loader.WebappClassLoaderBase.getResource(WebappClassLoaderBase.java:857)
		at com.mysql.cj.jdbc.AbandonedConnectionCleanupThread.checkThreadContextClassLoader(AbandonedConnectionCleanupThread.java:123)
		at com.mysql.cj.jdbc.AbandonedConnectionCleanupThread.run(AbandonedConnectionCleanupThread.java:90)
		at java.base/java.util.concurrent.ThreadPoolExecutor.runWorker(ThreadPoolExecutor.java:1144)
		at java.base/java.util.concurrent.ThreadPoolExecutor$Worker.run(ThreadPoolExecutor.java:642)
		at java.base/java.lang.Thread.run(Thread.java:1570)
29-Jul-2025 00:55:18.298 INFO [mysql-cj-abandoned-connection-cleanup] org.apache.catalina.loader.WebappClassLoaderBase.checkStateForResourceLoading Acceso ilegal: esta instancia de aplicación web ya ha sido parada.  Could not load [].  La eventual traza de pila que sigue ha sido motivada por un error lanzado con motivos de depuración así como para intentar terminar el hilo que motivó el acceso ilegal y no tiene impacto funcional.
	java.lang.IllegalStateException: Acceso ilegal: esta instancia de aplicación web ya ha sido parada.  Could not load [].  La eventual traza de pila que sigue ha sido motivada por un error lanzado con motivos de depuración así como para intentar terminar el hilo que motivó el acceso ilegal y no tiene impacto funcional.
		at org.apache.catalina.loader.WebappClassLoaderBase.checkStateForResourceLoading(WebappClassLoaderBase.java:1248)
		at org.apache.catalina.loader.WebappClassLoaderBase.getResource(WebappClassLoaderBase.java:857)
		at com.mysql.cj.jdbc.AbandonedConnectionCleanupThread.checkThreadContextClassLoader(AbandonedConnectionCleanupThread.java:123)
		at com.mysql.cj.jdbc.AbandonedConnectionCleanupThread.run(AbandonedConnectionCleanupThread.java:90)
		at java.base/java.util.concurrent.ThreadPoolExecutor.runWorker(ThreadPoolExecutor.java:1144)
		at java.base/java.util.concurrent.ThreadPoolExecutor$Worker.run(ThreadPoolExecutor.java:642)
		at java.base/java.lang.Thread.run(Thread.java:1570)
29-Jul-2025 00:55:18.298 INFO [mysql-cj-abandoned-connection-cleanup] org.apache.catalina.loader.WebappClassLoaderBase.checkStateForResourceLoading Acceso ilegal: esta instancia de aplicación web ya ha sido parada.  Could not load [].  La eventual traza de pila que sigue ha sido motivada por un error lanzado con motivos de depuración así como para intentar terminar el hilo que motivó el acceso ilegal y no tiene impacto funcional.
	java.lang.IllegalStateException: Acceso ilegal: esta instancia de aplicación web ya ha sido parada.  Could not load [].  La eventual traza de pila que sigue ha sido motivada por un error lanzado con motivos de depuración así como para intentar terminar el hilo que motivó el acceso ilegal y no tiene impacto funcional.
		at org.apache.catalina.loader.WebappClassLoaderBase.checkStateForResourceLoading(WebappClassLoaderBase.java:1248)
		at org.apache.catalina.loader.WebappClassLoaderBase.getResource(WebappClassLoaderBase.java:857)
		at com.mysql.cj.jdbc.AbandonedConnectionCleanupThread.checkThreadContextClassLoader(AbandonedConnectionCleanupThread.java:123)
		at com.mysql.cj.jdbc.AbandonedConnectionCleanupThread.run(AbandonedConnectionCleanupThread.java:90)
		at java.base/java.util.concurrent.ThreadPoolExecutor.runWorker(ThreadPoolExecutor.java:1144)
		at java.base/java.util.concurrent.ThreadPoolExecutor$Worker.run(ThreadPoolExecutor.java:642)
		at java.base/java.lang.Thread.run(Thread.java:1570)
29-Jul-2025 00:55:18.367 INFO [mysql-cj-abandoned-connection-cleanup] org.apache.catalina.loader.WebappClassLoaderBase.checkStateForResourceLoading Acceso ilegal: esta instancia de aplicación web ya ha sido parada.  Could not load [].  La eventual traza de pila que sigue ha sido motivada por un error lanzado con motivos de depuración así como para intentar terminar el hilo que motivó el acceso ilegal y no tiene impacto funcional.
	java.lang.IllegalStateException: Acceso ilegal: esta instancia de aplicación web ya ha sido parada.  Could not load [].  La eventual traza de pila que sigue ha sido motivada por un error lanzado con motivos de depuración así como para intentar terminar el hilo que motivó el acceso ilegal y no tiene impacto funcional.
		at org.apache.catalina.loader.WebappClassLoaderBase.checkStateForResourceLoading(WebappClassLoaderBase.java:1248)
		at org.apache.catalina.loader.WebappClassLoaderBase.getResource(WebappClassLoaderBase.java:857)
		at com.mysql.cj.jdbc.AbandonedConnectionCleanupThread.checkThreadContextClassLoader(AbandonedConnectionCleanupThread.java:123)
		at com.mysql.cj.jdbc.AbandonedConnectionCleanupThread.run(AbandonedConnectionCleanupThread.java:90)
		at java.base/java.util.concurrent.ThreadPoolExecutor.runWorker(ThreadPoolExecutor.java:1144)
		at java.base/java.util.concurrent.ThreadPoolExecutor$Worker.run(ThreadPoolExecutor.java:642)
		at java.base/java.lang.Thread.run(Thread.java:1570)
29-Jul-2025 00:55:18.367 INFO [mysql-cj-abandoned-connection-cleanup] org.apache.catalina.loader.WebappClassLoaderBase.checkStateForResourceLoading Acceso ilegal: esta instancia de aplicación web ya ha sido parada.  Could not load [].  La eventual traza de pila que sigue ha sido motivada por un error lanzado con motivos de depuración así como para intentar terminar el hilo que motivó el acceso ilegal y no tiene impacto funcional.
	java.lang.IllegalStateException: Acceso ilegal: esta instancia de aplicación web ya ha sido parada.  Could not load [].  La eventual traza de pila que sigue ha sido motivada por un error lanzado con motivos de depuración así como para intentar terminar el hilo que motivó el acceso ilegal y no tiene impacto funcional.
		at org.apache.catalina.loader.WebappClassLoaderBase.checkStateForResourceLoading(WebappClassLoaderBase.java:1248)
		at org.apache.catalina.loader.WebappClassLoaderBase.getResource(WebappClassLoaderBase.java:857)
		at com.mysql.cj.jdbc.AbandonedConnectionCleanupThread.checkThreadContextClassLoader(AbandonedConnectionCleanupThread.java:123)
		at com.mysql.cj.jdbc.AbandonedConnectionCleanupThread.run(AbandonedConnectionCleanupThread.java:90)
		at java.base/java.util.concurrent.ThreadPoolExecutor.runWorker(ThreadPoolExecutor.java:1144)
		at java.base/java.util.concurrent.ThreadPoolExecutor$Worker.run(ThreadPoolExecutor.java:642)
		at java.base/java.lang.Thread.run(Thread.java:1570)
29-Jul-2025 00:55:18.367 INFO [mysql-cj-abandoned-connection-cleanup] org.apache.catalina.loader.WebappClassLoaderBase.checkStateForResourceLoading Acceso ilegal: esta instancia de aplicación web ya ha sido parada.  Could not load [].  La eventual traza de pila que sigue ha sido motivada por un error lanzado con motivos de depuración así como para intentar terminar el hilo que motivó el acceso ilegal y no tiene impacto funcional.
	java.lang.IllegalStateException: Acceso ilegal: esta instancia de aplicación web ya ha sido parada.  Could not load [].  La eventual traza de pila que sigue ha sido motivada por un error lanzado con motivos de depuración así como para intentar terminar el hilo que motivó el acceso ilegal y no tiene impacto funcional.
		at org.apache.catalina.loader.WebappClassLoaderBase.checkStateForResourceLoading(WebappClassLoaderBase.java:1248)
		at org.apache.catalina.loader.WebappClassLoaderBase.getResource(WebappClassLoaderBase.java:857)
		at com.mysql.cj.jdbc.AbandonedConnectionCleanupThread.checkThreadContextClassLoader(AbandonedConnectionCleanupThread.java:123)
		at com.mysql.cj.jdbc.AbandonedConnectionCleanupThread.run(AbandonedConnectionCleanupThread.java:90)
		at java.base/java.util.concurrent.ThreadPoolExecutor.runWorker(ThreadPoolExecutor.java:1144)
		at java.base/java.util.concurrent.ThreadPoolExecutor$Worker.run(ThreadPoolExecutor.java:642)
		at java.base/java.lang.Thread.run(Thread.java:1570)
29-Jul-2025 00:55:18.431 INFO [mysql-cj-abandoned-connection-cleanup] org.apache.catalina.loader.WebappClassLoaderBase.checkStateForResourceLoading Acceso ilegal: esta instancia de aplicación web ya ha sido parada.  Could not load [].  La eventual traza de pila que sigue ha sido motivada por un error lanzado con motivos de depuración así como para intentar terminar el hilo que motivó el acceso ilegal y no tiene impacto funcional.
	java.lang.IllegalStateException: Acceso ilegal: esta instancia de aplicación web ya ha sido parada.  Could not load [].  La eventual traza de pila que sigue ha sido motivada por un error lanzado con motivos de depuración así como para intentar terminar el hilo que motivó el acceso ilegal y no tiene impacto funcional.
		at org.apache.catalina.loader.WebappClassLoaderBase.checkStateForResourceLoading(WebappClassLoaderBase.java:1248)
		at org.apache.catalina.loader.WebappClassLoaderBase.getResource(WebappClassLoaderBase.java:857)
		at com.mysql.cj.jdbc.AbandonedConnectionCleanupThread.checkThreadContextClassLoader(AbandonedConnectionCleanupThread.java:123)
		at com.mysql.cj.jdbc.AbandonedConnectionCleanupThread.run(AbandonedConnectionCleanupThread.java:90)
		at java.base/java.util.concurrent.ThreadPoolExecutor.runWorker(ThreadPoolExecutor.java:1144)
		at java.base/java.util.concurrent.ThreadPoolExecutor$Worker.run(ThreadPoolExecutor.java:642)
		at java.base/java.lang.Thread.run(Thread.java:1570)
29-Jul-2025 00:55:18.431 INFO [mysql-cj-abandoned-connection-cleanup] org.apache.catalina.loader.WebappClassLoaderBase.checkStateForResourceLoading Acceso ilegal: esta instancia de aplicación web ya ha sido parada.  Could not load [].  La eventual traza de pila que sigue ha sido motivada por un error lanzado con motivos de depuración así como para intentar terminar el hilo que motivó el acceso ilegal y no tiene impacto funcional.
	java.lang.IllegalStateException: Acceso ilegal: esta instancia de aplicación web ya ha sido parada.  Could not load [].  La eventual traza de pila que sigue ha sido motivada por un error lanzado con motivos de depuración así como para intentar terminar el hilo que motivó el acceso ilegal y no tiene impacto funcional.
		at org.apache.catalina.loader.WebappClassLoaderBase.checkStateForResourceLoading(WebappClassLoaderBase.java:1248)
		at org.apache.catalina.loader.WebappClassLoaderBase.getResource(WebappClassLoaderBase.java:857)
		at com.mysql.cj.jdbc.AbandonedConnectionCleanupThread.checkThreadContextClassLoader(AbandonedConnectionCleanupThread.java:123)
		at com.mysql.cj.jdbc.AbandonedConnectionCleanupThread.run(AbandonedConnectionCleanupThread.java:90)
		at java.base/java.util.concurrent.ThreadPoolExecutor.runWorker(ThreadPoolExecutor.java:1144)
		at java.base/java.util.concurrent.ThreadPoolExecutor$Worker.run(ThreadPoolExecutor.java:642)
		at java.base/java.lang.Thread.run(Thread.java:1570)
29-Jul-2025 00:55:18.431 INFO [mysql-cj-abandoned-connection-cleanup] org.apache.catalina.loader.WebappClassLoaderBase.checkStateForResourceLoading Acceso ilegal: esta instancia de aplicación web ya ha sido parada.  Could not load [].  La eventual traza de pila que sigue ha sido motivada por un error lanzado con motivos de depuración así como para intentar terminar el hilo que motivó el acceso ilegal y no tiene impacto funcional.
	java.lang.IllegalStateException: Acceso ilegal: esta instancia de aplicación web ya ha sido parada.  Could not load [].  La eventual traza de pila que sigue ha sido motivada por un error lanzado con motivos de depuración así como para intentar terminar el hilo que motivó el acceso ilegal y no tiene impacto funcional.
		at org.apache.catalina.loader.WebappClassLoaderBase.checkStateForResourceLoading(WebappClassLoaderBase.java:1248)
		at org.apache.catalina.loader.WebappClassLoaderBase.getResource(WebappClassLoaderBase.java:857)
		at com.mysql.cj.jdbc.AbandonedConnectionCleanupThread.checkThreadContextClassLoader(AbandonedConnectionCleanupThread.java:123)
		at com.mysql.cj.jdbc.AbandonedConnectionCleanupThread.run(AbandonedConnectionCleanupThread.java:90)
		at java.base/java.util.concurrent.ThreadPoolExecutor.runWorker(ThreadPoolExecutor.java:1144)
		at java.base/java.util.concurrent.ThreadPoolExecutor$Worker.run(ThreadPoolExecutor.java:642)
		at java.base/java.lang.Thread.run(Thread.java:1570)
29-Jul-2025 00:55:18.478 WARNING [http-nio-8080-exec-25] org.glassfish.jersey.server.internal.scanning.AnnotationAcceptingListener$ClassReaderWrapper.accept Unsupported class file major version 66
29-Jul-2025 00:55:18.484 INFO [mysql-cj-abandoned-connection-cleanup] org.apache.catalina.loader.WebappClassLoaderBase.checkStateForResourceLoading Acceso ilegal: esta instancia de aplicación web ya ha sido parada.  Could not load [].  La eventual traza de pila que sigue ha sido motivada por un error lanzado con motivos de depuración así como para intentar terminar el hilo que motivó el acceso ilegal y no tiene impacto funcional.
	java.lang.IllegalStateException: Acceso ilegal: esta instancia de aplicación web ya ha sido parada.  Could not load [].  La eventual traza de pila que sigue ha sido motivada por un error lanzado con motivos de depuración así como para intentar terminar el hilo que motivó el acceso ilegal y no tiene impacto funcional.
		at org.apache.catalina.loader.WebappClassLoaderBase.checkStateForResourceLoading(WebappClassLoaderBase.java:1248)
		at org.apache.catalina.loader.WebappClassLoaderBase.getResource(WebappClassLoaderBase.java:857)
		at com.mysql.cj.jdbc.AbandonedConnectionCleanupThread.checkThreadContextClassLoader(AbandonedConnectionCleanupThread.java:123)
		at com.mysql.cj.jdbc.AbandonedConnectionCleanupThread.run(AbandonedConnectionCleanupThread.java:90)
		at java.base/java.util.concurrent.ThreadPoolExecutor.runWorker(ThreadPoolExecutor.java:1144)
		at java.base/java.util.concurrent.ThreadPoolExecutor$Worker.run(ThreadPoolExecutor.java:642)
		at java.base/java.lang.Thread.run(Thread.java:1570)
29-Jul-2025 00:55:18.485 INFO [mysql-cj-abandoned-connection-cleanup] org.apache.catalina.loader.WebappClassLoaderBase.checkStateForResourceLoading Acceso ilegal: esta instancia de aplicación web ya ha sido parada.  Could not load [].  La eventual traza de pila que sigue ha sido motivada por un error lanzado con motivos de depuración así como para intentar terminar el hilo que motivó el acceso ilegal y no tiene impacto funcional.
	java.lang.IllegalStateException: Acceso ilegal: esta instancia de aplicación web ya ha sido parada.  Could not load [].  La eventual traza de pila que sigue ha sido motivada por un error lanzado con motivos de depuración así como para intentar terminar el hilo que motivó el acceso ilegal y no tiene impacto funcional.
		at org.apache.catalina.loader.WebappClassLoaderBase.checkStateForResourceLoading(WebappClassLoaderBase.java:1248)
		at org.apache.catalina.loader.WebappClassLoaderBase.getResource(WebappClassLoaderBase.java:857)
		at com.mysql.cj.jdbc.AbandonedConnectionCleanupThread.checkThreadContextClassLoader(AbandonedConnectionCleanupThread.java:123)
		at com.mysql.cj.jdbc.AbandonedConnectionCleanupThread.run(AbandonedConnectionCleanupThread.java:90)
		at java.base/java.util.concurrent.ThreadPoolExecutor.runWorker(ThreadPoolExecutor.java:1144)
		at java.base/java.util.concurrent.ThreadPoolExecutor$Worker.run(ThreadPoolExecutor.java:642)
		at java.base/java.lang.Thread.run(Thread.java:1570)
29-Jul-2025 00:55:18.485 INFO [mysql-cj-abandoned-connection-cleanup] org.apache.catalina.loader.WebappClassLoaderBase.checkStateForResourceLoading Acceso ilegal: esta instancia de aplicación web ya ha sido parada.  Could not load [].  La eventual traza de pila que sigue ha sido motivada por un error lanzado con motivos de depuración así como para intentar terminar el hilo que motivó el acceso ilegal y no tiene impacto funcional.
	java.lang.IllegalStateException: Acceso ilegal: esta instancia de aplicación web ya ha sido parada.  Could not load [].  La eventual traza de pila que sigue ha sido motivada por un error lanzado con motivos de depuración así como para intentar terminar el hilo que motivó el acceso ilegal y no tiene impacto funcional.
		at org.apache.catalina.loader.WebappClassLoaderBase.checkStateForResourceLoading(WebappClassLoaderBase.java:1248)
		at org.apache.catalina.loader.WebappClassLoaderBase.getResource(WebappClassLoaderBase.java:857)
		at com.mysql.cj.jdbc.AbandonedConnectionCleanupThread.checkThreadContextClassLoader(AbandonedConnectionCleanupThread.java:123)
		at com.mysql.cj.jdbc.AbandonedConnectionCleanupThread.run(AbandonedConnectionCleanupThread.java:90)
		at java.base/java.util.concurrent.ThreadPoolExecutor.runWorker(ThreadPoolExecutor.java:1144)
		at java.base/java.util.concurrent.ThreadPoolExecutor$Worker.run(ThreadPoolExecutor.java:642)
		at java.base/java.lang.Thread.run(Thread.java:1570)
29-Jul-2025 00:55:18.490 WARNING [http-nio-8080-exec-25] org.glassfish.jersey.server.internal.scanning.AnnotationAcceptingListener$ClassReaderWrapper.accept Unsupported class file major version 66
29-Jul-2025 00:55:18.543 INFO [mysql-cj-abandoned-connection-cleanup] org.apache.catalina.loader.WebappClassLoaderBase.checkStateForResourceLoading Acceso ilegal: esta instancia de aplicación web ya ha sido parada.  Could not load [].  La eventual traza de pila que sigue ha sido motivada por un error lanzado con motivos de depuración así como para intentar terminar el hilo que motivó el acceso ilegal y no tiene impacto funcional.
	java.lang.IllegalStateException: Acceso ilegal: esta instancia de aplicación web ya ha sido parada.  Could not load [].  La eventual traza de pila que sigue ha sido motivada por un error lanzado con motivos de depuración así como para intentar terminar el hilo que motivó el acceso ilegal y no tiene impacto funcional.
		at org.apache.catalina.loader.WebappClassLoaderBase.checkStateForResourceLoading(WebappClassLoaderBase.java:1248)
		at org.apache.catalina.loader.WebappClassLoaderBase.getResource(WebappClassLoaderBase.java:857)
		at com.mysql.cj.jdbc.AbandonedConnectionCleanupThread.checkThreadContextClassLoader(AbandonedConnectionCleanupThread.java:123)
		at com.mysql.cj.jdbc.AbandonedConnectionCleanupThread.run(AbandonedConnectionCleanupThread.java:90)
		at java.base/java.util.concurrent.ThreadPoolExecutor.runWorker(ThreadPoolExecutor.java:1144)
		at java.base/java.util.concurrent.ThreadPoolExecutor$Worker.run(ThreadPoolExecutor.java:642)
		at java.base/java.lang.Thread.run(Thread.java:1570)
29-Jul-2025 00:55:18.543 INFO [mysql-cj-abandoned-connection-cleanup] org.apache.catalina.loader.WebappClassLoaderBase.checkStateForResourceLoading Acceso ilegal: esta instancia de aplicación web ya ha sido parada.  Could not load [].  La eventual traza de pila que sigue ha sido motivada por un error lanzado con motivos de depuración así como para intentar terminar el hilo que motivó el acceso ilegal y no tiene impacto funcional.
	java.lang.IllegalStateException: Acceso ilegal: esta instancia de aplicación web ya ha sido parada.  Could not load [].  La eventual traza de pila que sigue ha sido motivada por un error lanzado con motivos de depuración así como para intentar terminar el hilo que motivó el acceso ilegal y no tiene impacto funcional.
		at org.apache.catalina.loader.WebappClassLoaderBase.checkStateForResourceLoading(WebappClassLoaderBase.java:1248)
		at org.apache.catalina.loader.WebappClassLoaderBase.getResource(WebappClassLoaderBase.java:857)
		at com.mysql.cj.jdbc.AbandonedConnectionCleanupThread.checkThreadContextClassLoader(AbandonedConnectionCleanupThread.java:123)
		at com.mysql.cj.jdbc.AbandonedConnectionCleanupThread.run(AbandonedConnectionCleanupThread.java:90)
		at java.base/java.util.concurrent.ThreadPoolExecutor.runWorker(ThreadPoolExecutor.java:1144)
		at java.base/java.util.concurrent.ThreadPoolExecutor$Worker.run(ThreadPoolExecutor.java:642)
		at java.base/java.lang.Thread.run(Thread.java:1570)
29-Jul-2025 00:55:18.543 INFO [mysql-cj-abandoned-connection-cleanup] org.apache.catalina.loader.WebappClassLoaderBase.checkStateForResourceLoading Acceso ilegal: esta instancia de aplicación web ya ha sido parada.  Could not load [].  La eventual traza de pila que sigue ha sido motivada por un error lanzado con motivos de depuración así como para intentar terminar el hilo que motivó el acceso ilegal y no tiene impacto funcional.
	java.lang.IllegalStateException: Acceso ilegal: esta instancia de aplicación web ya ha sido parada.  Could not load [].  La eventual traza de pila que sigue ha sido motivada por un error lanzado con motivos de depuración así como para intentar terminar el hilo que motivó el acceso ilegal y no tiene impacto funcional.
		at org.apache.catalina.loader.WebappClassLoaderBase.checkStateForResourceLoading(WebappClassLoaderBase.java:1248)
		at org.apache.catalina.loader.WebappClassLoaderBase.getResource(WebappClassLoaderBase.java:857)
		at com.mysql.cj.jdbc.AbandonedConnectionCleanupThread.checkThreadContextClassLoader(AbandonedConnectionCleanupThread.java:123)
		at com.mysql.cj.jdbc.AbandonedConnectionCleanupThread.run(AbandonedConnectionCleanupThread.java:90)
		at java.base/java.util.concurrent.ThreadPoolExecutor.runWorker(ThreadPoolExecutor.java:1144)
		at java.base/java.util.concurrent.ThreadPoolExecutor$Worker.run(ThreadPoolExecutor.java:642)
		at java.base/java.lang.Thread.run(Thread.java:1570)
29-Jul-2025 00:55:18.544 WARNING [http-nio-8080-exec-25] org.glassfish.jersey.server.internal.scanning.AnnotationAcceptingListener$ClassReaderWrapper.accept Unsupported class file major version 66
29-Jul-2025 00:55:18.611 INFO [mysql-cj-abandoned-connection-cleanup] org.apache.catalina.loader.WebappClassLoaderBase.checkStateForResourceLoading Acceso ilegal: esta instancia de aplicación web ya ha sido parada.  Could not load [].  La eventual traza de pila que sigue ha sido motivada por un error lanzado con motivos de depuración así como para intentar terminar el hilo que motivó el acceso ilegal y no tiene impacto funcional.
	java.lang.IllegalStateException: Acceso ilegal: esta instancia de aplicación web ya ha sido parada.  Could not load [].  La eventual traza de pila que sigue ha sido motivada por un error lanzado con motivos de depuración así como para intentar terminar el hilo que motivó el acceso ilegal y no tiene impacto funcional.
		at org.apache.catalina.loader.WebappClassLoaderBase.checkStateForResourceLoading(WebappClassLoaderBase.java:1248)
		at org.apache.catalina.loader.WebappClassLoaderBase.getResource(WebappClassLoaderBase.java:857)
		at com.mysql.cj.jdbc.AbandonedConnectionCleanupThread.checkThreadContextClassLoader(AbandonedConnectionCleanupThread.java:123)
		at com.mysql.cj.jdbc.AbandonedConnectionCleanupThread.run(AbandonedConnectionCleanupThread.java:90)
		at java.base/java.util.concurrent.ThreadPoolExecutor.runWorker(ThreadPoolExecutor.java:1144)
		at java.base/java.util.concurrent.ThreadPoolExecutor$Worker.run(ThreadPoolExecutor.java:642)
		at java.base/java.lang.Thread.run(Thread.java:1570)
29-Jul-2025 00:55:18.611 INFO [mysql-cj-abandoned-connection-cleanup] org.apache.catalina.loader.WebappClassLoaderBase.checkStateForResourceLoading Acceso ilegal: esta instancia de aplicación web ya ha sido parada.  Could not load [].  La eventual traza de pila que sigue ha sido motivada por un error lanzado con motivos de depuración así como para intentar terminar el hilo que motivó el acceso ilegal y no tiene impacto funcional.
	java.lang.IllegalStateException: Acceso ilegal: esta instancia de aplicación web ya ha sido parada.  Could not load [].  La eventual traza de pila que sigue ha sido motivada por un error lanzado con motivos de depuración así como para intentar terminar el hilo que motivó el acceso ilegal y no tiene impacto funcional.
		at org.apache.catalina.loader.WebappClassLoaderBase.checkStateForResourceLoading(WebappClassLoaderBase.java:1248)
		at org.apache.catalina.loader.WebappClassLoaderBase.getResource(WebappClassLoaderBase.java:857)
		at com.mysql.cj.jdbc.AbandonedConnectionCleanupThread.checkThreadContextClassLoader(AbandonedConnectionCleanupThread.java:123)
		at com.mysql.cj.jdbc.AbandonedConnectionCleanupThread.run(AbandonedConnectionCleanupThread.java:90)
		at java.base/java.util.concurrent.ThreadPoolExecutor.runWorker(ThreadPoolExecutor.java:1144)
		at java.base/java.util.concurrent.ThreadPoolExecutor$Worker.run(ThreadPoolExecutor.java:642)
		at java.base/java.lang.Thread.run(Thread.java:1570)
29-Jul-2025 00:55:18.611 INFO [mysql-cj-abandoned-connection-cleanup] org.apache.catalina.loader.WebappClassLoaderBase.checkStateForResourceLoading Acceso ilegal: esta instancia de aplicación web ya ha sido parada.  Could not load [].  La eventual traza de pila que sigue ha sido motivada por un error lanzado con motivos de depuración así como para intentar terminar el hilo que motivó el acceso ilegal y no tiene impacto funcional.
	java.lang.IllegalStateException: Acceso ilegal: esta instancia de aplicación web ya ha sido parada.  Could not load [].  La eventual traza de pila que sigue ha sido motivada por un error lanzado con motivos de depuración así como para intentar terminar el hilo que motivó el acceso ilegal y no tiene impacto funcional.
		at org.apache.catalina.loader.WebappClassLoaderBase.checkStateForResourceLoading(WebappClassLoaderBase.java:1248)
		at org.apache.catalina.loader.WebappClassLoaderBase.getResource(WebappClassLoaderBase.java:857)
		at com.mysql.cj.jdbc.AbandonedConnectionCleanupThread.checkThreadContextClassLoader(AbandonedConnectionCleanupThread.java:123)
		at com.mysql.cj.jdbc.AbandonedConnectionCleanupThread.run(AbandonedConnectionCleanupThread.java:90)
		at java.base/java.util.concurrent.ThreadPoolExecutor.runWorker(ThreadPoolExecutor.java:1144)
		at java.base/java.util.concurrent.ThreadPoolExecutor$Worker.run(ThreadPoolExecutor.java:642)
		at java.base/java.lang.Thread.run(Thread.java:1570)
29-Jul-2025 00:55:18.612 WARNING [http-nio-8080-exec-25] org.glassfish.jersey.server.internal.scanning.AnnotationAcceptingListener$ClassReaderWrapper.accept Unsupported class file major version 66
29-Jul-2025 00:55:18.666 INFO [mysql-cj-abandoned-connection-cleanup] org.apache.catalina.loader.WebappClassLoaderBase.checkStateForResourceLoading Acceso ilegal: esta instancia de aplicación web ya ha sido parada.  Could not load [].  La eventual traza de pila que sigue ha sido motivada por un error lanzado con motivos de depuración así como para intentar terminar el hilo que motivó el acceso ilegal y no tiene impacto funcional.
	java.lang.IllegalStateException: Acceso ilegal: esta instancia de aplicación web ya ha sido parada.  Could not load [].  La eventual traza de pila que sigue ha sido motivada por un error lanzado con motivos de depuración así como para intentar terminar el hilo que motivó el acceso ilegal y no tiene impacto funcional.
		at org.apache.catalina.loader.WebappClassLoaderBase.checkStateForResourceLoading(WebappClassLoaderBase.java:1248)
		at org.apache.catalina.loader.WebappClassLoaderBase.getResource(WebappClassLoaderBase.java:857)
		at com.mysql.cj.jdbc.AbandonedConnectionCleanupThread.checkThreadContextClassLoader(AbandonedConnectionCleanupThread.java:123)
		at com.mysql.cj.jdbc.AbandonedConnectionCleanupThread.run(AbandonedConnectionCleanupThread.java:90)
		at java.base/java.util.concurrent.ThreadPoolExecutor.runWorker(ThreadPoolExecutor.java:1144)
		at java.base/java.util.concurrent.ThreadPoolExecutor$Worker.run(ThreadPoolExecutor.java:642)
		at java.base/java.lang.Thread.run(Thread.java:1570)
29-Jul-2025 00:55:18.666 INFO [mysql-cj-abandoned-connection-cleanup] org.apache.catalina.loader.WebappClassLoaderBase.checkStateForResourceLoading Acceso ilegal: esta instancia de aplicación web ya ha sido parada.  Could not load [].  La eventual traza de pila que sigue ha sido motivada por un error lanzado con motivos de depuración así como para intentar terminar el hilo que motivó el acceso ilegal y no tiene impacto funcional.
	java.lang.IllegalStateException: Acceso ilegal: esta instancia de aplicación web ya ha sido parada.  Could not load [].  La eventual traza de pila que sigue ha sido motivada por un error lanzado con motivos de depuración así como para intentar terminar el hilo que motivó el acceso ilegal y no tiene impacto funcional.
		at org.apache.catalina.loader.WebappClassLoaderBase.checkStateForResourceLoading(WebappClassLoaderBase.java:1248)
		at org.apache.catalina.loader.WebappClassLoaderBase.getResource(WebappClassLoaderBase.java:857)
		at com.mysql.cj.jdbc.AbandonedConnectionCleanupThread.checkThreadContextClassLoader(AbandonedConnectionCleanupThread.java:123)
		at com.mysql.cj.jdbc.AbandonedConnectionCleanupThread.run(AbandonedConnectionCleanupThread.java:90)
		at java.base/java.util.concurrent.ThreadPoolExecutor.runWorker(ThreadPoolExecutor.java:1144)
		at java.base/java.util.concurrent.ThreadPoolExecutor$Worker.run(ThreadPoolExecutor.java:642)
		at java.base/java.lang.Thread.run(Thread.java:1570)
29-Jul-2025 00:55:18.666 INFO [mysql-cj-abandoned-connection-cleanup] org.apache.catalina.loader.WebappClassLoaderBase.checkStateForResourceLoading Acceso ilegal: esta instancia de aplicación web ya ha sido parada.  Could not load [].  La eventual traza de pila que sigue ha sido motivada por un error lanzado con motivos de depuración así como para intentar terminar el hilo que motivó el acceso ilegal y no tiene impacto funcional.
	java.lang.IllegalStateException: Acceso ilegal: esta instancia de aplicación web ya ha sido parada.  Could not load [].  La eventual traza de pila que sigue ha sido motivada por un error lanzado con motivos de depuración así como para intentar terminar el hilo que motivó el acceso ilegal y no tiene impacto funcional.
		at org.apache.catalina.loader.WebappClassLoaderBase.checkStateForResourceLoading(WebappClassLoaderBase.java:1248)
		at org.apache.catalina.loader.WebappClassLoaderBase.getResource(WebappClassLoaderBase.java:857)
		at com.mysql.cj.jdbc.AbandonedConnectionCleanupThread.checkThreadContextClassLoader(AbandonedConnectionCleanupThread.java:123)
		at com.mysql.cj.jdbc.AbandonedConnectionCleanupThread.run(AbandonedConnectionCleanupThread.java:90)
		at java.base/java.util.concurrent.ThreadPoolExecutor.runWorker(ThreadPoolExecutor.java:1144)
		at java.base/java.util.concurrent.ThreadPoolExecutor$Worker.run(ThreadPoolExecutor.java:642)
		at java.base/java.lang.Thread.run(Thread.java:1570)
29-Jul-2025 00:55:18.667 WARNING [http-nio-8080-exec-25] org.glassfish.jersey.server.internal.scanning.AnnotationAcceptingListener$ClassReaderWrapper.accept Unsupported class file major version 66
29-Jul-2025 00:55:18.729 INFO [mysql-cj-abandoned-connection-cleanup] org.apache.catalina.loader.WebappClassLoaderBase.checkStateForResourceLoading Acceso ilegal: esta instancia de aplicación web ya ha sido parada.  Could not load [].  La eventual traza de pila que sigue ha sido motivada por un error lanzado con motivos de depuración así como para intentar terminar el hilo que motivó el acceso ilegal y no tiene impacto funcional.
	java.lang.IllegalStateException: Acceso ilegal: esta instancia de aplicación web ya ha sido parada.  Could not load [].  La eventual traza de pila que sigue ha sido motivada por un error lanzado con motivos de depuración así como para intentar terminar el hilo que motivó el acceso ilegal y no tiene impacto funcional.
		at org.apache.catalina.loader.WebappClassLoaderBase.checkStateForResourceLoading(WebappClassLoaderBase.java:1248)
		at org.apache.catalina.loader.WebappClassLoaderBase.getResource(WebappClassLoaderBase.java:857)
		at com.mysql.cj.jdbc.AbandonedConnectionCleanupThread.checkThreadContextClassLoader(AbandonedConnectionCleanupThread.java:123)
		at com.mysql.cj.jdbc.AbandonedConnectionCleanupThread.run(AbandonedConnectionCleanupThread.java:90)
		at java.base/java.util.concurrent.ThreadPoolExecutor.runWorker(ThreadPoolExecutor.java:1144)
		at java.base/java.util.concurrent.ThreadPoolExecutor$Worker.run(ThreadPoolExecutor.java:642)
		at java.base/java.lang.Thread.run(Thread.java:1570)
29-Jul-2025 00:55:18.730 INFO [mysql-cj-abandoned-connection-cleanup] org.apache.catalina.loader.WebappClassLoaderBase.checkStateForResourceLoading Acceso ilegal: esta instancia de aplicación web ya ha sido parada.  Could not load [].  La eventual traza de pila que sigue ha sido motivada por un error lanzado con motivos de depuración así como para intentar terminar el hilo que motivó el acceso ilegal y no tiene impacto funcional.
	java.lang.IllegalStateException: Acceso ilegal: esta instancia de aplicación web ya ha sido parada.  Could not load [].  La eventual traza de pila que sigue ha sido motivada por un error lanzado con motivos de depuración así como para intentar terminar el hilo que motivó el acceso ilegal y no tiene impacto funcional.
		at org.apache.catalina.loader.WebappClassLoaderBase.checkStateForResourceLoading(WebappClassLoaderBase.java:1248)
		at org.apache.catalina.loader.WebappClassLoaderBase.getResource(WebappClassLoaderBase.java:857)
		at com.mysql.cj.jdbc.AbandonedConnectionCleanupThread.checkThreadContextClassLoader(AbandonedConnectionCleanupThread.java:123)
		at com.mysql.cj.jdbc.AbandonedConnectionCleanupThread.run(AbandonedConnectionCleanupThread.java:90)
		at java.base/java.util.concurrent.ThreadPoolExecutor.runWorker(ThreadPoolExecutor.java:1144)
		at java.base/java.util.concurrent.ThreadPoolExecutor$Worker.run(ThreadPoolExecutor.java:642)
		at java.base/java.lang.Thread.run(Thread.java:1570)
29-Jul-2025 00:55:18.730 INFO [mysql-cj-abandoned-connection-cleanup] org.apache.catalina.loader.WebappClassLoaderBase.checkStateForResourceLoading Acceso ilegal: esta instancia de aplicación web ya ha sido parada.  Could not load [].  La eventual traza de pila que sigue ha sido motivada por un error lanzado con motivos de depuración así como para intentar terminar el hilo que motivó el acceso ilegal y no tiene impacto funcional.
	java.lang.IllegalStateException: Acceso ilegal: esta instancia de aplicación web ya ha sido parada.  Could not load [].  La eventual traza de pila que sigue ha sido motivada por un error lanzado con motivos de depuración así como para intentar terminar el hilo que motivó el acceso ilegal y no tiene impacto funcional.
		at org.apache.catalina.loader.WebappClassLoaderBase.checkStateForResourceLoading(WebappClassLoaderBase.java:1248)
		at org.apache.catalina.loader.WebappClassLoaderBase.getResource(WebappClassLoaderBase.java:857)
		at com.mysql.cj.jdbc.AbandonedConnectionCleanupThread.checkThreadContextClassLoader(AbandonedConnectionCleanupThread.java:123)
		at com.mysql.cj.jdbc.AbandonedConnectionCleanupThread.run(AbandonedConnectionCleanupThread.java:90)
		at java.base/java.util.concurrent.ThreadPoolExecutor.runWorker(ThreadPoolExecutor.java:1144)
		at java.base/java.util.concurrent.ThreadPoolExecutor$Worker.run(ThreadPoolExecutor.java:642)
		at java.base/java.lang.Thread.run(Thread.java:1570)
29-Jul-2025 00:55:18.731 WARNING [http-nio-8080-exec-25] org.glassfish.jersey.server.internal.scanning.AnnotationAcceptingListener$ClassReaderWrapper.accept Unsupported class file major version 66
29-Jul-2025 00:55:18.800 INFO [mysql-cj-abandoned-connection-cleanup] org.apache.catalina.loader.WebappClassLoaderBase.checkStateForResourceLoading Acceso ilegal: esta instancia de aplicación web ya ha sido parada.  Could not load [].  La eventual traza de pila que sigue ha sido motivada por un error lanzado con motivos de depuración así como para intentar terminar el hilo que motivó el acceso ilegal y no tiene impacto funcional.
	java.lang.IllegalStateException: Acceso ilegal: esta instancia de aplicación web ya ha sido parada.  Could not load [].  La eventual traza de pila que sigue ha sido motivada por un error lanzado con motivos de depuración así como para intentar terminar el hilo que motivó el acceso ilegal y no tiene impacto funcional.
		at org.apache.catalina.loader.WebappClassLoaderBase.checkStateForResourceLoading(WebappClassLoaderBase.java:1248)
		at org.apache.catalina.loader.WebappClassLoaderBase.getResource(WebappClassLoaderBase.java:857)
		at com.mysql.cj.jdbc.AbandonedConnectionCleanupThread.checkThreadContextClassLoader(AbandonedConnectionCleanupThread.java:123)
		at com.mysql.cj.jdbc.AbandonedConnectionCleanupThread.run(AbandonedConnectionCleanupThread.java:90)
		at java.base/java.util.concurrent.ThreadPoolExecutor.runWorker(ThreadPoolExecutor.java:1144)
		at java.base/java.util.concurrent.ThreadPoolExecutor$Worker.run(ThreadPoolExecutor.java:642)
		at java.base/java.lang.Thread.run(Thread.java:1570)
29-Jul-2025 00:55:18.800 INFO [mysql-cj-abandoned-connection-cleanup] org.apache.catalina.loader.WebappClassLoaderBase.checkStateForResourceLoading Acceso ilegal: esta instancia de aplicación web ya ha sido parada.  Could not load [].  La eventual traza de pila que sigue ha sido motivada por un error lanzado con motivos de depuración así como para intentar terminar el hilo que motivó el acceso ilegal y no tiene impacto funcional.
	java.lang.IllegalStateException: Acceso ilegal: esta instancia de aplicación web ya ha sido parada.  Could not load [].  La eventual traza de pila que sigue ha sido motivada por un error lanzado con motivos de depuración así como para intentar terminar el hilo que motivó el acceso ilegal y no tiene impacto funcional.
		at org.apache.catalina.loader.WebappClassLoaderBase.checkStateForResourceLoading(WebappClassLoaderBase.java:1248)
		at org.apache.catalina.loader.WebappClassLoaderBase.getResource(WebappClassLoaderBase.java:857)
		at com.mysql.cj.jdbc.AbandonedConnectionCleanupThread.checkThreadContextClassLoader(AbandonedConnectionCleanupThread.java:123)
		at com.mysql.cj.jdbc.AbandonedConnectionCleanupThread.run(AbandonedConnectionCleanupThread.java:90)
		at java.base/java.util.concurrent.ThreadPoolExecutor.runWorker(ThreadPoolExecutor.java:1144)
		at java.base/java.util.concurrent.ThreadPoolExecutor$Worker.run(ThreadPoolExecutor.java:642)
		at java.base/java.lang.Thread.run(Thread.java:1570)
29-Jul-2025 00:55:18.800 INFO [mysql-cj-abandoned-connection-cleanup] org.apache.catalina.loader.WebappClassLoaderBase.checkStateForResourceLoading Acceso ilegal: esta instancia de aplicación web ya ha sido parada.  Could not load [].  La eventual traza de pila que sigue ha sido motivada por un error lanzado con motivos de depuración así como para intentar terminar el hilo que motivó el acceso ilegal y no tiene impacto funcional.
	java.lang.IllegalStateException: Acceso ilegal: esta instancia de aplicación web ya ha sido parada.  Could not load [].  La eventual traza de pila que sigue ha sido motivada por un error lanzado con motivos de depuración así como para intentar terminar el hilo que motivó el acceso ilegal y no tiene impacto funcional.
		at org.apache.catalina.loader.WebappClassLoaderBase.checkStateForResourceLoading(WebappClassLoaderBase.java:1248)
		at org.apache.catalina.loader.WebappClassLoaderBase.getResource(WebappClassLoaderBase.java:857)
		at com.mysql.cj.jdbc.AbandonedConnectionCleanupThread.checkThreadContextClassLoader(AbandonedConnectionCleanupThread.java:123)
		at com.mysql.cj.jdbc.AbandonedConnectionCleanupThread.run(AbandonedConnectionCleanupThread.java:90)
		at java.base/java.util.concurrent.ThreadPoolExecutor.runWorker(ThreadPoolExecutor.java:1144)
		at java.base/java.util.concurrent.ThreadPoolExecutor$Worker.run(ThreadPoolExecutor.java:642)
		at java.base/java.lang.Thread.run(Thread.java:1570)
29-Jul-2025 00:55:18.800 WARNING [http-nio-8080-exec-25] org.glassfish.jersey.server.internal.scanning.AnnotationAcceptingListener$ClassReaderWrapper.accept Unsupported class file major version 66
29-Jul-2025 00:55:18.855 INFO [mysql-cj-abandoned-connection-cleanup] org.apache.catalina.loader.WebappClassLoaderBase.checkStateForResourceLoading Acceso ilegal: esta instancia de aplicación web ya ha sido parada.  Could not load [].  La eventual traza de pila que sigue ha sido motivada por un error lanzado con motivos de depuración así como para intentar terminar el hilo que motivó el acceso ilegal y no tiene impacto funcional.
	java.lang.IllegalStateException: Acceso ilegal: esta instancia de aplicación web ya ha sido parada.  Could not load [].  La eventual traza de pila que sigue ha sido motivada por un error lanzado con motivos de depuración así como para intentar terminar el hilo que motivó el acceso ilegal y no tiene impacto funcional.
		at org.apache.catalina.loader.WebappClassLoaderBase.checkStateForResourceLoading(WebappClassLoaderBase.java:1248)
		at org.apache.catalina.loader.WebappClassLoaderBase.getResource(WebappClassLoaderBase.java:857)
		at com.mysql.cj.jdbc.AbandonedConnectionCleanupThread.checkThreadContextClassLoader(AbandonedConnectionCleanupThread.java:123)
		at com.mysql.cj.jdbc.AbandonedConnectionCleanupThread.run(AbandonedConnectionCleanupThread.java:90)
		at java.base/java.util.concurrent.ThreadPoolExecutor.runWorker(ThreadPoolExecutor.java:1144)
		at java.base/java.util.concurrent.ThreadPoolExecutor$Worker.run(ThreadPoolExecutor.java:642)
		at java.base/java.lang.Thread.run(Thread.java:1570)
29-Jul-2025 00:55:18.855 INFO [mysql-cj-abandoned-connection-cleanup] org.apache.catalina.loader.WebappClassLoaderBase.checkStateForResourceLoading Acceso ilegal: esta instancia de aplicación web ya ha sido parada.  Could not load [].  La eventual traza de pila que sigue ha sido motivada por un error lanzado con motivos de depuración así como para intentar terminar el hilo que motivó el acceso ilegal y no tiene impacto funcional.
	java.lang.IllegalStateException: Acceso ilegal: esta instancia de aplicación web ya ha sido parada.  Could not load [].  La eventual traza de pila que sigue ha sido motivada por un error lanzado con motivos de depuración así como para intentar terminar el hilo que motivó el acceso ilegal y no tiene impacto funcional.
		at org.apache.catalina.loader.WebappClassLoaderBase.checkStateForResourceLoading(WebappClassLoaderBase.java:1248)
		at org.apache.catalina.loader.WebappClassLoaderBase.getResource(WebappClassLoaderBase.java:857)
		at com.mysql.cj.jdbc.AbandonedConnectionCleanupThread.checkThreadContextClassLoader(AbandonedConnectionCleanupThread.java:123)
		at com.mysql.cj.jdbc.AbandonedConnectionCleanupThread.run(AbandonedConnectionCleanupThread.java:90)
		at java.base/java.util.concurrent.ThreadPoolExecutor.runWorker(ThreadPoolExecutor.java:1144)
		at java.base/java.util.concurrent.ThreadPoolExecutor$Worker.run(ThreadPoolExecutor.java:642)
		at java.base/java.lang.Thread.run(Thread.java:1570)
29-Jul-2025 00:55:18.855 INFO [mysql-cj-abandoned-connection-cleanup] org.apache.catalina.loader.WebappClassLoaderBase.checkStateForResourceLoading Acceso ilegal: esta instancia de aplicación web ya ha sido parada.  Could not load [].  La eventual traza de pila que sigue ha sido motivada por un error lanzado con motivos de depuración así como para intentar terminar el hilo que motivó el acceso ilegal y no tiene impacto funcional.
	java.lang.IllegalStateException: Acceso ilegal: esta instancia de aplicación web ya ha sido parada.  Could not load [].  La eventual traza de pila que sigue ha sido motivada por un error lanzado con motivos de depuración así como para intentar terminar el hilo que motivó el acceso ilegal y no tiene impacto funcional.
		at org.apache.catalina.loader.WebappClassLoaderBase.checkStateForResourceLoading(WebappClassLoaderBase.java:1248)
		at org.apache.catalina.loader.WebappClassLoaderBase.getResource(WebappClassLoaderBase.java:857)
		at com.mysql.cj.jdbc.AbandonedConnectionCleanupThread.checkThreadContextClassLoader(AbandonedConnectionCleanupThread.java:123)
		at com.mysql.cj.jdbc.AbandonedConnectionCleanupThread.run(AbandonedConnectionCleanupThread.java:90)
		at java.base/java.util.concurrent.ThreadPoolExecutor.runWorker(ThreadPoolExecutor.java:1144)
		at java.base/java.util.concurrent.ThreadPoolExecutor$Worker.run(ThreadPoolExecutor.java:642)
		at java.base/java.lang.Thread.run(Thread.java:1570)
29-Jul-2025 00:55:18.856 WARNING [http-nio-8080-exec-25] org.glassfish.jersey.server.internal.scanning.AnnotationAcceptingListener$ClassReaderWrapper.accept Unsupported class file major version 66
29-Jul-2025 00:55:18.911 INFO [mysql-cj-abandoned-connection-cleanup] org.apache.catalina.loader.WebappClassLoaderBase.checkStateForResourceLoading Acceso ilegal: esta instancia de aplicación web ya ha sido parada.  Could not load [].  La eventual traza de pila que sigue ha sido motivada por un error lanzado con motivos de depuración así como para intentar terminar el hilo que motivó el acceso ilegal y no tiene impacto funcional.
	java.lang.IllegalStateException: Acceso ilegal: esta instancia de aplicación web ya ha sido parada.  Could not load [].  La eventual traza de pila que sigue ha sido motivada por un error lanzado con motivos de depuración así como para intentar terminar el hilo que motivó el acceso ilegal y no tiene impacto funcional.
		at org.apache.catalina.loader.WebappClassLoaderBase.checkStateForResourceLoading(WebappClassLoaderBase.java:1248)
		at org.apache.catalina.loader.WebappClassLoaderBase.getResource(WebappClassLoaderBase.java:857)
		at com.mysql.cj.jdbc.AbandonedConnectionCleanupThread.checkThreadContextClassLoader(AbandonedConnectionCleanupThread.java:123)
		at com.mysql.cj.jdbc.AbandonedConnectionCleanupThread.run(AbandonedConnectionCleanupThread.java:90)
		at java.base/java.util.concurrent.ThreadPoolExecutor.runWorker(ThreadPoolExecutor.java:1144)
		at java.base/java.util.concurrent.ThreadPoolExecutor$Worker.run(ThreadPoolExecutor.java:642)
		at java.base/java.lang.Thread.run(Thread.java:1570)
29-Jul-2025 00:55:18.912 INFO [mysql-cj-abandoned-connection-cleanup] org.apache.catalina.loader.WebappClassLoaderBase.checkStateForResourceLoading Acceso ilegal: esta instancia de aplicación web ya ha sido parada.  Could not load [].  La eventual traza de pila que sigue ha sido motivada por un error lanzado con motivos de depuración así como para intentar terminar el hilo que motivó el acceso ilegal y no tiene impacto funcional.
	java.lang.IllegalStateException: Acceso ilegal: esta instancia de aplicación web ya ha sido parada.  Could not load [].  La eventual traza de pila que sigue ha sido motivada por un error lanzado con motivos de depuración así como para intentar terminar el hilo que motivó el acceso ilegal y no tiene impacto funcional.
		at org.apache.catalina.loader.WebappClassLoaderBase.checkStateForResourceLoading(WebappClassLoaderBase.java:1248)
		at org.apache.catalina.loader.WebappClassLoaderBase.getResource(WebappClassLoaderBase.java:857)
		at com.mysql.cj.jdbc.AbandonedConnectionCleanupThread.checkThreadContextClassLoader(AbandonedConnectionCleanupThread.java:123)
		at com.mysql.cj.jdbc.AbandonedConnectionCleanupThread.run(AbandonedConnectionCleanupThread.java:90)
		at java.base/java.util.concurrent.ThreadPoolExecutor.runWorker(ThreadPoolExecutor.java:1144)
		at java.base/java.util.concurrent.ThreadPoolExecutor$Worker.run(ThreadPoolExecutor.java:642)
		at java.base/java.lang.Thread.run(Thread.java:1570)
29-Jul-2025 00:55:18.912 INFO [mysql-cj-abandoned-connection-cleanup] org.apache.catalina.loader.WebappClassLoaderBase.checkStateForResourceLoading Acceso ilegal: esta instancia de aplicación web ya ha sido parada.  Could not load [].  La eventual traza de pila que sigue ha sido motivada por un error lanzado con motivos de depuración así como para intentar terminar el hilo que motivó el acceso ilegal y no tiene impacto funcional.
	java.lang.IllegalStateException: Acceso ilegal: esta instancia de aplicación web ya ha sido parada.  Could not load [].  La eventual traza de pila que sigue ha sido motivada por un error lanzado con motivos de depuración así como para intentar terminar el hilo que motivó el acceso ilegal y no tiene impacto funcional.
		at org.apache.catalina.loader.WebappClassLoaderBase.checkStateForResourceLoading(WebappClassLoaderBase.java:1248)
		at org.apache.catalina.loader.WebappClassLoaderBase.getResource(WebappClassLoaderBase.java:857)
		at com.mysql.cj.jdbc.AbandonedConnectionCleanupThread.checkThreadContextClassLoader(AbandonedConnectionCleanupThread.java:123)
		at com.mysql.cj.jdbc.AbandonedConnectionCleanupThread.run(AbandonedConnectionCleanupThread.java:90)
		at java.base/java.util.concurrent.ThreadPoolExecutor.runWorker(ThreadPoolExecutor.java:1144)
		at java.base/java.util.concurrent.ThreadPoolExecutor$Worker.run(ThreadPoolExecutor.java:642)
		at java.base/java.lang.Thread.run(Thread.java:1570)
29-Jul-2025 00:55:18.912 WARNING [http-nio-8080-exec-25] org.glassfish.jersey.server.internal.scanning.AnnotationAcceptingListener$ClassReaderWrapper.accept Unsupported class file major version 66
29-Jul-2025 00:55:18.976 INFO [mysql-cj-abandoned-connection-cleanup] org.apache.catalina.loader.WebappClassLoaderBase.checkStateForResourceLoading Acceso ilegal: esta instancia de aplicación web ya ha sido parada.  Could not load [].  La eventual traza de pila que sigue ha sido motivada por un error lanzado con motivos de depuración así como para intentar terminar el hilo que motivó el acceso ilegal y no tiene impacto funcional.
	java.lang.IllegalStateException: Acceso ilegal: esta instancia de aplicación web ya ha sido parada.  Could not load [].  La eventual traza de pila que sigue ha sido motivada por un error lanzado con motivos de depuración así como para intentar terminar el hilo que motivó el acceso ilegal y no tiene impacto funcional.
		at org.apache.catalina.loader.WebappClassLoaderBase.checkStateForResourceLoading(WebappClassLoaderBase.java:1248)
		at org.apache.catalina.loader.WebappClassLoaderBase.getResource(WebappClassLoaderBase.java:857)
		at com.mysql.cj.jdbc.AbandonedConnectionCleanupThread.checkThreadContextClassLoader(AbandonedConnectionCleanupThread.java:123)
		at com.mysql.cj.jdbc.AbandonedConnectionCleanupThread.run(AbandonedConnectionCleanupThread.java:90)
		at java.base/java.util.concurrent.ThreadPoolExecutor.runWorker(ThreadPoolExecutor.java:1144)
		at java.base/java.util.concurrent.ThreadPoolExecutor$Worker.run(ThreadPoolExecutor.java:642)
		at java.base/java.lang.Thread.run(Thread.java:1570)
29-Jul-2025 00:55:18.976 INFO [mysql-cj-abandoned-connection-cleanup] org.apache.catalina.loader.WebappClassLoaderBase.checkStateForResourceLoading Acceso ilegal: esta instancia de aplicación web ya ha sido parada.  Could not load [].  La eventual traza de pila que sigue ha sido motivada por un error lanzado con motivos de depuración así como para intentar terminar el hilo que motivó el acceso ilegal y no tiene impacto funcional.
	java.lang.IllegalStateException: Acceso ilegal: esta instancia de aplicación web ya ha sido parada.  Could not load [].  La eventual traza de pila que sigue ha sido motivada por un error lanzado con motivos de depuración así como para intentar terminar el hilo que motivó el acceso ilegal y no tiene impacto funcional.
		at org.apache.catalina.loader.WebappClassLoaderBase.checkStateForResourceLoading(WebappClassLoaderBase.java:1248)
		at org.apache.catalina.loader.WebappClassLoaderBase.getResource(WebappClassLoaderBase.java:857)
		at com.mysql.cj.jdbc.AbandonedConnectionCleanupThread.checkThreadContextClassLoader(AbandonedConnectionCleanupThread.java:123)
		at com.mysql.cj.jdbc.AbandonedConnectionCleanupThread.run(AbandonedConnectionCleanupThread.java:90)
		at java.base/java.util.concurrent.ThreadPoolExecutor.runWorker(ThreadPoolExecutor.java:1144)
		at java.base/java.util.concurrent.ThreadPoolExecutor$Worker.run(ThreadPoolExecutor.java:642)
		at java.base/java.lang.Thread.run(Thread.java:1570)
29-Jul-2025 00:55:18.976 INFO [mysql-cj-abandoned-connection-cleanup] org.apache.catalina.loader.WebappClassLoaderBase.checkStateForResourceLoading Acceso ilegal: esta instancia de aplicación web ya ha sido parada.  Could not load [].  La eventual traza de pila que sigue ha sido motivada por un error lanzado con motivos de depuración así como para intentar terminar el hilo que motivó el acceso ilegal y no tiene impacto funcional.
	java.lang.IllegalStateException: Acceso ilegal: esta instancia de aplicación web ya ha sido parada.  Could not load [].  La eventual traza de pila que sigue ha sido motivada por un error lanzado con motivos de depuración así como para intentar terminar el hilo que motivó el acceso ilegal y no tiene impacto funcional.
		at org.apache.catalina.loader.WebappClassLoaderBase.checkStateForResourceLoading(WebappClassLoaderBase.java:1248)
		at org.apache.catalina.loader.WebappClassLoaderBase.getResource(WebappClassLoaderBase.java:857)
		at com.mysql.cj.jdbc.AbandonedConnectionCleanupThread.checkThreadContextClassLoader(AbandonedConnectionCleanupThread.java:123)
		at com.mysql.cj.jdbc.AbandonedConnectionCleanupThread.run(AbandonedConnectionCleanupThread.java:90)
		at java.base/java.util.concurrent.ThreadPoolExecutor.runWorker(ThreadPoolExecutor.java:1144)
		at java.base/java.util.concurrent.ThreadPoolExecutor$Worker.run(ThreadPoolExecutor.java:642)
		at java.base/java.lang.Thread.run(Thread.java:1570)
29-Jul-2025 00:55:18.976 WARNING [http-nio-8080-exec-25] org.glassfish.jersey.server.internal.scanning.AnnotationAcceptingListener$ClassReaderWrapper.accept Unsupported class file major version 66
29-Jul-2025 00:55:19.045 INFO [mysql-cj-abandoned-connection-cleanup] org.apache.catalina.loader.WebappClassLoaderBase.checkStateForResourceLoading Acceso ilegal: esta instancia de aplicación web ya ha sido parada.  Could not load [].  La eventual traza de pila que sigue ha sido motivada por un error lanzado con motivos de depuración así como para intentar terminar el hilo que motivó el acceso ilegal y no tiene impacto funcional.
	java.lang.IllegalStateException: Acceso ilegal: esta instancia de aplicación web ya ha sido parada.  Could not load [].  La eventual traza de pila que sigue ha sido motivada por un error lanzado con motivos de depuración así como para intentar terminar el hilo que motivó el acceso ilegal y no tiene impacto funcional.
		at org.apache.catalina.loader.WebappClassLoaderBase.checkStateForResourceLoading(WebappClassLoaderBase.java:1248)
		at org.apache.catalina.loader.WebappClassLoaderBase.getResource(WebappClassLoaderBase.java:857)
		at com.mysql.cj.jdbc.AbandonedConnectionCleanupThread.checkThreadContextClassLoader(AbandonedConnectionCleanupThread.java:123)
		at com.mysql.cj.jdbc.AbandonedConnectionCleanupThread.run(AbandonedConnectionCleanupThread.java:90)
		at java.base/java.util.concurrent.ThreadPoolExecutor.runWorker(ThreadPoolExecutor.java:1144)
		at java.base/java.util.concurrent.ThreadPoolExecutor$Worker.run(ThreadPoolExecutor.java:642)
		at java.base/java.lang.Thread.run(Thread.java:1570)
29-Jul-2025 00:55:19.045 INFO [mysql-cj-abandoned-connection-cleanup] org.apache.catalina.loader.WebappClassLoaderBase.checkStateForResourceLoading Acceso ilegal: esta instancia de aplicación web ya ha sido parada.  Could not load [].  La eventual traza de pila que sigue ha sido motivada por un error lanzado con motivos de depuración así como para intentar terminar el hilo que motivó el acceso ilegal y no tiene impacto funcional.
	java.lang.IllegalStateException: Acceso ilegal: esta instancia de aplicación web ya ha sido parada.  Could not load [].  La eventual traza de pila que sigue ha sido motivada por un error lanzado con motivos de depuración así como para intentar terminar el hilo que motivó el acceso ilegal y no tiene impacto funcional.
		at org.apache.catalina.loader.WebappClassLoaderBase.checkStateForResourceLoading(WebappClassLoaderBase.java:1248)
		at org.apache.catalina.loader.WebappClassLoaderBase.getResource(WebappClassLoaderBase.java:857)
		at com.mysql.cj.jdbc.AbandonedConnectionCleanupThread.checkThreadContextClassLoader(AbandonedConnectionCleanupThread.java:123)
		at com.mysql.cj.jdbc.AbandonedConnectionCleanupThread.run(AbandonedConnectionCleanupThread.java:90)
		at java.base/java.util.concurrent.ThreadPoolExecutor.runWorker(ThreadPoolExecutor.java:1144)
		at java.base/java.util.concurrent.ThreadPoolExecutor$Worker.run(ThreadPoolExecutor.java:642)
		at java.base/java.lang.Thread.run(Thread.java:1570)
29-Jul-2025 00:55:19.045 INFO [mysql-cj-abandoned-connection-cleanup] org.apache.catalina.loader.WebappClassLoaderBase.checkStateForResourceLoading Acceso ilegal: esta instancia de aplicación web ya ha sido parada.  Could not load [].  La eventual traza de pila que sigue ha sido motivada por un error lanzado con motivos de depuración así como para intentar terminar el hilo que motivó el acceso ilegal y no tiene impacto funcional.
	java.lang.IllegalStateException: Acceso ilegal: esta instancia de aplicación web ya ha sido parada.  Could not load [].  La eventual traza de pila que sigue ha sido motivada por un error lanzado con motivos de depuración así como para intentar terminar el hilo que motivó el acceso ilegal y no tiene impacto funcional.
		at org.apache.catalina.loader.WebappClassLoaderBase.checkStateForResourceLoading(WebappClassLoaderBase.java:1248)
		at org.apache.catalina.loader.WebappClassLoaderBase.getResource(WebappClassLoaderBase.java:857)
		at com.mysql.cj.jdbc.AbandonedConnectionCleanupThread.checkThreadContextClassLoader(AbandonedConnectionCleanupThread.java:123)
		at com.mysql.cj.jdbc.AbandonedConnectionCleanupThread.run(AbandonedConnectionCleanupThread.java:90)
		at java.base/java.util.concurrent.ThreadPoolExecutor.runWorker(ThreadPoolExecutor.java:1144)
		at java.base/java.util.concurrent.ThreadPoolExecutor$Worker.run(ThreadPoolExecutor.java:642)
		at java.base/java.lang.Thread.run(Thread.java:1570)
29-Jul-2025 00:55:19.046 WARNING [http-nio-8080-exec-25] org.glassfish.jersey.server.internal.scanning.AnnotationAcceptingListener$ClassReaderWrapper.accept Unsupported class file major version 66
29-Jul-2025 00:55:19.103 INFO [mysql-cj-abandoned-connection-cleanup] org.apache.catalina.loader.WebappClassLoaderBase.checkStateForResourceLoading Acceso ilegal: esta instancia de aplicación web ya ha sido parada.  Could not load [].  La eventual traza de pila que sigue ha sido motivada por un error lanzado con motivos de depuración así como para intentar terminar el hilo que motivó el acceso ilegal y no tiene impacto funcional.
	java.lang.IllegalStateException: Acceso ilegal: esta instancia de aplicación web ya ha sido parada.  Could not load [].  La eventual traza de pila que sigue ha sido motivada por un error lanzado con motivos de depuración así como para intentar terminar el hilo que motivó el acceso ilegal y no tiene impacto funcional.
		at org.apache.catalina.loader.WebappClassLoaderBase.checkStateForResourceLoading(WebappClassLoaderBase.java:1248)
		at org.apache.catalina.loader.WebappClassLoaderBase.getResource(WebappClassLoaderBase.java:857)
		at com.mysql.cj.jdbc.AbandonedConnectionCleanupThread.checkThreadContextClassLoader(AbandonedConnectionCleanupThread.java:123)
		at com.mysql.cj.jdbc.AbandonedConnectionCleanupThread.run(AbandonedConnectionCleanupThread.java:90)
		at java.base/java.util.concurrent.ThreadPoolExecutor.runWorker(ThreadPoolExecutor.java:1144)
		at java.base/java.util.concurrent.ThreadPoolExecutor$Worker.run(ThreadPoolExecutor.java:642)
		at java.base/java.lang.Thread.run(Thread.java:1570)
29-Jul-2025 00:55:19.103 INFO [mysql-cj-abandoned-connection-cleanup] org.apache.catalina.loader.WebappClassLoaderBase.checkStateForResourceLoading Acceso ilegal: esta instancia de aplicación web ya ha sido parada.  Could not load [].  La eventual traza de pila que sigue ha sido motivada por un error lanzado con motivos de depuración así como para intentar terminar el hilo que motivó el acceso ilegal y no tiene impacto funcional.
	java.lang.IllegalStateException: Acceso ilegal: esta instancia de aplicación web ya ha sido parada.  Could not load [].  La eventual traza de pila que sigue ha sido motivada por un error lanzado con motivos de depuración así como para intentar terminar el hilo que motivó el acceso ilegal y no tiene impacto funcional.
		at org.apache.catalina.loader.WebappClassLoaderBase.checkStateForResourceLoading(WebappClassLoaderBase.java:1248)
		at org.apache.catalina.loader.WebappClassLoaderBase.getResource(WebappClassLoaderBase.java:857)
		at com.mysql.cj.jdbc.AbandonedConnectionCleanupThread.checkThreadContextClassLoader(AbandonedConnectionCleanupThread.java:123)
		at com.mysql.cj.jdbc.AbandonedConnectionCleanupThread.run(AbandonedConnectionCleanupThread.java:90)
		at java.base/java.util.concurrent.ThreadPoolExecutor.runWorker(ThreadPoolExecutor.java:1144)
		at java.base/java.util.concurrent.ThreadPoolExecutor$Worker.run(ThreadPoolExecutor.java:642)
		at java.base/java.lang.Thread.run(Thread.java:1570)
29-Jul-2025 00:55:19.103 INFO [mysql-cj-abandoned-connection-cleanup] org.apache.catalina.loader.WebappClassLoaderBase.checkStateForResourceLoading Acceso ilegal: esta instancia de aplicación web ya ha sido parada.  Could not load [].  La eventual traza de pila que sigue ha sido motivada por un error lanzado con motivos de depuración así como para intentar terminar el hilo que motivó el acceso ilegal y no tiene impacto funcional.
	java.lang.IllegalStateException: Acceso ilegal: esta instancia de aplicación web ya ha sido parada.  Could not load [].  La eventual traza de pila que sigue ha sido motivada por un error lanzado con motivos de depuración así como para intentar terminar el hilo que motivó el acceso ilegal y no tiene impacto funcional.
		at org.apache.catalina.loader.WebappClassLoaderBase.checkStateForResourceLoading(WebappClassLoaderBase.java:1248)
		at org.apache.catalina.loader.WebappClassLoaderBase.getResource(WebappClassLoaderBase.java:857)
		at com.mysql.cj.jdbc.AbandonedConnectionCleanupThread.checkThreadContextClassLoader(AbandonedConnectionCleanupThread.java:123)
		at com.mysql.cj.jdbc.AbandonedConnectionCleanupThread.run(AbandonedConnectionCleanupThread.java:90)
		at java.base/java.util.concurrent.ThreadPoolExecutor.runWorker(ThreadPoolExecutor.java:1144)
		at java.base/java.util.concurrent.ThreadPoolExecutor$Worker.run(ThreadPoolExecutor.java:642)
		at java.base/java.lang.Thread.run(Thread.java:1570)
29-Jul-2025 00:55:19.103 WARNING [http-nio-8080-exec-25] org.glassfish.jersey.server.internal.scanning.AnnotationAcceptingListener$ClassReaderWrapper.accept Unsupported class file major version 66
29-Jul-2025 00:55:19.158 INFO [mysql-cj-abandoned-connection-cleanup] org.apache.catalina.loader.WebappClassLoaderBase.checkStateForResourceLoading Acceso ilegal: esta instancia de aplicación web ya ha sido parada.  Could not load [].  La eventual traza de pila que sigue ha sido motivada por un error lanzado con motivos de depuración así como para intentar terminar el hilo que motivó el acceso ilegal y no tiene impacto funcional.
	java.lang.IllegalStateException: Acceso ilegal: esta instancia de aplicación web ya ha sido parada.  Could not load [].  La eventual traza de pila que sigue ha sido motivada por un error lanzado con motivos de depuración así como para intentar terminar el hilo que motivó el acceso ilegal y no tiene impacto funcional.
		at org.apache.catalina.loader.WebappClassLoaderBase.checkStateForResourceLoading(WebappClassLoaderBase.java:1248)
		at org.apache.catalina.loader.WebappClassLoaderBase.getResource(WebappClassLoaderBase.java:857)
		at com.mysql.cj.jdbc.AbandonedConnectionCleanupThread.checkThreadContextClassLoader(AbandonedConnectionCleanupThread.java:123)
		at com.mysql.cj.jdbc.AbandonedConnectionCleanupThread.run(AbandonedConnectionCleanupThread.java:90)
		at java.base/java.util.concurrent.ThreadPoolExecutor.runWorker(ThreadPoolExecutor.java:1144)
		at java.base/java.util.concurrent.ThreadPoolExecutor$Worker.run(ThreadPoolExecutor.java:642)
		at java.base/java.lang.Thread.run(Thread.java:1570)
29-Jul-2025 00:55:19.159 INFO [mysql-cj-abandoned-connection-cleanup] org.apache.catalina.loader.WebappClassLoaderBase.checkStateForResourceLoading Acceso ilegal: esta instancia de aplicación web ya ha sido parada.  Could not load [].  La eventual traza de pila que sigue ha sido motivada por un error lanzado con motivos de depuración así como para intentar terminar el hilo que motivó el acceso ilegal y no tiene impacto funcional.
	java.lang.IllegalStateException: Acceso ilegal: esta instancia de aplicación web ya ha sido parada.  Could not load [].  La eventual traza de pila que sigue ha sido motivada por un error lanzado con motivos de depuración así como para intentar terminar el hilo que motivó el acceso ilegal y no tiene impacto funcional.
		at org.apache.catalina.loader.WebappClassLoaderBase.checkStateForResourceLoading(WebappClassLoaderBase.java:1248)
		at org.apache.catalina.loader.WebappClassLoaderBase.getResource(WebappClassLoaderBase.java:857)
		at com.mysql.cj.jdbc.AbandonedConnectionCleanupThread.checkThreadContextClassLoader(AbandonedConnectionCleanupThread.java:123)
		at com.mysql.cj.jdbc.AbandonedConnectionCleanupThread.run(AbandonedConnectionCleanupThread.java:90)
		at java.base/java.util.concurrent.ThreadPoolExecutor.runWorker(ThreadPoolExecutor.java:1144)
		at java.base/java.util.concurrent.ThreadPoolExecutor$Worker.run(ThreadPoolExecutor.java:642)
		at java.base/java.lang.Thread.run(Thread.java:1570)
29-Jul-2025 00:55:19.159 INFO [mysql-cj-abandoned-connection-cleanup] org.apache.catalina.loader.WebappClassLoaderBase.checkStateForResourceLoading Acceso ilegal: esta instancia de aplicación web ya ha sido parada.  Could not load [].  La eventual traza de pila que sigue ha sido motivada por un error lanzado con motivos de depuración así como para intentar terminar el hilo que motivó el acceso ilegal y no tiene impacto funcional.
	java.lang.IllegalStateException: Acceso ilegal: esta instancia de aplicación web ya ha sido parada.  Could not load [].  La eventual traza de pila que sigue ha sido motivada por un error lanzado con motivos de depuración así como para intentar terminar el hilo que motivó el acceso ilegal y no tiene impacto funcional.
		at org.apache.catalina.loader.WebappClassLoaderBase.checkStateForResourceLoading(WebappClassLoaderBase.java:1248)
		at org.apache.catalina.loader.WebappClassLoaderBase.getResource(WebappClassLoaderBase.java:857)
		at com.mysql.cj.jdbc.AbandonedConnectionCleanupThread.checkThreadContextClassLoader(AbandonedConnectionCleanupThread.java:123)
		at com.mysql.cj.jdbc.AbandonedConnectionCleanupThread.run(AbandonedConnectionCleanupThread.java:90)
		at java.base/java.util.concurrent.ThreadPoolExecutor.runWorker(ThreadPoolExecutor.java:1144)
		at java.base/java.util.concurrent.ThreadPoolExecutor$Worker.run(ThreadPoolExecutor.java:642)
		at java.base/java.lang.Thread.run(Thread.java:1570)
29-Jul-2025 00:55:19.159 WARNING [http-nio-8080-exec-25] org.glassfish.jersey.server.internal.scanning.AnnotationAcceptingListener$ClassReaderWrapper.accept Unsupported class file major version 66
29-Jul-2025 00:55:19.214 INFO [mysql-cj-abandoned-connection-cleanup] org.apache.catalina.loader.WebappClassLoaderBase.checkStateForResourceLoading Acceso ilegal: esta instancia de aplicación web ya ha sido parada.  Could not load [].  La eventual traza de pila que sigue ha sido motivada por un error lanzado con motivos de depuración así como para intentar terminar el hilo que motivó el acceso ilegal y no tiene impacto funcional.
	java.lang.IllegalStateException: Acceso ilegal: esta instancia de aplicación web ya ha sido parada.  Could not load [].  La eventual traza de pila que sigue ha sido motivada por un error lanzado con motivos de depuración así como para intentar terminar el hilo que motivó el acceso ilegal y no tiene impacto funcional.
		at org.apache.catalina.loader.WebappClassLoaderBase.checkStateForResourceLoading(WebappClassLoaderBase.java:1248)
		at org.apache.catalina.loader.WebappClassLoaderBase.getResource(WebappClassLoaderBase.java:857)
		at com.mysql.cj.jdbc.AbandonedConnectionCleanupThread.checkThreadContextClassLoader(AbandonedConnectionCleanupThread.java:123)
		at com.mysql.cj.jdbc.AbandonedConnectionCleanupThread.run(AbandonedConnectionCleanupThread.java:90)
		at java.base/java.util.concurrent.ThreadPoolExecutor.runWorker(ThreadPoolExecutor.java:1144)
		at java.base/java.util.concurrent.ThreadPoolExecutor$Worker.run(ThreadPoolExecutor.java:642)
		at java.base/java.lang.Thread.run(Thread.java:1570)
29-Jul-2025 00:55:19.215 INFO [mysql-cj-abandoned-connection-cleanup] org.apache.catalina.loader.WebappClassLoaderBase.checkStateForResourceLoading Acceso ilegal: esta instancia de aplicación web ya ha sido parada.  Could not load [].  La eventual traza de pila que sigue ha sido motivada por un error lanzado con motivos de depuración así como para intentar terminar el hilo que motivó el acceso ilegal y no tiene impacto funcional.
	java.lang.IllegalStateException: Acceso ilegal: esta instancia de aplicación web ya ha sido parada.  Could not load [].  La eventual traza de pila que sigue ha sido motivada por un error lanzado con motivos de depuración así como para intentar terminar el hilo que motivó el acceso ilegal y no tiene impacto funcional.
		at org.apache.catalina.loader.WebappClassLoaderBase.checkStateForResourceLoading(WebappClassLoaderBase.java:1248)
		at org.apache.catalina.loader.WebappClassLoaderBase.getResource(WebappClassLoaderBase.java:857)
		at com.mysql.cj.jdbc.AbandonedConnectionCleanupThread.checkThreadContextClassLoader(AbandonedConnectionCleanupThread.java:123)
		at com.mysql.cj.jdbc.AbandonedConnectionCleanupThread.run(AbandonedConnectionCleanupThread.java:90)
		at java.base/java.util.concurrent.ThreadPoolExecutor.runWorker(ThreadPoolExecutor.java:1144)
		at java.base/java.util.concurrent.ThreadPoolExecutor$Worker.run(ThreadPoolExecutor.java:642)
		at java.base/java.lang.Thread.run(Thread.java:1570)
29-Jul-2025 00:55:19.215 INFO [mysql-cj-abandoned-connection-cleanup] org.apache.catalina.loader.WebappClassLoaderBase.checkStateForResourceLoading Acceso ilegal: esta instancia de aplicación web ya ha sido parada.  Could not load [].  La eventual traza de pila que sigue ha sido motivada por un error lanzado con motivos de depuración así como para intentar terminar el hilo que motivó el acceso ilegal y no tiene impacto funcional.
	java.lang.IllegalStateException: Acceso ilegal: esta instancia de aplicación web ya ha sido parada.  Could not load [].  La eventual traza de pila que sigue ha sido motivada por un error lanzado con motivos de depuración así como para intentar terminar el hilo que motivó el acceso ilegal y no tiene impacto funcional.
		at org.apache.catalina.loader.WebappClassLoaderBase.checkStateForResourceLoading(WebappClassLoaderBase.java:1248)
		at org.apache.catalina.loader.WebappClassLoaderBase.getResource(WebappClassLoaderBase.java:857)
		at com.mysql.cj.jdbc.AbandonedConnectionCleanupThread.checkThreadContextClassLoader(AbandonedConnectionCleanupThread.java:123)
		at com.mysql.cj.jdbc.AbandonedConnectionCleanupThread.run(AbandonedConnectionCleanupThread.java:90)
		at java.base/java.util.concurrent.ThreadPoolExecutor.runWorker(ThreadPoolExecutor.java:1144)
		at java.base/java.util.concurrent.ThreadPoolExecutor$Worker.run(ThreadPoolExecutor.java:642)
		at java.base/java.lang.Thread.run(Thread.java:1570)
29-Jul-2025 00:55:19.215 WARNING [http-nio-8080-exec-25] org.glassfish.jersey.server.internal.scanning.AnnotationAcceptingListener$ClassReaderWrapper.accept Unsupported class file major version 66
29-Jul-2025 00:55:19.279 INFO [mysql-cj-abandoned-connection-cleanup] org.apache.catalina.loader.WebappClassLoaderBase.checkStateForResourceLoading Acceso ilegal: esta instancia de aplicación web ya ha sido parada.  Could not load [].  La eventual traza de pila que sigue ha sido motivada por un error lanzado con motivos de depuración así como para intentar terminar el hilo que motivó el acceso ilegal y no tiene impacto funcional.
	java.lang.IllegalStateException: Acceso ilegal: esta instancia de aplicación web ya ha sido parada.  Could not load [].  La eventual traza de pila que sigue ha sido motivada por un error lanzado con motivos de depuración así como para intentar terminar el hilo que motivó el acceso ilegal y no tiene impacto funcional.
		at org.apache.catalina.loader.WebappClassLoaderBase.checkStateForResourceLoading(WebappClassLoaderBase.java:1248)
		at org.apache.catalina.loader.WebappClassLoaderBase.getResource(WebappClassLoaderBase.java:857)
		at com.mysql.cj.jdbc.AbandonedConnectionCleanupThread.checkThreadContextClassLoader(AbandonedConnectionCleanupThread.java:123)
		at com.mysql.cj.jdbc.AbandonedConnectionCleanupThread.run(AbandonedConnectionCleanupThread.java:90)
		at java.base/java.util.concurrent.ThreadPoolExecutor.runWorker(ThreadPoolExecutor.java:1144)
		at java.base/java.util.concurrent.ThreadPoolExecutor$Worker.run(ThreadPoolExecutor.java:642)
		at java.base/java.lang.Thread.run(Thread.java:1570)
29-Jul-2025 00:55:19.279 INFO [mysql-cj-abandoned-connection-cleanup] org.apache.catalina.loader.WebappClassLoaderBase.checkStateForResourceLoading Acceso ilegal: esta instancia de aplicación web ya ha sido parada.  Could not load [].  La eventual traza de pila que sigue ha sido motivada por un error lanzado con motivos de depuración así como para intentar terminar el hilo que motivó el acceso ilegal y no tiene impacto funcional.
	java.lang.IllegalStateException: Acceso ilegal: esta instancia de aplicación web ya ha sido parada.  Could not load [].  La eventual traza de pila que sigue ha sido motivada por un error lanzado con motivos de depuración así como para intentar terminar el hilo que motivó el acceso ilegal y no tiene impacto funcional.
		at org.apache.catalina.loader.WebappClassLoaderBase.checkStateForResourceLoading(WebappClassLoaderBase.java:1248)
		at org.apache.catalina.loader.WebappClassLoaderBase.getResource(WebappClassLoaderBase.java:857)
		at com.mysql.cj.jdbc.AbandonedConnectionCleanupThread.checkThreadContextClassLoader(AbandonedConnectionCleanupThread.java:123)
		at com.mysql.cj.jdbc.AbandonedConnectionCleanupThread.run(AbandonedConnectionCleanupThread.java:90)
		at java.base/java.util.concurrent.ThreadPoolExecutor.runWorker(ThreadPoolExecutor.java:1144)
		at java.base/java.util.concurrent.ThreadPoolExecutor$Worker.run(ThreadPoolExecutor.java:642)
		at java.base/java.lang.Thread.run(Thread.java:1570)
29-Jul-2025 00:55:19.279 INFO [mysql-cj-abandoned-connection-cleanup] org.apache.catalina.loader.WebappClassLoaderBase.checkStateForResourceLoading Acceso ilegal: esta instancia de aplicación web ya ha sido parada.  Could not load [].  La eventual traza de pila que sigue ha sido motivada por un error lanzado con motivos de depuración así como para intentar terminar el hilo que motivó el acceso ilegal y no tiene impacto funcional.
	java.lang.IllegalStateException: Acceso ilegal: esta instancia de aplicación web ya ha sido parada.  Could not load [].  La eventual traza de pila que sigue ha sido motivada por un error lanzado con motivos de depuración así como para intentar terminar el hilo que motivó el acceso ilegal y no tiene impacto funcional.
		at org.apache.catalina.loader.WebappClassLoaderBase.checkStateForResourceLoading(WebappClassLoaderBase.java:1248)
		at org.apache.catalina.loader.WebappClassLoaderBase.getResource(WebappClassLoaderBase.java:857)
		at com.mysql.cj.jdbc.AbandonedConnectionCleanupThread.checkThreadContextClassLoader(AbandonedConnectionCleanupThread.java:123)
		at com.mysql.cj.jdbc.AbandonedConnectionCleanupThread.run(AbandonedConnectionCleanupThread.java:90)
		at java.base/java.util.concurrent.ThreadPoolExecutor.runWorker(ThreadPoolExecutor.java:1144)
		at java.base/java.util.concurrent.ThreadPoolExecutor$Worker.run(ThreadPoolExecutor.java:642)
		at java.base/java.lang.Thread.run(Thread.java:1570)
29-Jul-2025 00:55:19.279 WARNING [http-nio-8080-exec-25] org.glassfish.jersey.server.internal.scanning.AnnotationAcceptingListener$ClassReaderWrapper.accept Unsupported class file major version 66
29-Jul-2025 00:55:19.335 INFO [mysql-cj-abandoned-connection-cleanup] org.apache.catalina.loader.WebappClassLoaderBase.checkStateForResourceLoading Acceso ilegal: esta instancia de aplicación web ya ha sido parada.  Could not load [].  La eventual traza de pila que sigue ha sido motivada por un error lanzado con motivos de depuración así como para intentar terminar el hilo que motivó el acceso ilegal y no tiene impacto funcional.
	java.lang.IllegalStateException: Acceso ilegal: esta instancia de aplicación web ya ha sido parada.  Could not load [].  La eventual traza de pila que sigue ha sido motivada por un error lanzado con motivos de depuración así como para intentar terminar el hilo que motivó el acceso ilegal y no tiene impacto funcional.
		at org.apache.catalina.loader.WebappClassLoaderBase.checkStateForResourceLoading(WebappClassLoaderBase.java:1248)
		at org.apache.catalina.loader.WebappClassLoaderBase.getResource(WebappClassLoaderBase.java:857)
		at com.mysql.cj.jdbc.AbandonedConnectionCleanupThread.checkThreadContextClassLoader(AbandonedConnectionCleanupThread.java:123)
		at com.mysql.cj.jdbc.AbandonedConnectionCleanupThread.run(AbandonedConnectionCleanupThread.java:90)
		at java.base/java.util.concurrent.ThreadPoolExecutor.runWorker(ThreadPoolExecutor.java:1144)
		at java.base/java.util.concurrent.ThreadPoolExecutor$Worker.run(ThreadPoolExecutor.java:642)
		at java.base/java.lang.Thread.run(Thread.java:1570)
29-Jul-2025 00:55:19.335 INFO [mysql-cj-abandoned-connection-cleanup] org.apache.catalina.loader.WebappClassLoaderBase.checkStateForResourceLoading Acceso ilegal: esta instancia de aplicación web ya ha sido parada.  Could not load [].  La eventual traza de pila que sigue ha sido motivada por un error lanzado con motivos de depuración así como para intentar terminar el hilo que motivó el acceso ilegal y no tiene impacto funcional.
	java.lang.IllegalStateException: Acceso ilegal: esta instancia de aplicación web ya ha sido parada.  Could not load [].  La eventual traza de pila que sigue ha sido motivada por un error lanzado con motivos de depuración así como para intentar terminar el hilo que motivó el acceso ilegal y no tiene impacto funcional.
		at org.apache.catalina.loader.WebappClassLoaderBase.checkStateForResourceLoading(WebappClassLoaderBase.java:1248)
		at org.apache.catalina.loader.WebappClassLoaderBase.getResource(WebappClassLoaderBase.java:857)
		at com.mysql.cj.jdbc.AbandonedConnectionCleanupThread.checkThreadContextClassLoader(AbandonedConnectionCleanupThread.java:123)
		at com.mysql.cj.jdbc.AbandonedConnectionCleanupThread.run(AbandonedConnectionCleanupThread.java:90)
		at java.base/java.util.concurrent.ThreadPoolExecutor.runWorker(ThreadPoolExecutor.java:1144)
		at java.base/java.util.concurrent.ThreadPoolExecutor$Worker.run(ThreadPoolExecutor.java:642)
		at java.base/java.lang.Thread.run(Thread.java:1570)
29-Jul-2025 00:55:19.335 INFO [mysql-cj-abandoned-connection-cleanup] org.apache.catalina.loader.WebappClassLoaderBase.checkStateForResourceLoading Acceso ilegal: esta instancia de aplicación web ya ha sido parada.  Could not load [].  La eventual traza de pila que sigue ha sido motivada por un error lanzado con motivos de depuración así como para intentar terminar el hilo que motivó el acceso ilegal y no tiene impacto funcional.
	java.lang.IllegalStateException: Acceso ilegal: esta instancia de aplicación web ya ha sido parada.  Could not load [].  La eventual traza de pila que sigue ha sido motivada por un error lanzado con motivos de depuración así como para intentar terminar el hilo que motivó el acceso ilegal y no tiene impacto funcional.
		at org.apache.catalina.loader.WebappClassLoaderBase.checkStateForResourceLoading(WebappClassLoaderBase.java:1248)
		at org.apache.catalina.loader.WebappClassLoaderBase.getResource(WebappClassLoaderBase.java:857)
		at com.mysql.cj.jdbc.AbandonedConnectionCleanupThread.checkThreadContextClassLoader(AbandonedConnectionCleanupThread.java:123)
		at com.mysql.cj.jdbc.AbandonedConnectionCleanupThread.run(AbandonedConnectionCleanupThread.java:90)
		at java.base/java.util.concurrent.ThreadPoolExecutor.runWorker(ThreadPoolExecutor.java:1144)
		at java.base/java.util.concurrent.ThreadPoolExecutor$Worker.run(ThreadPoolExecutor.java:642)
		at java.base/java.lang.Thread.run(Thread.java:1570)
29-Jul-2025 00:55:19.336 WARNING [http-nio-8080-exec-25] org.glassfish.jersey.server.internal.scanning.AnnotationAcceptingListener$ClassReaderWrapper.accept Unsupported class file major version 66
29-Jul-2025 00:55:19.399 INFO [mysql-cj-abandoned-connection-cleanup] org.apache.catalina.loader.WebappClassLoaderBase.checkStateForResourceLoading Acceso ilegal: esta instancia de aplicación web ya ha sido parada.  Could not load [].  La eventual traza de pila que sigue ha sido motivada por un error lanzado con motivos de depuración así como para intentar terminar el hilo que motivó el acceso ilegal y no tiene impacto funcional.
	java.lang.IllegalStateException: Acceso ilegal: esta instancia de aplicación web ya ha sido parada.  Could not load [].  La eventual traza de pila que sigue ha sido motivada por un error lanzado con motivos de depuración así como para intentar terminar el hilo que motivó el acceso ilegal y no tiene impacto funcional.
		at org.apache.catalina.loader.WebappClassLoaderBase.checkStateForResourceLoading(WebappClassLoaderBase.java:1248)
		at org.apache.catalina.loader.WebappClassLoaderBase.getResource(WebappClassLoaderBase.java:857)
		at com.mysql.cj.jdbc.AbandonedConnectionCleanupThread.checkThreadContextClassLoader(AbandonedConnectionCleanupThread.java:123)
		at com.mysql.cj.jdbc.AbandonedConnectionCleanupThread.run(AbandonedConnectionCleanupThread.java:90)
		at java.base/java.util.concurrent.ThreadPoolExecutor.runWorker(ThreadPoolExecutor.java:1144)
		at java.base/java.util.concurrent.ThreadPoolExecutor$Worker.run(ThreadPoolExecutor.java:642)
		at java.base/java.lang.Thread.run(Thread.java:1570)
29-Jul-2025 00:55:19.399 INFO [mysql-cj-abandoned-connection-cleanup] org.apache.catalina.loader.WebappClassLoaderBase.checkStateForResourceLoading Acceso ilegal: esta instancia de aplicación web ya ha sido parada.  Could not load [].  La eventual traza de pila que sigue ha sido motivada por un error lanzado con motivos de depuración así como para intentar terminar el hilo que motivó el acceso ilegal y no tiene impacto funcional.
	java.lang.IllegalStateException: Acceso ilegal: esta instancia de aplicación web ya ha sido parada.  Could not load [].  La eventual traza de pila que sigue ha sido motivada por un error lanzado con motivos de depuración así como para intentar terminar el hilo que motivó el acceso ilegal y no tiene impacto funcional.
		at org.apache.catalina.loader.WebappClassLoaderBase.checkStateForResourceLoading(WebappClassLoaderBase.java:1248)
		at org.apache.catalina.loader.WebappClassLoaderBase.getResource(WebappClassLoaderBase.java:857)
		at com.mysql.cj.jdbc.AbandonedConnectionCleanupThread.checkThreadContextClassLoader(AbandonedConnectionCleanupThread.java:123)
		at com.mysql.cj.jdbc.AbandonedConnectionCleanupThread.run(AbandonedConnectionCleanupThread.java:90)
		at java.base/java.util.concurrent.ThreadPoolExecutor.runWorker(ThreadPoolExecutor.java:1144)
		at java.base/java.util.concurrent.ThreadPoolExecutor$Worker.run(ThreadPoolExecutor.java:642)
		at java.base/java.lang.Thread.run(Thread.java:1570)
29-Jul-2025 00:55:19.400 INFO [mysql-cj-abandoned-connection-cleanup] org.apache.catalina.loader.WebappClassLoaderBase.checkStateForResourceLoading Acceso ilegal: esta instancia de aplicación web ya ha sido parada.  Could not load [].  La eventual traza de pila que sigue ha sido motivada por un error lanzado con motivos de depuración así como para intentar terminar el hilo que motivó el acceso ilegal y no tiene impacto funcional.
	java.lang.IllegalStateException: Acceso ilegal: esta instancia de aplicación web ya ha sido parada.  Could not load [].  La eventual traza de pila que sigue ha sido motivada por un error lanzado con motivos de depuración así como para intentar terminar el hilo que motivó el acceso ilegal y no tiene impacto funcional.
		at org.apache.catalina.loader.WebappClassLoaderBase.checkStateForResourceLoading(WebappClassLoaderBase.java:1248)
		at org.apache.catalina.loader.WebappClassLoaderBase.getResource(WebappClassLoaderBase.java:857)
		at com.mysql.cj.jdbc.AbandonedConnectionCleanupThread.checkThreadContextClassLoader(AbandonedConnectionCleanupThread.java:123)
		at com.mysql.cj.jdbc.AbandonedConnectionCleanupThread.run(AbandonedConnectionCleanupThread.java:90)
		at java.base/java.util.concurrent.ThreadPoolExecutor.runWorker(ThreadPoolExecutor.java:1144)
		at java.base/java.util.concurrent.ThreadPoolExecutor$Worker.run(ThreadPoolExecutor.java:642)
		at java.base/java.lang.Thread.run(Thread.java:1570)
29-Jul-2025 00:55:19.400 WARNING [http-nio-8080-exec-25] org.glassfish.jersey.server.internal.scanning.AnnotationAcceptingListener$ClassReaderWrapper.accept Unsupported class file major version 66
29-Jul-2025 00:55:19.454 INFO [mysql-cj-abandoned-connection-cleanup] org.apache.catalina.loader.WebappClassLoaderBase.checkStateForResourceLoading Acceso ilegal: esta instancia de aplicación web ya ha sido parada.  Could not load [].  La eventual traza de pila que sigue ha sido motivada por un error lanzado con motivos de depuración así como para intentar terminar el hilo que motivó el acceso ilegal y no tiene impacto funcional.
	java.lang.IllegalStateException: Acceso ilegal: esta instancia de aplicación web ya ha sido parada.  Could not load [].  La eventual traza de pila que sigue ha sido motivada por un error lanzado con motivos de depuración así como para intentar terminar el hilo que motivó el acceso ilegal y no tiene impacto funcional.
		at org.apache.catalina.loader.WebappClassLoaderBase.checkStateForResourceLoading(WebappClassLoaderBase.java:1248)
		at org.apache.catalina.loader.WebappClassLoaderBase.getResource(WebappClassLoaderBase.java:857)
		at com.mysql.cj.jdbc.AbandonedConnectionCleanupThread.checkThreadContextClassLoader(AbandonedConnectionCleanupThread.java:123)
		at com.mysql.cj.jdbc.AbandonedConnectionCleanupThread.run(AbandonedConnectionCleanupThread.java:90)
		at java.base/java.util.concurrent.ThreadPoolExecutor.runWorker(ThreadPoolExecutor.java:1144)
		at java.base/java.util.concurrent.ThreadPoolExecutor$Worker.run(ThreadPoolExecutor.java:642)
		at java.base/java.lang.Thread.run(Thread.java:1570)
29-Jul-2025 00:55:19.454 INFO [mysql-cj-abandoned-connection-cleanup] org.apache.catalina.loader.WebappClassLoaderBase.checkStateForResourceLoading Acceso ilegal: esta instancia de aplicación web ya ha sido parada.  Could not load [].  La eventual traza de pila que sigue ha sido motivada por un error lanzado con motivos de depuración así como para intentar terminar el hilo que motivó el acceso ilegal y no tiene impacto funcional.
	java.lang.IllegalStateException: Acceso ilegal: esta instancia de aplicación web ya ha sido parada.  Could not load [].  La eventual traza de pila que sigue ha sido motivada por un error lanzado con motivos de depuración así como para intentar terminar el hilo que motivó el acceso ilegal y no tiene impacto funcional.
		at org.apache.catalina.loader.WebappClassLoaderBase.checkStateForResourceLoading(WebappClassLoaderBase.java:1248)
		at org.apache.catalina.loader.WebappClassLoaderBase.getResource(WebappClassLoaderBase.java:857)
		at com.mysql.cj.jdbc.AbandonedConnectionCleanupThread.checkThreadContextClassLoader(AbandonedConnectionCleanupThread.java:123)
		at com.mysql.cj.jdbc.AbandonedConnectionCleanupThread.run(AbandonedConnectionCleanupThread.java:90)
		at java.base/java.util.concurrent.ThreadPoolExecutor.runWorker(ThreadPoolExecutor.java:1144)
		at java.base/java.util.concurrent.ThreadPoolExecutor$Worker.run(ThreadPoolExecutor.java:642)
		at java.base/java.lang.Thread.run(Thread.java:1570)
29-Jul-2025 00:55:19.455 INFO [mysql-cj-abandoned-connection-cleanup] org.apache.catalina.loader.WebappClassLoaderBase.checkStateForResourceLoading Acceso ilegal: esta instancia de aplicación web ya ha sido parada.  Could not load [].  La eventual traza de pila que sigue ha sido motivada por un error lanzado con motivos de depuración así como para intentar terminar el hilo que motivó el acceso ilegal y no tiene impacto funcional.
	java.lang.IllegalStateException: Acceso ilegal: esta instancia de aplicación web ya ha sido parada.  Could not load [].  La eventual traza de pila que sigue ha sido motivada por un error lanzado con motivos de depuración así como para intentar terminar el hilo que motivó el acceso ilegal y no tiene impacto funcional.
		at org.apache.catalina.loader.WebappClassLoaderBase.checkStateForResourceLoading(WebappClassLoaderBase.java:1248)
		at org.apache.catalina.loader.WebappClassLoaderBase.getResource(WebappClassLoaderBase.java:857)
		at com.mysql.cj.jdbc.AbandonedConnectionCleanupThread.checkThreadContextClassLoader(AbandonedConnectionCleanupThread.java:123)
		at com.mysql.cj.jdbc.AbandonedConnectionCleanupThread.run(AbandonedConnectionCleanupThread.java:90)
		at java.base/java.util.concurrent.ThreadPoolExecutor.runWorker(ThreadPoolExecutor.java:1144)
		at java.base/java.util.concurrent.ThreadPoolExecutor$Worker.run(ThreadPoolExecutor.java:642)
		at java.base/java.lang.Thread.run(Thread.java:1570)
29-Jul-2025 00:55:19.455 WARNING [http-nio-8080-exec-25] org.glassfish.jersey.server.internal.scanning.AnnotationAcceptingListener$ClassReaderWrapper.accept Unsupported class file major version 66
29-Jul-2025 00:55:19.519 INFO [mysql-cj-abandoned-connection-cleanup] org.apache.catalina.loader.WebappClassLoaderBase.checkStateForResourceLoading Acceso ilegal: esta instancia de aplicación web ya ha sido parada.  Could not load [].  La eventual traza de pila que sigue ha sido motivada por un error lanzado con motivos de depuración así como para intentar terminar el hilo que motivó el acceso ilegal y no tiene impacto funcional.
	java.lang.IllegalStateException: Acceso ilegal: esta instancia de aplicación web ya ha sido parada.  Could not load [].  La eventual traza de pila que sigue ha sido motivada por un error lanzado con motivos de depuración así como para intentar terminar el hilo que motivó el acceso ilegal y no tiene impacto funcional.
		at org.apache.catalina.loader.WebappClassLoaderBase.checkStateForResourceLoading(WebappClassLoaderBase.java:1248)
		at org.apache.catalina.loader.WebappClassLoaderBase.getResource(WebappClassLoaderBase.java:857)
		at com.mysql.cj.jdbc.AbandonedConnectionCleanupThread.checkThreadContextClassLoader(AbandonedConnectionCleanupThread.java:123)
		at com.mysql.cj.jdbc.AbandonedConnectionCleanupThread.run(AbandonedConnectionCleanupThread.java:90)
		at java.base/java.util.concurrent.ThreadPoolExecutor.runWorker(ThreadPoolExecutor.java:1144)
		at java.base/java.util.concurrent.ThreadPoolExecutor$Worker.run(ThreadPoolExecutor.java:642)
		at java.base/java.lang.Thread.run(Thread.java:1570)
29-Jul-2025 00:55:19.519 INFO [mysql-cj-abandoned-connection-cleanup] org.apache.catalina.loader.WebappClassLoaderBase.checkStateForResourceLoading Acceso ilegal: esta instancia de aplicación web ya ha sido parada.  Could not load [].  La eventual traza de pila que sigue ha sido motivada por un error lanzado con motivos de depuración así como para intentar terminar el hilo que motivó el acceso ilegal y no tiene impacto funcional.
	java.lang.IllegalStateException: Acceso ilegal: esta instancia de aplicación web ya ha sido parada.  Could not load [].  La eventual traza de pila que sigue ha sido motivada por un error lanzado con motivos de depuración así como para intentar terminar el hilo que motivó el acceso ilegal y no tiene impacto funcional.
		at org.apache.catalina.loader.WebappClassLoaderBase.checkStateForResourceLoading(WebappClassLoaderBase.java:1248)
		at org.apache.catalina.loader.WebappClassLoaderBase.getResource(WebappClassLoaderBase.java:857)
		at com.mysql.cj.jdbc.AbandonedConnectionCleanupThread.checkThreadContextClassLoader(AbandonedConnectionCleanupThread.java:123)
		at com.mysql.cj.jdbc.AbandonedConnectionCleanupThread.run(AbandonedConnectionCleanupThread.java:90)
		at java.base/java.util.concurrent.ThreadPoolExecutor.runWorker(ThreadPoolExecutor.java:1144)
		at java.base/java.util.concurrent.ThreadPoolExecutor$Worker.run(ThreadPoolExecutor.java:642)
		at java.base/java.lang.Thread.run(Thread.java:1570)
29-Jul-2025 00:55:19.519 INFO [mysql-cj-abandoned-connection-cleanup] org.apache.catalina.loader.WebappClassLoaderBase.checkStateForResourceLoading Acceso ilegal: esta instancia de aplicación web ya ha sido parada.  Could not load [].  La eventual traza de pila que sigue ha sido motivada por un error lanzado con motivos de depuración así como para intentar terminar el hilo que motivó el acceso ilegal y no tiene impacto funcional.
	java.lang.IllegalStateException: Acceso ilegal: esta instancia de aplicación web ya ha sido parada.  Could not load [].  La eventual traza de pila que sigue ha sido motivada por un error lanzado con motivos de depuración así como para intentar terminar el hilo que motivó el acceso ilegal y no tiene impacto funcional.
		at org.apache.catalina.loader.WebappClassLoaderBase.checkStateForResourceLoading(WebappClassLoaderBase.java:1248)
		at org.apache.catalina.loader.WebappClassLoaderBase.getResource(WebappClassLoaderBase.java:857)
		at com.mysql.cj.jdbc.AbandonedConnectionCleanupThread.checkThreadContextClassLoader(AbandonedConnectionCleanupThread.java:123)
		at com.mysql.cj.jdbc.AbandonedConnectionCleanupThread.run(AbandonedConnectionCleanupThread.java:90)
		at java.base/java.util.concurrent.ThreadPoolExecutor.runWorker(ThreadPoolExecutor.java:1144)
		at java.base/java.util.concurrent.ThreadPoolExecutor$Worker.run(ThreadPoolExecutor.java:642)
		at java.base/java.lang.Thread.run(Thread.java:1570)
29-Jul-2025 00:55:19.520 WARNING [http-nio-8080-exec-25] org.glassfish.jersey.server.internal.scanning.AnnotationAcceptingListener$ClassReaderWrapper.accept Unsupported class file major version 66
29-Jul-2025 00:55:19.589 INFO [mysql-cj-abandoned-connection-cleanup] org.apache.catalina.loader.WebappClassLoaderBase.checkStateForResourceLoading Acceso ilegal: esta instancia de aplicación web ya ha sido parada.  Could not load [].  La eventual traza de pila que sigue ha sido motivada por un error lanzado con motivos de depuración así como para intentar terminar el hilo que motivó el acceso ilegal y no tiene impacto funcional.
	java.lang.IllegalStateException: Acceso ilegal: esta instancia de aplicación web ya ha sido parada.  Could not load [].  La eventual traza de pila que sigue ha sido motivada por un error lanzado con motivos de depuración así como para intentar terminar el hilo que motivó el acceso ilegal y no tiene impacto funcional.
		at org.apache.catalina.loader.WebappClassLoaderBase.checkStateForResourceLoading(WebappClassLoaderBase.java:1248)
		at org.apache.catalina.loader.WebappClassLoaderBase.getResource(WebappClassLoaderBase.java:857)
		at com.mysql.cj.jdbc.AbandonedConnectionCleanupThread.checkThreadContextClassLoader(AbandonedConnectionCleanupThread.java:123)
		at com.mysql.cj.jdbc.AbandonedConnectionCleanupThread.run(AbandonedConnectionCleanupThread.java:90)
		at java.base/java.util.concurrent.ThreadPoolExecutor.runWorker(ThreadPoolExecutor.java:1144)
		at java.base/java.util.concurrent.ThreadPoolExecutor$Worker.run(ThreadPoolExecutor.java:642)
		at java.base/java.lang.Thread.run(Thread.java:1570)
29-Jul-2025 00:55:19.666 WARNING [http-nio-8080-exec-25] org.glassfish.jersey.server.wadl.WadlFeature.configure JAXBContext implementation could not be found. WADL feature is disabled.
29-Jul-2025 00:55:19.937 INFO [http-nio-8080-exec-25] org.apache.catalina.startup.HostConfig.deployDescriptor Deployment of deployment descriptor [C:\Users\Administrador\Documents\proyecto_final_helder_java-js\apache-tomcat-11.0.8-windows-x64\apache-tomcat-11.0.8\conf\Catalina\localhost\helder.xml] has finished in [2.843] ms
29-Jul-2025 00:55:19.943 INFO [http-nio-8080-exec-22] org.apache.catalina.util.LifecycleBase.start The start() method was called on component [StandardEngine[Catalina].StandardHost[localhost].StandardContext[/helder]] after start() had already been called. The second call will be ignored.
29-Jul-2025 01:09:26.910 INFO [main] org.apache.catalina.core.StandardServer.await Se ha recibido un comando de apagado a través del puerto de apagado. Parando la instancia del Servidor.
29-Jul-2025 01:09:26.910 INFO [main] org.apache.coyote.AbstractProtocol.pause Pausing ProtocolHandler ["http-nio-8080"]
29-Jul-2025 01:09:26.920 INFO [main] org.apache.catalina.core.StandardService.stopInternal Parando servicio [Catalina]
29-Jul-2025 01:09:26.940 WARNING [main] org.apache.catalina.loader.WebappClassLoaderBase.clearReferencesJdbc La aplicación web [helder] registró el conductor JDBC [com.mysql.cj.jdbc.Driver] pero falló al anular el registro mientras la aplicación web estaba parada. Para prevenir un fallo de memoria, se ha anulado el registro del conductor JDBC por la fuerza.
29-Jul-2025 01:09:26.940 WARNING [main] org.apache.catalina.loader.WebappClassLoaderBase.clearReferencesThreads The web application [helder] appears to have started a thread named [mysql-cj-abandoned-connection-cleanup] but has failed to stop it. This is very likely to create a memory leak. Stack trace of thread:
 java.base/jdk.internal.misc.Unsafe.park(Native Method)
 java.base/java.util.concurrent.locks.LockSupport.parkNanos(LockSupport.java:269)
 java.base/java.util.concurrent.locks.AbstractQueuedSynchronizer$ConditionObject.await(AbstractQueuedSynchronizer.java:1847)
 java.base/java.lang.ref.ReferenceQueue.await(ReferenceQueue.java:71)
 java.base/java.lang.ref.ReferenceQueue.remove0(ReferenceQueue.java:143)
 java.base/java.lang.ref.ReferenceQueue.remove(ReferenceQueue.java:218)
 com.mysql.cj.jdbc.AbandonedConnectionCleanupThread.run(AbandonedConnectionCleanupThread.java:91)
 java.base/java.util.concurrent.ThreadPoolExecutor.runWorker(ThreadPoolExecutor.java:1144)
 java.base/java.util.concurrent.ThreadPoolExecutor$Worker.run(ThreadPoolExecutor.java:642)
 java.base/java.lang.Thread.run(Thread.java:1570)
29-Jul-2025 01:09:26.941 INFO [main] org.apache.coyote.AbstractProtocol.stop Stopping ProtocolHandler ["http-nio-8080"]
29-Jul-2025 01:09:26.950 INFO [main] org.apache.coyote.AbstractProtocol.destroy Destroying ProtocolHandler ["http-nio-8080"]
29-Jul-2025 01:09:27.000 INFO [mysql-cj-abandoned-connection-cleanup] org.apache.catalina.loader.WebappClassLoaderBase.checkStateForResourceLoading Acceso ilegal: esta instancia de aplicación web ya ha sido parada.  Could not load [].  La eventual traza de pila que sigue ha sido motivada por un error lanzado con motivos de depuración así como para intentar terminar el hilo que motivó el acceso ilegal y no tiene impacto funcional.
	java.lang.IllegalStateException: Acceso ilegal: esta instancia de aplicación web ya ha sido parada.  Could not load [].  La eventual traza de pila que sigue ha sido motivada por un error lanzado con motivos de depuración así como para intentar terminar el hilo que motivó el acceso ilegal y no tiene impacto funcional.
		at org.apache.catalina.loader.WebappClassLoaderBase.checkStateForResourceLoading(WebappClassLoaderBase.java:1248)
		at org.apache.catalina.loader.WebappClassLoaderBase.getResource(WebappClassLoaderBase.java:857)
		at com.mysql.cj.jdbc.AbandonedConnectionCleanupThread.checkThreadContextClassLoader(AbandonedConnectionCleanupThread.java:123)
		at com.mysql.cj.jdbc.AbandonedConnectionCleanupThread.run(AbandonedConnectionCleanupThread.java:90)
		at java.base/java.util.concurrent.ThreadPoolExecutor.runWorker(ThreadPoolExecutor.java:1144)
		at java.base/java.util.concurrent.ThreadPoolExecutor$Worker.run(ThreadPoolExecutor.java:642)
		at java.base/java.lang.Thread.run(Thread.java:1570)
29-Jul-2025 01:09:27.000 INFO [mysql-cj-abandoned-connection-cleanup] org.apache.catalina.loader.WebappClassLoaderBase.checkStateForResourceLoading Acceso ilegal: esta instancia de aplicación web ya ha sido parada.  Could not load [].  La eventual traza de pila que sigue ha sido motivada por un error lanzado con motivos de depuración así como para intentar terminar el hilo que motivó el acceso ilegal y no tiene impacto funcional.
	java.lang.IllegalStateException: Acceso ilegal: esta instancia de aplicación web ya ha sido parada.  Could not load [].  La eventual traza de pila que sigue ha sido motivada por un error lanzado con motivos de depuración así como para intentar terminar el hilo que motivó el acceso ilegal y no tiene impacto funcional.
		at org.apache.catalina.loader.WebappClassLoaderBase.checkStateForResourceLoading(WebappClassLoaderBase.java:1248)
		at org.apache.catalina.loader.WebappClassLoaderBase.getResource(WebappClassLoaderBase.java:857)
		at com.mysql.cj.jdbc.AbandonedConnectionCleanupThread.checkThreadContextClassLoader(AbandonedConnectionCleanupThread.java:123)
		at com.mysql.cj.jdbc.AbandonedConnectionCleanupThread.run(AbandonedConnectionCleanupThread.java:90)
		at java.base/java.util.concurrent.ThreadPoolExecutor.runWorker(ThreadPoolExecutor.java:1144)
		at java.base/java.util.concurrent.ThreadPoolExecutor$Worker.run(ThreadPoolExecutor.java:642)
		at java.base/java.lang.Thread.run(Thread.java:1570)
29-Jul-2025 14:50:54.429 INFO [main] org.apache.catalina.startup.VersionLoggerListener.log Nombre de la versión del servidor: Apache Tomcat/11.0.8
29-Jul-2025 14:50:54.432 INFO [main] org.apache.catalina.startup.VersionLoggerListener.log Server built:                      Jun 5 2025 17:49:55 UTC
29-Jul-2025 14:50:54.432 INFO [main] org.apache.catalina.startup.VersionLoggerListener.log Número de versión de servidor:     11.0.8.0
29-Jul-2025 14:50:54.432 INFO [main] org.apache.catalina.startup.VersionLoggerListener.log OS Name:                           Windows 10
29-Jul-2025 14:50:54.432 INFO [main] org.apache.catalina.startup.VersionLoggerListener.log Versión de Systema Operativo:      10.0
29-Jul-2025 14:50:54.432 INFO [main] org.apache.catalina.startup.VersionLoggerListener.log Arquitectura:                      amd64
29-Jul-2025 14:50:54.432 INFO [main] org.apache.catalina.startup.VersionLoggerListener.log Java Home:                         C:\Program Files\Java\jdk-22
29-Jul-2025 14:50:54.432 INFO [main] org.apache.catalina.startup.VersionLoggerListener.log JVM Version:                       22.0.2+9-70
29-Jul-2025 14:50:54.432 INFO [main] org.apache.catalina.startup.VersionLoggerListener.log Vededor JVM:                       Oracle Corporation
29-Jul-2025 14:50:54.432 INFO [main] org.apache.catalina.startup.VersionLoggerListener.log CATALINA_BASE:                     C:\Users\Administrador\Documents\proyecto_final_helder_java-js\apache-tomcat-11.0.8-windows-x64\apache-tomcat-11.0.8
29-Jul-2025 14:50:54.432 INFO [main] org.apache.catalina.startup.VersionLoggerListener.log CATALINA_HOME:                     C:\Users\Administrador\Documents\proyecto_final_helder_java-js\apache-tomcat-11.0.8-windows-x64\apache-tomcat-11.0.8
29-Jul-2025 14:50:54.439 INFO [main] org.apache.catalina.startup.VersionLoggerListener.log Command line argument:             -Djava.util.logging.config.file=C:\Users\Administrador\Documents\proyecto_final_helder_java-js\apache-tomcat-11.0.8-windows-x64\apache-tomcat-11.0.8\conf\logging.properties
29-Jul-2025 14:50:54.439 INFO [main] org.apache.catalina.startup.VersionLoggerListener.log Command line argument:             -Djava.util.logging.manager=org.apache.juli.ClassLoaderLogManager
29-Jul-2025 14:50:54.439 INFO [main] org.apache.catalina.startup.VersionLoggerListener.log Command line argument:             -Djdk.tls.ephemeralDHKeySize=2048
29-Jul-2025 14:50:54.439 INFO [main] org.apache.catalina.startup.VersionLoggerListener.log Command line argument:             --add-opens=java.base/java.lang=ALL-UNNAMED
29-Jul-2025 14:50:54.440 INFO [main] org.apache.catalina.startup.VersionLoggerListener.log Command line argument:             --add-opens=java.base/java.lang.reflect=ALL-UNNAMED
29-Jul-2025 14:50:54.440 INFO [main] org.apache.catalina.startup.VersionLoggerListener.log Command line argument:             --add-opens=java.base/java.io=ALL-UNNAMED
29-Jul-2025 14:50:54.440 INFO [main] org.apache.catalina.startup.VersionLoggerListener.log Command line argument:             --add-opens=java.base/java.util=ALL-UNNAMED
29-Jul-2025 14:50:54.440 INFO [main] org.apache.catalina.startup.VersionLoggerListener.log Command line argument:             --add-opens=java.base/java.util.concurrent=ALL-UNNAMED
29-Jul-2025 14:50:54.440 INFO [main] org.apache.catalina.startup.VersionLoggerListener.log Command line argument:             --add-opens=java.rmi/sun.rmi.transport=ALL-UNNAMED
29-Jul-2025 14:50:54.440 INFO [main] org.apache.catalina.startup.VersionLoggerListener.log Command line argument:             --enable-native-access=ALL-UNNAMED
29-Jul-2025 14:50:54.440 INFO [main] org.apache.catalina.startup.VersionLoggerListener.log Command line argument:             -Dcatalina.base=C:\Users\Administrador\Documents\proyecto_final_helder_java-js\apache-tomcat-11.0.8-windows-x64\apache-tomcat-11.0.8
29-Jul-2025 14:50:54.440 INFO [main] org.apache.catalina.startup.VersionLoggerListener.log Command line argument:             -Dcatalina.home=C:\Users\Administrador\Documents\proyecto_final_helder_java-js\apache-tomcat-11.0.8-windows-x64\apache-tomcat-11.0.8
29-Jul-2025 14:50:54.481 INFO [main] org.apache.catalina.startup.VersionLoggerListener.log Command line argument:             -Djava.io.tmpdir=C:\Users\Administrador\Documents\proyecto_final_helder_java-js\apache-tomcat-11.0.8-windows-x64\apache-tomcat-11.0.8\temp
29-Jul-2025 14:50:54.496 INFO [main] org.apache.catalina.core.AprLifecycleListener.lifecycleEvent Cargada la biblioteca nativa APR de Apache Tomcat [2.0.9] con la versión APR [1.7.6].
29-Jul-2025 14:50:54.525 INFO [main] org.apache.catalina.core.AprLifecycleListener.initializeSSL OpenSSL inicializado correctamente [OpenSSL 3.5.0 8 Apr 2025]
29-Jul-2025 14:50:54.747 INFO [main] org.apache.coyote.AbstractProtocol.init Inicializando el manejador de protocolo ["http-nio-8080"]

29-Jul-2025 14:50:54.763 INFO [main] org.apache.catalina.startup.Catalina.load Server initialization in [498] milliseconds
29-Jul-2025 14:50:54.802 INFO [main] org.apache.catalina.core.StandardService.startInternal Arrancando servicio [Catalina]
29-Jul-2025 14:50:54.802 INFO [main] org.apache.catalina.core.StandardEngine.startInternal Starting Servlet engine: [Apache Tomcat/11.0.8]
29-Jul-2025 14:50:54.811 INFO [main] org.apache.catalina.startup.HostConfig.deployDescriptor Desplieque del descriptor de configuración [C:\Users\Administrador\Documents\proyecto_final_helder_java-js\apache-tomcat-11.0.8-windows-x64\apache-tomcat-11.0.8\conf\Catalina\localhost\helder.xml]
29-Jul-2025 14:50:54.823 WARNING [main] org.apache.catalina.startup.HostConfig.deployDescriptor The path attribute with value [/helder] in deployment descriptor [C:\Users\Administrador\Documents\proyecto_final_helder_java-js\apache-tomcat-11.0.8-windows-x64\apache-tomcat-11.0.8\conf\Catalina\localhost\helder.xml] has been ignored
29-Jul-2025 14:50:56.075 INFO [main] org.apache.jasper.servlet.TldScanner.scanJars Al menos un JAR, que se ha explorado buscando TLDs, aún no contenía TLDs. Activar historial de depuración para este historiador para una completa lista de los JARs que fueron explorados y de los que nos se halló TLDs. Saltarse JARs no necesarios durante la exploración puede dar lugar a una mejora de tiempo significativa en el arranque y compilación de JSP .
29-Jul-2025 14:50:56.891 WARNING [main] org.glassfish.jersey.server.internal.scanning.AnnotationAcceptingListener$ClassReaderWrapper.accept Unsupported class file major version 66
29-Jul-2025 14:50:56.894 WARNING [main] org.glassfish.jersey.server.internal.scanning.AnnotationAcceptingListener$ClassReaderWrapper.accept Unsupported class file major version 66
29-Jul-2025 14:50:56.895 WARNING [main] org.glassfish.jersey.server.internal.scanning.AnnotationAcceptingListener$ClassReaderWrapper.accept Unsupported class file major version 66
29-Jul-2025 14:50:56.896 WARNING [main] org.glassfish.jersey.server.internal.scanning.AnnotationAcceptingListener$ClassReaderWrapper.accept Unsupported class file major version 66
29-Jul-2025 14:50:56.896 WARNING [main] org.glassfish.jersey.server.internal.scanning.AnnotationAcceptingListener$ClassReaderWrapper.accept Unsupported class file major version 66
29-Jul-2025 14:50:56.897 WARNING [main] org.glassfish.jersey.server.internal.scanning.AnnotationAcceptingListener$ClassReaderWrapper.accept Unsupported class file major version 66
29-Jul-2025 14:50:56.897 WARNING [main] org.glassfish.jersey.server.internal.scanning.AnnotationAcceptingListener$ClassReaderWrapper.accept Unsupported class file major version 66
29-Jul-2025 14:50:56.898 WARNING [main] org.glassfish.jersey.server.internal.scanning.AnnotationAcceptingListener$ClassReaderWrapper.accept Unsupported class file major version 66
29-Jul-2025 14:50:56.898 WARNING [main] org.glassfish.jersey.server.internal.scanning.AnnotationAcceptingListener$ClassReaderWrapper.accept Unsupported class file major version 66
29-Jul-2025 14:50:56.899 WARNING [main] org.glassfish.jersey.server.internal.scanning.AnnotationAcceptingListener$ClassReaderWrapper.accept Unsupported class file major version 66
29-Jul-2025 14:50:56.899 WARNING [main] org.glassfish.jersey.server.internal.scanning.AnnotationAcceptingListener$ClassReaderWrapper.accept Unsupported class file major version 66
29-Jul-2025 14:50:56.900 WARNING [main] org.glassfish.jersey.server.internal.scanning.AnnotationAcceptingListener$ClassReaderWrapper.accept Unsupported class file major version 66
29-Jul-2025 14:50:56.900 WARNING [main] org.glassfish.jersey.server.internal.scanning.AnnotationAcceptingListener$ClassReaderWrapper.accept Unsupported class file major version 66
29-Jul-2025 14:50:56.900 WARNING [main] org.glassfish.jersey.server.internal.scanning.AnnotationAcceptingListener$ClassReaderWrapper.accept Unsupported class file major version 66
29-Jul-2025 14:50:56.901 WARNING [main] org.glassfish.jersey.server.internal.scanning.AnnotationAcceptingListener$ClassReaderWrapper.accept Unsupported class file major version 66
29-Jul-2025 14:50:56.901 WARNING [main] org.glassfish.jersey.server.internal.scanning.AnnotationAcceptingListener$ClassReaderWrapper.accept Unsupported class file major version 66
29-Jul-2025 14:50:56.901 WARNING [main] org.glassfish.jersey.server.internal.scanning.AnnotationAcceptingListener$ClassReaderWrapper.accept Unsupported class file major version 66
29-Jul-2025 14:50:56.902 WARNING [main] org.glassfish.jersey.server.internal.scanning.AnnotationAcceptingListener$ClassReaderWrapper.accept Unsupported class file major version 66
29-Jul-2025 14:50:56.902 WARNING [main] org.glassfish.jersey.server.internal.scanning.AnnotationAcceptingListener$ClassReaderWrapper.accept Unsupported class file major version 66
29-Jul-2025 14:50:56.992 WARNING [main] org.glassfish.jersey.server.wadl.WadlFeature.configure JAXBContext implementation could not be found. WADL feature is disabled.
29-Jul-2025 14:50:57.384 INFO [main] org.apache.catalina.startup.HostConfig.deployDescriptor Deployment of deployment descriptor [C:\Users\Administrador\Documents\proyecto_final_helder_java-js\apache-tomcat-11.0.8-windows-x64\apache-tomcat-11.0.8\conf\Catalina\localhost\helder.xml] has finished in [2.573] ms
29-Jul-2025 14:50:57.384 INFO [main] org.apache.catalina.startup.HostConfig.deployDirectory Desplegando el directorio [C:\Users\Administrador\Documents\proyecto_final_helder_java-js\apache-tomcat-11.0.8-windows-x64\apache-tomcat-11.0.8\webapps\docs] de la aplicación web
29-Jul-2025 14:50:57.414 INFO [main] org.apache.catalina.startup.HostConfig.deployDirectory Deployment of web application directory [C:\Users\Administrador\Documents\proyecto_final_helder_java-js\apache-tomcat-11.0.8-windows-x64\apache-tomcat-11.0.8\webapps\docs] has finished in [30] ms
29-Jul-2025 14:50:57.414 INFO [main] org.apache.catalina.startup.HostConfig.deployDirectory Desplegando el directorio [C:\Users\Administrador\Documents\proyecto_final_helder_java-js\apache-tomcat-11.0.8-windows-x64\apache-tomcat-11.0.8\webapps\examples] de la aplicación web
29-Jul-2025 14:50:57.734 INFO [main] org.apache.catalina.startup.HostConfig.deployDirectory Deployment of web application directory [C:\Users\Administrador\Documents\proyecto_final_helder_java-js\apache-tomcat-11.0.8-windows-x64\apache-tomcat-11.0.8\webapps\examples] has finished in [320] ms
29-Jul-2025 14:50:57.734 INFO [main] org.apache.catalina.startup.HostConfig.deployDirectory Desplegando el directorio [C:\Users\Administrador\Documents\proyecto_final_helder_java-js\apache-tomcat-11.0.8-windows-x64\apache-tomcat-11.0.8\webapps\host-manager] de la aplicación web
29-Jul-2025 14:50:57.762 INFO [main] org.apache.catalina.startup.HostConfig.deployDirectory Deployment of web application directory [C:\Users\Administrador\Documents\proyecto_final_helder_java-js\apache-tomcat-11.0.8-windows-x64\apache-tomcat-11.0.8\webapps\host-manager] has finished in [28] ms
29-Jul-2025 14:50:57.762 INFO [main] org.apache.catalina.startup.HostConfig.deployDirectory Desplegando el directorio [C:\Users\Administrador\Documents\proyecto_final_helder_java-js\apache-tomcat-11.0.8-windows-x64\apache-tomcat-11.0.8\webapps\manager] de la aplicación web
29-Jul-2025 14:50:57.774 INFO [main] org.apache.catalina.startup.HostConfig.deployDirectory Deployment of web application directory [C:\Users\Administrador\Documents\proyecto_final_helder_java-js\apache-tomcat-11.0.8-windows-x64\apache-tomcat-11.0.8\webapps\manager] has finished in [12] ms
29-Jul-2025 14:50:57.774 INFO [main] org.apache.catalina.startup.HostConfig.deployDirectory Desplegando el directorio [C:\Users\Administrador\Documents\proyecto_final_helder_java-js\apache-tomcat-11.0.8-windows-x64\apache-tomcat-11.0.8\webapps\ROOT] de la aplicación web
29-Jul-2025 14:50:57.805 INFO [main] org.apache.catalina.startup.HostConfig.deployDirectory Deployment of web application directory [C:\Users\Administrador\Documents\proyecto_final_helder_java-js\apache-tomcat-11.0.8-windows-x64\apache-tomcat-11.0.8\webapps\ROOT] has finished in [31] ms
29-Jul-2025 14:50:57.818 INFO [main] org.apache.coyote.AbstractProtocol.start Starting ProtocolHandler ["http-nio-8080"]
29-Jul-2025 14:50:57.824 INFO [main] org.apache.catalina.startup.Catalina.start Server startup in [3069] milliseconds
29-Jul-2025 14:51:04.195 WARNING [http-nio-8080-exec-10] org.apache.catalina.loader.WebappClassLoaderBase.clearReferencesJdbc La aplicación web [helder] registró el conductor JDBC [com.mysql.cj.jdbc.Driver] pero falló al anular el registro mientras la aplicación web estaba parada. Para prevenir un fallo de memoria, se ha anulado el registro del conductor JDBC por la fuerza.
29-Jul-2025 14:51:04.195 WARNING [http-nio-8080-exec-10] org.apache.catalina.loader.WebappClassLoaderBase.clearReferencesThreads The web application [helder] appears to have started a thread named [mysql-cj-abandoned-connection-cleanup] but has failed to stop it. This is very likely to create a memory leak. Stack trace of thread:
 java.base/jdk.internal.misc.Unsafe.park(Native Method)
 java.base/java.util.concurrent.locks.LockSupport.parkNanos(LockSupport.java:269)
 java.base/java.util.concurrent.locks.AbstractQueuedSynchronizer$ConditionObject.await(AbstractQueuedSynchronizer.java:1847)
 java.base/java.lang.ref.ReferenceQueue.await(ReferenceQueue.java:71)
 java.base/java.lang.ref.ReferenceQueue.remove0(ReferenceQueue.java:143)
 java.base/java.lang.ref.ReferenceQueue.remove(ReferenceQueue.java:218)
 com.mysql.cj.jdbc.AbandonedConnectionCleanupThread.run(AbandonedConnectionCleanupThread.java:91)
 java.base/java.util.concurrent.ThreadPoolExecutor.runWorker(ThreadPoolExecutor.java:1144)
 java.base/java.util.concurrent.ThreadPoolExecutor$Worker.run(ThreadPoolExecutor.java:642)
 java.base/java.lang.Thread.run(Thread.java:1570)
29-Jul-2025 14:51:04.708 INFO [http-nio-8080-exec-10] org.apache.catalina.startup.HostConfig.undeploy Repliegue (undeploy) de la aplicación web que tiene como trayectoria de contexto [/helder]
29-Jul-2025 14:51:04.767 INFO [http-nio-8080-exec-5] org.apache.catalina.startup.HostConfig.deployDescriptor Desplieque del descriptor de configuración [C:\Users\Administrador\Documents\proyecto_final_helder_java-js\apache-tomcat-11.0.8-windows-x64\apache-tomcat-11.0.8\conf\Catalina\localhost\helder.xml]
29-Jul-2025 14:51:04.768 WARNING [http-nio-8080-exec-5] org.apache.catalina.startup.HostConfig.deployDescriptor The path attribute with value [/helder] in deployment descriptor [C:\Users\Administrador\Documents\proyecto_final_helder_java-js\apache-tomcat-11.0.8-windows-x64\apache-tomcat-11.0.8\conf\Catalina\localhost\helder.xml] has been ignored
29-Jul-2025 14:51:05.694 INFO [http-nio-8080-exec-5] org.apache.jasper.servlet.TldScanner.scanJars Al menos un JAR, que se ha explorado buscando TLDs, aún no contenía TLDs. Activar historial de depuración para este historiador para una completa lista de los JARs que fueron explorados y de los que nos se halló TLDs. Saltarse JARs no necesarios durante la exploración puede dar lugar a una mejora de tiempo significativa en el arranque y compilación de JSP .
29-Jul-2025 14:51:06.195 WARNING [http-nio-8080-exec-5] org.glassfish.jersey.server.internal.scanning.AnnotationAcceptingListener$ClassReaderWrapper.accept Unsupported class file major version 66
29-Jul-2025 14:51:06.197 WARNING [http-nio-8080-exec-5] org.glassfish.jersey.server.internal.scanning.AnnotationAcceptingListener$ClassReaderWrapper.accept Unsupported class file major version 66
29-Jul-2025 14:51:06.198 WARNING [http-nio-8080-exec-5] org.glassfish.jersey.server.internal.scanning.AnnotationAcceptingListener$ClassReaderWrapper.accept Unsupported class file major version 66
29-Jul-2025 14:51:06.198 WARNING [http-nio-8080-exec-5] org.glassfish.jersey.server.internal.scanning.AnnotationAcceptingListener$ClassReaderWrapper.accept Unsupported class file major version 66
29-Jul-2025 14:51:06.198 WARNING [http-nio-8080-exec-5] org.glassfish.jersey.server.internal.scanning.AnnotationAcceptingListener$ClassReaderWrapper.accept Unsupported class file major version 66
29-Jul-2025 14:51:06.199 WARNING [http-nio-8080-exec-5] org.glassfish.jersey.server.internal.scanning.AnnotationAcceptingListener$ClassReaderWrapper.accept Unsupported class file major version 66
29-Jul-2025 14:51:06.199 WARNING [http-nio-8080-exec-5] org.glassfish.jersey.server.internal.scanning.AnnotationAcceptingListener$ClassReaderWrapper.accept Unsupported class file major version 66
29-Jul-2025 14:51:06.200 WARNING [http-nio-8080-exec-5] org.glassfish.jersey.server.internal.scanning.AnnotationAcceptingListener$ClassReaderWrapper.accept Unsupported class file major version 66
29-Jul-2025 14:51:06.200 WARNING [http-nio-8080-exec-5] org.glassfish.jersey.server.internal.scanning.AnnotationAcceptingListener$ClassReaderWrapper.accept Unsupported class file major version 66
29-Jul-2025 14:51:06.200 WARNING [http-nio-8080-exec-5] org.glassfish.jersey.server.internal.scanning.AnnotationAcceptingListener$ClassReaderWrapper.accept Unsupported class file major version 66
29-Jul-2025 14:51:06.201 WARNING [http-nio-8080-exec-5] org.glassfish.jersey.server.internal.scanning.AnnotationAcceptingListener$ClassReaderWrapper.accept Unsupported class file major version 66
29-Jul-2025 14:51:06.201 WARNING [http-nio-8080-exec-5] org.glassfish.jersey.server.internal.scanning.AnnotationAcceptingListener$ClassReaderWrapper.accept Unsupported class file major version 66
29-Jul-2025 14:51:06.202 WARNING [http-nio-8080-exec-5] org.glassfish.jersey.server.internal.scanning.AnnotationAcceptingListener$ClassReaderWrapper.accept Unsupported class file major version 66
29-Jul-2025 14:51:06.202 WARNING [http-nio-8080-exec-5] org.glassfish.jersey.server.internal.scanning.AnnotationAcceptingListener$ClassReaderWrapper.accept Unsupported class file major version 66
29-Jul-2025 14:51:06.202 WARNING [http-nio-8080-exec-5] org.glassfish.jersey.server.internal.scanning.AnnotationAcceptingListener$ClassReaderWrapper.accept Unsupported class file major version 66
29-Jul-2025 14:51:06.203 WARNING [http-nio-8080-exec-5] org.glassfish.jersey.server.internal.scanning.AnnotationAcceptingListener$ClassReaderWrapper.accept Unsupported class file major version 66
29-Jul-2025 14:51:06.203 WARNING [http-nio-8080-exec-5] org.glassfish.jersey.server.internal.scanning.AnnotationAcceptingListener$ClassReaderWrapper.accept Unsupported class file major version 66
29-Jul-2025 14:51:06.203 WARNING [http-nio-8080-exec-5] org.glassfish.jersey.server.internal.scanning.AnnotationAcceptingListener$ClassReaderWrapper.accept Unsupported class file major version 66
29-Jul-2025 14:51:06.204 WARNING [http-nio-8080-exec-5] org.glassfish.jersey.server.internal.scanning.AnnotationAcceptingListener$ClassReaderWrapper.accept Unsupported class file major version 66
29-Jul-2025 14:51:06.300 WARNING [http-nio-8080-exec-5] org.glassfish.jersey.server.wadl.WadlFeature.configure JAXBContext implementation could not be found. WADL feature is disabled.
29-Jul-2025 14:51:06.600 INFO [http-nio-8080-exec-5] org.apache.catalina.startup.HostConfig.deployDescriptor Deployment of deployment descriptor [C:\Users\Administrador\Documents\proyecto_final_helder_java-js\apache-tomcat-11.0.8-windows-x64\apache-tomcat-11.0.8\conf\Catalina\localhost\helder.xml] has finished in [1.833] ms
29-Jul-2025 14:51:06.603 INFO [http-nio-8080-exec-9] org.apache.catalina.util.LifecycleBase.start The start() method was called on component [StandardEngine[Catalina].StandardHost[localhost].StandardContext[/helder]] after start() had already been called. The second call will be ignored.
29-Jul-2025 14:51:07.436 INFO [mysql-cj-abandoned-connection-cleanup] org.apache.catalina.loader.WebappClassLoaderBase.checkStateForResourceLoading Acceso ilegal: esta instancia de aplicación web ya ha sido parada.  Could not load [].  La eventual traza de pila que sigue ha sido motivada por un error lanzado con motivos de depuración así como para intentar terminar el hilo que motivó el acceso ilegal y no tiene impacto funcional.
	java.lang.IllegalStateException: Acceso ilegal: esta instancia de aplicación web ya ha sido parada.  Could not load [].  La eventual traza de pila que sigue ha sido motivada por un error lanzado con motivos de depuración así como para intentar terminar el hilo que motivó el acceso ilegal y no tiene impacto funcional.
		at org.apache.catalina.loader.WebappClassLoaderBase.checkStateForResourceLoading(WebappClassLoaderBase.java:1248)
		at org.apache.catalina.loader.WebappClassLoaderBase.getResource(WebappClassLoaderBase.java:857)
		at com.mysql.cj.jdbc.AbandonedConnectionCleanupThread.checkThreadContextClassLoader(AbandonedConnectionCleanupThread.java:123)
		at com.mysql.cj.jdbc.AbandonedConnectionCleanupThread.run(AbandonedConnectionCleanupThread.java:90)
		at java.base/java.util.concurrent.ThreadPoolExecutor.runWorker(ThreadPoolExecutor.java:1144)
		at java.base/java.util.concurrent.ThreadPoolExecutor$Worker.run(ThreadPoolExecutor.java:642)
		at java.base/java.lang.Thread.run(Thread.java:1570)
29-Jul-2025 17:25:12.434 WARNING [http-nio-8080-exec-13] org.apache.catalina.loader.WebappClassLoaderBase.clearReferencesJdbc La aplicación web [helder] registró el conductor JDBC [com.mysql.cj.jdbc.Driver] pero falló al anular el registro mientras la aplicación web estaba parada. Para prevenir un fallo de memoria, se ha anulado el registro del conductor JDBC por la fuerza.
29-Jul-2025 17:25:12.434 WARNING [http-nio-8080-exec-13] org.apache.catalina.loader.WebappClassLoaderBase.clearReferencesThreads The web application [helder] appears to have started a thread named [mysql-cj-abandoned-connection-cleanup] but has failed to stop it. This is very likely to create a memory leak. Stack trace of thread:
 java.base/jdk.internal.misc.Unsafe.park(Native Method)
 java.base/java.util.concurrent.locks.LockSupport.parkNanos(LockSupport.java:269)
 java.base/java.util.concurrent.locks.AbstractQueuedSynchronizer$ConditionObject.await(AbstractQueuedSynchronizer.java:1847)
 java.base/java.lang.ref.ReferenceQueue.await(ReferenceQueue.java:71)
 java.base/java.lang.ref.ReferenceQueue.remove0(ReferenceQueue.java:143)
 java.base/java.lang.ref.ReferenceQueue.remove(ReferenceQueue.java:218)
 com.mysql.cj.jdbc.AbandonedConnectionCleanupThread.run(AbandonedConnectionCleanupThread.java:91)
 java.base/java.util.concurrent.ThreadPoolExecutor.runWorker(ThreadPoolExecutor.java:1144)
 java.base/java.util.concurrent.ThreadPoolExecutor$Worker.run(ThreadPoolExecutor.java:642)
 java.base/java.lang.Thread.run(Thread.java:1570)
29-Jul-2025 17:25:12.946 INFO [http-nio-8080-exec-13] org.apache.catalina.startup.HostConfig.undeploy Repliegue (undeploy) de la aplicación web que tiene como trayectoria de contexto [/helder]
29-Jul-2025 17:25:12.967 INFO [http-nio-8080-exec-11] org.apache.catalina.startup.HostConfig.deployDescriptor Desplieque del descriptor de configuración [C:\Users\Administrador\Documents\proyecto_final_helder_java-js\apache-tomcat-11.0.8-windows-x64\apache-tomcat-11.0.8\conf\Catalina\localhost\helder.xml]
29-Jul-2025 17:25:12.968 WARNING [http-nio-8080-exec-11] org.apache.catalina.startup.HostConfig.deployDescriptor The path attribute with value [/helder] in deployment descriptor [C:\Users\Administrador\Documents\proyecto_final_helder_java-js\apache-tomcat-11.0.8-windows-x64\apache-tomcat-11.0.8\conf\Catalina\localhost\helder.xml] has been ignored
29-Jul-2025 17:25:13.087 INFO [mysql-cj-abandoned-connection-cleanup] org.apache.catalina.loader.WebappClassLoaderBase.checkStateForResourceLoading Acceso ilegal: esta instancia de aplicación web ya ha sido parada.  Could not load [].  La eventual traza de pila que sigue ha sido motivada por un error lanzado con motivos de depuración así como para intentar terminar el hilo que motivó el acceso ilegal y no tiene impacto funcional.
	java.lang.IllegalStateException: Acceso ilegal: esta instancia de aplicación web ya ha sido parada.  Could not load [].  La eventual traza de pila que sigue ha sido motivada por un error lanzado con motivos de depuración así como para intentar terminar el hilo que motivó el acceso ilegal y no tiene impacto funcional.
		at org.apache.catalina.loader.WebappClassLoaderBase.checkStateForResourceLoading(WebappClassLoaderBase.java:1248)
		at org.apache.catalina.loader.WebappClassLoaderBase.getResource(WebappClassLoaderBase.java:857)
		at com.mysql.cj.jdbc.AbandonedConnectionCleanupThread.checkThreadContextClassLoader(AbandonedConnectionCleanupThread.java:123)
		at com.mysql.cj.jdbc.AbandonedConnectionCleanupThread.run(AbandonedConnectionCleanupThread.java:90)
		at java.base/java.util.concurrent.ThreadPoolExecutor.runWorker(ThreadPoolExecutor.java:1144)
		at java.base/java.util.concurrent.ThreadPoolExecutor$Worker.run(ThreadPoolExecutor.java:642)
		at java.base/java.lang.Thread.run(Thread.java:1570)
29-Jul-2025 17:25:13.088 INFO [mysql-cj-abandoned-connection-cleanup] org.apache.catalina.loader.WebappClassLoaderBase.checkStateForResourceLoading Acceso ilegal: esta instancia de aplicación web ya ha sido parada.  Could not load [].  La eventual traza de pila que sigue ha sido motivada por un error lanzado con motivos de depuración así como para intentar terminar el hilo que motivó el acceso ilegal y no tiene impacto funcional.
	java.lang.IllegalStateException: Acceso ilegal: esta instancia de aplicación web ya ha sido parada.  Could not load [].  La eventual traza de pila que sigue ha sido motivada por un error lanzado con motivos de depuración así como para intentar terminar el hilo que motivó el acceso ilegal y no tiene impacto funcional.
		at org.apache.catalina.loader.WebappClassLoaderBase.checkStateForResourceLoading(WebappClassLoaderBase.java:1248)
		at org.apache.catalina.loader.WebappClassLoaderBase.getResource(WebappClassLoaderBase.java:857)
		at com.mysql.cj.jdbc.AbandonedConnectionCleanupThread.checkThreadContextClassLoader(AbandonedConnectionCleanupThread.java:123)
		at com.mysql.cj.jdbc.AbandonedConnectionCleanupThread.run(AbandonedConnectionCleanupThread.java:90)
		at java.base/java.util.concurrent.ThreadPoolExecutor.runWorker(ThreadPoolExecutor.java:1144)
		at java.base/java.util.concurrent.ThreadPoolExecutor$Worker.run(ThreadPoolExecutor.java:642)
		at java.base/java.lang.Thread.run(Thread.java:1570)
29-Jul-2025 17:25:13.088 INFO [mysql-cj-abandoned-connection-cleanup] org.apache.catalina.loader.WebappClassLoaderBase.checkStateForResourceLoading Acceso ilegal: esta instancia de aplicación web ya ha sido parada.  Could not load [].  La eventual traza de pila que sigue ha sido motivada por un error lanzado con motivos de depuración así como para intentar terminar el hilo que motivó el acceso ilegal y no tiene impacto funcional.
	java.lang.IllegalStateException: Acceso ilegal: esta instancia de aplicación web ya ha sido parada.  Could not load [].  La eventual traza de pila que sigue ha sido motivada por un error lanzado con motivos de depuración así como para intentar terminar el hilo que motivó el acceso ilegal y no tiene impacto funcional.
		at org.apache.catalina.loader.WebappClassLoaderBase.checkStateForResourceLoading(WebappClassLoaderBase.java:1248)
		at org.apache.catalina.loader.WebappClassLoaderBase.getResource(WebappClassLoaderBase.java:857)
		at com.mysql.cj.jdbc.AbandonedConnectionCleanupThread.checkThreadContextClassLoader(AbandonedConnectionCleanupThread.java:123)
		at com.mysql.cj.jdbc.AbandonedConnectionCleanupThread.run(AbandonedConnectionCleanupThread.java:90)
		at java.base/java.util.concurrent.ThreadPoolExecutor.runWorker(ThreadPoolExecutor.java:1144)
		at java.base/java.util.concurrent.ThreadPoolExecutor$Worker.run(ThreadPoolExecutor.java:642)
		at java.base/java.lang.Thread.run(Thread.java:1570)
29-Jul-2025 17:25:13.104 INFO [mysql-cj-abandoned-connection-cleanup] org.apache.catalina.loader.WebappClassLoaderBase.checkStateForResourceLoading Acceso ilegal: esta instancia de aplicación web ya ha sido parada.  Could not load [].  La eventual traza de pila que sigue ha sido motivada por un error lanzado con motivos de depuración así como para intentar terminar el hilo que motivó el acceso ilegal y no tiene impacto funcional.
	java.lang.IllegalStateException: Acceso ilegal: esta instancia de aplicación web ya ha sido parada.  Could not load [].  La eventual traza de pila que sigue ha sido motivada por un error lanzado con motivos de depuración así como para intentar terminar el hilo que motivó el acceso ilegal y no tiene impacto funcional.
		at org.apache.catalina.loader.WebappClassLoaderBase.checkStateForResourceLoading(WebappClassLoaderBase.java:1248)
		at org.apache.catalina.loader.WebappClassLoaderBase.getResource(WebappClassLoaderBase.java:857)
		at com.mysql.cj.jdbc.AbandonedConnectionCleanupThread.checkThreadContextClassLoader(AbandonedConnectionCleanupThread.java:123)
		at com.mysql.cj.jdbc.AbandonedConnectionCleanupThread.run(AbandonedConnectionCleanupThread.java:90)
		at java.base/java.util.concurrent.ThreadPoolExecutor.runWorker(ThreadPoolExecutor.java:1144)
		at java.base/java.util.concurrent.ThreadPoolExecutor$Worker.run(ThreadPoolExecutor.java:642)
		at java.base/java.lang.Thread.run(Thread.java:1570)
29-Jul-2025 17:25:13.104 INFO [mysql-cj-abandoned-connection-cleanup] org.apache.catalina.loader.WebappClassLoaderBase.checkStateForResourceLoading Acceso ilegal: esta instancia de aplicación web ya ha sido parada.  Could not load [].  La eventual traza de pila que sigue ha sido motivada por un error lanzado con motivos de depuración así como para intentar terminar el hilo que motivó el acceso ilegal y no tiene impacto funcional.
	java.lang.IllegalStateException: Acceso ilegal: esta instancia de aplicación web ya ha sido parada.  Could not load [].  La eventual traza de pila que sigue ha sido motivada por un error lanzado con motivos de depuración así como para intentar terminar el hilo que motivó el acceso ilegal y no tiene impacto funcional.
		at org.apache.catalina.loader.WebappClassLoaderBase.checkStateForResourceLoading(WebappClassLoaderBase.java:1248)
		at org.apache.catalina.loader.WebappClassLoaderBase.getResource(WebappClassLoaderBase.java:857)
		at com.mysql.cj.jdbc.AbandonedConnectionCleanupThread.checkThreadContextClassLoader(AbandonedConnectionCleanupThread.java:123)
		at com.mysql.cj.jdbc.AbandonedConnectionCleanupThread.run(AbandonedConnectionCleanupThread.java:90)
		at java.base/java.util.concurrent.ThreadPoolExecutor.runWorker(ThreadPoolExecutor.java:1144)
		at java.base/java.util.concurrent.ThreadPoolExecutor$Worker.run(ThreadPoolExecutor.java:642)
		at java.base/java.lang.Thread.run(Thread.java:1570)
29-Jul-2025 17:25:13.104 INFO [mysql-cj-abandoned-connection-cleanup] org.apache.catalina.loader.WebappClassLoaderBase.checkStateForResourceLoading Acceso ilegal: esta instancia de aplicación web ya ha sido parada.  Could not load [].  La eventual traza de pila que sigue ha sido motivada por un error lanzado con motivos de depuración así como para intentar terminar el hilo que motivó el acceso ilegal y no tiene impacto funcional.
	java.lang.IllegalStateException: Acceso ilegal: esta instancia de aplicación web ya ha sido parada.  Could not load [].  La eventual traza de pila que sigue ha sido motivada por un error lanzado con motivos de depuración así como para intentar terminar el hilo que motivó el acceso ilegal y no tiene impacto funcional.
		at org.apache.catalina.loader.WebappClassLoaderBase.checkStateForResourceLoading(WebappClassLoaderBase.java:1248)
		at org.apache.catalina.loader.WebappClassLoaderBase.getResource(WebappClassLoaderBase.java:857)
		at com.mysql.cj.jdbc.AbandonedConnectionCleanupThread.checkThreadContextClassLoader(AbandonedConnectionCleanupThread.java:123)
		at com.mysql.cj.jdbc.AbandonedConnectionCleanupThread.run(AbandonedConnectionCleanupThread.java:90)
		at java.base/java.util.concurrent.ThreadPoolExecutor.runWorker(ThreadPoolExecutor.java:1144)
		at java.base/java.util.concurrent.ThreadPoolExecutor$Worker.run(ThreadPoolExecutor.java:642)
		at java.base/java.lang.Thread.run(Thread.java:1570)
29-Jul-2025 17:25:13.168 INFO [mysql-cj-abandoned-connection-cleanup] org.apache.catalina.loader.WebappClassLoaderBase.checkStateForResourceLoading Acceso ilegal: esta instancia de aplicación web ya ha sido parada.  Could not load [].  La eventual traza de pila que sigue ha sido motivada por un error lanzado con motivos de depuración así como para intentar terminar el hilo que motivó el acceso ilegal y no tiene impacto funcional.
	java.lang.IllegalStateException: Acceso ilegal: esta instancia de aplicación web ya ha sido parada.  Could not load [].  La eventual traza de pila que sigue ha sido motivada por un error lanzado con motivos de depuración así como para intentar terminar el hilo que motivó el acceso ilegal y no tiene impacto funcional.
		at org.apache.catalina.loader.WebappClassLoaderBase.checkStateForResourceLoading(WebappClassLoaderBase.java:1248)
		at org.apache.catalina.loader.WebappClassLoaderBase.getResource(WebappClassLoaderBase.java:857)
		at com.mysql.cj.jdbc.AbandonedConnectionCleanupThread.checkThreadContextClassLoader(AbandonedConnectionCleanupThread.java:123)
		at com.mysql.cj.jdbc.AbandonedConnectionCleanupThread.run(AbandonedConnectionCleanupThread.java:90)
		at java.base/java.util.concurrent.ThreadPoolExecutor.runWorker(ThreadPoolExecutor.java:1144)
		at java.base/java.util.concurrent.ThreadPoolExecutor$Worker.run(ThreadPoolExecutor.java:642)
		at java.base/java.lang.Thread.run(Thread.java:1570)
29-Jul-2025 17:25:13.168 INFO [mysql-cj-abandoned-connection-cleanup] org.apache.catalina.loader.WebappClassLoaderBase.checkStateForResourceLoading Acceso ilegal: esta instancia de aplicación web ya ha sido parada.  Could not load [].  La eventual traza de pila que sigue ha sido motivada por un error lanzado con motivos de depuración así como para intentar terminar el hilo que motivó el acceso ilegal y no tiene impacto funcional.
	java.lang.IllegalStateException: Acceso ilegal: esta instancia de aplicación web ya ha sido parada.  Could not load [].  La eventual traza de pila que sigue ha sido motivada por un error lanzado con motivos de depuración así como para intentar terminar el hilo que motivó el acceso ilegal y no tiene impacto funcional.
		at org.apache.catalina.loader.WebappClassLoaderBase.checkStateForResourceLoading(WebappClassLoaderBase.java:1248)
		at org.apache.catalina.loader.WebappClassLoaderBase.getResource(WebappClassLoaderBase.java:857)
		at com.mysql.cj.jdbc.AbandonedConnectionCleanupThread.checkThreadContextClassLoader(AbandonedConnectionCleanupThread.java:123)
		at com.mysql.cj.jdbc.AbandonedConnectionCleanupThread.run(AbandonedConnectionCleanupThread.java:90)
		at java.base/java.util.concurrent.ThreadPoolExecutor.runWorker(ThreadPoolExecutor.java:1144)
		at java.base/java.util.concurrent.ThreadPoolExecutor$Worker.run(ThreadPoolExecutor.java:642)
		at java.base/java.lang.Thread.run(Thread.java:1570)
29-Jul-2025 17:25:13.168 INFO [mysql-cj-abandoned-connection-cleanup] org.apache.catalina.loader.WebappClassLoaderBase.checkStateForResourceLoading Acceso ilegal: esta instancia de aplicación web ya ha sido parada.  Could not load [].  La eventual traza de pila que sigue ha sido motivada por un error lanzado con motivos de depuración así como para intentar terminar el hilo que motivó el acceso ilegal y no tiene impacto funcional.
	java.lang.IllegalStateException: Acceso ilegal: esta instancia de aplicación web ya ha sido parada.  Could not load [].  La eventual traza de pila que sigue ha sido motivada por un error lanzado con motivos de depuración así como para intentar terminar el hilo que motivó el acceso ilegal y no tiene impacto funcional.
		at org.apache.catalina.loader.WebappClassLoaderBase.checkStateForResourceLoading(WebappClassLoaderBase.java:1248)
		at org.apache.catalina.loader.WebappClassLoaderBase.getResource(WebappClassLoaderBase.java:857)
		at com.mysql.cj.jdbc.AbandonedConnectionCleanupThread.checkThreadContextClassLoader(AbandonedConnectionCleanupThread.java:123)
		at com.mysql.cj.jdbc.AbandonedConnectionCleanupThread.run(AbandonedConnectionCleanupThread.java:90)
		at java.base/java.util.concurrent.ThreadPoolExecutor.runWorker(ThreadPoolExecutor.java:1144)
		at java.base/java.util.concurrent.ThreadPoolExecutor$Worker.run(ThreadPoolExecutor.java:642)
		at java.base/java.lang.Thread.run(Thread.java:1570)
29-Jul-2025 17:25:13.232 INFO [mysql-cj-abandoned-connection-cleanup] org.apache.catalina.loader.WebappClassLoaderBase.checkStateForResourceLoading Acceso ilegal: esta instancia de aplicación web ya ha sido parada.  Could not load [].  La eventual traza de pila que sigue ha sido motivada por un error lanzado con motivos de depuración así como para intentar terminar el hilo que motivó el acceso ilegal y no tiene impacto funcional.
	java.lang.IllegalStateException: Acceso ilegal: esta instancia de aplicación web ya ha sido parada.  Could not load [].  La eventual traza de pila que sigue ha sido motivada por un error lanzado con motivos de depuración así como para intentar terminar el hilo que motivó el acceso ilegal y no tiene impacto funcional.
		at org.apache.catalina.loader.WebappClassLoaderBase.checkStateForResourceLoading(WebappClassLoaderBase.java:1248)
		at org.apache.catalina.loader.WebappClassLoaderBase.getResource(WebappClassLoaderBase.java:857)
		at com.mysql.cj.jdbc.AbandonedConnectionCleanupThread.checkThreadContextClassLoader(AbandonedConnectionCleanupThread.java:123)
		at com.mysql.cj.jdbc.AbandonedConnectionCleanupThread.run(AbandonedConnectionCleanupThread.java:90)
		at java.base/java.util.concurrent.ThreadPoolExecutor.runWorker(ThreadPoolExecutor.java:1144)
		at java.base/java.util.concurrent.ThreadPoolExecutor$Worker.run(ThreadPoolExecutor.java:642)
		at java.base/java.lang.Thread.run(Thread.java:1570)
29-Jul-2025 17:25:13.232 INFO [mysql-cj-abandoned-connection-cleanup] org.apache.catalina.loader.WebappClassLoaderBase.checkStateForResourceLoading Acceso ilegal: esta instancia de aplicación web ya ha sido parada.  Could not load [].  La eventual traza de pila que sigue ha sido motivada por un error lanzado con motivos de depuración así como para intentar terminar el hilo que motivó el acceso ilegal y no tiene impacto funcional.
	java.lang.IllegalStateException: Acceso ilegal: esta instancia de aplicación web ya ha sido parada.  Could not load [].  La eventual traza de pila que sigue ha sido motivada por un error lanzado con motivos de depuración así como para intentar terminar el hilo que motivó el acceso ilegal y no tiene impacto funcional.
		at org.apache.catalina.loader.WebappClassLoaderBase.checkStateForResourceLoading(WebappClassLoaderBase.java:1248)
		at org.apache.catalina.loader.WebappClassLoaderBase.getResource(WebappClassLoaderBase.java:857)
		at com.mysql.cj.jdbc.AbandonedConnectionCleanupThread.checkThreadContextClassLoader(AbandonedConnectionCleanupThread.java:123)
		at com.mysql.cj.jdbc.AbandonedConnectionCleanupThread.run(AbandonedConnectionCleanupThread.java:90)
		at java.base/java.util.concurrent.ThreadPoolExecutor.runWorker(ThreadPoolExecutor.java:1144)
		at java.base/java.util.concurrent.ThreadPoolExecutor$Worker.run(ThreadPoolExecutor.java:642)
		at java.base/java.lang.Thread.run(Thread.java:1570)
29-Jul-2025 17:25:13.868 INFO [http-nio-8080-exec-11] org.apache.jasper.servlet.TldScanner.scanJars Al menos un JAR, que se ha explorado buscando TLDs, aún no contenía TLDs. Activar historial de depuración para este historiador para una completa lista de los JARs que fueron explorados y de los que nos se halló TLDs. Saltarse JARs no necesarios durante la exploración puede dar lugar a una mejora de tiempo significativa en el arranque y compilación de JSP .
29-Jul-2025 17:25:14.335 WARNING [http-nio-8080-exec-11] org.glassfish.jersey.server.internal.scanning.AnnotationAcceptingListener$ClassReaderWrapper.accept Unsupported class file major version 66
29-Jul-2025 17:25:14.335 WARNING [http-nio-8080-exec-11] org.glassfish.jersey.server.internal.scanning.AnnotationAcceptingListener$ClassReaderWrapper.accept Unsupported class file major version 66
29-Jul-2025 17:25:14.335 WARNING [http-nio-8080-exec-11] org.glassfish.jersey.server.internal.scanning.AnnotationAcceptingListener$ClassReaderWrapper.accept Unsupported class file major version 66
29-Jul-2025 17:25:14.335 WARNING [http-nio-8080-exec-11] org.glassfish.jersey.server.internal.scanning.AnnotationAcceptingListener$ClassReaderWrapper.accept Unsupported class file major version 66
29-Jul-2025 17:25:14.335 WARNING [http-nio-8080-exec-11] org.glassfish.jersey.server.internal.scanning.AnnotationAcceptingListener$ClassReaderWrapper.accept Unsupported class file major version 66
29-Jul-2025 17:25:14.335 WARNING [http-nio-8080-exec-11] org.glassfish.jersey.server.internal.scanning.AnnotationAcceptingListener$ClassReaderWrapper.accept Unsupported class file major version 66
29-Jul-2025 17:25:14.335 WARNING [http-nio-8080-exec-11] org.glassfish.jersey.server.internal.scanning.AnnotationAcceptingListener$ClassReaderWrapper.accept Unsupported class file major version 66
29-Jul-2025 17:25:14.335 WARNING [http-nio-8080-exec-11] org.glassfish.jersey.server.internal.scanning.AnnotationAcceptingListener$ClassReaderWrapper.accept Unsupported class file major version 66
29-Jul-2025 17:25:14.335 WARNING [http-nio-8080-exec-11] org.glassfish.jersey.server.internal.scanning.AnnotationAcceptingListener$ClassReaderWrapper.accept Unsupported class file major version 66
29-Jul-2025 17:25:14.335 WARNING [http-nio-8080-exec-11] org.glassfish.jersey.server.internal.scanning.AnnotationAcceptingListener$ClassReaderWrapper.accept Unsupported class file major version 66
29-Jul-2025 17:25:14.335 WARNING [http-nio-8080-exec-11] org.glassfish.jersey.server.internal.scanning.AnnotationAcceptingListener$ClassReaderWrapper.accept Unsupported class file major version 66
29-Jul-2025 17:25:14.335 WARNING [http-nio-8080-exec-11] org.glassfish.jersey.server.internal.scanning.AnnotationAcceptingListener$ClassReaderWrapper.accept Unsupported class file major version 66
29-Jul-2025 17:25:14.350 WARNING [http-nio-8080-exec-11] org.glassfish.jersey.server.internal.scanning.AnnotationAcceptingListener$ClassReaderWrapper.accept Unsupported class file major version 66
29-Jul-2025 17:25:14.350 WARNING [http-nio-8080-exec-11] org.glassfish.jersey.server.internal.scanning.AnnotationAcceptingListener$ClassReaderWrapper.accept Unsupported class file major version 66
29-Jul-2025 17:25:14.350 WARNING [http-nio-8080-exec-11] org.glassfish.jersey.server.internal.scanning.AnnotationAcceptingListener$ClassReaderWrapper.accept Unsupported class file major version 66
29-Jul-2025 17:25:14.350 WARNING [http-nio-8080-exec-11] org.glassfish.jersey.server.internal.scanning.AnnotationAcceptingListener$ClassReaderWrapper.accept Unsupported class file major version 66
29-Jul-2025 17:25:14.350 WARNING [http-nio-8080-exec-11] org.glassfish.jersey.server.internal.scanning.AnnotationAcceptingListener$ClassReaderWrapper.accept Unsupported class file major version 66
29-Jul-2025 17:25:14.350 WARNING [http-nio-8080-exec-11] org.glassfish.jersey.server.internal.scanning.AnnotationAcceptingListener$ClassReaderWrapper.accept Unsupported class file major version 66
29-Jul-2025 17:25:14.350 WARNING [http-nio-8080-exec-11] org.glassfish.jersey.server.internal.scanning.AnnotationAcceptingListener$ClassReaderWrapper.accept Unsupported class file major version 66
29-Jul-2025 17:25:14.350 WARNING [http-nio-8080-exec-11] org.glassfish.jersey.server.internal.scanning.AnnotationAcceptingListener$ClassReaderWrapper.accept Unsupported class file major version 66
29-Jul-2025 17:25:14.350 WARNING [http-nio-8080-exec-11] org.glassfish.jersey.server.internal.scanning.AnnotationAcceptingListener$ClassReaderWrapper.accept Unsupported class file major version 66
29-Jul-2025 17:25:14.367 WARNING [http-nio-8080-exec-11] org.glassfish.jersey.server.internal.scanning.AnnotationAcceptingListener$ClassReaderWrapper.accept Unsupported class file major version 66
29-Jul-2025 17:25:14.448 WARNING [http-nio-8080-exec-11] org.glassfish.jersey.server.wadl.WadlFeature.configure JAXBContext implementation could not be found. WADL feature is disabled.
29-Jul-2025 17:25:14.739 INFO [http-nio-8080-exec-11] org.apache.catalina.startup.HostConfig.deployDescriptor Deployment of deployment descriptor [C:\Users\Administrador\Documents\proyecto_final_helder_java-js\apache-tomcat-11.0.8-windows-x64\apache-tomcat-11.0.8\conf\Catalina\localhost\helder.xml] has finished in [1.772] ms
29-Jul-2025 17:25:14.741 INFO [http-nio-8080-exec-12] org.apache.catalina.util.LifecycleBase.start The start() method was called on component [StandardEngine[Catalina].StandardHost[localhost].StandardContext[/helder]] after start() had already been called. The second call will be ignored.
29-Jul-2025 17:26:02.816 WARNING [http-nio-8080-exec-16] org.glassfish.jersey.server.ServerRuntime$Responder.process An exception mapping did not successfully produce and processed a response. Logging the exception propagated to the default exception mapper.
	java.lang.ExceptionInInitializerError
		at controlador.UsuarioResource.agregarUsuario(UsuarioResource.java:55)
		at java.base/jdk.internal.reflect.DirectMethodHandleAccessor.invoke(DirectMethodHandleAccessor.java:103)
		at java.base/java.lang.reflect.Method.invoke(Method.java:580)
		at org.glassfish.jersey.server.model.internal.ResourceMethodInvocationHandlerFactory.lambda$static$0(ResourceMethodInvocationHandlerFactory.java:52)
		at org.glassfish.jersey.server.model.internal.AbstractJavaResourceMethodDispatcher$1.run(AbstractJavaResourceMethodDispatcher.java:146)
		at org.glassfish.jersey.server.model.internal.AbstractJavaResourceMethodDispatcher.invoke(AbstractJavaResourceMethodDispatcher.java:189)
		at org.glassfish.jersey.server.model.internal.JavaResourceMethodDispatcherProvider$ResponseOutInvoker.doDispatch(JavaResourceMethodDispatcherProvider.java:176)
		at org.glassfish.jersey.server.model.internal.AbstractJavaResourceMethodDispatcher.dispatch(AbstractJavaResourceMethodDispatcher.java:93)
		at org.glassfish.jersey.server.model.ResourceMethodInvoker.invoke(ResourceMethodInvoker.java:478)
		at org.glassfish.jersey.server.model.ResourceMethodInvoker.apply(ResourceMethodInvoker.java:400)
		at org.glassfish.jersey.server.model.ResourceMethodInvoker.apply(ResourceMethodInvoker.java:81)
		at org.glassfish.jersey.server.ServerRuntime$1.run(ServerRuntime.java:261)
		at org.glassfish.jersey.internal.Errors$1.call(Errors.java:248)
		at org.glassfish.jersey.internal.Errors$1.call(Errors.java:244)
		at org.glassfish.jersey.internal.Errors.process(Errors.java:292)
		at org.glassfish.jersey.internal.Errors.process(Errors.java:274)
		at org.glassfish.jersey.internal.Errors.process(Errors.java:244)
		at org.glassfish.jersey.process.internal.RequestScope.runInScope(RequestScope.java:265)
		at org.glassfish.jersey.server.ServerRuntime.process(ServerRuntime.java:240)
		at org.glassfish.jersey.server.ApplicationHandler.handle(ApplicationHandler.java:697)
		at org.glassfish.jersey.servlet.WebComponent.serviceImpl(WebComponent.java:394)
		at org.glassfish.jersey.servlet.WebComponent.service(WebComponent.java:346)
		at org.glassfish.jersey.servlet.ServletContainer.service(ServletContainer.java:357)
		at org.glassfish.jersey.servlet.ServletContainer.service(ServletContainer.java:311)
		at org.glassfish.jersey.servlet.ServletContainer.service(ServletContainer.java:205)
		at org.apache.catalina.core.ApplicationFilterChain.doFilter(ApplicationFilterChain.java:130)
		at org.apache.tomcat.websocket.server.WsFilter.doFilter(WsFilter.java:53)
		at org.apache.catalina.core.ApplicationFilterChain.doFilter(ApplicationFilterChain.java:109)
		at org.apache.catalina.core.StandardWrapperValve.invoke(StandardWrapperValve.java:167)
		at org.apache.catalina.core.StandardContextValve.invoke(StandardContextValve.java:79)
		at org.apache.catalina.authenticator.AuthenticatorBase.invoke(AuthenticatorBase.java:483)
		at org.apache.catalina.core.StandardHostValve.invoke(StandardHostValve.java:116)
		at org.apache.catalina.valves.ErrorReportValve.invoke(ErrorReportValve.java:93)
		at org.apache.catalina.valves.AbstractAccessLogValve.invoke(AbstractAccessLogValve.java:666)
		at org.apache.catalina.core.StandardEngineValve.invoke(StandardEngineValve.java:74)
		at org.apache.catalina.connector.CoyoteAdapter.service(CoyoteAdapter.java:343)
		at org.apache.coyote.http11.Http11Processor.service(Http11Processor.java:396)
		at org.apache.coyote.AbstractProcessorLight.process(AbstractProcessorLight.java:63)
		at org.apache.coyote.AbstractProtocol$ConnectionHandler.process(AbstractProtocol.java:903)
		at org.apache.tomcat.util.net.NioEndpoint$SocketProcessor.doRun(NioEndpoint.java:1773)
		at org.apache.tomcat.util.net.SocketProcessorBase.run(SocketProcessorBase.java:52)
		at org.apache.tomcat.util.threads.ThreadPoolExecutor.runWorker(ThreadPoolExecutor.java:1149)
		at org.apache.tomcat.util.threads.ThreadPoolExecutor$Worker.run(ThreadPoolExecutor.java:637)
		at org.apache.tomcat.util.threads.TaskThread$WrappingRunnable.run(TaskThread.java:59)
		at java.base/java.lang.Thread.run(Thread.java:1570)
	Caused by: jakarta.validation.NoProviderFoundException: Unable to create a Configuration, because no Jakarta Bean Validation provider could be found. Add a provider like Hibernate Validator (RI) to your classpath.
		at jakarta.validation.Validation$GenericBootstrapImpl.configure(Validation.java:291)
		at jakarta.validation.Validation.buildDefaultValidatorFactory(Validation.java:103)
		at controlador.Validador.<clinit>(Validador.java:16)
		... 45 more
29-Jul-2025 17:26:03.051 SEVERE [http-nio-8080-exec-16] org.glassfish.jersey.server.ServerRuntime$Responder.writeResponse Error while closing the output stream in order to commit response.
	org.glassfish.jersey.server.ContainerException: java.util.concurrent.ExecutionException: java.lang.ExceptionInInitializerError
		at org.glassfish.jersey.servlet.internal.ResponseWriter.getResponseContext(ResponseWriter.java:278)
		at org.glassfish.jersey.servlet.internal.ResponseWriter.writeResponseStatusAndHeaders(ResponseWriter.java:128)
		at org.glassfish.jersey.server.ServerRuntime$Responder$1.getOutputStream(ServerRuntime.java:667)
		at org.glassfish.jersey.message.internal.CommittingOutputStream.commitStream(CommittingOutputStream.java:171)
		at org.glassfish.jersey.message.internal.CommittingOutputStream.flushBuffer(CommittingOutputStream.java:276)
		at org.glassfish.jersey.message.internal.CommittingOutputStream.commit(CommittingOutputStream.java:232)
		at org.glassfish.jersey.message.internal.CommittingOutputStream.close(CommittingOutputStream.java:247)
		at org.glassfish.jersey.message.internal.OutboundMessageContext.close(OutboundMessageContext.java:865)
		at org.glassfish.jersey.server.ContainerResponse.close(ContainerResponse.java:403)
		at org.glassfish.jersey.server.ServerRuntime$Responder.writeResponse(ServerRuntime.java:749)
		at org.glassfish.jersey.server.ServerRuntime$Responder.processResponse(ServerRuntime.java:385)
		at org.glassfish.jersey.server.ServerRuntime$Responder.processResponseWithDefaultExceptionMapper(ServerRuntime.java:633)
		at org.glassfish.jersey.server.ServerRuntime$Responder.process(ServerRuntime.java:458)
		at org.glassfish.jersey.server.ServerRuntime$1.run(ServerRuntime.java:269)
		at org.glassfish.jersey.internal.Errors$1.call(Errors.java:248)
		at org.glassfish.jersey.internal.Errors$1.call(Errors.java:244)
		at org.glassfish.jersey.internal.Errors.process(Errors.java:292)
		at org.glassfish.jersey.internal.Errors.process(Errors.java:274)
		at org.glassfish.jersey.internal.Errors.process(Errors.java:244)
		at org.glassfish.jersey.process.internal.RequestScope.runInScope(RequestScope.java:265)
		at org.glassfish.jersey.server.ServerRuntime.process(ServerRuntime.java:240)
		at org.glassfish.jersey.server.ApplicationHandler.handle(ApplicationHandler.java:697)
		at org.glassfish.jersey.servlet.WebComponent.serviceImpl(WebComponent.java:394)
		at org.glassfish.jersey.servlet.WebComponent.service(WebComponent.java:346)
		at org.glassfish.jersey.servlet.ServletContainer.service(ServletContainer.java:357)
		at org.glassfish.jersey.servlet.ServletContainer.service(ServletContainer.java:311)
		at org.glassfish.jersey.servlet.ServletContainer.service(ServletContainer.java:205)
		at org.apache.catalina.core.ApplicationFilterChain.doFilter(ApplicationFilterChain.java:130)
		at org.apache.tomcat.websocket.server.WsFilter.doFilter(WsFilter.java:53)
		at org.apache.catalina.core.ApplicationFilterChain.doFilter(ApplicationFilterChain.java:109)
		at org.apache.catalina.core.StandardWrapperValve.invoke(StandardWrapperValve.java:167)
		at org.apache.catalina.core.StandardContextValve.invoke(StandardContextValve.java:79)
		at org.apache.catalina.authenticator.AuthenticatorBase.invoke(AuthenticatorBase.java:483)
		at org.apache.catalina.core.StandardHostValve.invoke(StandardHostValve.java:116)
		at org.apache.catalina.valves.ErrorReportValve.invoke(ErrorReportValve.java:93)
		at org.apache.catalina.valves.AbstractAccessLogValve.invoke(AbstractAccessLogValve.java:666)
		at org.apache.catalina.core.StandardEngineValve.invoke(StandardEngineValve.java:74)
		at org.apache.catalina.connector.CoyoteAdapter.service(CoyoteAdapter.java:343)
		at org.apache.coyote.http11.Http11Processor.service(Http11Processor.java:396)
		at org.apache.coyote.AbstractProcessorLight.process(AbstractProcessorLight.java:63)
		at org.apache.coyote.AbstractProtocol$ConnectionHandler.process(AbstractProtocol.java:903)
		at org.apache.tomcat.util.net.NioEndpoint$SocketProcessor.doRun(NioEndpoint.java:1773)
		at org.apache.tomcat.util.net.SocketProcessorBase.run(SocketProcessorBase.java:52)
		at org.apache.tomcat.util.threads.ThreadPoolExecutor.runWorker(ThreadPoolExecutor.java:1149)
		at org.apache.tomcat.util.threads.ThreadPoolExecutor$Worker.run(ThreadPoolExecutor.java:637)
		at org.apache.tomcat.util.threads.TaskThread$WrappingRunnable.run(TaskThread.java:59)
		at java.base/java.lang.Thread.run(Thread.java:1570)
	Caused by: java.util.concurrent.ExecutionException: java.lang.ExceptionInInitializerError
		at java.base/java.util.concurrent.CompletableFuture.reportGet(CompletableFuture.java:396)
		at java.base/java.util.concurrent.CompletableFuture.get(CompletableFuture.java:2073)
		at org.glassfish.jersey.servlet.internal.ResponseWriter.getResponseContext(ResponseWriter.java:276)
		... 46 more
	Caused by: java.lang.ExceptionInInitializerError
		at controlador.UsuarioResource.agregarUsuario(UsuarioResource.java:55)
		at java.base/jdk.internal.reflect.DirectMethodHandleAccessor.invoke(DirectMethodHandleAccessor.java:103)
		at java.base/java.lang.reflect.Method.invoke(Method.java:580)
		at org.glassfish.jersey.server.model.internal.ResourceMethodInvocationHandlerFactory.lambda$static$0(ResourceMethodInvocationHandlerFactory.java:52)
		at org.glassfish.jersey.server.model.internal.AbstractJavaResourceMethodDispatcher$1.run(AbstractJavaResourceMethodDispatcher.java:146)
		at org.glassfish.jersey.server.model.internal.AbstractJavaResourceMethodDispatcher.invoke(AbstractJavaResourceMethodDispatcher.java:189)
		at org.glassfish.jersey.server.model.internal.JavaResourceMethodDispatcherProvider$ResponseOutInvoker.doDispatch(JavaResourceMethodDispatcherProvider.java:176)
		at org.glassfish.jersey.server.model.internal.AbstractJavaResourceMethodDispatcher.dispatch(AbstractJavaResourceMethodDispatcher.java:93)
		at org.glassfish.jersey.server.model.ResourceMethodInvoker.invoke(ResourceMethodInvoker.java:478)
		at org.glassfish.jersey.server.model.ResourceMethodInvoker.apply(ResourceMethodInvoker.java:400)
		at org.glassfish.jersey.server.model.ResourceMethodInvoker.apply(ResourceMethodInvoker.java:81)
		at org.glassfish.jersey.server.ServerRuntime$1.run(ServerRuntime.java:261)
		... 33 more
	Caused by: jakarta.validation.NoProviderFoundException: Unable to create a Configuration, because no Jakarta Bean Validation provider could be found. Add a provider like Hibernate Validator (RI) to your classpath.
		at jakarta.validation.Validation$GenericBootstrapImpl.configure(Validation.java:291)
		at jakarta.validation.Validation.buildDefaultValidatorFactory(Validation.java:103)
		at controlador.Validador.<clinit>(Validador.java:16)
		... 45 more
29-Jul-2025 17:26:58.702 WARNING [http-nio-8080-exec-18] org.apache.catalina.loader.WebappClassLoaderBase.clearReferencesJdbc La aplicación web [helder] registró el conductor JDBC [com.mysql.cj.jdbc.Driver] pero falló al anular el registro mientras la aplicación web estaba parada. Para prevenir un fallo de memoria, se ha anulado el registro del conductor JDBC por la fuerza.
29-Jul-2025 17:26:58.703 WARNING [http-nio-8080-exec-18] org.apache.catalina.loader.WebappClassLoaderBase.clearReferencesThreads The web application [helder] appears to have started a thread named [mysql-cj-abandoned-connection-cleanup] but has failed to stop it. This is very likely to create a memory leak. Stack trace of thread:
 java.base/jdk.internal.misc.Unsafe.park(Native Method)
 java.base/java.util.concurrent.locks.LockSupport.parkNanos(LockSupport.java:269)
 java.base/java.util.concurrent.locks.AbstractQueuedSynchronizer$ConditionObject.await(AbstractQueuedSynchronizer.java:1847)
 java.base/java.lang.ref.ReferenceQueue.await(ReferenceQueue.java:71)
 java.base/java.lang.ref.ReferenceQueue.remove0(ReferenceQueue.java:143)
 java.base/java.lang.ref.ReferenceQueue.remove(ReferenceQueue.java:218)
 com.mysql.cj.jdbc.AbandonedConnectionCleanupThread.run(AbandonedConnectionCleanupThread.java:91)
 java.base/java.util.concurrent.ThreadPoolExecutor.runWorker(ThreadPoolExecutor.java:1144)
 java.base/java.util.concurrent.ThreadPoolExecutor$Worker.run(ThreadPoolExecutor.java:642)
 java.base/java.lang.Thread.run(Thread.java:1570)
29-Jul-2025 17:26:59.212 INFO [http-nio-8080-exec-18] org.apache.catalina.startup.HostConfig.undeploy Repliegue (undeploy) de la aplicación web que tiene como trayectoria de contexto [/helder]
29-Jul-2025 17:26:59.227 INFO [http-nio-8080-exec-26] org.apache.catalina.startup.HostConfig.deployDescriptor Desplieque del descriptor de configuración [C:\Users\Administrador\Documents\proyecto_final_helder_java-js\apache-tomcat-11.0.8-windows-x64\apache-tomcat-11.0.8\conf\Catalina\localhost\helder.xml]
29-Jul-2025 17:26:59.227 WARNING [http-nio-8080-exec-26] org.apache.catalina.startup.HostConfig.deployDescriptor The path attribute with value [/helder] in deployment descriptor [C:\Users\Administrador\Documents\proyecto_final_helder_java-js\apache-tomcat-11.0.8-windows-x64\apache-tomcat-11.0.8\conf\Catalina\localhost\helder.xml] has been ignored
29-Jul-2025 17:26:59.846 INFO [mysql-cj-abandoned-connection-cleanup] org.apache.catalina.loader.WebappClassLoaderBase.checkStateForResourceLoading Acceso ilegal: esta instancia de aplicación web ya ha sido parada.  Could not load [].  La eventual traza de pila que sigue ha sido motivada por un error lanzado con motivos de depuración así como para intentar terminar el hilo que motivó el acceso ilegal y no tiene impacto funcional.
	java.lang.IllegalStateException: Acceso ilegal: esta instancia de aplicación web ya ha sido parada.  Could not load [].  La eventual traza de pila que sigue ha sido motivada por un error lanzado con motivos de depuración así como para intentar terminar el hilo que motivó el acceso ilegal y no tiene impacto funcional.
		at org.apache.catalina.loader.WebappClassLoaderBase.checkStateForResourceLoading(WebappClassLoaderBase.java:1248)
		at org.apache.catalina.loader.WebappClassLoaderBase.getResource(WebappClassLoaderBase.java:857)
		at com.mysql.cj.jdbc.AbandonedConnectionCleanupThread.checkThreadContextClassLoader(AbandonedConnectionCleanupThread.java:123)
		at com.mysql.cj.jdbc.AbandonedConnectionCleanupThread.run(AbandonedConnectionCleanupThread.java:90)
		at java.base/java.util.concurrent.ThreadPoolExecutor.runWorker(ThreadPoolExecutor.java:1144)
		at java.base/java.util.concurrent.ThreadPoolExecutor$Worker.run(ThreadPoolExecutor.java:642)
		at java.base/java.lang.Thread.run(Thread.java:1570)
29-Jul-2025 17:27:00.093 INFO [http-nio-8080-exec-26] org.apache.jasper.servlet.TldScanner.scanJars Al menos un JAR, que se ha explorado buscando TLDs, aún no contenía TLDs. Activar historial de depuración para este historiador para una completa lista de los JARs que fueron explorados y de los que nos se halló TLDs. Saltarse JARs no necesarios durante la exploración puede dar lugar a una mejora de tiempo significativa en el arranque y compilación de JSP .
29-Jul-2025 17:27:00.581 WARNING [http-nio-8080-exec-26] org.glassfish.jersey.server.internal.scanning.AnnotationAcceptingListener$ClassReaderWrapper.accept Unsupported class file major version 66
29-Jul-2025 17:27:00.584 WARNING [http-nio-8080-exec-26] org.glassfish.jersey.server.internal.scanning.AnnotationAcceptingListener$ClassReaderWrapper.accept Unsupported class file major version 66
29-Jul-2025 17:27:00.584 WARNING [http-nio-8080-exec-26] org.glassfish.jersey.server.internal.scanning.AnnotationAcceptingListener$ClassReaderWrapper.accept Unsupported class file major version 66
29-Jul-2025 17:27:00.585 WARNING [http-nio-8080-exec-26] org.glassfish.jersey.server.internal.scanning.AnnotationAcceptingListener$ClassReaderWrapper.accept Unsupported class file major version 66
29-Jul-2025 17:27:00.585 WARNING [http-nio-8080-exec-26] org.glassfish.jersey.server.internal.scanning.AnnotationAcceptingListener$ClassReaderWrapper.accept Unsupported class file major version 66
29-Jul-2025 17:27:00.586 WARNING [http-nio-8080-exec-26] org.glassfish.jersey.server.internal.scanning.AnnotationAcceptingListener$ClassReaderWrapper.accept Unsupported class file major version 66
29-Jul-2025 17:27:00.586 WARNING [http-nio-8080-exec-26] org.glassfish.jersey.server.internal.scanning.AnnotationAcceptingListener$ClassReaderWrapper.accept Unsupported class file major version 66
29-Jul-2025 17:27:00.586 WARNING [http-nio-8080-exec-26] org.glassfish.jersey.server.internal.scanning.AnnotationAcceptingListener$ClassReaderWrapper.accept Unsupported class file major version 66
29-Jul-2025 17:27:00.587 WARNING [http-nio-8080-exec-26] org.glassfish.jersey.server.internal.scanning.AnnotationAcceptingListener$ClassReaderWrapper.accept Unsupported class file major version 66
29-Jul-2025 17:27:00.587 WARNING [http-nio-8080-exec-26] org.glassfish.jersey.server.internal.scanning.AnnotationAcceptingListener$ClassReaderWrapper.accept Unsupported class file major version 66
29-Jul-2025 17:27:00.588 WARNING [http-nio-8080-exec-26] org.glassfish.jersey.server.internal.scanning.AnnotationAcceptingListener$ClassReaderWrapper.accept Unsupported class file major version 66
29-Jul-2025 17:27:00.588 WARNING [http-nio-8080-exec-26] org.glassfish.jersey.server.internal.scanning.AnnotationAcceptingListener$ClassReaderWrapper.accept Unsupported class file major version 66
29-Jul-2025 17:27:00.588 WARNING [http-nio-8080-exec-26] org.glassfish.jersey.server.internal.scanning.AnnotationAcceptingListener$ClassReaderWrapper.accept Unsupported class file major version 66
29-Jul-2025 17:27:00.589 WARNING [http-nio-8080-exec-26] org.glassfish.jersey.server.internal.scanning.AnnotationAcceptingListener$ClassReaderWrapper.accept Unsupported class file major version 66
29-Jul-2025 17:27:00.589 WARNING [http-nio-8080-exec-26] org.glassfish.jersey.server.internal.scanning.AnnotationAcceptingListener$ClassReaderWrapper.accept Unsupported class file major version 66
29-Jul-2025 17:27:00.590 WARNING [http-nio-8080-exec-26] org.glassfish.jersey.server.internal.scanning.AnnotationAcceptingListener$ClassReaderWrapper.accept Unsupported class file major version 66
29-Jul-2025 17:27:00.590 WARNING [http-nio-8080-exec-26] org.glassfish.jersey.server.internal.scanning.AnnotationAcceptingListener$ClassReaderWrapper.accept Unsupported class file major version 66
29-Jul-2025 17:27:00.590 WARNING [http-nio-8080-exec-26] org.glassfish.jersey.server.internal.scanning.AnnotationAcceptingListener$ClassReaderWrapper.accept Unsupported class file major version 66
29-Jul-2025 17:27:00.590 WARNING [http-nio-8080-exec-26] org.glassfish.jersey.server.internal.scanning.AnnotationAcceptingListener$ClassReaderWrapper.accept Unsupported class file major version 66
29-Jul-2025 17:27:00.591 WARNING [http-nio-8080-exec-26] org.glassfish.jersey.server.internal.scanning.AnnotationAcceptingListener$ClassReaderWrapper.accept Unsupported class file major version 66
29-Jul-2025 17:27:00.591 WARNING [http-nio-8080-exec-26] org.glassfish.jersey.server.internal.scanning.AnnotationAcceptingListener$ClassReaderWrapper.accept Unsupported class file major version 66
29-Jul-2025 17:27:00.661 WARNING [http-nio-8080-exec-26] org.glassfish.jersey.server.internal.scanning.AnnotationAcceptingListener$ClassReaderWrapper.accept Unsupported class file major version 66
29-Jul-2025 17:27:00.750 WARNING [http-nio-8080-exec-26] org.glassfish.jersey.server.wadl.WadlFeature.configure JAXBContext implementation could not be found. WADL feature is disabled.
29-Jul-2025 17:27:01.038 INFO [http-nio-8080-exec-26] org.apache.catalina.startup.HostConfig.deployDescriptor Deployment of deployment descriptor [C:\Users\Administrador\Documents\proyecto_final_helder_java-js\apache-tomcat-11.0.8-windows-x64\apache-tomcat-11.0.8\conf\Catalina\localhost\helder.xml] has finished in [1.812] ms
29-Jul-2025 17:27:01.042 INFO [http-nio-8080-exec-27] org.apache.catalina.util.LifecycleBase.start The start() method was called on component [StandardEngine[Catalina].StandardHost[localhost].StandardContext[/helder]] after start() had already been called. The second call will be ignored.
29-Jul-2025 17:28:24.715 WARNING [http-nio-8080-exec-29] org.glassfish.jersey.server.ServerRuntime$Responder.process An exception mapping did not successfully produce and processed a response. Logging the exception propagated to the default exception mapper.
	java.lang.ExceptionInInitializerError
		at controlador.UsuarioResource.agregarUsuario(UsuarioResource.java:55)
		at java.base/jdk.internal.reflect.DirectMethodHandleAccessor.invoke(DirectMethodHandleAccessor.java:103)
		at java.base/java.lang.reflect.Method.invoke(Method.java:580)
		at org.glassfish.jersey.server.model.internal.ResourceMethodInvocationHandlerFactory.lambda$static$0(ResourceMethodInvocationHandlerFactory.java:52)
		at org.glassfish.jersey.server.model.internal.AbstractJavaResourceMethodDispatcher$1.run(AbstractJavaResourceMethodDispatcher.java:146)
		at org.glassfish.jersey.server.model.internal.AbstractJavaResourceMethodDispatcher.invoke(AbstractJavaResourceMethodDispatcher.java:189)
		at org.glassfish.jersey.server.model.internal.JavaResourceMethodDispatcherProvider$ResponseOutInvoker.doDispatch(JavaResourceMethodDispatcherProvider.java:176)
		at org.glassfish.jersey.server.model.internal.AbstractJavaResourceMethodDispatcher.dispatch(AbstractJavaResourceMethodDispatcher.java:93)
		at org.glassfish.jersey.server.model.ResourceMethodInvoker.invoke(ResourceMethodInvoker.java:478)
		at org.glassfish.jersey.server.model.ResourceMethodInvoker.apply(ResourceMethodInvoker.java:400)
		at org.glassfish.jersey.server.model.ResourceMethodInvoker.apply(ResourceMethodInvoker.java:81)
		at org.glassfish.jersey.server.ServerRuntime$1.run(ServerRuntime.java:261)
		at org.glassfish.jersey.internal.Errors$1.call(Errors.java:248)
		at org.glassfish.jersey.internal.Errors$1.call(Errors.java:244)
		at org.glassfish.jersey.internal.Errors.process(Errors.java:292)
		at org.glassfish.jersey.internal.Errors.process(Errors.java:274)
		at org.glassfish.jersey.internal.Errors.process(Errors.java:244)
		at org.glassfish.jersey.process.internal.RequestScope.runInScope(RequestScope.java:265)
		at org.glassfish.jersey.server.ServerRuntime.process(ServerRuntime.java:240)
		at org.glassfish.jersey.server.ApplicationHandler.handle(ApplicationHandler.java:697)
		at org.glassfish.jersey.servlet.WebComponent.serviceImpl(WebComponent.java:394)
		at org.glassfish.jersey.servlet.WebComponent.service(WebComponent.java:346)
		at org.glassfish.jersey.servlet.ServletContainer.service(ServletContainer.java:357)
		at org.glassfish.jersey.servlet.ServletContainer.service(ServletContainer.java:311)
		at org.glassfish.jersey.servlet.ServletContainer.service(ServletContainer.java:205)
		at org.apache.catalina.core.ApplicationFilterChain.doFilter(ApplicationFilterChain.java:130)
		at org.apache.tomcat.websocket.server.WsFilter.doFilter(WsFilter.java:53)
		at org.apache.catalina.core.ApplicationFilterChain.doFilter(ApplicationFilterChain.java:109)
		at org.apache.catalina.core.StandardWrapperValve.invoke(StandardWrapperValve.java:167)
		at org.apache.catalina.core.StandardContextValve.invoke(StandardContextValve.java:79)
		at org.apache.catalina.authenticator.AuthenticatorBase.invoke(AuthenticatorBase.java:483)
		at org.apache.catalina.core.StandardHostValve.invoke(StandardHostValve.java:116)
		at org.apache.catalina.valves.ErrorReportValve.invoke(ErrorReportValve.java:93)
		at org.apache.catalina.valves.AbstractAccessLogValve.invoke(AbstractAccessLogValve.java:666)
		at org.apache.catalina.core.StandardEngineValve.invoke(StandardEngineValve.java:74)
		at org.apache.catalina.connector.CoyoteAdapter.service(CoyoteAdapter.java:343)
		at org.apache.coyote.http11.Http11Processor.service(Http11Processor.java:396)
		at org.apache.coyote.AbstractProcessorLight.process(AbstractProcessorLight.java:63)
		at org.apache.coyote.AbstractProtocol$ConnectionHandler.process(AbstractProtocol.java:903)
		at org.apache.tomcat.util.net.NioEndpoint$SocketProcessor.doRun(NioEndpoint.java:1773)
		at org.apache.tomcat.util.net.SocketProcessorBase.run(SocketProcessorBase.java:52)
		at org.apache.tomcat.util.threads.ThreadPoolExecutor.runWorker(ThreadPoolExecutor.java:1149)
		at org.apache.tomcat.util.threads.ThreadPoolExecutor$Worker.run(ThreadPoolExecutor.java:637)
		at org.apache.tomcat.util.threads.TaskThread$WrappingRunnable.run(TaskThread.java:59)
		at java.base/java.lang.Thread.run(Thread.java:1570)
	Caused by: jakarta.validation.NoProviderFoundException: Unable to create a Configuration, because no Jakarta Bean Validation provider could be found. Add a provider like Hibernate Validator (RI) to your classpath.
		at jakarta.validation.Validation$GenericBootstrapImpl.configure(Validation.java:291)
		at jakarta.validation.Validation.buildDefaultValidatorFactory(Validation.java:103)
		at controlador.Validador.<clinit>(Validador.java:16)
		... 45 more
29-Jul-2025 17:28:24.742 SEVERE [http-nio-8080-exec-29] org.glassfish.jersey.server.ServerRuntime$Responder.writeResponse Error while closing the output stream in order to commit response.
	org.glassfish.jersey.server.ContainerException: java.util.concurrent.ExecutionException: java.lang.ExceptionInInitializerError
		at org.glassfish.jersey.servlet.internal.ResponseWriter.getResponseContext(ResponseWriter.java:278)
		at org.glassfish.jersey.servlet.internal.ResponseWriter.writeResponseStatusAndHeaders(ResponseWriter.java:128)
		at org.glassfish.jersey.server.ServerRuntime$Responder$1.getOutputStream(ServerRuntime.java:667)
		at org.glassfish.jersey.message.internal.CommittingOutputStream.commitStream(CommittingOutputStream.java:171)
		at org.glassfish.jersey.message.internal.CommittingOutputStream.flushBuffer(CommittingOutputStream.java:276)
		at org.glassfish.jersey.message.internal.CommittingOutputStream.commit(CommittingOutputStream.java:232)
		at org.glassfish.jersey.message.internal.CommittingOutputStream.close(CommittingOutputStream.java:247)
		at org.glassfish.jersey.message.internal.OutboundMessageContext.close(OutboundMessageContext.java:865)
		at org.glassfish.jersey.server.ContainerResponse.close(ContainerResponse.java:403)
		at org.glassfish.jersey.server.ServerRuntime$Responder.writeResponse(ServerRuntime.java:749)
		at org.glassfish.jersey.server.ServerRuntime$Responder.processResponse(ServerRuntime.java:385)
		at org.glassfish.jersey.server.ServerRuntime$Responder.processResponseWithDefaultExceptionMapper(ServerRuntime.java:633)
		at org.glassfish.jersey.server.ServerRuntime$Responder.process(ServerRuntime.java:458)
		at org.glassfish.jersey.server.ServerRuntime$1.run(ServerRuntime.java:269)
		at org.glassfish.jersey.internal.Errors$1.call(Errors.java:248)
		at org.glassfish.jersey.internal.Errors$1.call(Errors.java:244)
		at org.glassfish.jersey.internal.Errors.process(Errors.java:292)
		at org.glassfish.jersey.internal.Errors.process(Errors.java:274)
		at org.glassfish.jersey.internal.Errors.process(Errors.java:244)
		at org.glassfish.jersey.process.internal.RequestScope.runInScope(RequestScope.java:265)
		at org.glassfish.jersey.server.ServerRuntime.process(ServerRuntime.java:240)
		at org.glassfish.jersey.server.ApplicationHandler.handle(ApplicationHandler.java:697)
		at org.glassfish.jersey.servlet.WebComponent.serviceImpl(WebComponent.java:394)
		at org.glassfish.jersey.servlet.WebComponent.service(WebComponent.java:346)
		at org.glassfish.jersey.servlet.ServletContainer.service(ServletContainer.java:357)
		at org.glassfish.jersey.servlet.ServletContainer.service(ServletContainer.java:311)
		at org.glassfish.jersey.servlet.ServletContainer.service(ServletContainer.java:205)
		at org.apache.catalina.core.ApplicationFilterChain.doFilter(ApplicationFilterChain.java:130)
		at org.apache.tomcat.websocket.server.WsFilter.doFilter(WsFilter.java:53)
		at org.apache.catalina.core.ApplicationFilterChain.doFilter(ApplicationFilterChain.java:109)
		at org.apache.catalina.core.StandardWrapperValve.invoke(StandardWrapperValve.java:167)
		at org.apache.catalina.core.StandardContextValve.invoke(StandardContextValve.java:79)
		at org.apache.catalina.authenticator.AuthenticatorBase.invoke(AuthenticatorBase.java:483)
		at org.apache.catalina.core.StandardHostValve.invoke(StandardHostValve.java:116)
		at org.apache.catalina.valves.ErrorReportValve.invoke(ErrorReportValve.java:93)
		at org.apache.catalina.valves.AbstractAccessLogValve.invoke(AbstractAccessLogValve.java:666)
		at org.apache.catalina.core.StandardEngineValve.invoke(StandardEngineValve.java:74)
		at org.apache.catalina.connector.CoyoteAdapter.service(CoyoteAdapter.java:343)
		at org.apache.coyote.http11.Http11Processor.service(Http11Processor.java:396)
		at org.apache.coyote.AbstractProcessorLight.process(AbstractProcessorLight.java:63)
		at org.apache.coyote.AbstractProtocol$ConnectionHandler.process(AbstractProtocol.java:903)
		at org.apache.tomcat.util.net.NioEndpoint$SocketProcessor.doRun(NioEndpoint.java:1773)
		at org.apache.tomcat.util.net.SocketProcessorBase.run(SocketProcessorBase.java:52)
		at org.apache.tomcat.util.threads.ThreadPoolExecutor.runWorker(ThreadPoolExecutor.java:1149)
		at org.apache.tomcat.util.threads.ThreadPoolExecutor$Worker.run(ThreadPoolExecutor.java:637)
		at org.apache.tomcat.util.threads.TaskThread$WrappingRunnable.run(TaskThread.java:59)
		at java.base/java.lang.Thread.run(Thread.java:1570)
	Caused by: java.util.concurrent.ExecutionException: java.lang.ExceptionInInitializerError
		at java.base/java.util.concurrent.CompletableFuture.reportGet(CompletableFuture.java:396)
		at java.base/java.util.concurrent.CompletableFuture.get(CompletableFuture.java:2073)
		at org.glassfish.jersey.servlet.internal.ResponseWriter.getResponseContext(ResponseWriter.java:276)
		... 46 more
	Caused by: java.lang.ExceptionInInitializerError
		at controlador.UsuarioResource.agregarUsuario(UsuarioResource.java:55)
		at java.base/jdk.internal.reflect.DirectMethodHandleAccessor.invoke(DirectMethodHandleAccessor.java:103)
		at java.base/java.lang.reflect.Method.invoke(Method.java:580)
		at org.glassfish.jersey.server.model.internal.ResourceMethodInvocationHandlerFactory.lambda$static$0(ResourceMethodInvocationHandlerFactory.java:52)
		at org.glassfish.jersey.server.model.internal.AbstractJavaResourceMethodDispatcher$1.run(AbstractJavaResourceMethodDispatcher.java:146)
		at org.glassfish.jersey.server.model.internal.AbstractJavaResourceMethodDispatcher.invoke(AbstractJavaResourceMethodDispatcher.java:189)
		at org.glassfish.jersey.server.model.internal.JavaResourceMethodDispatcherProvider$ResponseOutInvoker.doDispatch(JavaResourceMethodDispatcherProvider.java:176)
		at org.glassfish.jersey.server.model.internal.AbstractJavaResourceMethodDispatcher.dispatch(AbstractJavaResourceMethodDispatcher.java:93)
		at org.glassfish.jersey.server.model.ResourceMethodInvoker.invoke(ResourceMethodInvoker.java:478)
		at org.glassfish.jersey.server.model.ResourceMethodInvoker.apply(ResourceMethodInvoker.java:400)
		at org.glassfish.jersey.server.model.ResourceMethodInvoker.apply(ResourceMethodInvoker.java:81)
		at org.glassfish.jersey.server.ServerRuntime$1.run(ServerRuntime.java:261)
		... 33 more
	Caused by: jakarta.validation.NoProviderFoundException: Unable to create a Configuration, because no Jakarta Bean Validation provider could be found. Add a provider like Hibernate Validator (RI) to your classpath.
		at jakarta.validation.Validation$GenericBootstrapImpl.configure(Validation.java:291)
		at jakarta.validation.Validation.buildDefaultValidatorFactory(Validation.java:103)
		at controlador.Validador.<clinit>(Validador.java:16)
		... 45 more
29-Jul-2025 17:29:44.908 WARNING [http-nio-8080-exec-35] org.apache.catalina.loader.WebappClassLoaderBase.clearReferencesJdbc La aplicación web [helder] registró el conductor JDBC [com.mysql.cj.jdbc.Driver] pero falló al anular el registro mientras la aplicación web estaba parada. Para prevenir un fallo de memoria, se ha anulado el registro del conductor JDBC por la fuerza.
29-Jul-2025 17:29:44.908 WARNING [http-nio-8080-exec-35] org.apache.catalina.loader.WebappClassLoaderBase.clearReferencesThreads The web application [helder] appears to have started a thread named [mysql-cj-abandoned-connection-cleanup] but has failed to stop it. This is very likely to create a memory leak. Stack trace of thread:
 java.base/jdk.internal.misc.Unsafe.park(Native Method)
 java.base/java.util.concurrent.locks.LockSupport.parkNanos(LockSupport.java:269)
 java.base/java.util.concurrent.locks.AbstractQueuedSynchronizer$ConditionObject.await(AbstractQueuedSynchronizer.java:1847)
 java.base/java.lang.ref.ReferenceQueue.await(ReferenceQueue.java:71)
 java.base/java.lang.ref.ReferenceQueue.remove0(ReferenceQueue.java:143)
 java.base/java.lang.ref.ReferenceQueue.remove(ReferenceQueue.java:218)
 com.mysql.cj.jdbc.AbandonedConnectionCleanupThread.run(AbandonedConnectionCleanupThread.java:91)
 java.base/java.util.concurrent.ThreadPoolExecutor.runWorker(ThreadPoolExecutor.java:1144)
 java.base/java.util.concurrent.ThreadPoolExecutor$Worker.run(ThreadPoolExecutor.java:642)
 java.base/java.lang.Thread.run(Thread.java:1570)
29-Jul-2025 17:29:45.417 INFO [http-nio-8080-exec-35] org.apache.catalina.startup.HostConfig.undeploy Repliegue (undeploy) de la aplicación web que tiene como trayectoria de contexto [/helder]
29-Jul-2025 17:29:45.429 INFO [http-nio-8080-exec-29] org.apache.catalina.startup.HostConfig.deployDescriptor Desplieque del descriptor de configuración [C:\Users\Administrador\Documents\proyecto_final_helder_java-js\apache-tomcat-11.0.8-windows-x64\apache-tomcat-11.0.8\conf\Catalina\localhost\helder.xml]
29-Jul-2025 17:29:45.430 WARNING [http-nio-8080-exec-29] org.apache.catalina.startup.HostConfig.deployDescriptor The path attribute with value [/helder] in deployment descriptor [C:\Users\Administrador\Documents\proyecto_final_helder_java-js\apache-tomcat-11.0.8-windows-x64\apache-tomcat-11.0.8\conf\Catalina\localhost\helder.xml] has been ignored
29-Jul-2025 17:29:45.612 INFO [mysql-cj-abandoned-connection-cleanup] org.apache.catalina.loader.WebappClassLoaderBase.checkStateForResourceLoading Acceso ilegal: esta instancia de aplicación web ya ha sido parada.  Could not load [].  La eventual traza de pila que sigue ha sido motivada por un error lanzado con motivos de depuración así como para intentar terminar el hilo que motivó el acceso ilegal y no tiene impacto funcional.
	java.lang.IllegalStateException: Acceso ilegal: esta instancia de aplicación web ya ha sido parada.  Could not load [].  La eventual traza de pila que sigue ha sido motivada por un error lanzado con motivos de depuración así como para intentar terminar el hilo que motivó el acceso ilegal y no tiene impacto funcional.
		at org.apache.catalina.loader.WebappClassLoaderBase.checkStateForResourceLoading(WebappClassLoaderBase.java:1248)
		at org.apache.catalina.loader.WebappClassLoaderBase.getResource(WebappClassLoaderBase.java:857)
		at com.mysql.cj.jdbc.AbandonedConnectionCleanupThread.checkThreadContextClassLoader(AbandonedConnectionCleanupThread.java:123)
		at com.mysql.cj.jdbc.AbandonedConnectionCleanupThread.run(AbandonedConnectionCleanupThread.java:90)
		at java.base/java.util.concurrent.ThreadPoolExecutor.runWorker(ThreadPoolExecutor.java:1144)
		at java.base/java.util.concurrent.ThreadPoolExecutor$Worker.run(ThreadPoolExecutor.java:642)
		at java.base/java.lang.Thread.run(Thread.java:1570)
29-Jul-2025 17:29:46.312 INFO [http-nio-8080-exec-29] org.apache.jasper.servlet.TldScanner.scanJars Al menos un JAR, que se ha explorado buscando TLDs, aún no contenía TLDs. Activar historial de depuración para este historiador para una completa lista de los JARs que fueron explorados y de los que nos se halló TLDs. Saltarse JARs no necesarios durante la exploración puede dar lugar a una mejora de tiempo significativa en el arranque y compilación de JSP .
29-Jul-2025 17:29:46.765 WARNING [http-nio-8080-exec-29] org.glassfish.jersey.server.internal.scanning.AnnotationAcceptingListener$ClassReaderWrapper.accept Unsupported class file major version 66
29-Jul-2025 17:29:46.767 WARNING [http-nio-8080-exec-29] org.glassfish.jersey.server.internal.scanning.AnnotationAcceptingListener$ClassReaderWrapper.accept Unsupported class file major version 66
29-Jul-2025 17:29:46.767 WARNING [http-nio-8080-exec-29] org.glassfish.jersey.server.internal.scanning.AnnotationAcceptingListener$ClassReaderWrapper.accept Unsupported class file major version 66
29-Jul-2025 17:29:46.767 WARNING [http-nio-8080-exec-29] org.glassfish.jersey.server.internal.scanning.AnnotationAcceptingListener$ClassReaderWrapper.accept Unsupported class file major version 66
29-Jul-2025 17:29:46.768 WARNING [http-nio-8080-exec-29] org.glassfish.jersey.server.internal.scanning.AnnotationAcceptingListener$ClassReaderWrapper.accept Unsupported class file major version 66
29-Jul-2025 17:29:46.768 WARNING [http-nio-8080-exec-29] org.glassfish.jersey.server.internal.scanning.AnnotationAcceptingListener$ClassReaderWrapper.accept Unsupported class file major version 66
29-Jul-2025 17:29:46.768 WARNING [http-nio-8080-exec-29] org.glassfish.jersey.server.internal.scanning.AnnotationAcceptingListener$ClassReaderWrapper.accept Unsupported class file major version 66
29-Jul-2025 17:29:46.769 WARNING [http-nio-8080-exec-29] org.glassfish.jersey.server.internal.scanning.AnnotationAcceptingListener$ClassReaderWrapper.accept Unsupported class file major version 66
29-Jul-2025 17:29:46.770 WARNING [http-nio-8080-exec-29] org.glassfish.jersey.server.internal.scanning.AnnotationAcceptingListener$ClassReaderWrapper.accept Unsupported class file major version 66
29-Jul-2025 17:29:46.770 WARNING [http-nio-8080-exec-29] org.glassfish.jersey.server.internal.scanning.AnnotationAcceptingListener$ClassReaderWrapper.accept Unsupported class file major version 66
29-Jul-2025 17:29:46.770 WARNING [http-nio-8080-exec-29] org.glassfish.jersey.server.internal.scanning.AnnotationAcceptingListener$ClassReaderWrapper.accept Unsupported class file major version 66
29-Jul-2025 17:29:46.771 WARNING [http-nio-8080-exec-29] org.glassfish.jersey.server.internal.scanning.AnnotationAcceptingListener$ClassReaderWrapper.accept Unsupported class file major version 66
29-Jul-2025 17:29:46.771 WARNING [http-nio-8080-exec-29] org.glassfish.jersey.server.internal.scanning.AnnotationAcceptingListener$ClassReaderWrapper.accept Unsupported class file major version 66
29-Jul-2025 17:29:46.771 WARNING [http-nio-8080-exec-29] org.glassfish.jersey.server.internal.scanning.AnnotationAcceptingListener$ClassReaderWrapper.accept Unsupported class file major version 66
29-Jul-2025 17:29:46.771 WARNING [http-nio-8080-exec-29] org.glassfish.jersey.server.internal.scanning.AnnotationAcceptingListener$ClassReaderWrapper.accept Unsupported class file major version 66
29-Jul-2025 17:29:46.772 WARNING [http-nio-8080-exec-29] org.glassfish.jersey.server.internal.scanning.AnnotationAcceptingListener$ClassReaderWrapper.accept Unsupported class file major version 66
29-Jul-2025 17:29:46.772 WARNING [http-nio-8080-exec-29] org.glassfish.jersey.server.internal.scanning.AnnotationAcceptingListener$ClassReaderWrapper.accept Unsupported class file major version 66
29-Jul-2025 17:29:46.772 WARNING [http-nio-8080-exec-29] org.glassfish.jersey.server.internal.scanning.AnnotationAcceptingListener$ClassReaderWrapper.accept Unsupported class file major version 66
29-Jul-2025 17:29:46.773 WARNING [http-nio-8080-exec-29] org.glassfish.jersey.server.internal.scanning.AnnotationAcceptingListener$ClassReaderWrapper.accept Unsupported class file major version 66
29-Jul-2025 17:29:46.773 WARNING [http-nio-8080-exec-29] org.glassfish.jersey.server.internal.scanning.AnnotationAcceptingListener$ClassReaderWrapper.accept Unsupported class file major version 66
29-Jul-2025 17:29:46.773 WARNING [http-nio-8080-exec-29] org.glassfish.jersey.server.internal.scanning.AnnotationAcceptingListener$ClassReaderWrapper.accept Unsupported class file major version 66
29-Jul-2025 17:29:46.800 WARNING [http-nio-8080-exec-29] org.glassfish.jersey.server.internal.scanning.AnnotationAcceptingListener$ClassReaderWrapper.accept Unsupported class file major version 66
29-Jul-2025 17:29:46.897 WARNING [http-nio-8080-exec-29] org.glassfish.jersey.server.wadl.WadlFeature.configure JAXBContext implementation could not be found. WADL feature is disabled.
29-Jul-2025 17:29:47.174 INFO [http-nio-8080-exec-29] org.apache.catalina.startup.HostConfig.deployDescriptor Deployment of deployment descriptor [C:\Users\Administrador\Documents\proyecto_final_helder_java-js\apache-tomcat-11.0.8-windows-x64\apache-tomcat-11.0.8\conf\Catalina\localhost\helder.xml] has finished in [1.745] ms
29-Jul-2025 17:29:47.176 INFO [http-nio-8080-exec-33] org.apache.catalina.util.LifecycleBase.start The start() method was called on component [StandardEngine[Catalina].StandardHost[localhost].StandardContext[/helder]] after start() had already been called. The second call will be ignored.
29-Jul-2025 17:29:51.510 WARNING [http-nio-8080-exec-36] org.glassfish.jersey.server.ServerRuntime$Responder.process An exception mapping did not successfully produce and processed a response. Logging the exception propagated to the default exception mapper.
	java.lang.ExceptionInInitializerError
		at controlador.UsuarioResource.agregarUsuario(UsuarioResource.java:55)
		at java.base/jdk.internal.reflect.DirectMethodHandleAccessor.invoke(DirectMethodHandleAccessor.java:103)
		at java.base/java.lang.reflect.Method.invoke(Method.java:580)
		at org.glassfish.jersey.server.model.internal.ResourceMethodInvocationHandlerFactory.lambda$static$0(ResourceMethodInvocationHandlerFactory.java:52)
		at org.glassfish.jersey.server.model.internal.AbstractJavaResourceMethodDispatcher$1.run(AbstractJavaResourceMethodDispatcher.java:146)
		at org.glassfish.jersey.server.model.internal.AbstractJavaResourceMethodDispatcher.invoke(AbstractJavaResourceMethodDispatcher.java:189)
		at org.glassfish.jersey.server.model.internal.JavaResourceMethodDispatcherProvider$ResponseOutInvoker.doDispatch(JavaResourceMethodDispatcherProvider.java:176)
		at org.glassfish.jersey.server.model.internal.AbstractJavaResourceMethodDispatcher.dispatch(AbstractJavaResourceMethodDispatcher.java:93)
		at org.glassfish.jersey.server.model.ResourceMethodInvoker.invoke(ResourceMethodInvoker.java:478)
		at org.glassfish.jersey.server.model.ResourceMethodInvoker.apply(ResourceMethodInvoker.java:400)
		at org.glassfish.jersey.server.model.ResourceMethodInvoker.apply(ResourceMethodInvoker.java:81)
		at org.glassfish.jersey.server.ServerRuntime$1.run(ServerRuntime.java:261)
		at org.glassfish.jersey.internal.Errors$1.call(Errors.java:248)
		at org.glassfish.jersey.internal.Errors$1.call(Errors.java:244)
		at org.glassfish.jersey.internal.Errors.process(Errors.java:292)
		at org.glassfish.jersey.internal.Errors.process(Errors.java:274)
		at org.glassfish.jersey.internal.Errors.process(Errors.java:244)
		at org.glassfish.jersey.process.internal.RequestScope.runInScope(RequestScope.java:265)
		at org.glassfish.jersey.server.ServerRuntime.process(ServerRuntime.java:240)
		at org.glassfish.jersey.server.ApplicationHandler.handle(ApplicationHandler.java:697)
		at org.glassfish.jersey.servlet.WebComponent.serviceImpl(WebComponent.java:394)
		at org.glassfish.jersey.servlet.WebComponent.service(WebComponent.java:346)
		at org.glassfish.jersey.servlet.ServletContainer.service(ServletContainer.java:357)
		at org.glassfish.jersey.servlet.ServletContainer.service(ServletContainer.java:311)
		at org.glassfish.jersey.servlet.ServletContainer.service(ServletContainer.java:205)
		at org.apache.catalina.core.ApplicationFilterChain.doFilter(ApplicationFilterChain.java:130)
		at org.apache.tomcat.websocket.server.WsFilter.doFilter(WsFilter.java:53)
		at org.apache.catalina.core.ApplicationFilterChain.doFilter(ApplicationFilterChain.java:109)
		at org.apache.catalina.core.StandardWrapperValve.invoke(StandardWrapperValve.java:167)
		at org.apache.catalina.core.StandardContextValve.invoke(StandardContextValve.java:79)
		at org.apache.catalina.authenticator.AuthenticatorBase.invoke(AuthenticatorBase.java:483)
		at org.apache.catalina.core.StandardHostValve.invoke(StandardHostValve.java:116)
		at org.apache.catalina.valves.ErrorReportValve.invoke(ErrorReportValve.java:93)
		at org.apache.catalina.valves.AbstractAccessLogValve.invoke(AbstractAccessLogValve.java:666)
		at org.apache.catalina.core.StandardEngineValve.invoke(StandardEngineValve.java:74)
		at org.apache.catalina.connector.CoyoteAdapter.service(CoyoteAdapter.java:343)
		at org.apache.coyote.http11.Http11Processor.service(Http11Processor.java:396)
		at org.apache.coyote.AbstractProcessorLight.process(AbstractProcessorLight.java:63)
		at org.apache.coyote.AbstractProtocol$ConnectionHandler.process(AbstractProtocol.java:903)
		at org.apache.tomcat.util.net.NioEndpoint$SocketProcessor.doRun(NioEndpoint.java:1773)
		at org.apache.tomcat.util.net.SocketProcessorBase.run(SocketProcessorBase.java:52)
		at org.apache.tomcat.util.threads.ThreadPoolExecutor.runWorker(ThreadPoolExecutor.java:1149)
		at org.apache.tomcat.util.threads.ThreadPoolExecutor$Worker.run(ThreadPoolExecutor.java:637)
		at org.apache.tomcat.util.threads.TaskThread$WrappingRunnable.run(TaskThread.java:59)
		at java.base/java.lang.Thread.run(Thread.java:1570)
	Caused by: jakarta.validation.NoProviderFoundException: Unable to create a Configuration, because no Jakarta Bean Validation provider could be found. Add a provider like Hibernate Validator (RI) to your classpath.
		at jakarta.validation.Validation$GenericBootstrapImpl.configure(Validation.java:291)
		at jakarta.validation.Validation.buildDefaultValidatorFactory(Validation.java:103)
		at controlador.Validador.<clinit>(Validador.java:16)
		... 45 more
29-Jul-2025 17:29:51.757 SEVERE [http-nio-8080-exec-36] org.glassfish.jersey.server.ServerRuntime$Responder.writeResponse Error while closing the output stream in order to commit response.
	org.glassfish.jersey.server.ContainerException: java.util.concurrent.ExecutionException: java.lang.ExceptionInInitializerError
		at org.glassfish.jersey.servlet.internal.ResponseWriter.getResponseContext(ResponseWriter.java:278)
		at org.glassfish.jersey.servlet.internal.ResponseWriter.writeResponseStatusAndHeaders(ResponseWriter.java:128)
		at org.glassfish.jersey.server.ServerRuntime$Responder$1.getOutputStream(ServerRuntime.java:667)
		at org.glassfish.jersey.message.internal.CommittingOutputStream.commitStream(CommittingOutputStream.java:171)
		at org.glassfish.jersey.message.internal.CommittingOutputStream.flushBuffer(CommittingOutputStream.java:276)
		at org.glassfish.jersey.message.internal.CommittingOutputStream.commit(CommittingOutputStream.java:232)
		at org.glassfish.jersey.message.internal.CommittingOutputStream.close(CommittingOutputStream.java:247)
		at org.glassfish.jersey.message.internal.OutboundMessageContext.close(OutboundMessageContext.java:865)
		at org.glassfish.jersey.server.ContainerResponse.close(ContainerResponse.java:403)
		at org.glassfish.jersey.server.ServerRuntime$Responder.writeResponse(ServerRuntime.java:749)
		at org.glassfish.jersey.server.ServerRuntime$Responder.processResponse(ServerRuntime.java:385)
		at org.glassfish.jersey.server.ServerRuntime$Responder.processResponseWithDefaultExceptionMapper(ServerRuntime.java:633)
		at org.glassfish.jersey.server.ServerRuntime$Responder.process(ServerRuntime.java:458)
		at org.glassfish.jersey.server.ServerRuntime$1.run(ServerRuntime.java:269)
		at org.glassfish.jersey.internal.Errors$1.call(Errors.java:248)
		at org.glassfish.jersey.internal.Errors$1.call(Errors.java:244)
		at org.glassfish.jersey.internal.Errors.process(Errors.java:292)
		at org.glassfish.jersey.internal.Errors.process(Errors.java:274)
		at org.glassfish.jersey.internal.Errors.process(Errors.java:244)
		at org.glassfish.jersey.process.internal.RequestScope.runInScope(RequestScope.java:265)
		at org.glassfish.jersey.server.ServerRuntime.process(ServerRuntime.java:240)
		at org.glassfish.jersey.server.ApplicationHandler.handle(ApplicationHandler.java:697)
		at org.glassfish.jersey.servlet.WebComponent.serviceImpl(WebComponent.java:394)
		at org.glassfish.jersey.servlet.WebComponent.service(WebComponent.java:346)
		at org.glassfish.jersey.servlet.ServletContainer.service(ServletContainer.java:357)
		at org.glassfish.jersey.servlet.ServletContainer.service(ServletContainer.java:311)
		at org.glassfish.jersey.servlet.ServletContainer.service(ServletContainer.java:205)
		at org.apache.catalina.core.ApplicationFilterChain.doFilter(ApplicationFilterChain.java:130)
		at org.apache.tomcat.websocket.server.WsFilter.doFilter(WsFilter.java:53)
		at org.apache.catalina.core.ApplicationFilterChain.doFilter(ApplicationFilterChain.java:109)
		at org.apache.catalina.core.StandardWrapperValve.invoke(StandardWrapperValve.java:167)
		at org.apache.catalina.core.StandardContextValve.invoke(StandardContextValve.java:79)
		at org.apache.catalina.authenticator.AuthenticatorBase.invoke(AuthenticatorBase.java:483)
		at org.apache.catalina.core.StandardHostValve.invoke(StandardHostValve.java:116)
		at org.apache.catalina.valves.ErrorReportValve.invoke(ErrorReportValve.java:93)
		at org.apache.catalina.valves.AbstractAccessLogValve.invoke(AbstractAccessLogValve.java:666)
		at org.apache.catalina.core.StandardEngineValve.invoke(StandardEngineValve.java:74)
		at org.apache.catalina.connector.CoyoteAdapter.service(CoyoteAdapter.java:343)
		at org.apache.coyote.http11.Http11Processor.service(Http11Processor.java:396)
		at org.apache.coyote.AbstractProcessorLight.process(AbstractProcessorLight.java:63)
		at org.apache.coyote.AbstractProtocol$ConnectionHandler.process(AbstractProtocol.java:903)
		at org.apache.tomcat.util.net.NioEndpoint$SocketProcessor.doRun(NioEndpoint.java:1773)
		at org.apache.tomcat.util.net.SocketProcessorBase.run(SocketProcessorBase.java:52)
		at org.apache.tomcat.util.threads.ThreadPoolExecutor.runWorker(ThreadPoolExecutor.java:1149)
		at org.apache.tomcat.util.threads.ThreadPoolExecutor$Worker.run(ThreadPoolExecutor.java:637)
		at org.apache.tomcat.util.threads.TaskThread$WrappingRunnable.run(TaskThread.java:59)
		at java.base/java.lang.Thread.run(Thread.java:1570)
	Caused by: java.util.concurrent.ExecutionException: java.lang.ExceptionInInitializerError
		at java.base/java.util.concurrent.CompletableFuture.reportGet(CompletableFuture.java:396)
		at java.base/java.util.concurrent.CompletableFuture.get(CompletableFuture.java:2073)
		at org.glassfish.jersey.servlet.internal.ResponseWriter.getResponseContext(ResponseWriter.java:276)
		... 46 more
	Caused by: java.lang.ExceptionInInitializerError
		at controlador.UsuarioResource.agregarUsuario(UsuarioResource.java:55)
		at java.base/jdk.internal.reflect.DirectMethodHandleAccessor.invoke(DirectMethodHandleAccessor.java:103)
		at java.base/java.lang.reflect.Method.invoke(Method.java:580)
		at org.glassfish.jersey.server.model.internal.ResourceMethodInvocationHandlerFactory.lambda$static$0(ResourceMethodInvocationHandlerFactory.java:52)
		at org.glassfish.jersey.server.model.internal.AbstractJavaResourceMethodDispatcher$1.run(AbstractJavaResourceMethodDispatcher.java:146)
		at org.glassfish.jersey.server.model.internal.AbstractJavaResourceMethodDispatcher.invoke(AbstractJavaResourceMethodDispatcher.java:189)
		at org.glassfish.jersey.server.model.internal.JavaResourceMethodDispatcherProvider$ResponseOutInvoker.doDispatch(JavaResourceMethodDispatcherProvider.java:176)
		at org.glassfish.jersey.server.model.internal.AbstractJavaResourceMethodDispatcher.dispatch(AbstractJavaResourceMethodDispatcher.java:93)
		at org.glassfish.jersey.server.model.ResourceMethodInvoker.invoke(ResourceMethodInvoker.java:478)
		at org.glassfish.jersey.server.model.ResourceMethodInvoker.apply(ResourceMethodInvoker.java:400)
		at org.glassfish.jersey.server.model.ResourceMethodInvoker.apply(ResourceMethodInvoker.java:81)
		at org.glassfish.jersey.server.ServerRuntime$1.run(ServerRuntime.java:261)
		... 33 more
	Caused by: jakarta.validation.NoProviderFoundException: Unable to create a Configuration, because no Jakarta Bean Validation provider could be found. Add a provider like Hibernate Validator (RI) to your classpath.
		at jakarta.validation.Validation$GenericBootstrapImpl.configure(Validation.java:291)
		at jakarta.validation.Validation.buildDefaultValidatorFactory(Validation.java:103)
		at controlador.Validador.<clinit>(Validador.java:16)
		... 45 more
29-Jul-2025 17:34:02.325 WARNING [http-nio-8080-exec-46] org.apache.catalina.loader.WebappClassLoaderBase.clearReferencesJdbc La aplicación web [helder] registró el conductor JDBC [com.mysql.cj.jdbc.Driver] pero falló al anular el registro mientras la aplicación web estaba parada. Para prevenir un fallo de memoria, se ha anulado el registro del conductor JDBC por la fuerza.
29-Jul-2025 17:34:02.325 WARNING [http-nio-8080-exec-46] org.apache.catalina.loader.WebappClassLoaderBase.clearReferencesThreads The web application [helder] appears to have started a thread named [mysql-cj-abandoned-connection-cleanup] but has failed to stop it. This is very likely to create a memory leak. Stack trace of thread:
 java.base/jdk.internal.misc.Unsafe.park(Native Method)
 java.base/java.util.concurrent.locks.LockSupport.parkNanos(LockSupport.java:269)
 java.base/java.util.concurrent.locks.AbstractQueuedSynchronizer$ConditionObject.await(AbstractQueuedSynchronizer.java:1847)
 java.base/java.lang.ref.ReferenceQueue.await(ReferenceQueue.java:71)
 java.base/java.lang.ref.ReferenceQueue.remove0(ReferenceQueue.java:143)
 java.base/java.lang.ref.ReferenceQueue.remove(ReferenceQueue.java:218)
 com.mysql.cj.jdbc.AbandonedConnectionCleanupThread.run(AbandonedConnectionCleanupThread.java:91)
 java.base/java.util.concurrent.ThreadPoolExecutor.runWorker(ThreadPoolExecutor.java:1144)
 java.base/java.util.concurrent.ThreadPoolExecutor$Worker.run(ThreadPoolExecutor.java:642)
 java.base/java.lang.Thread.run(Thread.java:1570)
29-Jul-2025 17:34:02.530 INFO [mysql-cj-abandoned-connection-cleanup] org.apache.catalina.loader.WebappClassLoaderBase.checkStateForResourceLoading Acceso ilegal: esta instancia de aplicación web ya ha sido parada.  Could not load [].  La eventual traza de pila que sigue ha sido motivada por un error lanzado con motivos de depuración así como para intentar terminar el hilo que motivó el acceso ilegal y no tiene impacto funcional.
	java.lang.IllegalStateException: Acceso ilegal: esta instancia de aplicación web ya ha sido parada.  Could not load [].  La eventual traza de pila que sigue ha sido motivada por un error lanzado con motivos de depuración así como para intentar terminar el hilo que motivó el acceso ilegal y no tiene impacto funcional.
		at org.apache.catalina.loader.WebappClassLoaderBase.checkStateForResourceLoading(WebappClassLoaderBase.java:1248)
		at org.apache.catalina.loader.WebappClassLoaderBase.getResource(WebappClassLoaderBase.java:857)
		at com.mysql.cj.jdbc.AbandonedConnectionCleanupThread.checkThreadContextClassLoader(AbandonedConnectionCleanupThread.java:123)
		at com.mysql.cj.jdbc.AbandonedConnectionCleanupThread.run(AbandonedConnectionCleanupThread.java:90)
		at java.base/java.util.concurrent.ThreadPoolExecutor.runWorker(ThreadPoolExecutor.java:1144)
		at java.base/java.util.concurrent.ThreadPoolExecutor$Worker.run(ThreadPoolExecutor.java:642)
		at java.base/java.lang.Thread.run(Thread.java:1570)
29-Jul-2025 17:34:02.835 INFO [http-nio-8080-exec-46] org.apache.catalina.startup.HostConfig.undeploy Repliegue (undeploy) de la aplicación web que tiene como trayectoria de contexto [/helder]
29-Jul-2025 17:34:02.849 INFO [http-nio-8080-exec-38] org.apache.catalina.startup.HostConfig.deployDescriptor Desplieque del descriptor de configuración [C:\Users\Administrador\Documents\proyecto_final_helder_java-js\apache-tomcat-11.0.8-windows-x64\apache-tomcat-11.0.8\conf\Catalina\localhost\helder.xml]
29-Jul-2025 17:34:02.851 WARNING [http-nio-8080-exec-38] org.apache.catalina.startup.HostConfig.deployDescriptor The path attribute with value [/helder] in deployment descriptor [C:\Users\Administrador\Documents\proyecto_final_helder_java-js\apache-tomcat-11.0.8-windows-x64\apache-tomcat-11.0.8\conf\Catalina\localhost\helder.xml] has been ignored
29-Jul-2025 17:34:03.858 INFO [http-nio-8080-exec-38] org.apache.jasper.servlet.TldScanner.scanJars Al menos un JAR, que se ha explorado buscando TLDs, aún no contenía TLDs. Activar historial de depuración para este historiador para una completa lista de los JARs que fueron explorados y de los que nos se halló TLDs. Saltarse JARs no necesarios durante la exploración puede dar lugar a una mejora de tiempo significativa en el arranque y compilación de JSP .
29-Jul-2025 17:34:04.354 WARNING [http-nio-8080-exec-38] org.glassfish.jersey.server.internal.scanning.AnnotationAcceptingListener$ClassReaderWrapper.accept Unsupported class file major version 66
29-Jul-2025 17:34:04.356 WARNING [http-nio-8080-exec-38] org.glassfish.jersey.server.internal.scanning.AnnotationAcceptingListener$ClassReaderWrapper.accept Unsupported class file major version 66
29-Jul-2025 17:34:04.357 WARNING [http-nio-8080-exec-38] org.glassfish.jersey.server.internal.scanning.AnnotationAcceptingListener$ClassReaderWrapper.accept Unsupported class file major version 66
29-Jul-2025 17:34:04.358 WARNING [http-nio-8080-exec-38] org.glassfish.jersey.server.internal.scanning.AnnotationAcceptingListener$ClassReaderWrapper.accept Unsupported class file major version 66
29-Jul-2025 17:34:04.358 WARNING [http-nio-8080-exec-38] org.glassfish.jersey.server.internal.scanning.AnnotationAcceptingListener$ClassReaderWrapper.accept Unsupported class file major version 66
29-Jul-2025 17:34:04.358 WARNING [http-nio-8080-exec-38] org.glassfish.jersey.server.internal.scanning.AnnotationAcceptingListener$ClassReaderWrapper.accept Unsupported class file major version 66
29-Jul-2025 17:34:04.359 WARNING [http-nio-8080-exec-38] org.glassfish.jersey.server.internal.scanning.AnnotationAcceptingListener$ClassReaderWrapper.accept Unsupported class file major version 66
29-Jul-2025 17:34:04.359 WARNING [http-nio-8080-exec-38] org.glassfish.jersey.server.internal.scanning.AnnotationAcceptingListener$ClassReaderWrapper.accept Unsupported class file major version 66
29-Jul-2025 17:34:04.360 WARNING [http-nio-8080-exec-38] org.glassfish.jersey.server.internal.scanning.AnnotationAcceptingListener$ClassReaderWrapper.accept Unsupported class file major version 66
29-Jul-2025 17:34:04.360 WARNING [http-nio-8080-exec-38] org.glassfish.jersey.server.internal.scanning.AnnotationAcceptingListener$ClassReaderWrapper.accept Unsupported class file major version 66
29-Jul-2025 17:34:04.360 WARNING [http-nio-8080-exec-38] org.glassfish.jersey.server.internal.scanning.AnnotationAcceptingListener$ClassReaderWrapper.accept Unsupported class file major version 66
29-Jul-2025 17:34:04.361 WARNING [http-nio-8080-exec-38] org.glassfish.jersey.server.internal.scanning.AnnotationAcceptingListener$ClassReaderWrapper.accept Unsupported class file major version 66
29-Jul-2025 17:34:04.361 WARNING [http-nio-8080-exec-38] org.glassfish.jersey.server.internal.scanning.AnnotationAcceptingListener$ClassReaderWrapper.accept Unsupported class file major version 66
29-Jul-2025 17:34:04.362 WARNING [http-nio-8080-exec-38] org.glassfish.jersey.server.internal.scanning.AnnotationAcceptingListener$ClassReaderWrapper.accept Unsupported class file major version 66
29-Jul-2025 17:34:04.362 WARNING [http-nio-8080-exec-38] org.glassfish.jersey.server.internal.scanning.AnnotationAcceptingListener$ClassReaderWrapper.accept Unsupported class file major version 66
29-Jul-2025 17:34:04.362 WARNING [http-nio-8080-exec-38] org.glassfish.jersey.server.internal.scanning.AnnotationAcceptingListener$ClassReaderWrapper.accept Unsupported class file major version 66
29-Jul-2025 17:34:04.363 WARNING [http-nio-8080-exec-38] org.glassfish.jersey.server.internal.scanning.AnnotationAcceptingListener$ClassReaderWrapper.accept Unsupported class file major version 66
29-Jul-2025 17:34:04.363 WARNING [http-nio-8080-exec-38] org.glassfish.jersey.server.internal.scanning.AnnotationAcceptingListener$ClassReaderWrapper.accept Unsupported class file major version 66
29-Jul-2025 17:34:04.364 WARNING [http-nio-8080-exec-38] org.glassfish.jersey.server.internal.scanning.AnnotationAcceptingListener$ClassReaderWrapper.accept Unsupported class file major version 66
29-Jul-2025 17:34:04.364 WARNING [http-nio-8080-exec-38] org.glassfish.jersey.server.internal.scanning.AnnotationAcceptingListener$ClassReaderWrapper.accept Unsupported class file major version 66
29-Jul-2025 17:34:04.364 WARNING [http-nio-8080-exec-38] org.glassfish.jersey.server.internal.scanning.AnnotationAcceptingListener$ClassReaderWrapper.accept Unsupported class file major version 66
29-Jul-2025 17:34:04.399 WARNING [http-nio-8080-exec-38] org.glassfish.jersey.server.internal.scanning.AnnotationAcceptingListener$ClassReaderWrapper.accept Unsupported class file major version 66
29-Jul-2025 17:34:04.487 WARNING [http-nio-8080-exec-38] org.glassfish.jersey.server.wadl.WadlFeature.configure JAXBContext implementation could not be found. WADL feature is disabled.
29-Jul-2025 17:34:04.683 INFO [http-nio-8080-exec-38] org.apache.catalina.startup.HostConfig.deployDescriptor Deployment of deployment descriptor [C:\Users\Administrador\Documents\proyecto_final_helder_java-js\apache-tomcat-11.0.8-windows-x64\apache-tomcat-11.0.8\conf\Catalina\localhost\helder.xml] has finished in [1.834] ms
29-Jul-2025 17:34:04.685 INFO [http-nio-8080-exec-43] org.apache.catalina.util.LifecycleBase.start The start() method was called on component [StandardEngine[Catalina].StandardHost[localhost].StandardContext[/helder]] after start() had already been called. The second call will be ignored.
29-Jul-2025 17:35:38.096 WARNING [http-nio-8080-exec-54] org.apache.catalina.loader.WebappClassLoaderBase.clearReferencesJdbc La aplicación web [helder] registró el conductor JDBC [com.mysql.cj.jdbc.Driver] pero falló al anular el registro mientras la aplicación web estaba parada. Para prevenir un fallo de memoria, se ha anulado el registro del conductor JDBC por la fuerza.
29-Jul-2025 17:35:38.096 WARNING [http-nio-8080-exec-54] org.apache.catalina.loader.WebappClassLoaderBase.clearReferencesThreads The web application [helder] appears to have started a thread named [mysql-cj-abandoned-connection-cleanup] but has failed to stop it. This is very likely to create a memory leak. Stack trace of thread:
 java.base/jdk.internal.misc.Unsafe.park(Native Method)
 java.base/java.util.concurrent.locks.LockSupport.parkNanos(LockSupport.java:269)
 java.base/java.util.concurrent.locks.AbstractQueuedSynchronizer$ConditionObject.await(AbstractQueuedSynchronizer.java:1847)
 java.base/java.lang.ref.ReferenceQueue.await(ReferenceQueue.java:71)
 java.base/java.lang.ref.ReferenceQueue.remove0(ReferenceQueue.java:143)
 java.base/java.lang.ref.ReferenceQueue.remove(ReferenceQueue.java:218)
 com.mysql.cj.jdbc.AbandonedConnectionCleanupThread.run(AbandonedConnectionCleanupThread.java:91)
 java.base/java.util.concurrent.ThreadPoolExecutor.runWorker(ThreadPoolExecutor.java:1144)
 java.base/java.util.concurrent.ThreadPoolExecutor$Worker.run(ThreadPoolExecutor.java:642)
 java.base/java.lang.Thread.run(Thread.java:1570)
29-Jul-2025 17:35:38.601 INFO [http-nio-8080-exec-54] org.apache.catalina.startup.HostConfig.undeploy Repliegue (undeploy) de la aplicación web que tiene como trayectoria de contexto [/helder]
29-Jul-2025 17:35:43.090 INFO [mysql-cj-abandoned-connection-cleanup] org.apache.catalina.loader.WebappClassLoaderBase.checkStateForResourceLoading Acceso ilegal: esta instancia de aplicación web ya ha sido parada.  Could not load [].  La eventual traza de pila que sigue ha sido motivada por un error lanzado con motivos de depuración así como para intentar terminar el hilo que motivó el acceso ilegal y no tiene impacto funcional.
	java.lang.IllegalStateException: Acceso ilegal: esta instancia de aplicación web ya ha sido parada.  Could not load [].  La eventual traza de pila que sigue ha sido motivada por un error lanzado con motivos de depuración así como para intentar terminar el hilo que motivó el acceso ilegal y no tiene impacto funcional.
		at org.apache.catalina.loader.WebappClassLoaderBase.checkStateForResourceLoading(WebappClassLoaderBase.java:1248)
		at org.apache.catalina.loader.WebappClassLoaderBase.getResource(WebappClassLoaderBase.java:857)
		at com.mysql.cj.jdbc.AbandonedConnectionCleanupThread.checkThreadContextClassLoader(AbandonedConnectionCleanupThread.java:123)
		at com.mysql.cj.jdbc.AbandonedConnectionCleanupThread.run(AbandonedConnectionCleanupThread.java:90)
		at java.base/java.util.concurrent.ThreadPoolExecutor.runWorker(ThreadPoolExecutor.java:1144)
		at java.base/java.util.concurrent.ThreadPoolExecutor$Worker.run(ThreadPoolExecutor.java:642)
		at java.base/java.lang.Thread.run(Thread.java:1570)
29-Jul-2025 17:36:04.360 INFO [http-nio-8080-exec-56] org.apache.catalina.startup.HostConfig.deployDescriptor Desplieque del descriptor de configuración [C:\Users\Administrador\Documents\proyecto_final_helder_java-js\apache-tomcat-11.0.8-windows-x64\apache-tomcat-11.0.8\conf\Catalina\localhost\helder.xml]
29-Jul-2025 17:36:04.360 WARNING [http-nio-8080-exec-56] org.apache.catalina.startup.HostConfig.deployDescriptor The path attribute with value [/helder] in deployment descriptor [C:\Users\Administrador\Documents\proyecto_final_helder_java-js\apache-tomcat-11.0.8-windows-x64\apache-tomcat-11.0.8\conf\Catalina\localhost\helder.xml] has been ignored
29-Jul-2025 17:36:05.273 INFO [http-nio-8080-exec-56] org.apache.jasper.servlet.TldScanner.scanJars Al menos un JAR, que se ha explorado buscando TLDs, aún no contenía TLDs. Activar historial de depuración para este historiador para una completa lista de los JARs que fueron explorados y de los que nos se halló TLDs. Saltarse JARs no necesarios durante la exploración puede dar lugar a una mejora de tiempo significativa en el arranque y compilación de JSP .
29-Jul-2025 17:36:05.637 WARNING [http-nio-8080-exec-56] org.glassfish.jersey.server.wadl.WadlFeature.configure JAXBContext implementation could not be found. WADL feature is disabled.
29-Jul-2025 17:36:05.855 INFO [http-nio-8080-exec-56] org.apache.catalina.startup.HostConfig.deployDescriptor Deployment of deployment descriptor [C:\Users\Administrador\Documents\proyecto_final_helder_java-js\apache-tomcat-11.0.8-windows-x64\apache-tomcat-11.0.8\conf\Catalina\localhost\helder.xml] has finished in [1.495] ms
29-Jul-2025 17:36:05.864 INFO [http-nio-8080-exec-57] org.apache.catalina.util.LifecycleBase.start The start() method was called on component [StandardEngine[Catalina].StandardHost[localhost].StandardContext[/helder]] after start() had already been called. The second call will be ignored.
29-Jul-2025 17:42:46.311 INFO [http-nio-8080-exec-65] org.apache.catalina.startup.HostConfig.undeploy Repliegue (undeploy) de la aplicación web que tiene como trayectoria de contexto [/helder]
29-Jul-2025 17:43:06.299 INFO [main] org.apache.catalina.core.StandardServer.await Se ha recibido un comando de apagado a través del puerto de apagado. Parando la instancia del Servidor.
29-Jul-2025 17:43:06.299 INFO [main] org.apache.coyote.AbstractProtocol.pause Pausing ProtocolHandler ["http-nio-8080"]
29-Jul-2025 17:43:06.309 INFO [main] org.apache.catalina.core.StandardService.stopInternal Parando servicio [Catalina]
29-Jul-2025 17:43:06.316 INFO [main] org.apache.coyote.AbstractProtocol.stop Stopping ProtocolHandler ["http-nio-8080"]
29-Jul-2025 17:43:06.320 INFO [main] org.apache.coyote.AbstractProtocol.destroy Destroying ProtocolHandler ["http-nio-8080"]
29-Jul-2025 17:43:09.432 INFO [main] org.apache.catalina.startup.VersionLoggerListener.log Nombre de la versión del servidor: Apache Tomcat/11.0.8
29-Jul-2025 17:43:09.435 INFO [main] org.apache.catalina.startup.VersionLoggerListener.log Server built:                      Jun 5 2025 17:49:55 UTC
29-Jul-2025 17:43:09.435 INFO [main] org.apache.catalina.startup.VersionLoggerListener.log Número de versión de servidor:     11.0.8.0
29-Jul-2025 17:43:09.435 INFO [main] org.apache.catalina.startup.VersionLoggerListener.log OS Name:                           Windows 10
29-Jul-2025 17:43:09.435 INFO [main] org.apache.catalina.startup.VersionLoggerListener.log Versión de Systema Operativo:      10.0
29-Jul-2025 17:43:09.435 INFO [main] org.apache.catalina.startup.VersionLoggerListener.log Arquitectura:                      amd64
29-Jul-2025 17:43:09.435 INFO [main] org.apache.catalina.startup.VersionLoggerListener.log Java Home:                         C:\Program Files\Java\jdk-22
29-Jul-2025 17:43:09.435 INFO [main] org.apache.catalina.startup.VersionLoggerListener.log JVM Version:                       22.0.2+9-70
29-Jul-2025 17:43:09.435 INFO [main] org.apache.catalina.startup.VersionLoggerListener.log Vededor JVM:                       Oracle Corporation
29-Jul-2025 17:43:09.436 INFO [main] org.apache.catalina.startup.VersionLoggerListener.log CATALINA_BASE:                     C:\Users\Administrador\Documents\proyecto_final_helder_java-js\apache-tomcat-11.0.8-windows-x64\apache-tomcat-11.0.8
29-Jul-2025 17:43:09.436 INFO [main] org.apache.catalina.startup.VersionLoggerListener.log CATALINA_HOME:                     C:\Users\Administrador\Documents\proyecto_final_helder_java-js\apache-tomcat-11.0.8-windows-x64\apache-tomcat-11.0.8
29-Jul-2025 17:43:09.442 INFO [main] org.apache.catalina.startup.VersionLoggerListener.log Command line argument:             -Djava.util.logging.config.file=C:\Users\Administrador\Documents\proyecto_final_helder_java-js\apache-tomcat-11.0.8-windows-x64\apache-tomcat-11.0.8\conf\logging.properties
29-Jul-2025 17:43:09.443 INFO [main] org.apache.catalina.startup.VersionLoggerListener.log Command line argument:             -Djava.util.logging.manager=org.apache.juli.ClassLoaderLogManager
29-Jul-2025 17:43:09.443 INFO [main] org.apache.catalina.startup.VersionLoggerListener.log Command line argument:             -Djdk.tls.ephemeralDHKeySize=2048
29-Jul-2025 17:43:09.443 INFO [main] org.apache.catalina.startup.VersionLoggerListener.log Command line argument:             --add-opens=java.base/java.lang=ALL-UNNAMED
29-Jul-2025 17:43:09.443 INFO [main] org.apache.catalina.startup.VersionLoggerListener.log Command line argument:             --add-opens=java.base/java.lang.reflect=ALL-UNNAMED
29-Jul-2025 17:43:09.443 INFO [main] org.apache.catalina.startup.VersionLoggerListener.log Command line argument:             --add-opens=java.base/java.io=ALL-UNNAMED
29-Jul-2025 17:43:09.443 INFO [main] org.apache.catalina.startup.VersionLoggerListener.log Command line argument:             --add-opens=java.base/java.util=ALL-UNNAMED
29-Jul-2025 17:43:09.443 INFO [main] org.apache.catalina.startup.VersionLoggerListener.log Command line argument:             --add-opens=java.base/java.util.concurrent=ALL-UNNAMED
29-Jul-2025 17:43:09.443 INFO [main] org.apache.catalina.startup.VersionLoggerListener.log Command line argument:             --add-opens=java.rmi/sun.rmi.transport=ALL-UNNAMED
29-Jul-2025 17:43:09.443 INFO [main] org.apache.catalina.startup.VersionLoggerListener.log Command line argument:             --enable-native-access=ALL-UNNAMED
29-Jul-2025 17:43:09.443 INFO [main] org.apache.catalina.startup.VersionLoggerListener.log Command line argument:             -Dcatalina.base=C:\Users\Administrador\Documents\proyecto_final_helder_java-js\apache-tomcat-11.0.8-windows-x64\apache-tomcat-11.0.8
29-Jul-2025 17:43:09.443 INFO [main] org.apache.catalina.startup.VersionLoggerListener.log Command line argument:             -Dcatalina.home=C:\Users\Administrador\Documents\proyecto_final_helder_java-js\apache-tomcat-11.0.8-windows-x64\apache-tomcat-11.0.8
29-Jul-2025 17:43:09.486 INFO [main] org.apache.catalina.startup.VersionLoggerListener.log Command line argument:             -Djava.io.tmpdir=C:\Users\Administrador\Documents\proyecto_final_helder_java-js\apache-tomcat-11.0.8-windows-x64\apache-tomcat-11.0.8\temp
29-Jul-2025 17:43:09.503 INFO [main] org.apache.catalina.core.AprLifecycleListener.lifecycleEvent Cargada la biblioteca nativa APR de Apache Tomcat [2.0.9] con la versión APR [1.7.6].
29-Jul-2025 17:43:09.511 INFO [main] org.apache.catalina.core.AprLifecycleListener.initializeSSL OpenSSL inicializado correctamente [OpenSSL 3.5.0 8 Apr 2025]
29-Jul-2025 17:43:09.729 INFO [main] org.apache.coyote.AbstractProtocol.init Inicializando el manejador de protocolo ["http-nio-8080"]

29-Jul-2025 17:43:09.745 INFO [main] org.apache.catalina.startup.Catalina.load Server initialization in [461] milliseconds
29-Jul-2025 17:43:09.779 INFO [main] org.apache.catalina.core.StandardService.startInternal Arrancando servicio [Catalina]
29-Jul-2025 17:43:09.779 INFO [main] org.apache.catalina.core.StandardEngine.startInternal Starting Servlet engine: [Apache Tomcat/11.0.8]
29-Jul-2025 17:43:09.787 INFO [main] org.apache.catalina.startup.HostConfig.deployDirectory Desplegando el directorio [C:\Users\Administrador\Documents\proyecto_final_helder_java-js\apache-tomcat-11.0.8-windows-x64\apache-tomcat-11.0.8\webapps\docs] de la aplicación web
29-Jul-2025 17:43:10.016 INFO [main] org.apache.catalina.startup.HostConfig.deployDirectory Deployment of web application directory [C:\Users\Administrador\Documents\proyecto_final_helder_java-js\apache-tomcat-11.0.8-windows-x64\apache-tomcat-11.0.8\webapps\docs] has finished in [227] ms
29-Jul-2025 17:43:10.016 INFO [main] org.apache.catalina.startup.HostConfig.deployDirectory Desplegando el directorio [C:\Users\Administrador\Documents\proyecto_final_helder_java-js\apache-tomcat-11.0.8-windows-x64\apache-tomcat-11.0.8\webapps\examples] de la aplicación web
29-Jul-2025 17:43:10.343 INFO [main] org.apache.catalina.startup.HostConfig.deployDirectory Deployment of web application directory [C:\Users\Administrador\Documents\proyecto_final_helder_java-js\apache-tomcat-11.0.8-windows-x64\apache-tomcat-11.0.8\webapps\examples] has finished in [326] ms
29-Jul-2025 17:43:10.343 INFO [main] org.apache.catalina.startup.HostConfig.deployDirectory Desplegando el directorio [C:\Users\Administrador\Documents\proyecto_final_helder_java-js\apache-tomcat-11.0.8-windows-x64\apache-tomcat-11.0.8\webapps\host-manager] de la aplicación web
29-Jul-2025 17:43:10.373 INFO [main] org.apache.catalina.startup.HostConfig.deployDirectory Deployment of web application directory [C:\Users\Administrador\Documents\proyecto_final_helder_java-js\apache-tomcat-11.0.8-windows-x64\apache-tomcat-11.0.8\webapps\host-manager] has finished in [30] ms
29-Jul-2025 17:43:10.373 INFO [main] org.apache.catalina.startup.HostConfig.deployDirectory Desplegando el directorio [C:\Users\Administrador\Documents\proyecto_final_helder_java-js\apache-tomcat-11.0.8-windows-x64\apache-tomcat-11.0.8\webapps\manager] de la aplicación web
29-Jul-2025 17:43:10.401 INFO [main] org.apache.catalina.startup.HostConfig.deployDirectory Deployment of web application directory [C:\Users\Administrador\Documents\proyecto_final_helder_java-js\apache-tomcat-11.0.8-windows-x64\apache-tomcat-11.0.8\webapps\manager] has finished in [28] ms
29-Jul-2025 17:43:10.401 INFO [main] org.apache.catalina.startup.HostConfig.deployDirectory Desplegando el directorio [C:\Users\Administrador\Documents\proyecto_final_helder_java-js\apache-tomcat-11.0.8-windows-x64\apache-tomcat-11.0.8\webapps\ROOT] de la aplicación web
29-Jul-2025 17:43:10.428 INFO [main] org.apache.catalina.startup.HostConfig.deployDirectory Deployment of web application directory [C:\Users\Administrador\Documents\proyecto_final_helder_java-js\apache-tomcat-11.0.8-windows-x64\apache-tomcat-11.0.8\webapps\ROOT] has finished in [27] ms
29-Jul-2025 17:43:10.432 INFO [main] org.apache.coyote.AbstractProtocol.start Starting ProtocolHandler ["http-nio-8080"]
29-Jul-2025 17:43:10.452 INFO [main] org.apache.catalina.startup.Catalina.start Server startup in [706] milliseconds
29-Jul-2025 17:43:33.991 INFO [main] org.apache.catalina.core.StandardServer.await Se ha recibido un comando de apagado a través del puerto de apagado. Parando la instancia del Servidor.
29-Jul-2025 17:43:33.991 INFO [main] org.apache.coyote.AbstractProtocol.pause Pausing ProtocolHandler ["http-nio-8080"]
29-Jul-2025 17:43:34.000 INFO [main] org.apache.catalina.core.StandardService.stopInternal Parando servicio [Catalina]
29-Jul-2025 17:43:34.014 INFO [main] org.apache.coyote.AbstractProtocol.stop Stopping ProtocolHandler ["http-nio-8080"]
29-Jul-2025 17:43:34.034 INFO [main] org.apache.coyote.AbstractProtocol.destroy Destroying ProtocolHandler ["http-nio-8080"]
29-Jul-2025 17:43:37.115 INFO [main] org.apache.catalina.startup.VersionLoggerListener.log Nombre de la versión del servidor: Apache Tomcat/11.0.8
29-Jul-2025 17:43:37.118 INFO [main] org.apache.catalina.startup.VersionLoggerListener.log Server built:                      Jun 5 2025 17:49:55 UTC
29-Jul-2025 17:43:37.118 INFO [main] org.apache.catalina.startup.VersionLoggerListener.log Número de versión de servidor:     11.0.8.0
29-Jul-2025 17:43:37.118 INFO [main] org.apache.catalina.startup.VersionLoggerListener.log OS Name:                           Windows 10
29-Jul-2025 17:43:37.118 INFO [main] org.apache.catalina.startup.VersionLoggerListener.log Versión de Systema Operativo:      10.0
29-Jul-2025 17:43:37.118 INFO [main] org.apache.catalina.startup.VersionLoggerListener.log Arquitectura:                      amd64
29-Jul-2025 17:43:37.118 INFO [main] org.apache.catalina.startup.VersionLoggerListener.log Java Home:                         C:\Program Files\Java\jdk-22
29-Jul-2025 17:43:37.118 INFO [main] org.apache.catalina.startup.VersionLoggerListener.log JVM Version:                       22.0.2+9-70
29-Jul-2025 17:43:37.118 INFO [main] org.apache.catalina.startup.VersionLoggerListener.log Vededor JVM:                       Oracle Corporation
29-Jul-2025 17:43:37.118 INFO [main] org.apache.catalina.startup.VersionLoggerListener.log CATALINA_BASE:                     C:\Users\Administrador\Documents\proyecto_final_helder_java-js\apache-tomcat-11.0.8-windows-x64\apache-tomcat-11.0.8
29-Jul-2025 17:43:37.118 INFO [main] org.apache.catalina.startup.VersionLoggerListener.log CATALINA_HOME:                     C:\Users\Administrador\Documents\proyecto_final_helder_java-js\apache-tomcat-11.0.8-windows-x64\apache-tomcat-11.0.8
29-Jul-2025 17:43:37.125 INFO [main] org.apache.catalina.startup.VersionLoggerListener.log Command line argument:             -Djava.util.logging.config.file=C:\Users\Administrador\Documents\proyecto_final_helder_java-js\apache-tomcat-11.0.8-windows-x64\apache-tomcat-11.0.8\conf\logging.properties
29-Jul-2025 17:43:37.125 INFO [main] org.apache.catalina.startup.VersionLoggerListener.log Command line argument:             -Djava.util.logging.manager=org.apache.juli.ClassLoaderLogManager
29-Jul-2025 17:43:37.125 INFO [main] org.apache.catalina.startup.VersionLoggerListener.log Command line argument:             -Djdk.tls.ephemeralDHKeySize=2048
29-Jul-2025 17:43:37.125 INFO [main] org.apache.catalina.startup.VersionLoggerListener.log Command line argument:             --add-opens=java.base/java.lang=ALL-UNNAMED
29-Jul-2025 17:43:37.125 INFO [main] org.apache.catalina.startup.VersionLoggerListener.log Command line argument:             --add-opens=java.base/java.lang.reflect=ALL-UNNAMED
29-Jul-2025 17:43:37.125 INFO [main] org.apache.catalina.startup.VersionLoggerListener.log Command line argument:             --add-opens=java.base/java.io=ALL-UNNAMED
29-Jul-2025 17:43:37.126 INFO [main] org.apache.catalina.startup.VersionLoggerListener.log Command line argument:             --add-opens=java.base/java.util=ALL-UNNAMED
29-Jul-2025 17:43:37.126 INFO [main] org.apache.catalina.startup.VersionLoggerListener.log Command line argument:             --add-opens=java.base/java.util.concurrent=ALL-UNNAMED
29-Jul-2025 17:43:37.126 INFO [main] org.apache.catalina.startup.VersionLoggerListener.log Command line argument:             --add-opens=java.rmi/sun.rmi.transport=ALL-UNNAMED
29-Jul-2025 17:43:37.126 INFO [main] org.apache.catalina.startup.VersionLoggerListener.log Command line argument:             --enable-native-access=ALL-UNNAMED
29-Jul-2025 17:43:37.126 INFO [main] org.apache.catalina.startup.VersionLoggerListener.log Command line argument:             -Dcatalina.base=C:\Users\Administrador\Documents\proyecto_final_helder_java-js\apache-tomcat-11.0.8-windows-x64\apache-tomcat-11.0.8
29-Jul-2025 17:43:37.126 INFO [main] org.apache.catalina.startup.VersionLoggerListener.log Command line argument:             -Dcatalina.home=C:\Users\Administrador\Documents\proyecto_final_helder_java-js\apache-tomcat-11.0.8-windows-x64\apache-tomcat-11.0.8
29-Jul-2025 17:43:37.182 INFO [main] org.apache.catalina.startup.VersionLoggerListener.log Command line argument:             -Djava.io.tmpdir=C:\Users\Administrador\Documents\proyecto_final_helder_java-js\apache-tomcat-11.0.8-windows-x64\apache-tomcat-11.0.8\temp
29-Jul-2025 17:43:37.189 INFO [main] org.apache.catalina.core.AprLifecycleListener.lifecycleEvent Cargada la biblioteca nativa APR de Apache Tomcat [2.0.9] con la versión APR [1.7.6].
29-Jul-2025 17:43:37.203 INFO [main] org.apache.catalina.core.AprLifecycleListener.initializeSSL OpenSSL inicializado correctamente [OpenSSL 3.5.0 8 Apr 2025]
29-Jul-2025 17:43:37.427 INFO [main] org.apache.coyote.AbstractProtocol.init Inicializando el manejador de protocolo ["http-nio-8080"]

29-Jul-2025 17:43:37.431 INFO [main] org.apache.catalina.startup.Catalina.load Server initialization in [475] milliseconds
29-Jul-2025 17:43:37.476 INFO [main] org.apache.catalina.core.StandardService.startInternal Arrancando servicio [Catalina]
29-Jul-2025 17:43:37.476 INFO [main] org.apache.catalina.core.StandardEngine.startInternal Starting Servlet engine: [Apache Tomcat/11.0.8]
29-Jul-2025 17:43:37.484 INFO [main] org.apache.catalina.startup.HostConfig.deployDirectory Desplegando el directorio [C:\Users\Administrador\Documents\proyecto_final_helder_java-js\apache-tomcat-11.0.8-windows-x64\apache-tomcat-11.0.8\webapps\docs] de la aplicación web
29-Jul-2025 17:43:37.717 INFO [main] org.apache.catalina.startup.HostConfig.deployDirectory Deployment of web application directory [C:\Users\Administrador\Documents\proyecto_final_helder_java-js\apache-tomcat-11.0.8-windows-x64\apache-tomcat-11.0.8\webapps\docs] has finished in [231] ms
29-Jul-2025 17:43:37.718 INFO [main] org.apache.catalina.startup.HostConfig.deployDirectory Desplegando el directorio [C:\Users\Administrador\Documents\proyecto_final_helder_java-js\apache-tomcat-11.0.8-windows-x64\apache-tomcat-11.0.8\webapps\examples] de la aplicación web
29-Jul-2025 17:43:38.046 INFO [main] org.apache.catalina.startup.HostConfig.deployDirectory Deployment of web application directory [C:\Users\Administrador\Documents\proyecto_final_helder_java-js\apache-tomcat-11.0.8-windows-x64\apache-tomcat-11.0.8\webapps\examples] has finished in [328] ms
29-Jul-2025 17:43:38.046 INFO [main] org.apache.catalina.startup.HostConfig.deployDirectory Desplegando el directorio [C:\Users\Administrador\Documents\proyecto_final_helder_java-js\apache-tomcat-11.0.8-windows-x64\apache-tomcat-11.0.8\webapps\host-manager] de la aplicación web
29-Jul-2025 17:43:38.076 INFO [main] org.apache.catalina.startup.HostConfig.deployDirectory Deployment of web application directory [C:\Users\Administrador\Documents\proyecto_final_helder_java-js\apache-tomcat-11.0.8-windows-x64\apache-tomcat-11.0.8\webapps\host-manager] has finished in [30] ms
29-Jul-2025 17:43:38.076 INFO [main] org.apache.catalina.startup.HostConfig.deployDirectory Desplegando el directorio [C:\Users\Administrador\Documents\proyecto_final_helder_java-js\apache-tomcat-11.0.8-windows-x64\apache-tomcat-11.0.8\webapps\manager] de la aplicación web
29-Jul-2025 17:43:38.107 INFO [main] org.apache.catalina.startup.HostConfig.deployDirectory Deployment of web application directory [C:\Users\Administrador\Documents\proyecto_final_helder_java-js\apache-tomcat-11.0.8-windows-x64\apache-tomcat-11.0.8\webapps\manager] has finished in [31] ms
29-Jul-2025 17:43:38.107 INFO [main] org.apache.catalina.startup.HostConfig.deployDirectory Desplegando el directorio [C:\Users\Administrador\Documents\proyecto_final_helder_java-js\apache-tomcat-11.0.8-windows-x64\apache-tomcat-11.0.8\webapps\ROOT] de la aplicación web
29-Jul-2025 17:43:38.129 INFO [main] org.apache.catalina.startup.HostConfig.deployDirectory Deployment of web application directory [C:\Users\Administrador\Documents\proyecto_final_helder_java-js\apache-tomcat-11.0.8-windows-x64\apache-tomcat-11.0.8\webapps\ROOT] has finished in [22] ms
29-Jul-2025 17:43:38.133 INFO [main] org.apache.coyote.AbstractProtocol.start Starting ProtocolHandler ["http-nio-8080"]
29-Jul-2025 17:43:38.153 INFO [main] org.apache.catalina.startup.Catalina.start Server startup in [710] milliseconds
29-Jul-2025 17:44:23.660 INFO [http-nio-8080-exec-3] org.apache.catalina.startup.HostConfig.deployDescriptor Desplieque del descriptor de configuración [C:\Users\Administrador\Documents\proyecto_final_helder_java-js\apache-tomcat-11.0.8-windows-x64\apache-tomcat-11.0.8\conf\Catalina\localhost\helder.xml]
29-Jul-2025 17:44:23.662 WARNING [http-nio-8080-exec-3] org.apache.catalina.startup.HostConfig.deployDescriptor The path attribute with value [/helder] in deployment descriptor [C:\Users\Administrador\Documents\proyecto_final_helder_java-js\apache-tomcat-11.0.8-windows-x64\apache-tomcat-11.0.8\conf\Catalina\localhost\helder.xml] has been ignored
29-Jul-2025 17:44:24.700 INFO [http-nio-8080-exec-3] org.apache.jasper.servlet.TldScanner.scanJars Al menos un JAR, que se ha explorado buscando TLDs, aún no contenía TLDs. Activar historial de depuración para este historiador para una completa lista de los JARs que fueron explorados y de los que nos se halló TLDs. Saltarse JARs no necesarios durante la exploración puede dar lugar a una mejora de tiempo significativa en el arranque y compilación de JSP .
29-Jul-2025 17:44:25.140 WARNING [http-nio-8080-exec-3] org.glassfish.jersey.server.wadl.WadlFeature.configure JAXBContext implementation could not be found. WADL feature is disabled.
29-Jul-2025 17:44:25.442 INFO [http-nio-8080-exec-3] org.apache.catalina.startup.HostConfig.deployDescriptor Deployment of deployment descriptor [C:\Users\Administrador\Documents\proyecto_final_helder_java-js\apache-tomcat-11.0.8-windows-x64\apache-tomcat-11.0.8\conf\Catalina\localhost\helder.xml] has finished in [1.782] ms
29-Jul-2025 17:44:25.445 INFO [http-nio-8080-exec-9] org.apache.catalina.util.LifecycleBase.start The start() method was called on component [StandardEngine[Catalina].StandardHost[localhost].StandardContext[/helder]] after start() had already been called. The second call will be ignored.
29-Jul-2025 17:53:41.790 INFO [http-nio-8080-exec-2] org.apache.catalina.startup.HostConfig.undeploy Repliegue (undeploy) de la aplicación web que tiene como trayectoria de contexto [/helder]
29-Jul-2025 17:54:46.421 INFO [main] org.apache.catalina.core.StandardServer.await Se ha recibido un comando de apagado a través del puerto de apagado. Parando la instancia del Servidor.
29-Jul-2025 17:54:46.421 INFO [main] org.apache.coyote.AbstractProtocol.pause Pausing ProtocolHandler ["http-nio-8080"]
29-Jul-2025 17:54:46.431 INFO [main] org.apache.catalina.core.StandardService.stopInternal Parando servicio [Catalina]
29-Jul-2025 17:54:46.440 INFO [main] org.apache.coyote.AbstractProtocol.stop Stopping ProtocolHandler ["http-nio-8080"]
29-Jul-2025 17:54:46.443 INFO [main] org.apache.coyote.AbstractProtocol.destroy Destroying ProtocolHandler ["http-nio-8080"]
29-Jul-2025 17:54:49.571 INFO [main] org.apache.catalina.startup.VersionLoggerListener.log Nombre de la versión del servidor: Apache Tomcat/11.0.8
29-Jul-2025 17:54:49.575 INFO [main] org.apache.catalina.startup.VersionLoggerListener.log Server built:                      Jun 5 2025 17:49:55 UTC
29-Jul-2025 17:54:49.575 INFO [main] org.apache.catalina.startup.VersionLoggerListener.log Número de versión de servidor:     11.0.8.0
29-Jul-2025 17:54:49.575 INFO [main] org.apache.catalina.startup.VersionLoggerListener.log OS Name:                           Windows 10
29-Jul-2025 17:54:49.575 INFO [main] org.apache.catalina.startup.VersionLoggerListener.log Versión de Systema Operativo:      10.0
29-Jul-2025 17:54:49.575 INFO [main] org.apache.catalina.startup.VersionLoggerListener.log Arquitectura:                      amd64
29-Jul-2025 17:54:49.575 INFO [main] org.apache.catalina.startup.VersionLoggerListener.log Java Home:                         C:\Program Files\Java\jdk-22
29-Jul-2025 17:54:49.575 INFO [main] org.apache.catalina.startup.VersionLoggerListener.log JVM Version:                       22.0.2+9-70
29-Jul-2025 17:54:49.575 INFO [main] org.apache.catalina.startup.VersionLoggerListener.log Vededor JVM:                       Oracle Corporation
29-Jul-2025 17:54:49.575 INFO [main] org.apache.catalina.startup.VersionLoggerListener.log CATALINA_BASE:                     C:\Users\Administrador\Documents\proyecto_final_helder_java-js\apache-tomcat-11.0.8-windows-x64\apache-tomcat-11.0.8
29-Jul-2025 17:54:49.575 INFO [main] org.apache.catalina.startup.VersionLoggerListener.log CATALINA_HOME:                     C:\Users\Administrador\Documents\proyecto_final_helder_java-js\apache-tomcat-11.0.8-windows-x64\apache-tomcat-11.0.8
29-Jul-2025 17:54:49.582 INFO [main] org.apache.catalina.startup.VersionLoggerListener.log Command line argument:             -Djava.util.logging.config.file=C:\Users\Administrador\Documents\proyecto_final_helder_java-js\apache-tomcat-11.0.8-windows-x64\apache-tomcat-11.0.8\conf\logging.properties
29-Jul-2025 17:54:49.582 INFO [main] org.apache.catalina.startup.VersionLoggerListener.log Command line argument:             -Djava.util.logging.manager=org.apache.juli.ClassLoaderLogManager
29-Jul-2025 17:54:49.582 INFO [main] org.apache.catalina.startup.VersionLoggerListener.log Command line argument:             -Djdk.tls.ephemeralDHKeySize=2048
29-Jul-2025 17:54:49.582 INFO [main] org.apache.catalina.startup.VersionLoggerListener.log Command line argument:             --add-opens=java.base/java.lang=ALL-UNNAMED
29-Jul-2025 17:54:49.582 INFO [main] org.apache.catalina.startup.VersionLoggerListener.log Command line argument:             --add-opens=java.base/java.lang.reflect=ALL-UNNAMED
29-Jul-2025 17:54:49.582 INFO [main] org.apache.catalina.startup.VersionLoggerListener.log Command line argument:             --add-opens=java.base/java.io=ALL-UNNAMED
29-Jul-2025 17:54:49.583 INFO [main] org.apache.catalina.startup.VersionLoggerListener.log Command line argument:             --add-opens=java.base/java.util=ALL-UNNAMED
29-Jul-2025 17:54:49.583 INFO [main] org.apache.catalina.startup.VersionLoggerListener.log Command line argument:             --add-opens=java.base/java.util.concurrent=ALL-UNNAMED
29-Jul-2025 17:54:49.583 INFO [main] org.apache.catalina.startup.VersionLoggerListener.log Command line argument:             --add-opens=java.rmi/sun.rmi.transport=ALL-UNNAMED
29-Jul-2025 17:54:49.583 INFO [main] org.apache.catalina.startup.VersionLoggerListener.log Command line argument:             --enable-native-access=ALL-UNNAMED
29-Jul-2025 17:54:49.583 INFO [main] org.apache.catalina.startup.VersionLoggerListener.log Command line argument:             -Dcatalina.base=C:\Users\Administrador\Documents\proyecto_final_helder_java-js\apache-tomcat-11.0.8-windows-x64\apache-tomcat-11.0.8
29-Jul-2025 17:54:49.583 INFO [main] org.apache.catalina.startup.VersionLoggerListener.log Command line argument:             -Dcatalina.home=C:\Users\Administrador\Documents\proyecto_final_helder_java-js\apache-tomcat-11.0.8-windows-x64\apache-tomcat-11.0.8
29-Jul-2025 17:54:49.604 INFO [main] org.apache.catalina.startup.VersionLoggerListener.log Command line argument:             -Djava.io.tmpdir=C:\Users\Administrador\Documents\proyecto_final_helder_java-js\apache-tomcat-11.0.8-windows-x64\apache-tomcat-11.0.8\temp
29-Jul-2025 17:54:49.610 INFO [main] org.apache.catalina.core.AprLifecycleListener.lifecycleEvent Cargada la biblioteca nativa APR de Apache Tomcat [2.0.9] con la versión APR [1.7.6].
29-Jul-2025 17:54:49.618 INFO [main] org.apache.catalina.core.AprLifecycleListener.initializeSSL OpenSSL inicializado correctamente [OpenSSL 3.5.0 8 Apr 2025]
29-Jul-2025 17:54:49.835 INFO [main] org.apache.coyote.AbstractProtocol.init Inicializando el manejador de protocolo ["http-nio-8080"]

29-Jul-2025 17:54:49.850 INFO [main] org.apache.catalina.startup.Catalina.load Server initialization in [427] milliseconds
29-Jul-2025 17:54:49.884 INFO [main] org.apache.catalina.core.StandardService.startInternal Arrancando servicio [Catalina]
29-Jul-2025 17:54:49.884 INFO [main] org.apache.catalina.core.StandardEngine.startInternal Starting Servlet engine: [Apache Tomcat/11.0.8]
29-Jul-2025 17:54:49.891 INFO [main] org.apache.catalina.startup.HostConfig.deployDirectory Desplegando el directorio [C:\Users\Administrador\Documents\proyecto_final_helder_java-js\apache-tomcat-11.0.8-windows-x64\apache-tomcat-11.0.8\webapps\docs] de la aplicación web
29-Jul-2025 17:54:50.122 INFO [main] org.apache.catalina.startup.HostConfig.deployDirectory Deployment of web application directory [C:\Users\Administrador\Documents\proyecto_final_helder_java-js\apache-tomcat-11.0.8-windows-x64\apache-tomcat-11.0.8\webapps\docs] has finished in [229] ms
29-Jul-2025 17:54:50.122 INFO [main] org.apache.catalina.startup.HostConfig.deployDirectory Desplegando el directorio [C:\Users\Administrador\Documents\proyecto_final_helder_java-js\apache-tomcat-11.0.8-windows-x64\apache-tomcat-11.0.8\webapps\examples] de la aplicación web
29-Jul-2025 17:54:50.445 INFO [main] org.apache.catalina.startup.HostConfig.deployDirectory Deployment of web application directory [C:\Users\Administrador\Documents\proyecto_final_helder_java-js\apache-tomcat-11.0.8-windows-x64\apache-tomcat-11.0.8\webapps\examples] has finished in [323] ms
29-Jul-2025 17:54:50.445 INFO [main] org.apache.catalina.startup.HostConfig.deployDirectory Desplegando el directorio [C:\Users\Administrador\Documents\proyecto_final_helder_java-js\apache-tomcat-11.0.8-windows-x64\apache-tomcat-11.0.8\webapps\host-manager] de la aplicación web
29-Jul-2025 17:54:50.473 INFO [main] org.apache.catalina.startup.HostConfig.deployDirectory Deployment of web application directory [C:\Users\Administrador\Documents\proyecto_final_helder_java-js\apache-tomcat-11.0.8-windows-x64\apache-tomcat-11.0.8\webapps\host-manager] has finished in [28] ms
29-Jul-2025 17:54:50.473 INFO [main] org.apache.catalina.startup.HostConfig.deployDirectory Desplegando el directorio [C:\Users\Administrador\Documents\proyecto_final_helder_java-js\apache-tomcat-11.0.8-windows-x64\apache-tomcat-11.0.8\webapps\manager] de la aplicación web
29-Jul-2025 17:54:50.493 INFO [main] org.apache.catalina.startup.HostConfig.deployDirectory Deployment of web application directory [C:\Users\Administrador\Documents\proyecto_final_helder_java-js\apache-tomcat-11.0.8-windows-x64\apache-tomcat-11.0.8\webapps\manager] has finished in [20] ms
29-Jul-2025 17:54:50.493 INFO [main] org.apache.catalina.startup.HostConfig.deployDirectory Desplegando el directorio [C:\Users\Administrador\Documents\proyecto_final_helder_java-js\apache-tomcat-11.0.8-windows-x64\apache-tomcat-11.0.8\webapps\ROOT] de la aplicación web
29-Jul-2025 17:54:50.528 INFO [main] org.apache.catalina.startup.HostConfig.deployDirectory Deployment of web application directory [C:\Users\Administrador\Documents\proyecto_final_helder_java-js\apache-tomcat-11.0.8-windows-x64\apache-tomcat-11.0.8\webapps\ROOT] has finished in [35] ms
29-Jul-2025 17:54:50.531 INFO [main] org.apache.coyote.AbstractProtocol.start Starting ProtocolHandler ["http-nio-8080"]
29-Jul-2025 17:54:50.543 INFO [main] org.apache.catalina.startup.Catalina.start Server startup in [699] milliseconds
29-Jul-2025 17:55:16.558 INFO [http-nio-8080-exec-6] org.apache.catalina.startup.HostConfig.deployDescriptor Desplieque del descriptor de configuración [C:\Users\Administrador\Documents\proyecto_final_helder_java-js\apache-tomcat-11.0.8-windows-x64\apache-tomcat-11.0.8\conf\Catalina\localhost\helder.xml]
29-Jul-2025 17:55:16.559 WARNING [http-nio-8080-exec-6] org.apache.catalina.startup.HostConfig.deployDescriptor The path attribute with value [/helder] in deployment descriptor [C:\Users\Administrador\Documents\proyecto_final_helder_java-js\apache-tomcat-11.0.8-windows-x64\apache-tomcat-11.0.8\conf\Catalina\localhost\helder.xml] has been ignored
29-Jul-2025 17:55:17.614 INFO [http-nio-8080-exec-6] org.apache.jasper.servlet.TldScanner.scanJars Al menos un JAR, que se ha explorado buscando TLDs, aún no contenía TLDs. Activar historial de depuración para este historiador para una completa lista de los JARs que fueron explorados y de los que nos se halló TLDs. Saltarse JARs no necesarios durante la exploración puede dar lugar a una mejora de tiempo significativa en el arranque y compilación de JSP .
29-Jul-2025 17:55:18.057 WARNING [http-nio-8080-exec-6] org.glassfish.jersey.server.wadl.WadlFeature.configure JAXBContext implementation could not be found. WADL feature is disabled.
29-Jul-2025 17:55:18.361 INFO [http-nio-8080-exec-6] org.apache.catalina.startup.HostConfig.deployDescriptor Deployment of deployment descriptor [C:\Users\Administrador\Documents\proyecto_final_helder_java-js\apache-tomcat-11.0.8-windows-x64\apache-tomcat-11.0.8\conf\Catalina\localhost\helder.xml] has finished in [1.803] ms
29-Jul-2025 17:55:18.364 INFO [http-nio-8080-exec-7] org.apache.catalina.util.LifecycleBase.start The start() method was called on component [StandardEngine[Catalina].StandardHost[localhost].StandardContext[/helder]] after start() had already been called. The second call will be ignored.
29-Jul-2025 19:06:46.757 INFO [http-nio-8080-exec-9] org.apache.catalina.startup.HostConfig.undeploy Repliegue (undeploy) de la aplicación web que tiene como trayectoria de contexto [/helder]
29-Jul-2025 19:06:59.011 INFO [http-nio-8080-exec-5] org.apache.catalina.startup.HostConfig.deployDescriptor Desplieque del descriptor de configuración [C:\Users\Administrador\Documents\proyecto_final_helder_java-js\apache-tomcat-11.0.8-windows-x64\apache-tomcat-11.0.8\conf\Catalina\localhost\helder.xml]
29-Jul-2025 19:06:59.012 WARNING [http-nio-8080-exec-5] org.apache.catalina.startup.HostConfig.deployDescriptor The path attribute with value [/helder] in deployment descriptor [C:\Users\Administrador\Documents\proyecto_final_helder_java-js\apache-tomcat-11.0.8-windows-x64\apache-tomcat-11.0.8\conf\Catalina\localhost\helder.xml] has been ignored
29-Jul-2025 19:06:59.996 INFO [http-nio-8080-exec-5] org.apache.jasper.servlet.TldScanner.scanJars Al menos un JAR, que se ha explorado buscando TLDs, aún no contenía TLDs. Activar historial de depuración para este historiador para una completa lista de los JARs que fueron explorados y de los que nos se halló TLDs. Saltarse JARs no necesarios durante la exploración puede dar lugar a una mejora de tiempo significativa en el arranque y compilación de JSP .
29-Jul-2025 19:07:00.323 WARNING [http-nio-8080-exec-5] org.glassfish.jersey.server.internal.scanning.AnnotationAcceptingListener$ClassReaderWrapper.accept Unsupported class file major version 66
29-Jul-2025 19:07:00.326 WARNING [http-nio-8080-exec-5] org.glassfish.jersey.server.internal.scanning.AnnotationAcceptingListener$ClassReaderWrapper.accept Unsupported class file major version 66
29-Jul-2025 19:07:00.326 WARNING [http-nio-8080-exec-5] org.glassfish.jersey.server.internal.scanning.AnnotationAcceptingListener$ClassReaderWrapper.accept Unsupported class file major version 66
29-Jul-2025 19:07:00.326 WARNING [http-nio-8080-exec-5] org.glassfish.jersey.server.internal.scanning.AnnotationAcceptingListener$ClassReaderWrapper.accept Unsupported class file major version 66
29-Jul-2025 19:07:00.327 WARNING [http-nio-8080-exec-5] org.glassfish.jersey.server.internal.scanning.AnnotationAcceptingListener$ClassReaderWrapper.accept Unsupported class file major version 66
29-Jul-2025 19:07:00.327 WARNING [http-nio-8080-exec-5] org.glassfish.jersey.server.internal.scanning.AnnotationAcceptingListener$ClassReaderWrapper.accept Unsupported class file major version 66
29-Jul-2025 19:07:00.328 WARNING [http-nio-8080-exec-5] org.glassfish.jersey.server.internal.scanning.AnnotationAcceptingListener$ClassReaderWrapper.accept Unsupported class file major version 66
29-Jul-2025 19:07:00.328 WARNING [http-nio-8080-exec-5] org.glassfish.jersey.server.internal.scanning.AnnotationAcceptingListener$ClassReaderWrapper.accept Unsupported class file major version 66
29-Jul-2025 19:07:00.329 WARNING [http-nio-8080-exec-5] org.glassfish.jersey.server.internal.scanning.AnnotationAcceptingListener$ClassReaderWrapper.accept Unsupported class file major version 66
29-Jul-2025 19:07:00.329 WARNING [http-nio-8080-exec-5] org.glassfish.jersey.server.internal.scanning.AnnotationAcceptingListener$ClassReaderWrapper.accept Unsupported class file major version 66
29-Jul-2025 19:07:00.329 WARNING [http-nio-8080-exec-5] org.glassfish.jersey.server.internal.scanning.AnnotationAcceptingListener$ClassReaderWrapper.accept Unsupported class file major version 66
29-Jul-2025 19:07:00.330 WARNING [http-nio-8080-exec-5] org.glassfish.jersey.server.internal.scanning.AnnotationAcceptingListener$ClassReaderWrapper.accept Unsupported class file major version 66
29-Jul-2025 19:07:00.330 WARNING [http-nio-8080-exec-5] org.glassfish.jersey.server.internal.scanning.AnnotationAcceptingListener$ClassReaderWrapper.accept Unsupported class file major version 66
29-Jul-2025 19:07:00.331 WARNING [http-nio-8080-exec-5] org.glassfish.jersey.server.internal.scanning.AnnotationAcceptingListener$ClassReaderWrapper.accept Unsupported class file major version 66
29-Jul-2025 19:07:00.331 WARNING [http-nio-8080-exec-5] org.glassfish.jersey.server.internal.scanning.AnnotationAcceptingListener$ClassReaderWrapper.accept Unsupported class file major version 66
29-Jul-2025 19:07:00.331 WARNING [http-nio-8080-exec-5] org.glassfish.jersey.server.internal.scanning.AnnotationAcceptingListener$ClassReaderWrapper.accept Unsupported class file major version 66
29-Jul-2025 19:07:00.332 WARNING [http-nio-8080-exec-5] org.glassfish.jersey.server.internal.scanning.AnnotationAcceptingListener$ClassReaderWrapper.accept Unsupported class file major version 66
29-Jul-2025 19:07:00.332 WARNING [http-nio-8080-exec-5] org.glassfish.jersey.server.internal.scanning.AnnotationAcceptingListener$ClassReaderWrapper.accept Unsupported class file major version 66
29-Jul-2025 19:07:00.332 WARNING [http-nio-8080-exec-5] org.glassfish.jersey.server.internal.scanning.AnnotationAcceptingListener$ClassReaderWrapper.accept Unsupported class file major version 66
29-Jul-2025 19:07:00.333 WARNING [http-nio-8080-exec-5] org.glassfish.jersey.server.internal.scanning.AnnotationAcceptingListener$ClassReaderWrapper.accept Unsupported class file major version 66
29-Jul-2025 19:07:00.333 WARNING [http-nio-8080-exec-5] org.glassfish.jersey.server.internal.scanning.AnnotationAcceptingListener$ClassReaderWrapper.accept Unsupported class file major version 66
29-Jul-2025 19:07:00.368 WARNING [http-nio-8080-exec-5] org.glassfish.jersey.server.internal.scanning.AnnotationAcceptingListener$ClassReaderWrapper.accept Unsupported class file major version 66
29-Jul-2025 19:07:00.460 WARNING [http-nio-8080-exec-5] org.glassfish.jersey.server.wadl.WadlFeature.configure JAXBContext implementation could not be found. WADL feature is disabled.
29-Jul-2025 19:07:00.677 INFO [http-nio-8080-exec-5] org.apache.catalina.startup.HostConfig.deployDescriptor Deployment of deployment descriptor [C:\Users\Administrador\Documents\proyecto_final_helder_java-js\apache-tomcat-11.0.8-windows-x64\apache-tomcat-11.0.8\conf\Catalina\localhost\helder.xml] has finished in [1.667] ms
29-Jul-2025 19:07:00.678 INFO [http-nio-8080-exec-7] org.apache.catalina.util.LifecycleBase.start The start() method was called on component [StandardEngine[Catalina].StandardHost[localhost].StandardContext[/helder]] after start() had already been called. The second call will be ignored.
29-Jul-2025 19:18:57.233 INFO [http-nio-8080-exec-19] org.apache.catalina.startup.HostConfig.undeploy Repliegue (undeploy) de la aplicación web que tiene como trayectoria de contexto [/helder]
29-Jul-2025 19:19:24.117 INFO [http-nio-8080-exec-16] org.apache.catalina.startup.HostConfig.deployDescriptor Desplieque del descriptor de configuración [C:\Users\Administrador\Documents\proyecto_final_helder_java-js\apache-tomcat-11.0.8-windows-x64\apache-tomcat-11.0.8\conf\Catalina\localhost\helder.xml]
29-Jul-2025 19:19:24.117 WARNING [http-nio-8080-exec-16] org.apache.catalina.startup.HostConfig.deployDescriptor The path attribute with value [/helder] in deployment descriptor [C:\Users\Administrador\Documents\proyecto_final_helder_java-js\apache-tomcat-11.0.8-windows-x64\apache-tomcat-11.0.8\conf\Catalina\localhost\helder.xml] has been ignored
29-Jul-2025 19:19:25.037 INFO [http-nio-8080-exec-16] org.apache.jasper.servlet.TldScanner.scanJars Al menos un JAR, que se ha explorado buscando TLDs, aún no contenía TLDs. Activar historial de depuración para este historiador para una completa lista de los JARs que fueron explorados y de los que nos se halló TLDs. Saltarse JARs no necesarios durante la exploración puede dar lugar a una mejora de tiempo significativa en el arranque y compilación de JSP .
29-Jul-2025 19:19:25.343 WARNING [http-nio-8080-exec-16] org.glassfish.jersey.server.internal.scanning.AnnotationAcceptingListener$ClassReaderWrapper.accept Unsupported class file major version 66
29-Jul-2025 19:19:25.345 WARNING [http-nio-8080-exec-16] org.glassfish.jersey.server.internal.scanning.AnnotationAcceptingListener$ClassReaderWrapper.accept Unsupported class file major version 66
29-Jul-2025 19:19:25.346 WARNING [http-nio-8080-exec-16] org.glassfish.jersey.server.internal.scanning.AnnotationAcceptingListener$ClassReaderWrapper.accept Unsupported class file major version 66
29-Jul-2025 19:19:25.346 WARNING [http-nio-8080-exec-16] org.glassfish.jersey.server.internal.scanning.AnnotationAcceptingListener$ClassReaderWrapper.accept Unsupported class file major version 66
29-Jul-2025 19:19:25.346 WARNING [http-nio-8080-exec-16] org.glassfish.jersey.server.internal.scanning.AnnotationAcceptingListener$ClassReaderWrapper.accept Unsupported class file major version 66
29-Jul-2025 19:19:25.347 WARNING [http-nio-8080-exec-16] org.glassfish.jersey.server.internal.scanning.AnnotationAcceptingListener$ClassReaderWrapper.accept Unsupported class file major version 66
29-Jul-2025 19:19:25.347 WARNING [http-nio-8080-exec-16] org.glassfish.jersey.server.internal.scanning.AnnotationAcceptingListener$ClassReaderWrapper.accept Unsupported class file major version 66
29-Jul-2025 19:19:25.348 WARNING [http-nio-8080-exec-16] org.glassfish.jersey.server.internal.scanning.AnnotationAcceptingListener$ClassReaderWrapper.accept Unsupported class file major version 66
29-Jul-2025 19:19:25.348 WARNING [http-nio-8080-exec-16] org.glassfish.jersey.server.internal.scanning.AnnotationAcceptingListener$ClassReaderWrapper.accept Unsupported class file major version 66
29-Jul-2025 19:19:25.349 WARNING [http-nio-8080-exec-16] org.glassfish.jersey.server.internal.scanning.AnnotationAcceptingListener$ClassReaderWrapper.accept Unsupported class file major version 66
29-Jul-2025 19:19:25.349 WARNING [http-nio-8080-exec-16] org.glassfish.jersey.server.internal.scanning.AnnotationAcceptingListener$ClassReaderWrapper.accept Unsupported class file major version 66
29-Jul-2025 19:19:25.349 WARNING [http-nio-8080-exec-16] org.glassfish.jersey.server.internal.scanning.AnnotationAcceptingListener$ClassReaderWrapper.accept Unsupported class file major version 66
29-Jul-2025 19:19:25.350 WARNING [http-nio-8080-exec-16] org.glassfish.jersey.server.internal.scanning.AnnotationAcceptingListener$ClassReaderWrapper.accept Unsupported class file major version 66
29-Jul-2025 19:19:25.350 WARNING [http-nio-8080-exec-16] org.glassfish.jersey.server.internal.scanning.AnnotationAcceptingListener$ClassReaderWrapper.accept Unsupported class file major version 66
29-Jul-2025 19:19:25.351 WARNING [http-nio-8080-exec-16] org.glassfish.jersey.server.internal.scanning.AnnotationAcceptingListener$ClassReaderWrapper.accept Unsupported class file major version 66
29-Jul-2025 19:19:25.351 WARNING [http-nio-8080-exec-16] org.glassfish.jersey.server.internal.scanning.AnnotationAcceptingListener$ClassReaderWrapper.accept Unsupported class file major version 66
29-Jul-2025 19:19:25.352 WARNING [http-nio-8080-exec-16] org.glassfish.jersey.server.internal.scanning.AnnotationAcceptingListener$ClassReaderWrapper.accept Unsupported class file major version 66
29-Jul-2025 19:19:25.352 WARNING [http-nio-8080-exec-16] org.glassfish.jersey.server.internal.scanning.AnnotationAcceptingListener$ClassReaderWrapper.accept Unsupported class file major version 66
29-Jul-2025 19:19:25.352 WARNING [http-nio-8080-exec-16] org.glassfish.jersey.server.internal.scanning.AnnotationAcceptingListener$ClassReaderWrapper.accept Unsupported class file major version 66
29-Jul-2025 19:19:25.353 WARNING [http-nio-8080-exec-16] org.glassfish.jersey.server.internal.scanning.AnnotationAcceptingListener$ClassReaderWrapper.accept Unsupported class file major version 66
29-Jul-2025 19:19:25.353 WARNING [http-nio-8080-exec-16] org.glassfish.jersey.server.internal.scanning.AnnotationAcceptingListener$ClassReaderWrapper.accept Unsupported class file major version 66
29-Jul-2025 19:19:25.369 WARNING [http-nio-8080-exec-16] org.glassfish.jersey.server.internal.scanning.AnnotationAcceptingListener$ClassReaderWrapper.accept Unsupported class file major version 66
29-Jul-2025 19:19:25.451 WARNING [http-nio-8080-exec-16] org.glassfish.jersey.server.wadl.WadlFeature.configure JAXBContext implementation could not be found. WADL feature is disabled.
29-Jul-2025 19:19:25.746 INFO [http-nio-8080-exec-16] org.apache.catalina.startup.HostConfig.deployDescriptor Deployment of deployment descriptor [C:\Users\Administrador\Documents\proyecto_final_helder_java-js\apache-tomcat-11.0.8-windows-x64\apache-tomcat-11.0.8\conf\Catalina\localhost\helder.xml] has finished in [1.629] ms
29-Jul-2025 19:19:25.750 INFO [http-nio-8080-exec-12] org.apache.catalina.util.LifecycleBase.start The start() method was called on component [StandardEngine[Catalina].StandardHost[localhost].StandardContext[/helder]] after start() had already been called. The second call will be ignored.
29-Jul-2025 19:19:46.806 INFO [http-nio-8080-exec-23] org.hibernate.validator.internal.util.Version.<clinit> HV000001: Hibernate Validator 8.0.2.Final
