01-Aug-2025 10:49:35.043 INFO [main] org.apache.catalina.startup.VersionLoggerListener.log Nombre de la versión del servidor: Apache Tomcat/11.0.8
01-Aug-2025 10:49:35.047 INFO [main] org.apache.catalina.startup.VersionLoggerListener.log Server built:                      Jun 5 2025 17:49:55 UTC
01-Aug-2025 10:49:35.047 INFO [main] org.apache.catalina.startup.VersionLoggerListener.log Número de versión de servidor:     11.0.8.0
01-Aug-2025 10:49:35.048 INFO [main] org.apache.catalina.startup.VersionLoggerListener.log OS Name:                           Windows 10
01-Aug-2025 10:49:35.048 INFO [main] org.apache.catalina.startup.VersionLoggerListener.log Versión de Systema Operativo:      10.0
01-Aug-2025 10:49:35.048 INFO [main] org.apache.catalina.startup.VersionLoggerListener.log Arquitectura:                      amd64
01-Aug-2025 10:49:35.048 INFO [main] org.apache.catalina.startup.VersionLoggerListener.log Java Home:                         C:\Program Files\Java\jdk-22
01-Aug-2025 10:49:35.048 INFO [main] org.apache.catalina.startup.VersionLoggerListener.log JVM Version:                       22.0.2+9-70
01-Aug-2025 10:49:35.048 INFO [main] org.apache.catalina.startup.VersionLoggerListener.log Vededor JVM:                       Oracle Corporation
01-Aug-2025 10:49:35.048 INFO [main] org.apache.catalina.startup.VersionLoggerListener.log CATALINA_BASE:                     C:\Users\Administrador\Documents\proyecto_final_helder_java-js\apache-tomcat-11.0.8-windows-x64\apache-tomcat-11.0.8
01-Aug-2025 10:49:35.048 INFO [main] org.apache.catalina.startup.VersionLoggerListener.log CATALINA_HOME:                     C:\Users\Administrador\Documents\proyecto_final_helder_java-js\apache-tomcat-11.0.8-windows-x64\apache-tomcat-11.0.8
01-Aug-2025 10:49:35.049 INFO [main] org.apache.catalina.startup.VersionLoggerListener.log Command line argument:             -Djava.util.logging.config.file=C:\Users\Administrador\Documents\proyecto_final_helder_java-js\apache-tomcat-11.0.8-windows-x64\apache-tomcat-11.0.8\conf\logging.properties
01-Aug-2025 10:49:35.049 INFO [main] org.apache.catalina.startup.VersionLoggerListener.log Command line argument:             -Djava.util.logging.manager=org.apache.juli.ClassLoaderLogManager
01-Aug-2025 10:49:35.049 INFO [main] org.apache.catalina.startup.VersionLoggerListener.log Command line argument:             -Djdk.tls.ephemeralDHKeySize=2048
01-Aug-2025 10:49:35.049 INFO [main] org.apache.catalina.startup.VersionLoggerListener.log Command line argument:             --add-opens=java.base/java.lang=ALL-UNNAMED
01-Aug-2025 10:49:35.049 INFO [main] org.apache.catalina.startup.VersionLoggerListener.log Command line argument:             --add-opens=java.base/java.lang.reflect=ALL-UNNAMED
01-Aug-2025 10:49:35.049 INFO [main] org.apache.catalina.startup.VersionLoggerListener.log Command line argument:             --add-opens=java.base/java.io=ALL-UNNAMED
01-Aug-2025 10:49:35.049 INFO [main] org.apache.catalina.startup.VersionLoggerListener.log Command line argument:             --add-opens=java.base/java.util=ALL-UNNAMED
01-Aug-2025 10:49:35.049 INFO [main] org.apache.catalina.startup.VersionLoggerListener.log Command line argument:             --add-opens=java.base/java.util.concurrent=ALL-UNNAMED
01-Aug-2025 10:49:35.049 INFO [main] org.apache.catalina.startup.VersionLoggerListener.log Command line argument:             --add-opens=java.rmi/sun.rmi.transport=ALL-UNNAMED
01-Aug-2025 10:49:35.049 INFO [main] org.apache.catalina.startup.VersionLoggerListener.log Command line argument:             --enable-native-access=ALL-UNNAMED
01-Aug-2025 10:49:35.049 INFO [main] org.apache.catalina.startup.VersionLoggerListener.log Command line argument:             -Dcatalina.base=C:\Users\Administrador\Documents\proyecto_final_helder_java-js\apache-tomcat-11.0.8-windows-x64\apache-tomcat-11.0.8
01-Aug-2025 10:49:35.049 INFO [main] org.apache.catalina.startup.VersionLoggerListener.log Command line argument:             -Dcatalina.home=C:\Users\Administrador\Documents\proyecto_final_helder_java-js\apache-tomcat-11.0.8-windows-x64\apache-tomcat-11.0.8
01-Aug-2025 10:49:35.081 INFO [main] org.apache.catalina.startup.VersionLoggerListener.log Command line argument:             -Djava.io.tmpdir=C:\Users\Administrador\Documents\proyecto_final_helder_java-js\apache-tomcat-11.0.8-windows-x64\apache-tomcat-11.0.8\temp
01-Aug-2025 10:49:35.095 INFO [main] org.apache.catalina.core.AprLifecycleListener.lifecycleEvent Cargada la biblioteca nativa APR de Apache Tomcat [2.0.9] con la versión APR [1.7.6].
01-Aug-2025 10:49:35.122 INFO [main] org.apache.catalina.core.AprLifecycleListener.initializeSSL OpenSSL inicializado correctamente [OpenSSL 3.5.0 8 Apr 2025]
01-Aug-2025 10:49:35.343 INFO [main] org.apache.coyote.AbstractProtocol.init Inicializando el manejador de protocolo ["http-nio-8080"]

01-Aug-2025 10:49:35.360 INFO [main] org.apache.catalina.startup.Catalina.load Server initialization in [481] milliseconds
01-Aug-2025 10:49:35.399 INFO [main] org.apache.catalina.core.StandardService.startInternal Arrancando servicio [Catalina]
01-Aug-2025 10:49:35.399 INFO [main] org.apache.catalina.core.StandardEngine.startInternal Starting Servlet engine: [Apache Tomcat/11.0.8]
01-Aug-2025 10:49:35.399 INFO [main] org.apache.catalina.startup.HostConfig.deployDescriptor Desplieque del descriptor de configuración [C:\Users\Administrador\Documents\proyecto_final_helder_java-js\apache-tomcat-11.0.8-windows-x64\apache-tomcat-11.0.8\conf\Catalina\localhost\helder.xml]
01-Aug-2025 10:49:35.421 WARNING [main] org.apache.catalina.startup.HostConfig.deployDescriptor The path attribute with value [/helder] in deployment descriptor [C:\Users\Administrador\Documents\proyecto_final_helder_java-js\apache-tomcat-11.0.8-windows-x64\apache-tomcat-11.0.8\conf\Catalina\localhost\helder.xml] has been ignored
01-Aug-2025 10:49:36.683 INFO [main] org.apache.jasper.servlet.TldScanner.scanJars Al menos un JAR, que se ha explorado buscando TLDs, aún no contenía TLDs. Activar historial de depuración para este historiador para una completa lista de los JARs que fueron explorados y de los que nos se halló TLDs. Saltarse JARs no necesarios durante la exploración puede dar lugar a una mejora de tiempo significativa en el arranque y compilación de JSP .
01-Aug-2025 10:49:37.109 WARNING [main] org.glassfish.jersey.server.internal.scanning.AnnotationAcceptingListener$ClassReaderWrapper.accept Unsupported class file major version 66
01-Aug-2025 10:49:37.126 WARNING [main] org.glassfish.jersey.server.internal.scanning.AnnotationAcceptingListener$ClassReaderWrapper.accept Unsupported class file major version 66
01-Aug-2025 10:49:37.127 WARNING [main] org.glassfish.jersey.server.internal.scanning.AnnotationAcceptingListener$ClassReaderWrapper.accept Unsupported class file major version 66
01-Aug-2025 10:49:37.127 WARNING [main] org.glassfish.jersey.server.internal.scanning.AnnotationAcceptingListener$ClassReaderWrapper.accept Unsupported class file major version 66
01-Aug-2025 10:49:37.127 WARNING [main] org.glassfish.jersey.server.internal.scanning.AnnotationAcceptingListener$ClassReaderWrapper.accept Unsupported class file major version 66
01-Aug-2025 10:49:37.128 WARNING [main] org.glassfish.jersey.server.internal.scanning.AnnotationAcceptingListener$ClassReaderWrapper.accept Unsupported class file major version 66
01-Aug-2025 10:49:37.128 WARNING [main] org.glassfish.jersey.server.internal.scanning.AnnotationAcceptingListener$ClassReaderWrapper.accept Unsupported class file major version 66
01-Aug-2025 10:49:37.129 WARNING [main] org.glassfish.jersey.server.internal.scanning.AnnotationAcceptingListener$ClassReaderWrapper.accept Unsupported class file major version 66
01-Aug-2025 10:49:37.129 WARNING [main] org.glassfish.jersey.server.internal.scanning.AnnotationAcceptingListener$ClassReaderWrapper.accept Unsupported class file major version 66
01-Aug-2025 10:49:37.129 WARNING [main] org.glassfish.jersey.server.internal.scanning.AnnotationAcceptingListener$ClassReaderWrapper.accept Unsupported class file major version 66
01-Aug-2025 10:49:37.130 WARNING [main] org.glassfish.jersey.server.internal.scanning.AnnotationAcceptingListener$ClassReaderWrapper.accept Unsupported class file major version 66
01-Aug-2025 10:49:37.130 WARNING [main] org.glassfish.jersey.server.internal.scanning.AnnotationAcceptingListener$ClassReaderWrapper.accept Unsupported class file major version 66
01-Aug-2025 10:49:37.130 WARNING [main] org.glassfish.jersey.server.internal.scanning.AnnotationAcceptingListener$ClassReaderWrapper.accept Unsupported class file major version 66
01-Aug-2025 10:49:37.130 WARNING [main] org.glassfish.jersey.server.internal.scanning.AnnotationAcceptingListener$ClassReaderWrapper.accept Unsupported class file major version 66
01-Aug-2025 10:49:37.132 WARNING [main] org.glassfish.jersey.server.internal.scanning.AnnotationAcceptingListener$ClassReaderWrapper.accept Unsupported class file major version 66
01-Aug-2025 10:49:37.132 WARNING [main] org.glassfish.jersey.server.internal.scanning.AnnotationAcceptingListener$ClassReaderWrapper.accept Unsupported class file major version 66
01-Aug-2025 10:49:37.133 WARNING [main] org.glassfish.jersey.server.internal.scanning.AnnotationAcceptingListener$ClassReaderWrapper.accept Unsupported class file major version 66
01-Aug-2025 10:49:37.133 WARNING [main] org.glassfish.jersey.server.internal.scanning.AnnotationAcceptingListener$ClassReaderWrapper.accept Unsupported class file major version 66
01-Aug-2025 10:49:37.133 WARNING [main] org.glassfish.jersey.server.internal.scanning.AnnotationAcceptingListener$ClassReaderWrapper.accept Unsupported class file major version 66
01-Aug-2025 10:49:37.133 WARNING [main] org.glassfish.jersey.server.internal.scanning.AnnotationAcceptingListener$ClassReaderWrapper.accept Unsupported class file major version 66
01-Aug-2025 10:49:37.134 WARNING [main] org.glassfish.jersey.server.internal.scanning.AnnotationAcceptingListener$ClassReaderWrapper.accept Unsupported class file major version 66
01-Aug-2025 10:49:37.134 WARNING [main] org.glassfish.jersey.server.internal.scanning.AnnotationAcceptingListener$ClassReaderWrapper.accept Unsupported class file major version 66
01-Aug-2025 10:49:37.134 WARNING [main] org.glassfish.jersey.server.internal.scanning.AnnotationAcceptingListener$ClassReaderWrapper.accept Unsupported class file major version 66
01-Aug-2025 10:49:37.230 WARNING [main] org.glassfish.jersey.server.wadl.WadlFeature.configure JAXBContext implementation could not be found. WADL feature is disabled.
01-Aug-2025 10:49:37.606 INFO [main] org.apache.catalina.startup.HostConfig.deployDescriptor Deployment of deployment descriptor [C:\Users\Administrador\Documents\proyecto_final_helder_java-js\apache-tomcat-11.0.8-windows-x64\apache-tomcat-11.0.8\conf\Catalina\localhost\helder.xml] has finished in [2.206] ms
01-Aug-2025 10:49:37.606 INFO [main] org.apache.catalina.startup.HostConfig.deployDescriptor Desplieque del descriptor de configuración [C:\Users\Administrador\Documents\proyecto_final_helder_java-js\apache-tomcat-11.0.8-windows-x64\apache-tomcat-11.0.8\conf\Catalina\localhost\StockControl_API.xml]
01-Aug-2025 10:49:37.607 WARNING [main] org.apache.catalina.startup.HostConfig.deployDescriptor The path attribute with value [/StockControl_API] in deployment descriptor [C:\Users\Administrador\Documents\proyecto_final_helder_java-js\apache-tomcat-11.0.8-windows-x64\apache-tomcat-11.0.8\conf\Catalina\localhost\StockControl_API.xml] has been ignored
01-Aug-2025 10:49:38.496 INFO [main] org.apache.jasper.servlet.TldScanner.scanJars Al menos un JAR, que se ha explorado buscando TLDs, aún no contenía TLDs. Activar historial de depuración para este historiador para una completa lista de los JARs que fueron explorados y de los que nos se halló TLDs. Saltarse JARs no necesarios durante la exploración puede dar lugar a una mejora de tiempo significativa en el arranque y compilación de JSP .
01-Aug-2025 10:49:38.499 INFO [main] org.apache.catalina.startup.HostConfig.deployDescriptor Deployment of deployment descriptor [C:\Users\Administrador\Documents\proyecto_final_helder_java-js\apache-tomcat-11.0.8-windows-x64\apache-tomcat-11.0.8\conf\Catalina\localhost\StockControl_API.xml] has finished in [893] ms
01-Aug-2025 10:49:38.499 INFO [main] org.apache.catalina.startup.HostConfig.deployDirectory Desplegando el directorio [C:\Users\Administrador\Documents\proyecto_final_helder_java-js\apache-tomcat-11.0.8-windows-x64\apache-tomcat-11.0.8\webapps\docs] de la aplicación web
01-Aug-2025 10:49:38.524 INFO [main] org.apache.catalina.startup.HostConfig.deployDirectory Deployment of web application directory [C:\Users\Administrador\Documents\proyecto_final_helder_java-js\apache-tomcat-11.0.8-windows-x64\apache-tomcat-11.0.8\webapps\docs] has finished in [25] ms
01-Aug-2025 10:49:38.524 INFO [main] org.apache.catalina.startup.HostConfig.deployDirectory Desplegando el directorio [C:\Users\Administrador\Documents\proyecto_final_helder_java-js\apache-tomcat-11.0.8-windows-x64\apache-tomcat-11.0.8\webapps\examples] de la aplicación web
01-Aug-2025 10:49:38.836 INFO [main] org.apache.catalina.startup.HostConfig.deployDirectory Deployment of web application directory [C:\Users\Administrador\Documents\proyecto_final_helder_java-js\apache-tomcat-11.0.8-windows-x64\apache-tomcat-11.0.8\webapps\examples] has finished in [312] ms
01-Aug-2025 10:49:38.836 INFO [main] org.apache.catalina.startup.HostConfig.deployDirectory Desplegando el directorio [C:\Users\Administrador\Documents\proyecto_final_helder_java-js\apache-tomcat-11.0.8-windows-x64\apache-tomcat-11.0.8\webapps\host-manager] de la aplicación web
01-Aug-2025 10:49:38.850 INFO [main] org.apache.catalina.startup.HostConfig.deployDirectory Deployment of web application directory [C:\Users\Administrador\Documents\proyecto_final_helder_java-js\apache-tomcat-11.0.8-windows-x64\apache-tomcat-11.0.8\webapps\host-manager] has finished in [14] ms
01-Aug-2025 10:49:38.850 INFO [main] org.apache.catalina.startup.HostConfig.deployDirectory Desplegando el directorio [C:\Users\Administrador\Documents\proyecto_final_helder_java-js\apache-tomcat-11.0.8-windows-x64\apache-tomcat-11.0.8\webapps\manager] de la aplicación web
01-Aug-2025 10:49:38.886 INFO [main] org.apache.catalina.startup.HostConfig.deployDirectory Deployment of web application directory [C:\Users\Administrador\Documents\proyecto_final_helder_java-js\apache-tomcat-11.0.8-windows-x64\apache-tomcat-11.0.8\webapps\manager] has finished in [36] ms
01-Aug-2025 10:49:38.886 INFO [main] org.apache.catalina.startup.HostConfig.deployDirectory Desplegando el directorio [C:\Users\Administrador\Documents\proyecto_final_helder_java-js\apache-tomcat-11.0.8-windows-x64\apache-tomcat-11.0.8\webapps\ROOT] de la aplicación web
01-Aug-2025 10:49:38.905 INFO [main] org.apache.catalina.startup.HostConfig.deployDirectory Deployment of web application directory [C:\Users\Administrador\Documents\proyecto_final_helder_java-js\apache-tomcat-11.0.8-windows-x64\apache-tomcat-11.0.8\webapps\ROOT] has finished in [19] ms
01-Aug-2025 10:49:38.909 INFO [main] org.apache.coyote.AbstractProtocol.start Starting ProtocolHandler ["http-nio-8080"]
01-Aug-2025 10:49:38.930 INFO [main] org.apache.catalina.startup.Catalina.start Server startup in [3568] milliseconds
01-Aug-2025 10:49:41.276 INFO [http-nio-8080-exec-10] org.apache.catalina.startup.HostConfig.undeploy Repliegue (undeploy) de la aplicación web que tiene como trayectoria de contexto [/helder]
01-Aug-2025 10:49:41.352 INFO [http-nio-8080-exec-1] org.apache.catalina.startup.HostConfig.deployDescriptor Desplieque del descriptor de configuración [C:\Users\Administrador\Documents\proyecto_final_helder_java-js\apache-tomcat-11.0.8-windows-x64\apache-tomcat-11.0.8\conf\Catalina\localhost\helder.xml]
01-Aug-2025 10:49:41.353 WARNING [http-nio-8080-exec-1] org.apache.catalina.startup.HostConfig.deployDescriptor The path attribute with value [/helder] in deployment descriptor [C:\Users\Administrador\Documents\proyecto_final_helder_java-js\apache-tomcat-11.0.8-windows-x64\apache-tomcat-11.0.8\conf\Catalina\localhost\helder.xml] has been ignored
01-Aug-2025 10:49:42.329 INFO [http-nio-8080-exec-1] org.apache.jasper.servlet.TldScanner.scanJars Al menos un JAR, que se ha explorado buscando TLDs, aún no contenía TLDs. Activar historial de depuración para este historiador para una completa lista de los JARs que fueron explorados y de los que nos se halló TLDs. Saltarse JARs no necesarios durante la exploración puede dar lugar a una mejora de tiempo significativa en el arranque y compilación de JSP .
01-Aug-2025 10:49:42.668 WARNING [http-nio-8080-exec-1] org.glassfish.jersey.server.internal.scanning.AnnotationAcceptingListener$ClassReaderWrapper.accept Unsupported class file major version 66
01-Aug-2025 10:49:42.670 WARNING [http-nio-8080-exec-1] org.glassfish.jersey.server.internal.scanning.AnnotationAcceptingListener$ClassReaderWrapper.accept Unsupported class file major version 66
01-Aug-2025 10:49:42.670 WARNING [http-nio-8080-exec-1] org.glassfish.jersey.server.internal.scanning.AnnotationAcceptingListener$ClassReaderWrapper.accept Unsupported class file major version 66
01-Aug-2025 10:49:42.670 WARNING [http-nio-8080-exec-1] org.glassfish.jersey.server.internal.scanning.AnnotationAcceptingListener$ClassReaderWrapper.accept Unsupported class file major version 66
01-Aug-2025 10:49:42.670 WARNING [http-nio-8080-exec-1] org.glassfish.jersey.server.internal.scanning.AnnotationAcceptingListener$ClassReaderWrapper.accept Unsupported class file major version 66
01-Aug-2025 10:49:42.671 WARNING [http-nio-8080-exec-1] org.glassfish.jersey.server.internal.scanning.AnnotationAcceptingListener$ClassReaderWrapper.accept Unsupported class file major version 66
01-Aug-2025 10:49:42.671 WARNING [http-nio-8080-exec-1] org.glassfish.jersey.server.internal.scanning.AnnotationAcceptingListener$ClassReaderWrapper.accept Unsupported class file major version 66
01-Aug-2025 10:49:42.671 WARNING [http-nio-8080-exec-1] org.glassfish.jersey.server.internal.scanning.AnnotationAcceptingListener$ClassReaderWrapper.accept Unsupported class file major version 66
01-Aug-2025 10:49:42.671 WARNING [http-nio-8080-exec-1] org.glassfish.jersey.server.internal.scanning.AnnotationAcceptingListener$ClassReaderWrapper.accept Unsupported class file major version 66
01-Aug-2025 10:49:42.671 WARNING [http-nio-8080-exec-1] org.glassfish.jersey.server.internal.scanning.AnnotationAcceptingListener$ClassReaderWrapper.accept Unsupported class file major version 66
01-Aug-2025 10:49:42.672 WARNING [http-nio-8080-exec-1] org.glassfish.jersey.server.internal.scanning.AnnotationAcceptingListener$ClassReaderWrapper.accept Unsupported class file major version 66
01-Aug-2025 10:49:42.672 WARNING [http-nio-8080-exec-1] org.glassfish.jersey.server.internal.scanning.AnnotationAcceptingListener$ClassReaderWrapper.accept Unsupported class file major version 66
01-Aug-2025 10:49:42.672 WARNING [http-nio-8080-exec-1] org.glassfish.jersey.server.internal.scanning.AnnotationAcceptingListener$ClassReaderWrapper.accept Unsupported class file major version 66
01-Aug-2025 10:49:42.672 WARNING [http-nio-8080-exec-1] org.glassfish.jersey.server.internal.scanning.AnnotationAcceptingListener$ClassReaderWrapper.accept Unsupported class file major version 66
01-Aug-2025 10:49:42.673 WARNING [http-nio-8080-exec-1] org.glassfish.jersey.server.internal.scanning.AnnotationAcceptingListener$ClassReaderWrapper.accept Unsupported class file major version 66
01-Aug-2025 10:49:42.673 WARNING [http-nio-8080-exec-1] org.glassfish.jersey.server.internal.scanning.AnnotationAcceptingListener$ClassReaderWrapper.accept Unsupported class file major version 66
01-Aug-2025 10:49:42.673 WARNING [http-nio-8080-exec-1] org.glassfish.jersey.server.internal.scanning.AnnotationAcceptingListener$ClassReaderWrapper.accept Unsupported class file major version 66
01-Aug-2025 10:49:42.673 WARNING [http-nio-8080-exec-1] org.glassfish.jersey.server.internal.scanning.AnnotationAcceptingListener$ClassReaderWrapper.accept Unsupported class file major version 66
01-Aug-2025 10:49:42.674 WARNING [http-nio-8080-exec-1] org.glassfish.jersey.server.internal.scanning.AnnotationAcceptingListener$ClassReaderWrapper.accept Unsupported class file major version 66
01-Aug-2025 10:49:42.674 WARNING [http-nio-8080-exec-1] org.glassfish.jersey.server.internal.scanning.AnnotationAcceptingListener$ClassReaderWrapper.accept Unsupported class file major version 66
01-Aug-2025 10:49:42.674 WARNING [http-nio-8080-exec-1] org.glassfish.jersey.server.internal.scanning.AnnotationAcceptingListener$ClassReaderWrapper.accept Unsupported class file major version 66
01-Aug-2025 10:49:42.723 WARNING [http-nio-8080-exec-1] org.glassfish.jersey.server.internal.scanning.AnnotationAcceptingListener$ClassReaderWrapper.accept Unsupported class file major version 66
01-Aug-2025 10:49:42.724 WARNING [http-nio-8080-exec-1] org.glassfish.jersey.server.internal.scanning.AnnotationAcceptingListener$ClassReaderWrapper.accept Unsupported class file major version 66
01-Aug-2025 10:49:42.832 WARNING [http-nio-8080-exec-1] org.glassfish.jersey.server.wadl.WadlFeature.configure JAXBContext implementation could not be found. WADL feature is disabled.
01-Aug-2025 10:49:43.137 INFO [http-nio-8080-exec-1] org.apache.catalina.startup.HostConfig.deployDescriptor Deployment of deployment descriptor [C:\Users\Administrador\Documents\proyecto_final_helder_java-js\apache-tomcat-11.0.8-windows-x64\apache-tomcat-11.0.8\conf\Catalina\localhost\helder.xml] has finished in [1.785] ms
01-Aug-2025 10:49:43.140 INFO [http-nio-8080-exec-5] org.apache.catalina.util.LifecycleBase.start The start() method was called on component [StandardEngine[Catalina].StandardHost[localhost].StandardContext[/helder]] after start() had already been called. The second call will be ignored.
01-Aug-2025 10:55:35.278 WARNING [http-nio-8080-exec-20] org.apache.catalina.loader.WebappClassLoaderBase.clearReferencesJdbc La aplicación web [helder] registró el conductor JDBC [com.mysql.cj.jdbc.Driver] pero falló al anular el registro mientras la aplicación web estaba parada. Para prevenir un fallo de memoria, se ha anulado el registro del conductor JDBC por la fuerza.
01-Aug-2025 10:55:35.278 WARNING [http-nio-8080-exec-20] org.apache.catalina.loader.WebappClassLoaderBase.clearReferencesThreads The web application [helder] appears to have started a thread named [mysql-cj-abandoned-connection-cleanup] but has failed to stop it. This is very likely to create a memory leak. Stack trace of thread:
 java.base/jdk.internal.misc.Unsafe.park(Native Method)
 java.base/java.util.concurrent.locks.LockSupport.parkNanos(LockSupport.java:269)
 java.base/java.util.concurrent.locks.AbstractQueuedSynchronizer$ConditionObject.await(AbstractQueuedSynchronizer.java:1847)
 java.base/java.lang.ref.ReferenceQueue.await(ReferenceQueue.java:71)
 java.base/java.lang.ref.ReferenceQueue.remove0(ReferenceQueue.java:143)
 java.base/java.lang.ref.ReferenceQueue.remove(ReferenceQueue.java:218)
 com.mysql.cj.jdbc.AbandonedConnectionCleanupThread.run(AbandonedConnectionCleanupThread.java:91)
 java.base/java.util.concurrent.ThreadPoolExecutor.runWorker(ThreadPoolExecutor.java:1144)
 java.base/java.util.concurrent.ThreadPoolExecutor$Worker.run(ThreadPoolExecutor.java:642)
 java.base/java.lang.Thread.run(Thread.java:1570)
01-Aug-2025 10:55:35.791 INFO [http-nio-8080-exec-20] org.apache.catalina.startup.HostConfig.undeploy Repliegue (undeploy) de la aplicación web que tiene como trayectoria de contexto [/helder]
01-Aug-2025 10:55:35.803 INFO [http-nio-8080-exec-14] org.apache.catalina.startup.HostConfig.deployDescriptor Desplieque del descriptor de configuración [C:\Users\Administrador\Documents\proyecto_final_helder_java-js\apache-tomcat-11.0.8-windows-x64\apache-tomcat-11.0.8\conf\Catalina\localhost\helder.xml]
01-Aug-2025 10:55:35.803 WARNING [http-nio-8080-exec-14] org.apache.catalina.startup.HostConfig.deployDescriptor The path attribute with value [/helder] in deployment descriptor [C:\Users\Administrador\Documents\proyecto_final_helder_java-js\apache-tomcat-11.0.8-windows-x64\apache-tomcat-11.0.8\conf\Catalina\localhost\helder.xml] has been ignored
01-Aug-2025 10:55:36.075 INFO [mysql-cj-abandoned-connection-cleanup] org.apache.catalina.loader.WebappClassLoaderBase.checkStateForResourceLoading Acceso ilegal: esta instancia de aplicación web ya ha sido parada.  Could not load [].  La eventual traza de pila que sigue ha sido motivada por un error lanzado con motivos de depuración así como para intentar terminar el hilo que motivó el acceso ilegal y no tiene impacto funcional.
	java.lang.IllegalStateException: Acceso ilegal: esta instancia de aplicación web ya ha sido parada.  Could not load [].  La eventual traza de pila que sigue ha sido motivada por un error lanzado con motivos de depuración así como para intentar terminar el hilo que motivó el acceso ilegal y no tiene impacto funcional.
		at org.apache.catalina.loader.WebappClassLoaderBase.checkStateForResourceLoading(WebappClassLoaderBase.java:1248)
		at org.apache.catalina.loader.WebappClassLoaderBase.getResource(WebappClassLoaderBase.java:857)
		at com.mysql.cj.jdbc.AbandonedConnectionCleanupThread.checkThreadContextClassLoader(AbandonedConnectionCleanupThread.java:123)
		at com.mysql.cj.jdbc.AbandonedConnectionCleanupThread.run(AbandonedConnectionCleanupThread.java:90)
		at java.base/java.util.concurrent.ThreadPoolExecutor.runWorker(ThreadPoolExecutor.java:1144)
		at java.base/java.util.concurrent.ThreadPoolExecutor$Worker.run(ThreadPoolExecutor.java:642)
		at java.base/java.lang.Thread.run(Thread.java:1570)
01-Aug-2025 10:55:36.075 INFO [mysql-cj-abandoned-connection-cleanup] org.apache.catalina.loader.WebappClassLoaderBase.checkStateForResourceLoading Acceso ilegal: esta instancia de aplicación web ya ha sido parada.  Could not load [].  La eventual traza de pila que sigue ha sido motivada por un error lanzado con motivos de depuración así como para intentar terminar el hilo que motivó el acceso ilegal y no tiene impacto funcional.
	java.lang.IllegalStateException: Acceso ilegal: esta instancia de aplicación web ya ha sido parada.  Could not load [].  La eventual traza de pila que sigue ha sido motivada por un error lanzado con motivos de depuración así como para intentar terminar el hilo que motivó el acceso ilegal y no tiene impacto funcional.
		at org.apache.catalina.loader.WebappClassLoaderBase.checkStateForResourceLoading(WebappClassLoaderBase.java:1248)
		at org.apache.catalina.loader.WebappClassLoaderBase.getResource(WebappClassLoaderBase.java:857)
		at com.mysql.cj.jdbc.AbandonedConnectionCleanupThread.checkThreadContextClassLoader(AbandonedConnectionCleanupThread.java:123)
		at com.mysql.cj.jdbc.AbandonedConnectionCleanupThread.run(AbandonedConnectionCleanupThread.java:90)
		at java.base/java.util.concurrent.ThreadPoolExecutor.runWorker(ThreadPoolExecutor.java:1144)
		at java.base/java.util.concurrent.ThreadPoolExecutor$Worker.run(ThreadPoolExecutor.java:642)
		at java.base/java.lang.Thread.run(Thread.java:1570)
01-Aug-2025 10:55:36.075 INFO [mysql-cj-abandoned-connection-cleanup] org.apache.catalina.loader.WebappClassLoaderBase.checkStateForResourceLoading Acceso ilegal: esta instancia de aplicación web ya ha sido parada.  Could not load [].  La eventual traza de pila que sigue ha sido motivada por un error lanzado con motivos de depuración así como para intentar terminar el hilo que motivó el acceso ilegal y no tiene impacto funcional.
	java.lang.IllegalStateException: Acceso ilegal: esta instancia de aplicación web ya ha sido parada.  Could not load [].  La eventual traza de pila que sigue ha sido motivada por un error lanzado con motivos de depuración así como para intentar terminar el hilo que motivó el acceso ilegal y no tiene impacto funcional.
		at org.apache.catalina.loader.WebappClassLoaderBase.checkStateForResourceLoading(WebappClassLoaderBase.java:1248)
		at org.apache.catalina.loader.WebappClassLoaderBase.getResource(WebappClassLoaderBase.java:857)
		at com.mysql.cj.jdbc.AbandonedConnectionCleanupThread.checkThreadContextClassLoader(AbandonedConnectionCleanupThread.java:123)
		at com.mysql.cj.jdbc.AbandonedConnectionCleanupThread.run(AbandonedConnectionCleanupThread.java:90)
		at java.base/java.util.concurrent.ThreadPoolExecutor.runWorker(ThreadPoolExecutor.java:1144)
		at java.base/java.util.concurrent.ThreadPoolExecutor$Worker.run(ThreadPoolExecutor.java:642)
		at java.base/java.lang.Thread.run(Thread.java:1570)
01-Aug-2025 10:55:36.118 INFO [mysql-cj-abandoned-connection-cleanup] org.apache.catalina.loader.WebappClassLoaderBase.checkStateForResourceLoading Acceso ilegal: esta instancia de aplicación web ya ha sido parada.  Could not load [].  La eventual traza de pila que sigue ha sido motivada por un error lanzado con motivos de depuración así como para intentar terminar el hilo que motivó el acceso ilegal y no tiene impacto funcional.
	java.lang.IllegalStateException: Acceso ilegal: esta instancia de aplicación web ya ha sido parada.  Could not load [].  La eventual traza de pila que sigue ha sido motivada por un error lanzado con motivos de depuración así como para intentar terminar el hilo que motivó el acceso ilegal y no tiene impacto funcional.
		at org.apache.catalina.loader.WebappClassLoaderBase.checkStateForResourceLoading(WebappClassLoaderBase.java:1248)
		at org.apache.catalina.loader.WebappClassLoaderBase.getResource(WebappClassLoaderBase.java:857)
		at com.mysql.cj.jdbc.AbandonedConnectionCleanupThread.checkThreadContextClassLoader(AbandonedConnectionCleanupThread.java:123)
		at com.mysql.cj.jdbc.AbandonedConnectionCleanupThread.run(AbandonedConnectionCleanupThread.java:90)
		at java.base/java.util.concurrent.ThreadPoolExecutor.runWorker(ThreadPoolExecutor.java:1144)
		at java.base/java.util.concurrent.ThreadPoolExecutor$Worker.run(ThreadPoolExecutor.java:642)
		at java.base/java.lang.Thread.run(Thread.java:1570)
01-Aug-2025 10:55:36.118 INFO [mysql-cj-abandoned-connection-cleanup] org.apache.catalina.loader.WebappClassLoaderBase.checkStateForResourceLoading Acceso ilegal: esta instancia de aplicación web ya ha sido parada.  Could not load [].  La eventual traza de pila que sigue ha sido motivada por un error lanzado con motivos de depuración así como para intentar terminar el hilo que motivó el acceso ilegal y no tiene impacto funcional.
	java.lang.IllegalStateException: Acceso ilegal: esta instancia de aplicación web ya ha sido parada.  Could not load [].  La eventual traza de pila que sigue ha sido motivada por un error lanzado con motivos de depuración así como para intentar terminar el hilo que motivó el acceso ilegal y no tiene impacto funcional.
		at org.apache.catalina.loader.WebappClassLoaderBase.checkStateForResourceLoading(WebappClassLoaderBase.java:1248)
		at org.apache.catalina.loader.WebappClassLoaderBase.getResource(WebappClassLoaderBase.java:857)
		at com.mysql.cj.jdbc.AbandonedConnectionCleanupThread.checkThreadContextClassLoader(AbandonedConnectionCleanupThread.java:123)
		at com.mysql.cj.jdbc.AbandonedConnectionCleanupThread.run(AbandonedConnectionCleanupThread.java:90)
		at java.base/java.util.concurrent.ThreadPoolExecutor.runWorker(ThreadPoolExecutor.java:1144)
		at java.base/java.util.concurrent.ThreadPoolExecutor$Worker.run(ThreadPoolExecutor.java:642)
		at java.base/java.lang.Thread.run(Thread.java:1570)
01-Aug-2025 10:55:36.118 INFO [mysql-cj-abandoned-connection-cleanup] org.apache.catalina.loader.WebappClassLoaderBase.checkStateForResourceLoading Acceso ilegal: esta instancia de aplicación web ya ha sido parada.  Could not load [].  La eventual traza de pila que sigue ha sido motivada por un error lanzado con motivos de depuración así como para intentar terminar el hilo que motivó el acceso ilegal y no tiene impacto funcional.
	java.lang.IllegalStateException: Acceso ilegal: esta instancia de aplicación web ya ha sido parada.  Could not load [].  La eventual traza de pila que sigue ha sido motivada por un error lanzado con motivos de depuración así como para intentar terminar el hilo que motivó el acceso ilegal y no tiene impacto funcional.
		at org.apache.catalina.loader.WebappClassLoaderBase.checkStateForResourceLoading(WebappClassLoaderBase.java:1248)
		at org.apache.catalina.loader.WebappClassLoaderBase.getResource(WebappClassLoaderBase.java:857)
		at com.mysql.cj.jdbc.AbandonedConnectionCleanupThread.checkThreadContextClassLoader(AbandonedConnectionCleanupThread.java:123)
		at com.mysql.cj.jdbc.AbandonedConnectionCleanupThread.run(AbandonedConnectionCleanupThread.java:90)
		at java.base/java.util.concurrent.ThreadPoolExecutor.runWorker(ThreadPoolExecutor.java:1144)
		at java.base/java.util.concurrent.ThreadPoolExecutor$Worker.run(ThreadPoolExecutor.java:642)
		at java.base/java.lang.Thread.run(Thread.java:1570)
01-Aug-2025 10:55:36.205 INFO [mysql-cj-abandoned-connection-cleanup] org.apache.catalina.loader.WebappClassLoaderBase.checkStateForResourceLoading Acceso ilegal: esta instancia de aplicación web ya ha sido parada.  Could not load [].  La eventual traza de pila que sigue ha sido motivada por un error lanzado con motivos de depuración así como para intentar terminar el hilo que motivó el acceso ilegal y no tiene impacto funcional.
	java.lang.IllegalStateException: Acceso ilegal: esta instancia de aplicación web ya ha sido parada.  Could not load [].  La eventual traza de pila que sigue ha sido motivada por un error lanzado con motivos de depuración así como para intentar terminar el hilo que motivó el acceso ilegal y no tiene impacto funcional.
		at org.apache.catalina.loader.WebappClassLoaderBase.checkStateForResourceLoading(WebappClassLoaderBase.java:1248)
		at org.apache.catalina.loader.WebappClassLoaderBase.getResource(WebappClassLoaderBase.java:857)
		at com.mysql.cj.jdbc.AbandonedConnectionCleanupThread.checkThreadContextClassLoader(AbandonedConnectionCleanupThread.java:123)
		at com.mysql.cj.jdbc.AbandonedConnectionCleanupThread.run(AbandonedConnectionCleanupThread.java:90)
		at java.base/java.util.concurrent.ThreadPoolExecutor.runWorker(ThreadPoolExecutor.java:1144)
		at java.base/java.util.concurrent.ThreadPoolExecutor$Worker.run(ThreadPoolExecutor.java:642)
		at java.base/java.lang.Thread.run(Thread.java:1570)
01-Aug-2025 10:55:36.206 INFO [mysql-cj-abandoned-connection-cleanup] org.apache.catalina.loader.WebappClassLoaderBase.checkStateForResourceLoading Acceso ilegal: esta instancia de aplicación web ya ha sido parada.  Could not load [].  La eventual traza de pila que sigue ha sido motivada por un error lanzado con motivos de depuración así como para intentar terminar el hilo que motivó el acceso ilegal y no tiene impacto funcional.
	java.lang.IllegalStateException: Acceso ilegal: esta instancia de aplicación web ya ha sido parada.  Could not load [].  La eventual traza de pila que sigue ha sido motivada por un error lanzado con motivos de depuración así como para intentar terminar el hilo que motivó el acceso ilegal y no tiene impacto funcional.
		at org.apache.catalina.loader.WebappClassLoaderBase.checkStateForResourceLoading(WebappClassLoaderBase.java:1248)
		at org.apache.catalina.loader.WebappClassLoaderBase.getResource(WebappClassLoaderBase.java:857)
		at com.mysql.cj.jdbc.AbandonedConnectionCleanupThread.checkThreadContextClassLoader(AbandonedConnectionCleanupThread.java:123)
		at com.mysql.cj.jdbc.AbandonedConnectionCleanupThread.run(AbandonedConnectionCleanupThread.java:90)
		at java.base/java.util.concurrent.ThreadPoolExecutor.runWorker(ThreadPoolExecutor.java:1144)
		at java.base/java.util.concurrent.ThreadPoolExecutor$Worker.run(ThreadPoolExecutor.java:642)
		at java.base/java.lang.Thread.run(Thread.java:1570)
01-Aug-2025 10:55:36.206 INFO [mysql-cj-abandoned-connection-cleanup] org.apache.catalina.loader.WebappClassLoaderBase.checkStateForResourceLoading Acceso ilegal: esta instancia de aplicación web ya ha sido parada.  Could not load [].  La eventual traza de pila que sigue ha sido motivada por un error lanzado con motivos de depuración así como para intentar terminar el hilo que motivó el acceso ilegal y no tiene impacto funcional.
	java.lang.IllegalStateException: Acceso ilegal: esta instancia de aplicación web ya ha sido parada.  Could not load [].  La eventual traza de pila que sigue ha sido motivada por un error lanzado con motivos de depuración así como para intentar terminar el hilo que motivó el acceso ilegal y no tiene impacto funcional.
		at org.apache.catalina.loader.WebappClassLoaderBase.checkStateForResourceLoading(WebappClassLoaderBase.java:1248)
		at org.apache.catalina.loader.WebappClassLoaderBase.getResource(WebappClassLoaderBase.java:857)
		at com.mysql.cj.jdbc.AbandonedConnectionCleanupThread.checkThreadContextClassLoader(AbandonedConnectionCleanupThread.java:123)
		at com.mysql.cj.jdbc.AbandonedConnectionCleanupThread.run(AbandonedConnectionCleanupThread.java:90)
		at java.base/java.util.concurrent.ThreadPoolExecutor.runWorker(ThreadPoolExecutor.java:1144)
		at java.base/java.util.concurrent.ThreadPoolExecutor$Worker.run(ThreadPoolExecutor.java:642)
		at java.base/java.lang.Thread.run(Thread.java:1570)
01-Aug-2025 10:55:36.704 INFO [http-nio-8080-exec-14] org.apache.jasper.servlet.TldScanner.scanJars Al menos un JAR, que se ha explorado buscando TLDs, aún no contenía TLDs. Activar historial de depuración para este historiador para una completa lista de los JARs que fueron explorados y de los que nos se halló TLDs. Saltarse JARs no necesarios durante la exploración puede dar lugar a una mejora de tiempo significativa en el arranque y compilación de JSP .
01-Aug-2025 10:55:37.014 WARNING [http-nio-8080-exec-14] org.glassfish.jersey.server.internal.scanning.AnnotationAcceptingListener$ClassReaderWrapper.accept Unsupported class file major version 66
01-Aug-2025 10:55:37.016 WARNING [http-nio-8080-exec-14] org.glassfish.jersey.server.internal.scanning.AnnotationAcceptingListener$ClassReaderWrapper.accept Unsupported class file major version 66
01-Aug-2025 10:55:37.017 WARNING [http-nio-8080-exec-14] org.glassfish.jersey.server.internal.scanning.AnnotationAcceptingListener$ClassReaderWrapper.accept Unsupported class file major version 66
01-Aug-2025 10:55:37.017 WARNING [http-nio-8080-exec-14] org.glassfish.jersey.server.internal.scanning.AnnotationAcceptingListener$ClassReaderWrapper.accept Unsupported class file major version 66
01-Aug-2025 10:55:37.017 WARNING [http-nio-8080-exec-14] org.glassfish.jersey.server.internal.scanning.AnnotationAcceptingListener$ClassReaderWrapper.accept Unsupported class file major version 66
01-Aug-2025 10:55:37.018 WARNING [http-nio-8080-exec-14] org.glassfish.jersey.server.internal.scanning.AnnotationAcceptingListener$ClassReaderWrapper.accept Unsupported class file major version 66
01-Aug-2025 10:55:37.018 WARNING [http-nio-8080-exec-14] org.glassfish.jersey.server.internal.scanning.AnnotationAcceptingListener$ClassReaderWrapper.accept Unsupported class file major version 66
01-Aug-2025 10:55:37.018 WARNING [http-nio-8080-exec-14] org.glassfish.jersey.server.internal.scanning.AnnotationAcceptingListener$ClassReaderWrapper.accept Unsupported class file major version 66
01-Aug-2025 10:55:37.019 WARNING [http-nio-8080-exec-14] org.glassfish.jersey.server.internal.scanning.AnnotationAcceptingListener$ClassReaderWrapper.accept Unsupported class file major version 66
01-Aug-2025 10:55:37.019 WARNING [http-nio-8080-exec-14] org.glassfish.jersey.server.internal.scanning.AnnotationAcceptingListener$ClassReaderWrapper.accept Unsupported class file major version 66
01-Aug-2025 10:55:37.020 WARNING [http-nio-8080-exec-14] org.glassfish.jersey.server.internal.scanning.AnnotationAcceptingListener$ClassReaderWrapper.accept Unsupported class file major version 66
01-Aug-2025 10:55:37.020 WARNING [http-nio-8080-exec-14] org.glassfish.jersey.server.internal.scanning.AnnotationAcceptingListener$ClassReaderWrapper.accept Unsupported class file major version 66
01-Aug-2025 10:55:37.020 WARNING [http-nio-8080-exec-14] org.glassfish.jersey.server.internal.scanning.AnnotationAcceptingListener$ClassReaderWrapper.accept Unsupported class file major version 66
01-Aug-2025 10:55:37.021 WARNING [http-nio-8080-exec-14] org.glassfish.jersey.server.internal.scanning.AnnotationAcceptingListener$ClassReaderWrapper.accept Unsupported class file major version 66
01-Aug-2025 10:55:37.021 WARNING [http-nio-8080-exec-14] org.glassfish.jersey.server.internal.scanning.AnnotationAcceptingListener$ClassReaderWrapper.accept Unsupported class file major version 66
01-Aug-2025 10:55:37.021 WARNING [http-nio-8080-exec-14] org.glassfish.jersey.server.internal.scanning.AnnotationAcceptingListener$ClassReaderWrapper.accept Unsupported class file major version 66
01-Aug-2025 10:55:37.022 WARNING [http-nio-8080-exec-14] org.glassfish.jersey.server.internal.scanning.AnnotationAcceptingListener$ClassReaderWrapper.accept Unsupported class file major version 66
01-Aug-2025 10:55:37.022 WARNING [http-nio-8080-exec-14] org.glassfish.jersey.server.internal.scanning.AnnotationAcceptingListener$ClassReaderWrapper.accept Unsupported class file major version 66
01-Aug-2025 10:55:37.022 WARNING [http-nio-8080-exec-14] org.glassfish.jersey.server.internal.scanning.AnnotationAcceptingListener$ClassReaderWrapper.accept Unsupported class file major version 66
01-Aug-2025 10:55:37.023 WARNING [http-nio-8080-exec-14] org.glassfish.jersey.server.internal.scanning.AnnotationAcceptingListener$ClassReaderWrapper.accept Unsupported class file major version 66
01-Aug-2025 10:55:37.023 WARNING [http-nio-8080-exec-14] org.glassfish.jersey.server.internal.scanning.AnnotationAcceptingListener$ClassReaderWrapper.accept Unsupported class file major version 66
01-Aug-2025 10:55:37.065 WARNING [http-nio-8080-exec-14] org.glassfish.jersey.server.internal.scanning.AnnotationAcceptingListener$ClassReaderWrapper.accept Unsupported class file major version 66
01-Aug-2025 10:55:37.066 WARNING [http-nio-8080-exec-14] org.glassfish.jersey.server.internal.scanning.AnnotationAcceptingListener$ClassReaderWrapper.accept Unsupported class file major version 66
01-Aug-2025 10:55:37.153 WARNING [http-nio-8080-exec-14] org.glassfish.jersey.server.wadl.WadlFeature.configure JAXBContext implementation could not be found. WADL feature is disabled.
01-Aug-2025 10:55:37.438 INFO [http-nio-8080-exec-14] org.apache.catalina.startup.HostConfig.deployDescriptor Deployment of deployment descriptor [C:\Users\Administrador\Documents\proyecto_final_helder_java-js\apache-tomcat-11.0.8-windows-x64\apache-tomcat-11.0.8\conf\Catalina\localhost\helder.xml] has finished in [1.635] ms
01-Aug-2025 10:55:37.441 INFO [http-nio-8080-exec-13] org.apache.catalina.util.LifecycleBase.start The start() method was called on component [StandardEngine[Catalina].StandardHost[localhost].StandardContext[/helder]] after start() had already been called. The second call will be ignored.
01-Aug-2025 10:58:59.014 WARNING [http-nio-8080-exec-29] org.apache.catalina.loader.WebappClassLoaderBase.clearReferencesJdbc La aplicación web [helder] registró el conductor JDBC [com.mysql.cj.jdbc.Driver] pero falló al anular el registro mientras la aplicación web estaba parada. Para prevenir un fallo de memoria, se ha anulado el registro del conductor JDBC por la fuerza.
01-Aug-2025 10:58:59.014 WARNING [http-nio-8080-exec-29] org.apache.catalina.loader.WebappClassLoaderBase.clearReferencesThreads The web application [helder] appears to have started a thread named [mysql-cj-abandoned-connection-cleanup] but has failed to stop it. This is very likely to create a memory leak. Stack trace of thread:
 java.base/jdk.internal.misc.Unsafe.park(Native Method)
 java.base/java.util.concurrent.locks.LockSupport.parkNanos(LockSupport.java:269)
 java.base/java.util.concurrent.locks.AbstractQueuedSynchronizer$ConditionObject.await(AbstractQueuedSynchronizer.java:1847)
 java.base/java.lang.ref.ReferenceQueue.await(ReferenceQueue.java:71)
 java.base/java.lang.ref.ReferenceQueue.remove0(ReferenceQueue.java:143)
 java.base/java.lang.ref.ReferenceQueue.remove(ReferenceQueue.java:218)
 com.mysql.cj.jdbc.AbandonedConnectionCleanupThread.run(AbandonedConnectionCleanupThread.java:91)
 java.base/java.util.concurrent.ThreadPoolExecutor.runWorker(ThreadPoolExecutor.java:1144)
 java.base/java.util.concurrent.ThreadPoolExecutor$Worker.run(ThreadPoolExecutor.java:642)
 java.base/java.lang.Thread.run(Thread.java:1570)
01-Aug-2025 10:58:59.525 INFO [http-nio-8080-exec-29] org.apache.catalina.startup.HostConfig.undeploy Repliegue (undeploy) de la aplicación web que tiene como trayectoria de contexto [/helder]
01-Aug-2025 10:58:59.539 INFO [http-nio-8080-exec-22] org.apache.catalina.startup.HostConfig.deployDescriptor Desplieque del descriptor de configuración [C:\Users\Administrador\Documents\proyecto_final_helder_java-js\apache-tomcat-11.0.8-windows-x64\apache-tomcat-11.0.8\conf\Catalina\localhost\helder.xml]
01-Aug-2025 10:58:59.540 WARNING [http-nio-8080-exec-22] org.apache.catalina.startup.HostConfig.deployDescriptor The path attribute with value [/helder] in deployment descriptor [C:\Users\Administrador\Documents\proyecto_final_helder_java-js\apache-tomcat-11.0.8-windows-x64\apache-tomcat-11.0.8\conf\Catalina\localhost\helder.xml] has been ignored
01-Aug-2025 10:58:59.800 INFO [mysql-cj-abandoned-connection-cleanup] org.apache.catalina.loader.WebappClassLoaderBase.checkStateForResourceLoading Acceso ilegal: esta instancia de aplicación web ya ha sido parada.  Could not load [].  La eventual traza de pila que sigue ha sido motivada por un error lanzado con motivos de depuración así como para intentar terminar el hilo que motivó el acceso ilegal y no tiene impacto funcional.
	java.lang.IllegalStateException: Acceso ilegal: esta instancia de aplicación web ya ha sido parada.  Could not load [].  La eventual traza de pila que sigue ha sido motivada por un error lanzado con motivos de depuración así como para intentar terminar el hilo que motivó el acceso ilegal y no tiene impacto funcional.
		at org.apache.catalina.loader.WebappClassLoaderBase.checkStateForResourceLoading(WebappClassLoaderBase.java:1248)
		at org.apache.catalina.loader.WebappClassLoaderBase.getResource(WebappClassLoaderBase.java:857)
		at com.mysql.cj.jdbc.AbandonedConnectionCleanupThread.checkThreadContextClassLoader(AbandonedConnectionCleanupThread.java:123)
		at com.mysql.cj.jdbc.AbandonedConnectionCleanupThread.run(AbandonedConnectionCleanupThread.java:90)
		at java.base/java.util.concurrent.ThreadPoolExecutor.runWorker(ThreadPoolExecutor.java:1144)
		at java.base/java.util.concurrent.ThreadPoolExecutor$Worker.run(ThreadPoolExecutor.java:642)
		at java.base/java.lang.Thread.run(Thread.java:1570)
01-Aug-2025 10:58:59.800 INFO [mysql-cj-abandoned-connection-cleanup] org.apache.catalina.loader.WebappClassLoaderBase.checkStateForResourceLoading Acceso ilegal: esta instancia de aplicación web ya ha sido parada.  Could not load [].  La eventual traza de pila que sigue ha sido motivada por un error lanzado con motivos de depuración así como para intentar terminar el hilo que motivó el acceso ilegal y no tiene impacto funcional.
	java.lang.IllegalStateException: Acceso ilegal: esta instancia de aplicación web ya ha sido parada.  Could not load [].  La eventual traza de pila que sigue ha sido motivada por un error lanzado con motivos de depuración así como para intentar terminar el hilo que motivó el acceso ilegal y no tiene impacto funcional.
		at org.apache.catalina.loader.WebappClassLoaderBase.checkStateForResourceLoading(WebappClassLoaderBase.java:1248)
		at org.apache.catalina.loader.WebappClassLoaderBase.getResource(WebappClassLoaderBase.java:857)
		at com.mysql.cj.jdbc.AbandonedConnectionCleanupThread.checkThreadContextClassLoader(AbandonedConnectionCleanupThread.java:123)
		at com.mysql.cj.jdbc.AbandonedConnectionCleanupThread.run(AbandonedConnectionCleanupThread.java:90)
		at java.base/java.util.concurrent.ThreadPoolExecutor.runWorker(ThreadPoolExecutor.java:1144)
		at java.base/java.util.concurrent.ThreadPoolExecutor$Worker.run(ThreadPoolExecutor.java:642)
		at java.base/java.lang.Thread.run(Thread.java:1570)
01-Aug-2025 10:59:00.460 INFO [http-nio-8080-exec-22] org.apache.jasper.servlet.TldScanner.scanJars Al menos un JAR, que se ha explorado buscando TLDs, aún no contenía TLDs. Activar historial de depuración para este historiador para una completa lista de los JARs que fueron explorados y de los que nos se halló TLDs. Saltarse JARs no necesarios durante la exploración puede dar lugar a una mejora de tiempo significativa en el arranque y compilación de JSP .
01-Aug-2025 10:59:00.769 WARNING [http-nio-8080-exec-22] org.glassfish.jersey.server.internal.scanning.AnnotationAcceptingListener$ClassReaderWrapper.accept Unsupported class file major version 66
01-Aug-2025 10:59:00.771 WARNING [http-nio-8080-exec-22] org.glassfish.jersey.server.internal.scanning.AnnotationAcceptingListener$ClassReaderWrapper.accept Unsupported class file major version 66
01-Aug-2025 10:59:00.771 WARNING [http-nio-8080-exec-22] org.glassfish.jersey.server.internal.scanning.AnnotationAcceptingListener$ClassReaderWrapper.accept Unsupported class file major version 66
01-Aug-2025 10:59:00.772 WARNING [http-nio-8080-exec-22] org.glassfish.jersey.server.internal.scanning.AnnotationAcceptingListener$ClassReaderWrapper.accept Unsupported class file major version 66
01-Aug-2025 10:59:00.772 WARNING [http-nio-8080-exec-22] org.glassfish.jersey.server.internal.scanning.AnnotationAcceptingListener$ClassReaderWrapper.accept Unsupported class file major version 66
01-Aug-2025 10:59:00.772 WARNING [http-nio-8080-exec-22] org.glassfish.jersey.server.internal.scanning.AnnotationAcceptingListener$ClassReaderWrapper.accept Unsupported class file major version 66
01-Aug-2025 10:59:00.773 WARNING [http-nio-8080-exec-22] org.glassfish.jersey.server.internal.scanning.AnnotationAcceptingListener$ClassReaderWrapper.accept Unsupported class file major version 66
01-Aug-2025 10:59:00.773 WARNING [http-nio-8080-exec-22] org.glassfish.jersey.server.internal.scanning.AnnotationAcceptingListener$ClassReaderWrapper.accept Unsupported class file major version 66
01-Aug-2025 10:59:00.773 WARNING [http-nio-8080-exec-22] org.glassfish.jersey.server.internal.scanning.AnnotationAcceptingListener$ClassReaderWrapper.accept Unsupported class file major version 66
01-Aug-2025 10:59:00.774 WARNING [http-nio-8080-exec-22] org.glassfish.jersey.server.internal.scanning.AnnotationAcceptingListener$ClassReaderWrapper.accept Unsupported class file major version 66
01-Aug-2025 10:59:00.774 WARNING [http-nio-8080-exec-22] org.glassfish.jersey.server.internal.scanning.AnnotationAcceptingListener$ClassReaderWrapper.accept Unsupported class file major version 66
01-Aug-2025 10:59:00.774 WARNING [http-nio-8080-exec-22] org.glassfish.jersey.server.internal.scanning.AnnotationAcceptingListener$ClassReaderWrapper.accept Unsupported class file major version 66
01-Aug-2025 10:59:00.775 WARNING [http-nio-8080-exec-22] org.glassfish.jersey.server.internal.scanning.AnnotationAcceptingListener$ClassReaderWrapper.accept Unsupported class file major version 66
01-Aug-2025 10:59:00.775 WARNING [http-nio-8080-exec-22] org.glassfish.jersey.server.internal.scanning.AnnotationAcceptingListener$ClassReaderWrapper.accept Unsupported class file major version 66
01-Aug-2025 10:59:00.775 WARNING [http-nio-8080-exec-22] org.glassfish.jersey.server.internal.scanning.AnnotationAcceptingListener$ClassReaderWrapper.accept Unsupported class file major version 66
01-Aug-2025 10:59:00.776 WARNING [http-nio-8080-exec-22] org.glassfish.jersey.server.internal.scanning.AnnotationAcceptingListener$ClassReaderWrapper.accept Unsupported class file major version 66
01-Aug-2025 10:59:00.776 WARNING [http-nio-8080-exec-22] org.glassfish.jersey.server.internal.scanning.AnnotationAcceptingListener$ClassReaderWrapper.accept Unsupported class file major version 66
01-Aug-2025 10:59:00.776 WARNING [http-nio-8080-exec-22] org.glassfish.jersey.server.internal.scanning.AnnotationAcceptingListener$ClassReaderWrapper.accept Unsupported class file major version 66
01-Aug-2025 10:59:00.776 WARNING [http-nio-8080-exec-22] org.glassfish.jersey.server.internal.scanning.AnnotationAcceptingListener$ClassReaderWrapper.accept Unsupported class file major version 66
01-Aug-2025 10:59:00.777 WARNING [http-nio-8080-exec-22] org.glassfish.jersey.server.internal.scanning.AnnotationAcceptingListener$ClassReaderWrapper.accept Unsupported class file major version 66
01-Aug-2025 10:59:00.777 WARNING [http-nio-8080-exec-22] org.glassfish.jersey.server.internal.scanning.AnnotationAcceptingListener$ClassReaderWrapper.accept Unsupported class file major version 66
01-Aug-2025 10:59:00.814 WARNING [http-nio-8080-exec-22] org.glassfish.jersey.server.internal.scanning.AnnotationAcceptingListener$ClassReaderWrapper.accept Unsupported class file major version 66
01-Aug-2025 10:59:00.815 WARNING [http-nio-8080-exec-22] org.glassfish.jersey.server.internal.scanning.AnnotationAcceptingListener$ClassReaderWrapper.accept Unsupported class file major version 66
01-Aug-2025 10:59:00.896 WARNING [http-nio-8080-exec-22] org.glassfish.jersey.server.wadl.WadlFeature.configure JAXBContext implementation could not be found. WADL feature is disabled.
01-Aug-2025 10:59:01.181 INFO [http-nio-8080-exec-22] org.apache.catalina.startup.HostConfig.deployDescriptor Deployment of deployment descriptor [C:\Users\Administrador\Documents\proyecto_final_helder_java-js\apache-tomcat-11.0.8-windows-x64\apache-tomcat-11.0.8\conf\Catalina\localhost\helder.xml] has finished in [1.641] ms
01-Aug-2025 10:59:01.183 INFO [http-nio-8080-exec-21] org.apache.catalina.util.LifecycleBase.start The start() method was called on component [StandardEngine[Catalina].StandardHost[localhost].StandardContext[/helder]] after start() had already been called. The second call will be ignored.
01-Aug-2025 11:46:30.005 WARNING [http-nio-8080-exec-39] org.apache.catalina.loader.WebappClassLoaderBase.clearReferencesJdbc La aplicación web [helder] registró el conductor JDBC [com.mysql.cj.jdbc.Driver] pero falló al anular el registro mientras la aplicación web estaba parada. Para prevenir un fallo de memoria, se ha anulado el registro del conductor JDBC por la fuerza.
01-Aug-2025 11:46:30.005 WARNING [http-nio-8080-exec-39] org.apache.catalina.loader.WebappClassLoaderBase.clearReferencesThreads The web application [helder] appears to have started a thread named [mysql-cj-abandoned-connection-cleanup] but has failed to stop it. This is very likely to create a memory leak. Stack trace of thread:
 java.base/jdk.internal.misc.Unsafe.park(Native Method)
 java.base/java.util.concurrent.locks.LockSupport.parkNanos(LockSupport.java:269)
 java.base/java.util.concurrent.locks.AbstractQueuedSynchronizer$ConditionObject.await(AbstractQueuedSynchronizer.java:1847)
 java.base/java.lang.ref.ReferenceQueue.await(ReferenceQueue.java:71)
 java.base/java.lang.ref.ReferenceQueue.remove0(ReferenceQueue.java:143)
 java.base/java.lang.ref.ReferenceQueue.remove(ReferenceQueue.java:218)
 com.mysql.cj.jdbc.AbandonedConnectionCleanupThread.run(AbandonedConnectionCleanupThread.java:91)
 java.base/java.util.concurrent.ThreadPoolExecutor.runWorker(ThreadPoolExecutor.java:1144)
 java.base/java.util.concurrent.ThreadPoolExecutor$Worker.run(ThreadPoolExecutor.java:642)
 java.base/java.lang.Thread.run(Thread.java:1570)
01-Aug-2025 11:46:30.519 INFO [http-nio-8080-exec-39] org.apache.catalina.startup.HostConfig.undeploy Repliegue (undeploy) de la aplicación web que tiene como trayectoria de contexto [/helder]
01-Aug-2025 11:46:30.536 INFO [http-nio-8080-exec-31] org.apache.catalina.startup.HostConfig.deployDescriptor Desplieque del descriptor de configuración [C:\Users\Administrador\Documents\proyecto_final_helder_java-js\apache-tomcat-11.0.8-windows-x64\apache-tomcat-11.0.8\conf\Catalina\localhost\helder.xml]
01-Aug-2025 11:46:30.537 WARNING [http-nio-8080-exec-31] org.apache.catalina.startup.HostConfig.deployDescriptor The path attribute with value [/helder] in deployment descriptor [C:\Users\Administrador\Documents\proyecto_final_helder_java-js\apache-tomcat-11.0.8-windows-x64\apache-tomcat-11.0.8\conf\Catalina\localhost\helder.xml] has been ignored
01-Aug-2025 11:46:30.742 INFO [mysql-cj-abandoned-connection-cleanup] org.apache.catalina.loader.WebappClassLoaderBase.checkStateForResourceLoading Acceso ilegal: esta instancia de aplicación web ya ha sido parada.  Could not load [].  La eventual traza de pila que sigue ha sido motivada por un error lanzado con motivos de depuración así como para intentar terminar el hilo que motivó el acceso ilegal y no tiene impacto funcional.
	java.lang.IllegalStateException: Acceso ilegal: esta instancia de aplicación web ya ha sido parada.  Could not load [].  La eventual traza de pila que sigue ha sido motivada por un error lanzado con motivos de depuración así como para intentar terminar el hilo que motivó el acceso ilegal y no tiene impacto funcional.
		at org.apache.catalina.loader.WebappClassLoaderBase.checkStateForResourceLoading(WebappClassLoaderBase.java:1248)
		at org.apache.catalina.loader.WebappClassLoaderBase.getResource(WebappClassLoaderBase.java:857)
		at com.mysql.cj.jdbc.AbandonedConnectionCleanupThread.checkThreadContextClassLoader(AbandonedConnectionCleanupThread.java:123)
		at com.mysql.cj.jdbc.AbandonedConnectionCleanupThread.run(AbandonedConnectionCleanupThread.java:90)
		at java.base/java.util.concurrent.ThreadPoolExecutor.runWorker(ThreadPoolExecutor.java:1144)
		at java.base/java.util.concurrent.ThreadPoolExecutor$Worker.run(ThreadPoolExecutor.java:642)
		at java.base/java.lang.Thread.run(Thread.java:1570)
01-Aug-2025 11:46:30.742 INFO [mysql-cj-abandoned-connection-cleanup] org.apache.catalina.loader.WebappClassLoaderBase.checkStateForResourceLoading Acceso ilegal: esta instancia de aplicación web ya ha sido parada.  Could not load [].  La eventual traza de pila que sigue ha sido motivada por un error lanzado con motivos de depuración así como para intentar terminar el hilo que motivó el acceso ilegal y no tiene impacto funcional.
	java.lang.IllegalStateException: Acceso ilegal: esta instancia de aplicación web ya ha sido parada.  Could not load [].  La eventual traza de pila que sigue ha sido motivada por un error lanzado con motivos de depuración así como para intentar terminar el hilo que motivó el acceso ilegal y no tiene impacto funcional.
		at org.apache.catalina.loader.WebappClassLoaderBase.checkStateForResourceLoading(WebappClassLoaderBase.java:1248)
		at org.apache.catalina.loader.WebappClassLoaderBase.getResource(WebappClassLoaderBase.java:857)
		at com.mysql.cj.jdbc.AbandonedConnectionCleanupThread.checkThreadContextClassLoader(AbandonedConnectionCleanupThread.java:123)
		at com.mysql.cj.jdbc.AbandonedConnectionCleanupThread.run(AbandonedConnectionCleanupThread.java:90)
		at java.base/java.util.concurrent.ThreadPoolExecutor.runWorker(ThreadPoolExecutor.java:1144)
		at java.base/java.util.concurrent.ThreadPoolExecutor$Worker.run(ThreadPoolExecutor.java:642)
		at java.base/java.lang.Thread.run(Thread.java:1570)
01-Aug-2025 11:46:30.742 INFO [mysql-cj-abandoned-connection-cleanup] org.apache.catalina.loader.WebappClassLoaderBase.checkStateForResourceLoading Acceso ilegal: esta instancia de aplicación web ya ha sido parada.  Could not load [].  La eventual traza de pila que sigue ha sido motivada por un error lanzado con motivos de depuración así como para intentar terminar el hilo que motivó el acceso ilegal y no tiene impacto funcional.
	java.lang.IllegalStateException: Acceso ilegal: esta instancia de aplicación web ya ha sido parada.  Could not load [].  La eventual traza de pila que sigue ha sido motivada por un error lanzado con motivos de depuración así como para intentar terminar el hilo que motivó el acceso ilegal y no tiene impacto funcional.
		at org.apache.catalina.loader.WebappClassLoaderBase.checkStateForResourceLoading(WebappClassLoaderBase.java:1248)
		at org.apache.catalina.loader.WebappClassLoaderBase.getResource(WebappClassLoaderBase.java:857)
		at com.mysql.cj.jdbc.AbandonedConnectionCleanupThread.checkThreadContextClassLoader(AbandonedConnectionCleanupThread.java:123)
		at com.mysql.cj.jdbc.AbandonedConnectionCleanupThread.run(AbandonedConnectionCleanupThread.java:90)
		at java.base/java.util.concurrent.ThreadPoolExecutor.runWorker(ThreadPoolExecutor.java:1144)
		at java.base/java.util.concurrent.ThreadPoolExecutor$Worker.run(ThreadPoolExecutor.java:642)
		at java.base/java.lang.Thread.run(Thread.java:1570)
01-Aug-2025 11:46:30.802 INFO [mysql-cj-abandoned-connection-cleanup] org.apache.catalina.loader.WebappClassLoaderBase.checkStateForResourceLoading Acceso ilegal: esta instancia de aplicación web ya ha sido parada.  Could not load [].  La eventual traza de pila que sigue ha sido motivada por un error lanzado con motivos de depuración así como para intentar terminar el hilo que motivó el acceso ilegal y no tiene impacto funcional.
	java.lang.IllegalStateException: Acceso ilegal: esta instancia de aplicación web ya ha sido parada.  Could not load [].  La eventual traza de pila que sigue ha sido motivada por un error lanzado con motivos de depuración así como para intentar terminar el hilo que motivó el acceso ilegal y no tiene impacto funcional.
		at org.apache.catalina.loader.WebappClassLoaderBase.checkStateForResourceLoading(WebappClassLoaderBase.java:1248)
		at org.apache.catalina.loader.WebappClassLoaderBase.getResource(WebappClassLoaderBase.java:857)
		at com.mysql.cj.jdbc.AbandonedConnectionCleanupThread.checkThreadContextClassLoader(AbandonedConnectionCleanupThread.java:123)
		at com.mysql.cj.jdbc.AbandonedConnectionCleanupThread.run(AbandonedConnectionCleanupThread.java:90)
		at java.base/java.util.concurrent.ThreadPoolExecutor.runWorker(ThreadPoolExecutor.java:1144)
		at java.base/java.util.concurrent.ThreadPoolExecutor$Worker.run(ThreadPoolExecutor.java:642)
		at java.base/java.lang.Thread.run(Thread.java:1570)
01-Aug-2025 11:46:30.802 INFO [mysql-cj-abandoned-connection-cleanup] org.apache.catalina.loader.WebappClassLoaderBase.checkStateForResourceLoading Acceso ilegal: esta instancia de aplicación web ya ha sido parada.  Could not load [].  La eventual traza de pila que sigue ha sido motivada por un error lanzado con motivos de depuración así como para intentar terminar el hilo que motivó el acceso ilegal y no tiene impacto funcional.
	java.lang.IllegalStateException: Acceso ilegal: esta instancia de aplicación web ya ha sido parada.  Could not load [].  La eventual traza de pila que sigue ha sido motivada por un error lanzado con motivos de depuración así como para intentar terminar el hilo que motivó el acceso ilegal y no tiene impacto funcional.
		at org.apache.catalina.loader.WebappClassLoaderBase.checkStateForResourceLoading(WebappClassLoaderBase.java:1248)
		at org.apache.catalina.loader.WebappClassLoaderBase.getResource(WebappClassLoaderBase.java:857)
		at com.mysql.cj.jdbc.AbandonedConnectionCleanupThread.checkThreadContextClassLoader(AbandonedConnectionCleanupThread.java:123)
		at com.mysql.cj.jdbc.AbandonedConnectionCleanupThread.run(AbandonedConnectionCleanupThread.java:90)
		at java.base/java.util.concurrent.ThreadPoolExecutor.runWorker(ThreadPoolExecutor.java:1144)
		at java.base/java.util.concurrent.ThreadPoolExecutor$Worker.run(ThreadPoolExecutor.java:642)
		at java.base/java.lang.Thread.run(Thread.java:1570)
01-Aug-2025 11:46:30.802 INFO [mysql-cj-abandoned-connection-cleanup] org.apache.catalina.loader.WebappClassLoaderBase.checkStateForResourceLoading Acceso ilegal: esta instancia de aplicación web ya ha sido parada.  Could not load [].  La eventual traza de pila que sigue ha sido motivada por un error lanzado con motivos de depuración así como para intentar terminar el hilo que motivó el acceso ilegal y no tiene impacto funcional.
	java.lang.IllegalStateException: Acceso ilegal: esta instancia de aplicación web ya ha sido parada.  Could not load [].  La eventual traza de pila que sigue ha sido motivada por un error lanzado con motivos de depuración así como para intentar terminar el hilo que motivó el acceso ilegal y no tiene impacto funcional.
		at org.apache.catalina.loader.WebappClassLoaderBase.checkStateForResourceLoading(WebappClassLoaderBase.java:1248)
		at org.apache.catalina.loader.WebappClassLoaderBase.getResource(WebappClassLoaderBase.java:857)
		at com.mysql.cj.jdbc.AbandonedConnectionCleanupThread.checkThreadContextClassLoader(AbandonedConnectionCleanupThread.java:123)
		at com.mysql.cj.jdbc.AbandonedConnectionCleanupThread.run(AbandonedConnectionCleanupThread.java:90)
		at java.base/java.util.concurrent.ThreadPoolExecutor.runWorker(ThreadPoolExecutor.java:1144)
		at java.base/java.util.concurrent.ThreadPoolExecutor$Worker.run(ThreadPoolExecutor.java:642)
		at java.base/java.lang.Thread.run(Thread.java:1570)
01-Aug-2025 11:46:30.860 INFO [mysql-cj-abandoned-connection-cleanup] org.apache.catalina.loader.WebappClassLoaderBase.checkStateForResourceLoading Acceso ilegal: esta instancia de aplicación web ya ha sido parada.  Could not load [].  La eventual traza de pila que sigue ha sido motivada por un error lanzado con motivos de depuración así como para intentar terminar el hilo que motivó el acceso ilegal y no tiene impacto funcional.
	java.lang.IllegalStateException: Acceso ilegal: esta instancia de aplicación web ya ha sido parada.  Could not load [].  La eventual traza de pila que sigue ha sido motivada por un error lanzado con motivos de depuración así como para intentar terminar el hilo que motivó el acceso ilegal y no tiene impacto funcional.
		at org.apache.catalina.loader.WebappClassLoaderBase.checkStateForResourceLoading(WebappClassLoaderBase.java:1248)
		at org.apache.catalina.loader.WebappClassLoaderBase.getResource(WebappClassLoaderBase.java:857)
		at com.mysql.cj.jdbc.AbandonedConnectionCleanupThread.checkThreadContextClassLoader(AbandonedConnectionCleanupThread.java:123)
		at com.mysql.cj.jdbc.AbandonedConnectionCleanupThread.run(AbandonedConnectionCleanupThread.java:90)
		at java.base/java.util.concurrent.ThreadPoolExecutor.runWorker(ThreadPoolExecutor.java:1144)
		at java.base/java.util.concurrent.ThreadPoolExecutor$Worker.run(ThreadPoolExecutor.java:642)
		at java.base/java.lang.Thread.run(Thread.java:1570)
01-Aug-2025 11:46:30.860 INFO [mysql-cj-abandoned-connection-cleanup] org.apache.catalina.loader.WebappClassLoaderBase.checkStateForResourceLoading Acceso ilegal: esta instancia de aplicación web ya ha sido parada.  Could not load [].  La eventual traza de pila que sigue ha sido motivada por un error lanzado con motivos de depuración así como para intentar terminar el hilo que motivó el acceso ilegal y no tiene impacto funcional.
	java.lang.IllegalStateException: Acceso ilegal: esta instancia de aplicación web ya ha sido parada.  Could not load [].  La eventual traza de pila que sigue ha sido motivada por un error lanzado con motivos de depuración así como para intentar terminar el hilo que motivó el acceso ilegal y no tiene impacto funcional.
		at org.apache.catalina.loader.WebappClassLoaderBase.checkStateForResourceLoading(WebappClassLoaderBase.java:1248)
		at org.apache.catalina.loader.WebappClassLoaderBase.getResource(WebappClassLoaderBase.java:857)
		at com.mysql.cj.jdbc.AbandonedConnectionCleanupThread.checkThreadContextClassLoader(AbandonedConnectionCleanupThread.java:123)
		at com.mysql.cj.jdbc.AbandonedConnectionCleanupThread.run(AbandonedConnectionCleanupThread.java:90)
		at java.base/java.util.concurrent.ThreadPoolExecutor.runWorker(ThreadPoolExecutor.java:1144)
		at java.base/java.util.concurrent.ThreadPoolExecutor$Worker.run(ThreadPoolExecutor.java:642)
		at java.base/java.lang.Thread.run(Thread.java:1570)
01-Aug-2025 11:46:30.860 INFO [mysql-cj-abandoned-connection-cleanup] org.apache.catalina.loader.WebappClassLoaderBase.checkStateForResourceLoading Acceso ilegal: esta instancia de aplicación web ya ha sido parada.  Could not load [].  La eventual traza de pila que sigue ha sido motivada por un error lanzado con motivos de depuración así como para intentar terminar el hilo que motivó el acceso ilegal y no tiene impacto funcional.
	java.lang.IllegalStateException: Acceso ilegal: esta instancia de aplicación web ya ha sido parada.  Could not load [].  La eventual traza de pila que sigue ha sido motivada por un error lanzado con motivos de depuración así como para intentar terminar el hilo que motivó el acceso ilegal y no tiene impacto funcional.
		at org.apache.catalina.loader.WebappClassLoaderBase.checkStateForResourceLoading(WebappClassLoaderBase.java:1248)
		at org.apache.catalina.loader.WebappClassLoaderBase.getResource(WebappClassLoaderBase.java:857)
		at com.mysql.cj.jdbc.AbandonedConnectionCleanupThread.checkThreadContextClassLoader(AbandonedConnectionCleanupThread.java:123)
		at com.mysql.cj.jdbc.AbandonedConnectionCleanupThread.run(AbandonedConnectionCleanupThread.java:90)
		at java.base/java.util.concurrent.ThreadPoolExecutor.runWorker(ThreadPoolExecutor.java:1144)
		at java.base/java.util.concurrent.ThreadPoolExecutor$Worker.run(ThreadPoolExecutor.java:642)
		at java.base/java.lang.Thread.run(Thread.java:1570)
01-Aug-2025 11:46:30.915 INFO [mysql-cj-abandoned-connection-cleanup] org.apache.catalina.loader.WebappClassLoaderBase.checkStateForResourceLoading Acceso ilegal: esta instancia de aplicación web ya ha sido parada.  Could not load [].  La eventual traza de pila que sigue ha sido motivada por un error lanzado con motivos de depuración así como para intentar terminar el hilo que motivó el acceso ilegal y no tiene impacto funcional.
	java.lang.IllegalStateException: Acceso ilegal: esta instancia de aplicación web ya ha sido parada.  Could not load [].  La eventual traza de pila que sigue ha sido motivada por un error lanzado con motivos de depuración así como para intentar terminar el hilo que motivó el acceso ilegal y no tiene impacto funcional.
		at org.apache.catalina.loader.WebappClassLoaderBase.checkStateForResourceLoading(WebappClassLoaderBase.java:1248)
		at org.apache.catalina.loader.WebappClassLoaderBase.getResource(WebappClassLoaderBase.java:857)
		at com.mysql.cj.jdbc.AbandonedConnectionCleanupThread.checkThreadContextClassLoader(AbandonedConnectionCleanupThread.java:123)
		at com.mysql.cj.jdbc.AbandonedConnectionCleanupThread.run(AbandonedConnectionCleanupThread.java:90)
		at java.base/java.util.concurrent.ThreadPoolExecutor.runWorker(ThreadPoolExecutor.java:1144)
		at java.base/java.util.concurrent.ThreadPoolExecutor$Worker.run(ThreadPoolExecutor.java:642)
		at java.base/java.lang.Thread.run(Thread.java:1570)
01-Aug-2025 11:46:30.915 INFO [mysql-cj-abandoned-connection-cleanup] org.apache.catalina.loader.WebappClassLoaderBase.checkStateForResourceLoading Acceso ilegal: esta instancia de aplicación web ya ha sido parada.  Could not load [].  La eventual traza de pila que sigue ha sido motivada por un error lanzado con motivos de depuración así como para intentar terminar el hilo que motivó el acceso ilegal y no tiene impacto funcional.
	java.lang.IllegalStateException: Acceso ilegal: esta instancia de aplicación web ya ha sido parada.  Could not load [].  La eventual traza de pila que sigue ha sido motivada por un error lanzado con motivos de depuración así como para intentar terminar el hilo que motivó el acceso ilegal y no tiene impacto funcional.
		at org.apache.catalina.loader.WebappClassLoaderBase.checkStateForResourceLoading(WebappClassLoaderBase.java:1248)
		at org.apache.catalina.loader.WebappClassLoaderBase.getResource(WebappClassLoaderBase.java:857)
		at com.mysql.cj.jdbc.AbandonedConnectionCleanupThread.checkThreadContextClassLoader(AbandonedConnectionCleanupThread.java:123)
		at com.mysql.cj.jdbc.AbandonedConnectionCleanupThread.run(AbandonedConnectionCleanupThread.java:90)
		at java.base/java.util.concurrent.ThreadPoolExecutor.runWorker(ThreadPoolExecutor.java:1144)
		at java.base/java.util.concurrent.ThreadPoolExecutor$Worker.run(ThreadPoolExecutor.java:642)
		at java.base/java.lang.Thread.run(Thread.java:1570)
01-Aug-2025 11:46:30.915 INFO [mysql-cj-abandoned-connection-cleanup] org.apache.catalina.loader.WebappClassLoaderBase.checkStateForResourceLoading Acceso ilegal: esta instancia de aplicación web ya ha sido parada.  Could not load [].  La eventual traza de pila que sigue ha sido motivada por un error lanzado con motivos de depuración así como para intentar terminar el hilo que motivó el acceso ilegal y no tiene impacto funcional.
	java.lang.IllegalStateException: Acceso ilegal: esta instancia de aplicación web ya ha sido parada.  Could not load [].  La eventual traza de pila que sigue ha sido motivada por un error lanzado con motivos de depuración así como para intentar terminar el hilo que motivó el acceso ilegal y no tiene impacto funcional.
		at org.apache.catalina.loader.WebappClassLoaderBase.checkStateForResourceLoading(WebappClassLoaderBase.java:1248)
		at org.apache.catalina.loader.WebappClassLoaderBase.getResource(WebappClassLoaderBase.java:857)
		at com.mysql.cj.jdbc.AbandonedConnectionCleanupThread.checkThreadContextClassLoader(AbandonedConnectionCleanupThread.java:123)
		at com.mysql.cj.jdbc.AbandonedConnectionCleanupThread.run(AbandonedConnectionCleanupThread.java:90)
		at java.base/java.util.concurrent.ThreadPoolExecutor.runWorker(ThreadPoolExecutor.java:1144)
		at java.base/java.util.concurrent.ThreadPoolExecutor$Worker.run(ThreadPoolExecutor.java:642)
		at java.base/java.lang.Thread.run(Thread.java:1570)
01-Aug-2025 11:46:30.973 INFO [mysql-cj-abandoned-connection-cleanup] org.apache.catalina.loader.WebappClassLoaderBase.checkStateForResourceLoading Acceso ilegal: esta instancia de aplicación web ya ha sido parada.  Could not load [].  La eventual traza de pila que sigue ha sido motivada por un error lanzado con motivos de depuración así como para intentar terminar el hilo que motivó el acceso ilegal y no tiene impacto funcional.
	java.lang.IllegalStateException: Acceso ilegal: esta instancia de aplicación web ya ha sido parada.  Could not load [].  La eventual traza de pila que sigue ha sido motivada por un error lanzado con motivos de depuración así como para intentar terminar el hilo que motivó el acceso ilegal y no tiene impacto funcional.
		at org.apache.catalina.loader.WebappClassLoaderBase.checkStateForResourceLoading(WebappClassLoaderBase.java:1248)
		at org.apache.catalina.loader.WebappClassLoaderBase.getResource(WebappClassLoaderBase.java:857)
		at com.mysql.cj.jdbc.AbandonedConnectionCleanupThread.checkThreadContextClassLoader(AbandonedConnectionCleanupThread.java:123)
		at com.mysql.cj.jdbc.AbandonedConnectionCleanupThread.run(AbandonedConnectionCleanupThread.java:90)
		at java.base/java.util.concurrent.ThreadPoolExecutor.runWorker(ThreadPoolExecutor.java:1144)
		at java.base/java.util.concurrent.ThreadPoolExecutor$Worker.run(ThreadPoolExecutor.java:642)
		at java.base/java.lang.Thread.run(Thread.java:1570)
01-Aug-2025 11:46:30.973 INFO [mysql-cj-abandoned-connection-cleanup] org.apache.catalina.loader.WebappClassLoaderBase.checkStateForResourceLoading Acceso ilegal: esta instancia de aplicación web ya ha sido parada.  Could not load [].  La eventual traza de pila que sigue ha sido motivada por un error lanzado con motivos de depuración así como para intentar terminar el hilo que motivó el acceso ilegal y no tiene impacto funcional.
	java.lang.IllegalStateException: Acceso ilegal: esta instancia de aplicación web ya ha sido parada.  Could not load [].  La eventual traza de pila que sigue ha sido motivada por un error lanzado con motivos de depuración así como para intentar terminar el hilo que motivó el acceso ilegal y no tiene impacto funcional.
		at org.apache.catalina.loader.WebappClassLoaderBase.checkStateForResourceLoading(WebappClassLoaderBase.java:1248)
		at org.apache.catalina.loader.WebappClassLoaderBase.getResource(WebappClassLoaderBase.java:857)
		at com.mysql.cj.jdbc.AbandonedConnectionCleanupThread.checkThreadContextClassLoader(AbandonedConnectionCleanupThread.java:123)
		at com.mysql.cj.jdbc.AbandonedConnectionCleanupThread.run(AbandonedConnectionCleanupThread.java:90)
		at java.base/java.util.concurrent.ThreadPoolExecutor.runWorker(ThreadPoolExecutor.java:1144)
		at java.base/java.util.concurrent.ThreadPoolExecutor$Worker.run(ThreadPoolExecutor.java:642)
		at java.base/java.lang.Thread.run(Thread.java:1570)
01-Aug-2025 11:46:30.973 INFO [mysql-cj-abandoned-connection-cleanup] org.apache.catalina.loader.WebappClassLoaderBase.checkStateForResourceLoading Acceso ilegal: esta instancia de aplicación web ya ha sido parada.  Could not load [].  La eventual traza de pila que sigue ha sido motivada por un error lanzado con motivos de depuración así como para intentar terminar el hilo que motivó el acceso ilegal y no tiene impacto funcional.
	java.lang.IllegalStateException: Acceso ilegal: esta instancia de aplicación web ya ha sido parada.  Could not load [].  La eventual traza de pila que sigue ha sido motivada por un error lanzado con motivos de depuración así como para intentar terminar el hilo que motivó el acceso ilegal y no tiene impacto funcional.
		at org.apache.catalina.loader.WebappClassLoaderBase.checkStateForResourceLoading(WebappClassLoaderBase.java:1248)
		at org.apache.catalina.loader.WebappClassLoaderBase.getResource(WebappClassLoaderBase.java:857)
		at com.mysql.cj.jdbc.AbandonedConnectionCleanupThread.checkThreadContextClassLoader(AbandonedConnectionCleanupThread.java:123)
		at com.mysql.cj.jdbc.AbandonedConnectionCleanupThread.run(AbandonedConnectionCleanupThread.java:90)
		at java.base/java.util.concurrent.ThreadPoolExecutor.runWorker(ThreadPoolExecutor.java:1144)
		at java.base/java.util.concurrent.ThreadPoolExecutor$Worker.run(ThreadPoolExecutor.java:642)
		at java.base/java.lang.Thread.run(Thread.java:1570)
01-Aug-2025 11:46:31.027 INFO [mysql-cj-abandoned-connection-cleanup] org.apache.catalina.loader.WebappClassLoaderBase.checkStateForResourceLoading Acceso ilegal: esta instancia de aplicación web ya ha sido parada.  Could not load [].  La eventual traza de pila que sigue ha sido motivada por un error lanzado con motivos de depuración así como para intentar terminar el hilo que motivó el acceso ilegal y no tiene impacto funcional.
	java.lang.IllegalStateException: Acceso ilegal: esta instancia de aplicación web ya ha sido parada.  Could not load [].  La eventual traza de pila que sigue ha sido motivada por un error lanzado con motivos de depuración así como para intentar terminar el hilo que motivó el acceso ilegal y no tiene impacto funcional.
		at org.apache.catalina.loader.WebappClassLoaderBase.checkStateForResourceLoading(WebappClassLoaderBase.java:1248)
		at org.apache.catalina.loader.WebappClassLoaderBase.getResource(WebappClassLoaderBase.java:857)
		at com.mysql.cj.jdbc.AbandonedConnectionCleanupThread.checkThreadContextClassLoader(AbandonedConnectionCleanupThread.java:123)
		at com.mysql.cj.jdbc.AbandonedConnectionCleanupThread.run(AbandonedConnectionCleanupThread.java:90)
		at java.base/java.util.concurrent.ThreadPoolExecutor.runWorker(ThreadPoolExecutor.java:1144)
		at java.base/java.util.concurrent.ThreadPoolExecutor$Worker.run(ThreadPoolExecutor.java:642)
		at java.base/java.lang.Thread.run(Thread.java:1570)
01-Aug-2025 11:46:31.027 INFO [mysql-cj-abandoned-connection-cleanup] org.apache.catalina.loader.WebappClassLoaderBase.checkStateForResourceLoading Acceso ilegal: esta instancia de aplicación web ya ha sido parada.  Could not load [].  La eventual traza de pila que sigue ha sido motivada por un error lanzado con motivos de depuración así como para intentar terminar el hilo que motivó el acceso ilegal y no tiene impacto funcional.
	java.lang.IllegalStateException: Acceso ilegal: esta instancia de aplicación web ya ha sido parada.  Could not load [].  La eventual traza de pila que sigue ha sido motivada por un error lanzado con motivos de depuración así como para intentar terminar el hilo que motivó el acceso ilegal y no tiene impacto funcional.
		at org.apache.catalina.loader.WebappClassLoaderBase.checkStateForResourceLoading(WebappClassLoaderBase.java:1248)
		at org.apache.catalina.loader.WebappClassLoaderBase.getResource(WebappClassLoaderBase.java:857)
		at com.mysql.cj.jdbc.AbandonedConnectionCleanupThread.checkThreadContextClassLoader(AbandonedConnectionCleanupThread.java:123)
		at com.mysql.cj.jdbc.AbandonedConnectionCleanupThread.run(AbandonedConnectionCleanupThread.java:90)
		at java.base/java.util.concurrent.ThreadPoolExecutor.runWorker(ThreadPoolExecutor.java:1144)
		at java.base/java.util.concurrent.ThreadPoolExecutor$Worker.run(ThreadPoolExecutor.java:642)
		at java.base/java.lang.Thread.run(Thread.java:1570)
01-Aug-2025 11:46:31.027 INFO [mysql-cj-abandoned-connection-cleanup] org.apache.catalina.loader.WebappClassLoaderBase.checkStateForResourceLoading Acceso ilegal: esta instancia de aplicación web ya ha sido parada.  Could not load [].  La eventual traza de pila que sigue ha sido motivada por un error lanzado con motivos de depuración así como para intentar terminar el hilo que motivó el acceso ilegal y no tiene impacto funcional.
	java.lang.IllegalStateException: Acceso ilegal: esta instancia de aplicación web ya ha sido parada.  Could not load [].  La eventual traza de pila que sigue ha sido motivada por un error lanzado con motivos de depuración así como para intentar terminar el hilo que motivó el acceso ilegal y no tiene impacto funcional.
		at org.apache.catalina.loader.WebappClassLoaderBase.checkStateForResourceLoading(WebappClassLoaderBase.java:1248)
		at org.apache.catalina.loader.WebappClassLoaderBase.getResource(WebappClassLoaderBase.java:857)
		at com.mysql.cj.jdbc.AbandonedConnectionCleanupThread.checkThreadContextClassLoader(AbandonedConnectionCleanupThread.java:123)
		at com.mysql.cj.jdbc.AbandonedConnectionCleanupThread.run(AbandonedConnectionCleanupThread.java:90)
		at java.base/java.util.concurrent.ThreadPoolExecutor.runWorker(ThreadPoolExecutor.java:1144)
		at java.base/java.util.concurrent.ThreadPoolExecutor$Worker.run(ThreadPoolExecutor.java:642)
		at java.base/java.lang.Thread.run(Thread.java:1570)
01-Aug-2025 11:46:31.084 INFO [mysql-cj-abandoned-connection-cleanup] org.apache.catalina.loader.WebappClassLoaderBase.checkStateForResourceLoading Acceso ilegal: esta instancia de aplicación web ya ha sido parada.  Could not load [].  La eventual traza de pila que sigue ha sido motivada por un error lanzado con motivos de depuración así como para intentar terminar el hilo que motivó el acceso ilegal y no tiene impacto funcional.
	java.lang.IllegalStateException: Acceso ilegal: esta instancia de aplicación web ya ha sido parada.  Could not load [].  La eventual traza de pila que sigue ha sido motivada por un error lanzado con motivos de depuración así como para intentar terminar el hilo que motivó el acceso ilegal y no tiene impacto funcional.
		at org.apache.catalina.loader.WebappClassLoaderBase.checkStateForResourceLoading(WebappClassLoaderBase.java:1248)
		at org.apache.catalina.loader.WebappClassLoaderBase.getResource(WebappClassLoaderBase.java:857)
		at com.mysql.cj.jdbc.AbandonedConnectionCleanupThread.checkThreadContextClassLoader(AbandonedConnectionCleanupThread.java:123)
		at com.mysql.cj.jdbc.AbandonedConnectionCleanupThread.run(AbandonedConnectionCleanupThread.java:90)
		at java.base/java.util.concurrent.ThreadPoolExecutor.runWorker(ThreadPoolExecutor.java:1144)
		at java.base/java.util.concurrent.ThreadPoolExecutor$Worker.run(ThreadPoolExecutor.java:642)
		at java.base/java.lang.Thread.run(Thread.java:1570)
01-Aug-2025 11:46:31.084 INFO [mysql-cj-abandoned-connection-cleanup] org.apache.catalina.loader.WebappClassLoaderBase.checkStateForResourceLoading Acceso ilegal: esta instancia de aplicación web ya ha sido parada.  Could not load [].  La eventual traza de pila que sigue ha sido motivada por un error lanzado con motivos de depuración así como para intentar terminar el hilo que motivó el acceso ilegal y no tiene impacto funcional.
	java.lang.IllegalStateException: Acceso ilegal: esta instancia de aplicación web ya ha sido parada.  Could not load [].  La eventual traza de pila que sigue ha sido motivada por un error lanzado con motivos de depuración así como para intentar terminar el hilo que motivó el acceso ilegal y no tiene impacto funcional.
		at org.apache.catalina.loader.WebappClassLoaderBase.checkStateForResourceLoading(WebappClassLoaderBase.java:1248)
		at org.apache.catalina.loader.WebappClassLoaderBase.getResource(WebappClassLoaderBase.java:857)
		at com.mysql.cj.jdbc.AbandonedConnectionCleanupThread.checkThreadContextClassLoader(AbandonedConnectionCleanupThread.java:123)
		at com.mysql.cj.jdbc.AbandonedConnectionCleanupThread.run(AbandonedConnectionCleanupThread.java:90)
		at java.base/java.util.concurrent.ThreadPoolExecutor.runWorker(ThreadPoolExecutor.java:1144)
		at java.base/java.util.concurrent.ThreadPoolExecutor$Worker.run(ThreadPoolExecutor.java:642)
		at java.base/java.lang.Thread.run(Thread.java:1570)
01-Aug-2025 11:46:31.084 INFO [mysql-cj-abandoned-connection-cleanup] org.apache.catalina.loader.WebappClassLoaderBase.checkStateForResourceLoading Acceso ilegal: esta instancia de aplicación web ya ha sido parada.  Could not load [].  La eventual traza de pila que sigue ha sido motivada por un error lanzado con motivos de depuración así como para intentar terminar el hilo que motivó el acceso ilegal y no tiene impacto funcional.
	java.lang.IllegalStateException: Acceso ilegal: esta instancia de aplicación web ya ha sido parada.  Could not load [].  La eventual traza de pila que sigue ha sido motivada por un error lanzado con motivos de depuración así como para intentar terminar el hilo que motivó el acceso ilegal y no tiene impacto funcional.
		at org.apache.catalina.loader.WebappClassLoaderBase.checkStateForResourceLoading(WebappClassLoaderBase.java:1248)
		at org.apache.catalina.loader.WebappClassLoaderBase.getResource(WebappClassLoaderBase.java:857)
		at com.mysql.cj.jdbc.AbandonedConnectionCleanupThread.checkThreadContextClassLoader(AbandonedConnectionCleanupThread.java:123)
		at com.mysql.cj.jdbc.AbandonedConnectionCleanupThread.run(AbandonedConnectionCleanupThread.java:90)
		at java.base/java.util.concurrent.ThreadPoolExecutor.runWorker(ThreadPoolExecutor.java:1144)
		at java.base/java.util.concurrent.ThreadPoolExecutor$Worker.run(ThreadPoolExecutor.java:642)
		at java.base/java.lang.Thread.run(Thread.java:1570)
01-Aug-2025 11:46:31.148 INFO [mysql-cj-abandoned-connection-cleanup] org.apache.catalina.loader.WebappClassLoaderBase.checkStateForResourceLoading Acceso ilegal: esta instancia de aplicación web ya ha sido parada.  Could not load [].  La eventual traza de pila que sigue ha sido motivada por un error lanzado con motivos de depuración así como para intentar terminar el hilo que motivó el acceso ilegal y no tiene impacto funcional.
	java.lang.IllegalStateException: Acceso ilegal: esta instancia de aplicación web ya ha sido parada.  Could not load [].  La eventual traza de pila que sigue ha sido motivada por un error lanzado con motivos de depuración así como para intentar terminar el hilo que motivó el acceso ilegal y no tiene impacto funcional.
		at org.apache.catalina.loader.WebappClassLoaderBase.checkStateForResourceLoading(WebappClassLoaderBase.java:1248)
		at org.apache.catalina.loader.WebappClassLoaderBase.getResource(WebappClassLoaderBase.java:857)
		at com.mysql.cj.jdbc.AbandonedConnectionCleanupThread.checkThreadContextClassLoader(AbandonedConnectionCleanupThread.java:123)
		at com.mysql.cj.jdbc.AbandonedConnectionCleanupThread.run(AbandonedConnectionCleanupThread.java:90)
		at java.base/java.util.concurrent.ThreadPoolExecutor.runWorker(ThreadPoolExecutor.java:1144)
		at java.base/java.util.concurrent.ThreadPoolExecutor$Worker.run(ThreadPoolExecutor.java:642)
		at java.base/java.lang.Thread.run(Thread.java:1570)
01-Aug-2025 11:46:31.148 INFO [mysql-cj-abandoned-connection-cleanup] org.apache.catalina.loader.WebappClassLoaderBase.checkStateForResourceLoading Acceso ilegal: esta instancia de aplicación web ya ha sido parada.  Could not load [].  La eventual traza de pila que sigue ha sido motivada por un error lanzado con motivos de depuración así como para intentar terminar el hilo que motivó el acceso ilegal y no tiene impacto funcional.
	java.lang.IllegalStateException: Acceso ilegal: esta instancia de aplicación web ya ha sido parada.  Could not load [].  La eventual traza de pila que sigue ha sido motivada por un error lanzado con motivos de depuración así como para intentar terminar el hilo que motivó el acceso ilegal y no tiene impacto funcional.
		at org.apache.catalina.loader.WebappClassLoaderBase.checkStateForResourceLoading(WebappClassLoaderBase.java:1248)
		at org.apache.catalina.loader.WebappClassLoaderBase.getResource(WebappClassLoaderBase.java:857)
		at com.mysql.cj.jdbc.AbandonedConnectionCleanupThread.checkThreadContextClassLoader(AbandonedConnectionCleanupThread.java:123)
		at com.mysql.cj.jdbc.AbandonedConnectionCleanupThread.run(AbandonedConnectionCleanupThread.java:90)
		at java.base/java.util.concurrent.ThreadPoolExecutor.runWorker(ThreadPoolExecutor.java:1144)
		at java.base/java.util.concurrent.ThreadPoolExecutor$Worker.run(ThreadPoolExecutor.java:642)
		at java.base/java.lang.Thread.run(Thread.java:1570)
01-Aug-2025 11:46:31.148 INFO [mysql-cj-abandoned-connection-cleanup] org.apache.catalina.loader.WebappClassLoaderBase.checkStateForResourceLoading Acceso ilegal: esta instancia de aplicación web ya ha sido parada.  Could not load [].  La eventual traza de pila que sigue ha sido motivada por un error lanzado con motivos de depuración así como para intentar terminar el hilo que motivó el acceso ilegal y no tiene impacto funcional.
	java.lang.IllegalStateException: Acceso ilegal: esta instancia de aplicación web ya ha sido parada.  Could not load [].  La eventual traza de pila que sigue ha sido motivada por un error lanzado con motivos de depuración así como para intentar terminar el hilo que motivó el acceso ilegal y no tiene impacto funcional.
		at org.apache.catalina.loader.WebappClassLoaderBase.checkStateForResourceLoading(WebappClassLoaderBase.java:1248)
		at org.apache.catalina.loader.WebappClassLoaderBase.getResource(WebappClassLoaderBase.java:857)
		at com.mysql.cj.jdbc.AbandonedConnectionCleanupThread.checkThreadContextClassLoader(AbandonedConnectionCleanupThread.java:123)
		at com.mysql.cj.jdbc.AbandonedConnectionCleanupThread.run(AbandonedConnectionCleanupThread.java:90)
		at java.base/java.util.concurrent.ThreadPoolExecutor.runWorker(ThreadPoolExecutor.java:1144)
		at java.base/java.util.concurrent.ThreadPoolExecutor$Worker.run(ThreadPoolExecutor.java:642)
		at java.base/java.lang.Thread.run(Thread.java:1570)
01-Aug-2025 11:46:31.205 INFO [mysql-cj-abandoned-connection-cleanup] org.apache.catalina.loader.WebappClassLoaderBase.checkStateForResourceLoading Acceso ilegal: esta instancia de aplicación web ya ha sido parada.  Could not load [].  La eventual traza de pila que sigue ha sido motivada por un error lanzado con motivos de depuración así como para intentar terminar el hilo que motivó el acceso ilegal y no tiene impacto funcional.
	java.lang.IllegalStateException: Acceso ilegal: esta instancia de aplicación web ya ha sido parada.  Could not load [].  La eventual traza de pila que sigue ha sido motivada por un error lanzado con motivos de depuración así como para intentar terminar el hilo que motivó el acceso ilegal y no tiene impacto funcional.
		at org.apache.catalina.loader.WebappClassLoaderBase.checkStateForResourceLoading(WebappClassLoaderBase.java:1248)
		at org.apache.catalina.loader.WebappClassLoaderBase.getResource(WebappClassLoaderBase.java:857)
		at com.mysql.cj.jdbc.AbandonedConnectionCleanupThread.checkThreadContextClassLoader(AbandonedConnectionCleanupThread.java:123)
		at com.mysql.cj.jdbc.AbandonedConnectionCleanupThread.run(AbandonedConnectionCleanupThread.java:90)
		at java.base/java.util.concurrent.ThreadPoolExecutor.runWorker(ThreadPoolExecutor.java:1144)
		at java.base/java.util.concurrent.ThreadPoolExecutor$Worker.run(ThreadPoolExecutor.java:642)
		at java.base/java.lang.Thread.run(Thread.java:1570)
01-Aug-2025 11:46:31.206 INFO [mysql-cj-abandoned-connection-cleanup] org.apache.catalina.loader.WebappClassLoaderBase.checkStateForResourceLoading Acceso ilegal: esta instancia de aplicación web ya ha sido parada.  Could not load [].  La eventual traza de pila que sigue ha sido motivada por un error lanzado con motivos de depuración así como para intentar terminar el hilo que motivó el acceso ilegal y no tiene impacto funcional.
	java.lang.IllegalStateException: Acceso ilegal: esta instancia de aplicación web ya ha sido parada.  Could not load [].  La eventual traza de pila que sigue ha sido motivada por un error lanzado con motivos de depuración así como para intentar terminar el hilo que motivó el acceso ilegal y no tiene impacto funcional.
		at org.apache.catalina.loader.WebappClassLoaderBase.checkStateForResourceLoading(WebappClassLoaderBase.java:1248)
		at org.apache.catalina.loader.WebappClassLoaderBase.getResource(WebappClassLoaderBase.java:857)
		at com.mysql.cj.jdbc.AbandonedConnectionCleanupThread.checkThreadContextClassLoader(AbandonedConnectionCleanupThread.java:123)
		at com.mysql.cj.jdbc.AbandonedConnectionCleanupThread.run(AbandonedConnectionCleanupThread.java:90)
		at java.base/java.util.concurrent.ThreadPoolExecutor.runWorker(ThreadPoolExecutor.java:1144)
		at java.base/java.util.concurrent.ThreadPoolExecutor$Worker.run(ThreadPoolExecutor.java:642)
		at java.base/java.lang.Thread.run(Thread.java:1570)
01-Aug-2025 11:46:31.206 INFO [mysql-cj-abandoned-connection-cleanup] org.apache.catalina.loader.WebappClassLoaderBase.checkStateForResourceLoading Acceso ilegal: esta instancia de aplicación web ya ha sido parada.  Could not load [].  La eventual traza de pila que sigue ha sido motivada por un error lanzado con motivos de depuración así como para intentar terminar el hilo que motivó el acceso ilegal y no tiene impacto funcional.
	java.lang.IllegalStateException: Acceso ilegal: esta instancia de aplicación web ya ha sido parada.  Could not load [].  La eventual traza de pila que sigue ha sido motivada por un error lanzado con motivos de depuración así como para intentar terminar el hilo que motivó el acceso ilegal y no tiene impacto funcional.
		at org.apache.catalina.loader.WebappClassLoaderBase.checkStateForResourceLoading(WebappClassLoaderBase.java:1248)
		at org.apache.catalina.loader.WebappClassLoaderBase.getResource(WebappClassLoaderBase.java:857)
		at com.mysql.cj.jdbc.AbandonedConnectionCleanupThread.checkThreadContextClassLoader(AbandonedConnectionCleanupThread.java:123)
		at com.mysql.cj.jdbc.AbandonedConnectionCleanupThread.run(AbandonedConnectionCleanupThread.java:90)
		at java.base/java.util.concurrent.ThreadPoolExecutor.runWorker(ThreadPoolExecutor.java:1144)
		at java.base/java.util.concurrent.ThreadPoolExecutor$Worker.run(ThreadPoolExecutor.java:642)
		at java.base/java.lang.Thread.run(Thread.java:1570)
01-Aug-2025 11:46:31.268 INFO [mysql-cj-abandoned-connection-cleanup] org.apache.catalina.loader.WebappClassLoaderBase.checkStateForResourceLoading Acceso ilegal: esta instancia de aplicación web ya ha sido parada.  Could not load [].  La eventual traza de pila que sigue ha sido motivada por un error lanzado con motivos de depuración así como para intentar terminar el hilo que motivó el acceso ilegal y no tiene impacto funcional.
	java.lang.IllegalStateException: Acceso ilegal: esta instancia de aplicación web ya ha sido parada.  Could not load [].  La eventual traza de pila que sigue ha sido motivada por un error lanzado con motivos de depuración así como para intentar terminar el hilo que motivó el acceso ilegal y no tiene impacto funcional.
		at org.apache.catalina.loader.WebappClassLoaderBase.checkStateForResourceLoading(WebappClassLoaderBase.java:1248)
		at org.apache.catalina.loader.WebappClassLoaderBase.getResource(WebappClassLoaderBase.java:857)
		at com.mysql.cj.jdbc.AbandonedConnectionCleanupThread.checkThreadContextClassLoader(AbandonedConnectionCleanupThread.java:123)
		at com.mysql.cj.jdbc.AbandonedConnectionCleanupThread.run(AbandonedConnectionCleanupThread.java:90)
		at java.base/java.util.concurrent.ThreadPoolExecutor.runWorker(ThreadPoolExecutor.java:1144)
		at java.base/java.util.concurrent.ThreadPoolExecutor$Worker.run(ThreadPoolExecutor.java:642)
		at java.base/java.lang.Thread.run(Thread.java:1570)
01-Aug-2025 11:46:31.268 INFO [mysql-cj-abandoned-connection-cleanup] org.apache.catalina.loader.WebappClassLoaderBase.checkStateForResourceLoading Acceso ilegal: esta instancia de aplicación web ya ha sido parada.  Could not load [].  La eventual traza de pila que sigue ha sido motivada por un error lanzado con motivos de depuración así como para intentar terminar el hilo que motivó el acceso ilegal y no tiene impacto funcional.
	java.lang.IllegalStateException: Acceso ilegal: esta instancia de aplicación web ya ha sido parada.  Could not load [].  La eventual traza de pila que sigue ha sido motivada por un error lanzado con motivos de depuración así como para intentar terminar el hilo que motivó el acceso ilegal y no tiene impacto funcional.
		at org.apache.catalina.loader.WebappClassLoaderBase.checkStateForResourceLoading(WebappClassLoaderBase.java:1248)
		at org.apache.catalina.loader.WebappClassLoaderBase.getResource(WebappClassLoaderBase.java:857)
		at com.mysql.cj.jdbc.AbandonedConnectionCleanupThread.checkThreadContextClassLoader(AbandonedConnectionCleanupThread.java:123)
		at com.mysql.cj.jdbc.AbandonedConnectionCleanupThread.run(AbandonedConnectionCleanupThread.java:90)
		at java.base/java.util.concurrent.ThreadPoolExecutor.runWorker(ThreadPoolExecutor.java:1144)
		at java.base/java.util.concurrent.ThreadPoolExecutor$Worker.run(ThreadPoolExecutor.java:642)
		at java.base/java.lang.Thread.run(Thread.java:1570)
01-Aug-2025 11:46:31.269 INFO [mysql-cj-abandoned-connection-cleanup] org.apache.catalina.loader.WebappClassLoaderBase.checkStateForResourceLoading Acceso ilegal: esta instancia de aplicación web ya ha sido parada.  Could not load [].  La eventual traza de pila que sigue ha sido motivada por un error lanzado con motivos de depuración así como para intentar terminar el hilo que motivó el acceso ilegal y no tiene impacto funcional.
	java.lang.IllegalStateException: Acceso ilegal: esta instancia de aplicación web ya ha sido parada.  Could not load [].  La eventual traza de pila que sigue ha sido motivada por un error lanzado con motivos de depuración así como para intentar terminar el hilo que motivó el acceso ilegal y no tiene impacto funcional.
		at org.apache.catalina.loader.WebappClassLoaderBase.checkStateForResourceLoading(WebappClassLoaderBase.java:1248)
		at org.apache.catalina.loader.WebappClassLoaderBase.getResource(WebappClassLoaderBase.java:857)
		at com.mysql.cj.jdbc.AbandonedConnectionCleanupThread.checkThreadContextClassLoader(AbandonedConnectionCleanupThread.java:123)
		at com.mysql.cj.jdbc.AbandonedConnectionCleanupThread.run(AbandonedConnectionCleanupThread.java:90)
		at java.base/java.util.concurrent.ThreadPoolExecutor.runWorker(ThreadPoolExecutor.java:1144)
		at java.base/java.util.concurrent.ThreadPoolExecutor$Worker.run(ThreadPoolExecutor.java:642)
		at java.base/java.lang.Thread.run(Thread.java:1570)
01-Aug-2025 11:46:31.324 INFO [mysql-cj-abandoned-connection-cleanup] org.apache.catalina.loader.WebappClassLoaderBase.checkStateForResourceLoading Acceso ilegal: esta instancia de aplicación web ya ha sido parada.  Could not load [].  La eventual traza de pila que sigue ha sido motivada por un error lanzado con motivos de depuración así como para intentar terminar el hilo que motivó el acceso ilegal y no tiene impacto funcional.
	java.lang.IllegalStateException: Acceso ilegal: esta instancia de aplicación web ya ha sido parada.  Could not load [].  La eventual traza de pila que sigue ha sido motivada por un error lanzado con motivos de depuración así como para intentar terminar el hilo que motivó el acceso ilegal y no tiene impacto funcional.
		at org.apache.catalina.loader.WebappClassLoaderBase.checkStateForResourceLoading(WebappClassLoaderBase.java:1248)
		at org.apache.catalina.loader.WebappClassLoaderBase.getResource(WebappClassLoaderBase.java:857)
		at com.mysql.cj.jdbc.AbandonedConnectionCleanupThread.checkThreadContextClassLoader(AbandonedConnectionCleanupThread.java:123)
		at com.mysql.cj.jdbc.AbandonedConnectionCleanupThread.run(AbandonedConnectionCleanupThread.java:90)
		at java.base/java.util.concurrent.ThreadPoolExecutor.runWorker(ThreadPoolExecutor.java:1144)
		at java.base/java.util.concurrent.ThreadPoolExecutor$Worker.run(ThreadPoolExecutor.java:642)
		at java.base/java.lang.Thread.run(Thread.java:1570)
01-Aug-2025 11:46:31.324 INFO [mysql-cj-abandoned-connection-cleanup] org.apache.catalina.loader.WebappClassLoaderBase.checkStateForResourceLoading Acceso ilegal: esta instancia de aplicación web ya ha sido parada.  Could not load [].  La eventual traza de pila que sigue ha sido motivada por un error lanzado con motivos de depuración así como para intentar terminar el hilo que motivó el acceso ilegal y no tiene impacto funcional.
	java.lang.IllegalStateException: Acceso ilegal: esta instancia de aplicación web ya ha sido parada.  Could not load [].  La eventual traza de pila que sigue ha sido motivada por un error lanzado con motivos de depuración así como para intentar terminar el hilo que motivó el acceso ilegal y no tiene impacto funcional.
		at org.apache.catalina.loader.WebappClassLoaderBase.checkStateForResourceLoading(WebappClassLoaderBase.java:1248)
		at org.apache.catalina.loader.WebappClassLoaderBase.getResource(WebappClassLoaderBase.java:857)
		at com.mysql.cj.jdbc.AbandonedConnectionCleanupThread.checkThreadContextClassLoader(AbandonedConnectionCleanupThread.java:123)
		at com.mysql.cj.jdbc.AbandonedConnectionCleanupThread.run(AbandonedConnectionCleanupThread.java:90)
		at java.base/java.util.concurrent.ThreadPoolExecutor.runWorker(ThreadPoolExecutor.java:1144)
		at java.base/java.util.concurrent.ThreadPoolExecutor$Worker.run(ThreadPoolExecutor.java:642)
		at java.base/java.lang.Thread.run(Thread.java:1570)
01-Aug-2025 11:46:31.324 INFO [mysql-cj-abandoned-connection-cleanup] org.apache.catalina.loader.WebappClassLoaderBase.checkStateForResourceLoading Acceso ilegal: esta instancia de aplicación web ya ha sido parada.  Could not load [].  La eventual traza de pila que sigue ha sido motivada por un error lanzado con motivos de depuración así como para intentar terminar el hilo que motivó el acceso ilegal y no tiene impacto funcional.
	java.lang.IllegalStateException: Acceso ilegal: esta instancia de aplicación web ya ha sido parada.  Could not load [].  La eventual traza de pila que sigue ha sido motivada por un error lanzado con motivos de depuración así como para intentar terminar el hilo que motivó el acceso ilegal y no tiene impacto funcional.
		at org.apache.catalina.loader.WebappClassLoaderBase.checkStateForResourceLoading(WebappClassLoaderBase.java:1248)
		at org.apache.catalina.loader.WebappClassLoaderBase.getResource(WebappClassLoaderBase.java:857)
		at com.mysql.cj.jdbc.AbandonedConnectionCleanupThread.checkThreadContextClassLoader(AbandonedConnectionCleanupThread.java:123)
		at com.mysql.cj.jdbc.AbandonedConnectionCleanupThread.run(AbandonedConnectionCleanupThread.java:90)
		at java.base/java.util.concurrent.ThreadPoolExecutor.runWorker(ThreadPoolExecutor.java:1144)
		at java.base/java.util.concurrent.ThreadPoolExecutor$Worker.run(ThreadPoolExecutor.java:642)
		at java.base/java.lang.Thread.run(Thread.java:1570)
01-Aug-2025 11:46:31.379 INFO [mysql-cj-abandoned-connection-cleanup] org.apache.catalina.loader.WebappClassLoaderBase.checkStateForResourceLoading Acceso ilegal: esta instancia de aplicación web ya ha sido parada.  Could not load [].  La eventual traza de pila que sigue ha sido motivada por un error lanzado con motivos de depuración así como para intentar terminar el hilo que motivó el acceso ilegal y no tiene impacto funcional.
	java.lang.IllegalStateException: Acceso ilegal: esta instancia de aplicación web ya ha sido parada.  Could not load [].  La eventual traza de pila que sigue ha sido motivada por un error lanzado con motivos de depuración así como para intentar terminar el hilo que motivó el acceso ilegal y no tiene impacto funcional.
		at org.apache.catalina.loader.WebappClassLoaderBase.checkStateForResourceLoading(WebappClassLoaderBase.java:1248)
		at org.apache.catalina.loader.WebappClassLoaderBase.getResource(WebappClassLoaderBase.java:857)
		at com.mysql.cj.jdbc.AbandonedConnectionCleanupThread.checkThreadContextClassLoader(AbandonedConnectionCleanupThread.java:123)
		at com.mysql.cj.jdbc.AbandonedConnectionCleanupThread.run(AbandonedConnectionCleanupThread.java:90)
		at java.base/java.util.concurrent.ThreadPoolExecutor.runWorker(ThreadPoolExecutor.java:1144)
		at java.base/java.util.concurrent.ThreadPoolExecutor$Worker.run(ThreadPoolExecutor.java:642)
		at java.base/java.lang.Thread.run(Thread.java:1570)
01-Aug-2025 11:46:31.379 INFO [mysql-cj-abandoned-connection-cleanup] org.apache.catalina.loader.WebappClassLoaderBase.checkStateForResourceLoading Acceso ilegal: esta instancia de aplicación web ya ha sido parada.  Could not load [].  La eventual traza de pila que sigue ha sido motivada por un error lanzado con motivos de depuración así como para intentar terminar el hilo que motivó el acceso ilegal y no tiene impacto funcional.
	java.lang.IllegalStateException: Acceso ilegal: esta instancia de aplicación web ya ha sido parada.  Could not load [].  La eventual traza de pila que sigue ha sido motivada por un error lanzado con motivos de depuración así como para intentar terminar el hilo que motivó el acceso ilegal y no tiene impacto funcional.
		at org.apache.catalina.loader.WebappClassLoaderBase.checkStateForResourceLoading(WebappClassLoaderBase.java:1248)
		at org.apache.catalina.loader.WebappClassLoaderBase.getResource(WebappClassLoaderBase.java:857)
		at com.mysql.cj.jdbc.AbandonedConnectionCleanupThread.checkThreadContextClassLoader(AbandonedConnectionCleanupThread.java:123)
		at com.mysql.cj.jdbc.AbandonedConnectionCleanupThread.run(AbandonedConnectionCleanupThread.java:90)
		at java.base/java.util.concurrent.ThreadPoolExecutor.runWorker(ThreadPoolExecutor.java:1144)
		at java.base/java.util.concurrent.ThreadPoolExecutor$Worker.run(ThreadPoolExecutor.java:642)
		at java.base/java.lang.Thread.run(Thread.java:1570)
01-Aug-2025 11:46:31.379 INFO [mysql-cj-abandoned-connection-cleanup] org.apache.catalina.loader.WebappClassLoaderBase.checkStateForResourceLoading Acceso ilegal: esta instancia de aplicación web ya ha sido parada.  Could not load [].  La eventual traza de pila que sigue ha sido motivada por un error lanzado con motivos de depuración así como para intentar terminar el hilo que motivó el acceso ilegal y no tiene impacto funcional.
	java.lang.IllegalStateException: Acceso ilegal: esta instancia de aplicación web ya ha sido parada.  Could not load [].  La eventual traza de pila que sigue ha sido motivada por un error lanzado con motivos de depuración así como para intentar terminar el hilo que motivó el acceso ilegal y no tiene impacto funcional.
		at org.apache.catalina.loader.WebappClassLoaderBase.checkStateForResourceLoading(WebappClassLoaderBase.java:1248)
		at org.apache.catalina.loader.WebappClassLoaderBase.getResource(WebappClassLoaderBase.java:857)
		at com.mysql.cj.jdbc.AbandonedConnectionCleanupThread.checkThreadContextClassLoader(AbandonedConnectionCleanupThread.java:123)
		at com.mysql.cj.jdbc.AbandonedConnectionCleanupThread.run(AbandonedConnectionCleanupThread.java:90)
		at java.base/java.util.concurrent.ThreadPoolExecutor.runWorker(ThreadPoolExecutor.java:1144)
		at java.base/java.util.concurrent.ThreadPoolExecutor$Worker.run(ThreadPoolExecutor.java:642)
		at java.base/java.lang.Thread.run(Thread.java:1570)
01-Aug-2025 11:46:31.434 INFO [mysql-cj-abandoned-connection-cleanup] org.apache.catalina.loader.WebappClassLoaderBase.checkStateForResourceLoading Acceso ilegal: esta instancia de aplicación web ya ha sido parada.  Could not load [].  La eventual traza de pila que sigue ha sido motivada por un error lanzado con motivos de depuración así como para intentar terminar el hilo que motivó el acceso ilegal y no tiene impacto funcional.
	java.lang.IllegalStateException: Acceso ilegal: esta instancia de aplicación web ya ha sido parada.  Could not load [].  La eventual traza de pila que sigue ha sido motivada por un error lanzado con motivos de depuración así como para intentar terminar el hilo que motivó el acceso ilegal y no tiene impacto funcional.
		at org.apache.catalina.loader.WebappClassLoaderBase.checkStateForResourceLoading(WebappClassLoaderBase.java:1248)
		at org.apache.catalina.loader.WebappClassLoaderBase.getResource(WebappClassLoaderBase.java:857)
		at com.mysql.cj.jdbc.AbandonedConnectionCleanupThread.checkThreadContextClassLoader(AbandonedConnectionCleanupThread.java:123)
		at com.mysql.cj.jdbc.AbandonedConnectionCleanupThread.run(AbandonedConnectionCleanupThread.java:90)
		at java.base/java.util.concurrent.ThreadPoolExecutor.runWorker(ThreadPoolExecutor.java:1144)
		at java.base/java.util.concurrent.ThreadPoolExecutor$Worker.run(ThreadPoolExecutor.java:642)
		at java.base/java.lang.Thread.run(Thread.java:1570)
01-Aug-2025 11:46:31.434 INFO [mysql-cj-abandoned-connection-cleanup] org.apache.catalina.loader.WebappClassLoaderBase.checkStateForResourceLoading Acceso ilegal: esta instancia de aplicación web ya ha sido parada.  Could not load [].  La eventual traza de pila que sigue ha sido motivada por un error lanzado con motivos de depuración así como para intentar terminar el hilo que motivó el acceso ilegal y no tiene impacto funcional.
	java.lang.IllegalStateException: Acceso ilegal: esta instancia de aplicación web ya ha sido parada.  Could not load [].  La eventual traza de pila que sigue ha sido motivada por un error lanzado con motivos de depuración así como para intentar terminar el hilo que motivó el acceso ilegal y no tiene impacto funcional.
		at org.apache.catalina.loader.WebappClassLoaderBase.checkStateForResourceLoading(WebappClassLoaderBase.java:1248)
		at org.apache.catalina.loader.WebappClassLoaderBase.getResource(WebappClassLoaderBase.java:857)
		at com.mysql.cj.jdbc.AbandonedConnectionCleanupThread.checkThreadContextClassLoader(AbandonedConnectionCleanupThread.java:123)
		at com.mysql.cj.jdbc.AbandonedConnectionCleanupThread.run(AbandonedConnectionCleanupThread.java:90)
		at java.base/java.util.concurrent.ThreadPoolExecutor.runWorker(ThreadPoolExecutor.java:1144)
		at java.base/java.util.concurrent.ThreadPoolExecutor$Worker.run(ThreadPoolExecutor.java:642)
		at java.base/java.lang.Thread.run(Thread.java:1570)
01-Aug-2025 11:46:31.434 INFO [mysql-cj-abandoned-connection-cleanup] org.apache.catalina.loader.WebappClassLoaderBase.checkStateForResourceLoading Acceso ilegal: esta instancia de aplicación web ya ha sido parada.  Could not load [].  La eventual traza de pila que sigue ha sido motivada por un error lanzado con motivos de depuración así como para intentar terminar el hilo que motivó el acceso ilegal y no tiene impacto funcional.
	java.lang.IllegalStateException: Acceso ilegal: esta instancia de aplicación web ya ha sido parada.  Could not load [].  La eventual traza de pila que sigue ha sido motivada por un error lanzado con motivos de depuración así como para intentar terminar el hilo que motivó el acceso ilegal y no tiene impacto funcional.
		at org.apache.catalina.loader.WebappClassLoaderBase.checkStateForResourceLoading(WebappClassLoaderBase.java:1248)
		at org.apache.catalina.loader.WebappClassLoaderBase.getResource(WebappClassLoaderBase.java:857)
		at com.mysql.cj.jdbc.AbandonedConnectionCleanupThread.checkThreadContextClassLoader(AbandonedConnectionCleanupThread.java:123)
		at com.mysql.cj.jdbc.AbandonedConnectionCleanupThread.run(AbandonedConnectionCleanupThread.java:90)
		at java.base/java.util.concurrent.ThreadPoolExecutor.runWorker(ThreadPoolExecutor.java:1144)
		at java.base/java.util.concurrent.ThreadPoolExecutor$Worker.run(ThreadPoolExecutor.java:642)
		at java.base/java.lang.Thread.run(Thread.java:1570)
01-Aug-2025 11:46:31.436 INFO [http-nio-8080-exec-31] org.apache.jasper.servlet.TldScanner.scanJars Al menos un JAR, que se ha explorado buscando TLDs, aún no contenía TLDs. Activar historial de depuración para este historiador para una completa lista de los JARs que fueron explorados y de los que nos se halló TLDs. Saltarse JARs no necesarios durante la exploración puede dar lugar a una mejora de tiempo significativa en el arranque y compilación de JSP .
01-Aug-2025 11:46:31.488 INFO [mysql-cj-abandoned-connection-cleanup] org.apache.catalina.loader.WebappClassLoaderBase.checkStateForResourceLoading Acceso ilegal: esta instancia de aplicación web ya ha sido parada.  Could not load [].  La eventual traza de pila que sigue ha sido motivada por un error lanzado con motivos de depuración así como para intentar terminar el hilo que motivó el acceso ilegal y no tiene impacto funcional.
	java.lang.IllegalStateException: Acceso ilegal: esta instancia de aplicación web ya ha sido parada.  Could not load [].  La eventual traza de pila que sigue ha sido motivada por un error lanzado con motivos de depuración así como para intentar terminar el hilo que motivó el acceso ilegal y no tiene impacto funcional.
		at org.apache.catalina.loader.WebappClassLoaderBase.checkStateForResourceLoading(WebappClassLoaderBase.java:1248)
		at org.apache.catalina.loader.WebappClassLoaderBase.getResource(WebappClassLoaderBase.java:857)
		at com.mysql.cj.jdbc.AbandonedConnectionCleanupThread.checkThreadContextClassLoader(AbandonedConnectionCleanupThread.java:123)
		at com.mysql.cj.jdbc.AbandonedConnectionCleanupThread.run(AbandonedConnectionCleanupThread.java:90)
		at java.base/java.util.concurrent.ThreadPoolExecutor.runWorker(ThreadPoolExecutor.java:1144)
		at java.base/java.util.concurrent.ThreadPoolExecutor$Worker.run(ThreadPoolExecutor.java:642)
		at java.base/java.lang.Thread.run(Thread.java:1570)
01-Aug-2025 11:46:31.489 INFO [mysql-cj-abandoned-connection-cleanup] org.apache.catalina.loader.WebappClassLoaderBase.checkStateForResourceLoading Acceso ilegal: esta instancia de aplicación web ya ha sido parada.  Could not load [].  La eventual traza de pila que sigue ha sido motivada por un error lanzado con motivos de depuración así como para intentar terminar el hilo que motivó el acceso ilegal y no tiene impacto funcional.
	java.lang.IllegalStateException: Acceso ilegal: esta instancia de aplicación web ya ha sido parada.  Could not load [].  La eventual traza de pila que sigue ha sido motivada por un error lanzado con motivos de depuración así como para intentar terminar el hilo que motivó el acceso ilegal y no tiene impacto funcional.
		at org.apache.catalina.loader.WebappClassLoaderBase.checkStateForResourceLoading(WebappClassLoaderBase.java:1248)
		at org.apache.catalina.loader.WebappClassLoaderBase.getResource(WebappClassLoaderBase.java:857)
		at com.mysql.cj.jdbc.AbandonedConnectionCleanupThread.checkThreadContextClassLoader(AbandonedConnectionCleanupThread.java:123)
		at com.mysql.cj.jdbc.AbandonedConnectionCleanupThread.run(AbandonedConnectionCleanupThread.java:90)
		at java.base/java.util.concurrent.ThreadPoolExecutor.runWorker(ThreadPoolExecutor.java:1144)
		at java.base/java.util.concurrent.ThreadPoolExecutor$Worker.run(ThreadPoolExecutor.java:642)
		at java.base/java.lang.Thread.run(Thread.java:1570)
01-Aug-2025 11:46:31.489 INFO [mysql-cj-abandoned-connection-cleanup] org.apache.catalina.loader.WebappClassLoaderBase.checkStateForResourceLoading Acceso ilegal: esta instancia de aplicación web ya ha sido parada.  Could not load [].  La eventual traza de pila que sigue ha sido motivada por un error lanzado con motivos de depuración así como para intentar terminar el hilo que motivó el acceso ilegal y no tiene impacto funcional.
	java.lang.IllegalStateException: Acceso ilegal: esta instancia de aplicación web ya ha sido parada.  Could not load [].  La eventual traza de pila que sigue ha sido motivada por un error lanzado con motivos de depuración así como para intentar terminar el hilo que motivó el acceso ilegal y no tiene impacto funcional.
		at org.apache.catalina.loader.WebappClassLoaderBase.checkStateForResourceLoading(WebappClassLoaderBase.java:1248)
		at org.apache.catalina.loader.WebappClassLoaderBase.getResource(WebappClassLoaderBase.java:857)
		at com.mysql.cj.jdbc.AbandonedConnectionCleanupThread.checkThreadContextClassLoader(AbandonedConnectionCleanupThread.java:123)
		at com.mysql.cj.jdbc.AbandonedConnectionCleanupThread.run(AbandonedConnectionCleanupThread.java:90)
		at java.base/java.util.concurrent.ThreadPoolExecutor.runWorker(ThreadPoolExecutor.java:1144)
		at java.base/java.util.concurrent.ThreadPoolExecutor$Worker.run(ThreadPoolExecutor.java:642)
		at java.base/java.lang.Thread.run(Thread.java:1570)
01-Aug-2025 11:46:31.560 INFO [mysql-cj-abandoned-connection-cleanup] org.apache.catalina.loader.WebappClassLoaderBase.checkStateForResourceLoading Acceso ilegal: esta instancia de aplicación web ya ha sido parada.  Could not load [].  La eventual traza de pila que sigue ha sido motivada por un error lanzado con motivos de depuración así como para intentar terminar el hilo que motivó el acceso ilegal y no tiene impacto funcional.
	java.lang.IllegalStateException: Acceso ilegal: esta instancia de aplicación web ya ha sido parada.  Could not load [].  La eventual traza de pila que sigue ha sido motivada por un error lanzado con motivos de depuración así como para intentar terminar el hilo que motivó el acceso ilegal y no tiene impacto funcional.
		at org.apache.catalina.loader.WebappClassLoaderBase.checkStateForResourceLoading(WebappClassLoaderBase.java:1248)
		at org.apache.catalina.loader.WebappClassLoaderBase.getResource(WebappClassLoaderBase.java:857)
		at com.mysql.cj.jdbc.AbandonedConnectionCleanupThread.checkThreadContextClassLoader(AbandonedConnectionCleanupThread.java:123)
		at com.mysql.cj.jdbc.AbandonedConnectionCleanupThread.run(AbandonedConnectionCleanupThread.java:90)
		at java.base/java.util.concurrent.ThreadPoolExecutor.runWorker(ThreadPoolExecutor.java:1144)
		at java.base/java.util.concurrent.ThreadPoolExecutor$Worker.run(ThreadPoolExecutor.java:642)
		at java.base/java.lang.Thread.run(Thread.java:1570)
01-Aug-2025 11:46:31.560 INFO [mysql-cj-abandoned-connection-cleanup] org.apache.catalina.loader.WebappClassLoaderBase.checkStateForResourceLoading Acceso ilegal: esta instancia de aplicación web ya ha sido parada.  Could not load [].  La eventual traza de pila que sigue ha sido motivada por un error lanzado con motivos de depuración así como para intentar terminar el hilo que motivó el acceso ilegal y no tiene impacto funcional.
	java.lang.IllegalStateException: Acceso ilegal: esta instancia de aplicación web ya ha sido parada.  Could not load [].  La eventual traza de pila que sigue ha sido motivada por un error lanzado con motivos de depuración así como para intentar terminar el hilo que motivó el acceso ilegal y no tiene impacto funcional.
		at org.apache.catalina.loader.WebappClassLoaderBase.checkStateForResourceLoading(WebappClassLoaderBase.java:1248)
		at org.apache.catalina.loader.WebappClassLoaderBase.getResource(WebappClassLoaderBase.java:857)
		at com.mysql.cj.jdbc.AbandonedConnectionCleanupThread.checkThreadContextClassLoader(AbandonedConnectionCleanupThread.java:123)
		at com.mysql.cj.jdbc.AbandonedConnectionCleanupThread.run(AbandonedConnectionCleanupThread.java:90)
		at java.base/java.util.concurrent.ThreadPoolExecutor.runWorker(ThreadPoolExecutor.java:1144)
		at java.base/java.util.concurrent.ThreadPoolExecutor$Worker.run(ThreadPoolExecutor.java:642)
		at java.base/java.lang.Thread.run(Thread.java:1570)
01-Aug-2025 11:46:31.560 INFO [mysql-cj-abandoned-connection-cleanup] org.apache.catalina.loader.WebappClassLoaderBase.checkStateForResourceLoading Acceso ilegal: esta instancia de aplicación web ya ha sido parada.  Could not load [].  La eventual traza de pila que sigue ha sido motivada por un error lanzado con motivos de depuración así como para intentar terminar el hilo que motivó el acceso ilegal y no tiene impacto funcional.
	java.lang.IllegalStateException: Acceso ilegal: esta instancia de aplicación web ya ha sido parada.  Could not load [].  La eventual traza de pila que sigue ha sido motivada por un error lanzado con motivos de depuración así como para intentar terminar el hilo que motivó el acceso ilegal y no tiene impacto funcional.
		at org.apache.catalina.loader.WebappClassLoaderBase.checkStateForResourceLoading(WebappClassLoaderBase.java:1248)
		at org.apache.catalina.loader.WebappClassLoaderBase.getResource(WebappClassLoaderBase.java:857)
		at com.mysql.cj.jdbc.AbandonedConnectionCleanupThread.checkThreadContextClassLoader(AbandonedConnectionCleanupThread.java:123)
		at com.mysql.cj.jdbc.AbandonedConnectionCleanupThread.run(AbandonedConnectionCleanupThread.java:90)
		at java.base/java.util.concurrent.ThreadPoolExecutor.runWorker(ThreadPoolExecutor.java:1144)
		at java.base/java.util.concurrent.ThreadPoolExecutor$Worker.run(ThreadPoolExecutor.java:642)
		at java.base/java.lang.Thread.run(Thread.java:1570)
01-Aug-2025 11:46:31.614 INFO [mysql-cj-abandoned-connection-cleanup] org.apache.catalina.loader.WebappClassLoaderBase.checkStateForResourceLoading Acceso ilegal: esta instancia de aplicación web ya ha sido parada.  Could not load [].  La eventual traza de pila que sigue ha sido motivada por un error lanzado con motivos de depuración así como para intentar terminar el hilo que motivó el acceso ilegal y no tiene impacto funcional.
	java.lang.IllegalStateException: Acceso ilegal: esta instancia de aplicación web ya ha sido parada.  Could not load [].  La eventual traza de pila que sigue ha sido motivada por un error lanzado con motivos de depuración así como para intentar terminar el hilo que motivó el acceso ilegal y no tiene impacto funcional.
		at org.apache.catalina.loader.WebappClassLoaderBase.checkStateForResourceLoading(WebappClassLoaderBase.java:1248)
		at org.apache.catalina.loader.WebappClassLoaderBase.getResource(WebappClassLoaderBase.java:857)
		at com.mysql.cj.jdbc.AbandonedConnectionCleanupThread.checkThreadContextClassLoader(AbandonedConnectionCleanupThread.java:123)
		at com.mysql.cj.jdbc.AbandonedConnectionCleanupThread.run(AbandonedConnectionCleanupThread.java:90)
		at java.base/java.util.concurrent.ThreadPoolExecutor.runWorker(ThreadPoolExecutor.java:1144)
		at java.base/java.util.concurrent.ThreadPoolExecutor$Worker.run(ThreadPoolExecutor.java:642)
		at java.base/java.lang.Thread.run(Thread.java:1570)
01-Aug-2025 11:46:31.614 INFO [mysql-cj-abandoned-connection-cleanup] org.apache.catalina.loader.WebappClassLoaderBase.checkStateForResourceLoading Acceso ilegal: esta instancia de aplicación web ya ha sido parada.  Could not load [].  La eventual traza de pila que sigue ha sido motivada por un error lanzado con motivos de depuración así como para intentar terminar el hilo que motivó el acceso ilegal y no tiene impacto funcional.
	java.lang.IllegalStateException: Acceso ilegal: esta instancia de aplicación web ya ha sido parada.  Could not load [].  La eventual traza de pila que sigue ha sido motivada por un error lanzado con motivos de depuración así como para intentar terminar el hilo que motivó el acceso ilegal y no tiene impacto funcional.
		at org.apache.catalina.loader.WebappClassLoaderBase.checkStateForResourceLoading(WebappClassLoaderBase.java:1248)
		at org.apache.catalina.loader.WebappClassLoaderBase.getResource(WebappClassLoaderBase.java:857)
		at com.mysql.cj.jdbc.AbandonedConnectionCleanupThread.checkThreadContextClassLoader(AbandonedConnectionCleanupThread.java:123)
		at com.mysql.cj.jdbc.AbandonedConnectionCleanupThread.run(AbandonedConnectionCleanupThread.java:90)
		at java.base/java.util.concurrent.ThreadPoolExecutor.runWorker(ThreadPoolExecutor.java:1144)
		at java.base/java.util.concurrent.ThreadPoolExecutor$Worker.run(ThreadPoolExecutor.java:642)
		at java.base/java.lang.Thread.run(Thread.java:1570)
01-Aug-2025 11:46:31.614 INFO [mysql-cj-abandoned-connection-cleanup] org.apache.catalina.loader.WebappClassLoaderBase.checkStateForResourceLoading Acceso ilegal: esta instancia de aplicación web ya ha sido parada.  Could not load [].  La eventual traza de pila que sigue ha sido motivada por un error lanzado con motivos de depuración así como para intentar terminar el hilo que motivó el acceso ilegal y no tiene impacto funcional.
	java.lang.IllegalStateException: Acceso ilegal: esta instancia de aplicación web ya ha sido parada.  Could not load [].  La eventual traza de pila que sigue ha sido motivada por un error lanzado con motivos de depuración así como para intentar terminar el hilo que motivó el acceso ilegal y no tiene impacto funcional.
		at org.apache.catalina.loader.WebappClassLoaderBase.checkStateForResourceLoading(WebappClassLoaderBase.java:1248)
		at org.apache.catalina.loader.WebappClassLoaderBase.getResource(WebappClassLoaderBase.java:857)
		at com.mysql.cj.jdbc.AbandonedConnectionCleanupThread.checkThreadContextClassLoader(AbandonedConnectionCleanupThread.java:123)
		at com.mysql.cj.jdbc.AbandonedConnectionCleanupThread.run(AbandonedConnectionCleanupThread.java:90)
		at java.base/java.util.concurrent.ThreadPoolExecutor.runWorker(ThreadPoolExecutor.java:1144)
		at java.base/java.util.concurrent.ThreadPoolExecutor$Worker.run(ThreadPoolExecutor.java:642)
		at java.base/java.lang.Thread.run(Thread.java:1570)
01-Aug-2025 11:46:31.668 INFO [mysql-cj-abandoned-connection-cleanup] org.apache.catalina.loader.WebappClassLoaderBase.checkStateForResourceLoading Acceso ilegal: esta instancia de aplicación web ya ha sido parada.  Could not load [].  La eventual traza de pila que sigue ha sido motivada por un error lanzado con motivos de depuración así como para intentar terminar el hilo que motivó el acceso ilegal y no tiene impacto funcional.
	java.lang.IllegalStateException: Acceso ilegal: esta instancia de aplicación web ya ha sido parada.  Could not load [].  La eventual traza de pila que sigue ha sido motivada por un error lanzado con motivos de depuración así como para intentar terminar el hilo que motivó el acceso ilegal y no tiene impacto funcional.
		at org.apache.catalina.loader.WebappClassLoaderBase.checkStateForResourceLoading(WebappClassLoaderBase.java:1248)
		at org.apache.catalina.loader.WebappClassLoaderBase.getResource(WebappClassLoaderBase.java:857)
		at com.mysql.cj.jdbc.AbandonedConnectionCleanupThread.checkThreadContextClassLoader(AbandonedConnectionCleanupThread.java:123)
		at com.mysql.cj.jdbc.AbandonedConnectionCleanupThread.run(AbandonedConnectionCleanupThread.java:90)
		at java.base/java.util.concurrent.ThreadPoolExecutor.runWorker(ThreadPoolExecutor.java:1144)
		at java.base/java.util.concurrent.ThreadPoolExecutor$Worker.run(ThreadPoolExecutor.java:642)
		at java.base/java.lang.Thread.run(Thread.java:1570)
01-Aug-2025 11:46:31.669 INFO [mysql-cj-abandoned-connection-cleanup] org.apache.catalina.loader.WebappClassLoaderBase.checkStateForResourceLoading Acceso ilegal: esta instancia de aplicación web ya ha sido parada.  Could not load [].  La eventual traza de pila que sigue ha sido motivada por un error lanzado con motivos de depuración así como para intentar terminar el hilo que motivó el acceso ilegal y no tiene impacto funcional.
	java.lang.IllegalStateException: Acceso ilegal: esta instancia de aplicación web ya ha sido parada.  Could not load [].  La eventual traza de pila que sigue ha sido motivada por un error lanzado con motivos de depuración así como para intentar terminar el hilo que motivó el acceso ilegal y no tiene impacto funcional.
		at org.apache.catalina.loader.WebappClassLoaderBase.checkStateForResourceLoading(WebappClassLoaderBase.java:1248)
		at org.apache.catalina.loader.WebappClassLoaderBase.getResource(WebappClassLoaderBase.java:857)
		at com.mysql.cj.jdbc.AbandonedConnectionCleanupThread.checkThreadContextClassLoader(AbandonedConnectionCleanupThread.java:123)
		at com.mysql.cj.jdbc.AbandonedConnectionCleanupThread.run(AbandonedConnectionCleanupThread.java:90)
		at java.base/java.util.concurrent.ThreadPoolExecutor.runWorker(ThreadPoolExecutor.java:1144)
		at java.base/java.util.concurrent.ThreadPoolExecutor$Worker.run(ThreadPoolExecutor.java:642)
		at java.base/java.lang.Thread.run(Thread.java:1570)
01-Aug-2025 11:46:31.669 INFO [mysql-cj-abandoned-connection-cleanup] org.apache.catalina.loader.WebappClassLoaderBase.checkStateForResourceLoading Acceso ilegal: esta instancia de aplicación web ya ha sido parada.  Could not load [].  La eventual traza de pila que sigue ha sido motivada por un error lanzado con motivos de depuración así como para intentar terminar el hilo que motivó el acceso ilegal y no tiene impacto funcional.
	java.lang.IllegalStateException: Acceso ilegal: esta instancia de aplicación web ya ha sido parada.  Could not load [].  La eventual traza de pila que sigue ha sido motivada por un error lanzado con motivos de depuración así como para intentar terminar el hilo que motivó el acceso ilegal y no tiene impacto funcional.
		at org.apache.catalina.loader.WebappClassLoaderBase.checkStateForResourceLoading(WebappClassLoaderBase.java:1248)
		at org.apache.catalina.loader.WebappClassLoaderBase.getResource(WebappClassLoaderBase.java:857)
		at com.mysql.cj.jdbc.AbandonedConnectionCleanupThread.checkThreadContextClassLoader(AbandonedConnectionCleanupThread.java:123)
		at com.mysql.cj.jdbc.AbandonedConnectionCleanupThread.run(AbandonedConnectionCleanupThread.java:90)
		at java.base/java.util.concurrent.ThreadPoolExecutor.runWorker(ThreadPoolExecutor.java:1144)
		at java.base/java.util.concurrent.ThreadPoolExecutor$Worker.run(ThreadPoolExecutor.java:642)
		at java.base/java.lang.Thread.run(Thread.java:1570)
01-Aug-2025 11:46:31.727 INFO [mysql-cj-abandoned-connection-cleanup] org.apache.catalina.loader.WebappClassLoaderBase.checkStateForResourceLoading Acceso ilegal: esta instancia de aplicación web ya ha sido parada.  Could not load [].  La eventual traza de pila que sigue ha sido motivada por un error lanzado con motivos de depuración así como para intentar terminar el hilo que motivó el acceso ilegal y no tiene impacto funcional.
	java.lang.IllegalStateException: Acceso ilegal: esta instancia de aplicación web ya ha sido parada.  Could not load [].  La eventual traza de pila que sigue ha sido motivada por un error lanzado con motivos de depuración así como para intentar terminar el hilo que motivó el acceso ilegal y no tiene impacto funcional.
		at org.apache.catalina.loader.WebappClassLoaderBase.checkStateForResourceLoading(WebappClassLoaderBase.java:1248)
		at org.apache.catalina.loader.WebappClassLoaderBase.getResource(WebappClassLoaderBase.java:857)
		at com.mysql.cj.jdbc.AbandonedConnectionCleanupThread.checkThreadContextClassLoader(AbandonedConnectionCleanupThread.java:123)
		at com.mysql.cj.jdbc.AbandonedConnectionCleanupThread.run(AbandonedConnectionCleanupThread.java:90)
		at java.base/java.util.concurrent.ThreadPoolExecutor.runWorker(ThreadPoolExecutor.java:1144)
		at java.base/java.util.concurrent.ThreadPoolExecutor$Worker.run(ThreadPoolExecutor.java:642)
		at java.base/java.lang.Thread.run(Thread.java:1570)
01-Aug-2025 11:46:31.727 INFO [mysql-cj-abandoned-connection-cleanup] org.apache.catalina.loader.WebappClassLoaderBase.checkStateForResourceLoading Acceso ilegal: esta instancia de aplicación web ya ha sido parada.  Could not load [].  La eventual traza de pila que sigue ha sido motivada por un error lanzado con motivos de depuración así como para intentar terminar el hilo que motivó el acceso ilegal y no tiene impacto funcional.
	java.lang.IllegalStateException: Acceso ilegal: esta instancia de aplicación web ya ha sido parada.  Could not load [].  La eventual traza de pila que sigue ha sido motivada por un error lanzado con motivos de depuración así como para intentar terminar el hilo que motivó el acceso ilegal y no tiene impacto funcional.
		at org.apache.catalina.loader.WebappClassLoaderBase.checkStateForResourceLoading(WebappClassLoaderBase.java:1248)
		at org.apache.catalina.loader.WebappClassLoaderBase.getResource(WebappClassLoaderBase.java:857)
		at com.mysql.cj.jdbc.AbandonedConnectionCleanupThread.checkThreadContextClassLoader(AbandonedConnectionCleanupThread.java:123)
		at com.mysql.cj.jdbc.AbandonedConnectionCleanupThread.run(AbandonedConnectionCleanupThread.java:90)
		at java.base/java.util.concurrent.ThreadPoolExecutor.runWorker(ThreadPoolExecutor.java:1144)
		at java.base/java.util.concurrent.ThreadPoolExecutor$Worker.run(ThreadPoolExecutor.java:642)
		at java.base/java.lang.Thread.run(Thread.java:1570)
01-Aug-2025 11:46:31.727 INFO [mysql-cj-abandoned-connection-cleanup] org.apache.catalina.loader.WebappClassLoaderBase.checkStateForResourceLoading Acceso ilegal: esta instancia de aplicación web ya ha sido parada.  Could not load [].  La eventual traza de pila que sigue ha sido motivada por un error lanzado con motivos de depuración así como para intentar terminar el hilo que motivó el acceso ilegal y no tiene impacto funcional.
	java.lang.IllegalStateException: Acceso ilegal: esta instancia de aplicación web ya ha sido parada.  Could not load [].  La eventual traza de pila que sigue ha sido motivada por un error lanzado con motivos de depuración así como para intentar terminar el hilo que motivó el acceso ilegal y no tiene impacto funcional.
		at org.apache.catalina.loader.WebappClassLoaderBase.checkStateForResourceLoading(WebappClassLoaderBase.java:1248)
		at org.apache.catalina.loader.WebappClassLoaderBase.getResource(WebappClassLoaderBase.java:857)
		at com.mysql.cj.jdbc.AbandonedConnectionCleanupThread.checkThreadContextClassLoader(AbandonedConnectionCleanupThread.java:123)
		at com.mysql.cj.jdbc.AbandonedConnectionCleanupThread.run(AbandonedConnectionCleanupThread.java:90)
		at java.base/java.util.concurrent.ThreadPoolExecutor.runWorker(ThreadPoolExecutor.java:1144)
		at java.base/java.util.concurrent.ThreadPoolExecutor$Worker.run(ThreadPoolExecutor.java:642)
		at java.base/java.lang.Thread.run(Thread.java:1570)
01-Aug-2025 11:46:31.778 INFO [mysql-cj-abandoned-connection-cleanup] org.apache.catalina.loader.WebappClassLoaderBase.checkStateForResourceLoading Acceso ilegal: esta instancia de aplicación web ya ha sido parada.  Could not load [].  La eventual traza de pila que sigue ha sido motivada por un error lanzado con motivos de depuración así como para intentar terminar el hilo que motivó el acceso ilegal y no tiene impacto funcional.
	java.lang.IllegalStateException: Acceso ilegal: esta instancia de aplicación web ya ha sido parada.  Could not load [].  La eventual traza de pila que sigue ha sido motivada por un error lanzado con motivos de depuración así como para intentar terminar el hilo que motivó el acceso ilegal y no tiene impacto funcional.
		at org.apache.catalina.loader.WebappClassLoaderBase.checkStateForResourceLoading(WebappClassLoaderBase.java:1248)
		at org.apache.catalina.loader.WebappClassLoaderBase.getResource(WebappClassLoaderBase.java:857)
		at com.mysql.cj.jdbc.AbandonedConnectionCleanupThread.checkThreadContextClassLoader(AbandonedConnectionCleanupThread.java:123)
		at com.mysql.cj.jdbc.AbandonedConnectionCleanupThread.run(AbandonedConnectionCleanupThread.java:90)
		at java.base/java.util.concurrent.ThreadPoolExecutor.runWorker(ThreadPoolExecutor.java:1144)
		at java.base/java.util.concurrent.ThreadPoolExecutor$Worker.run(ThreadPoolExecutor.java:642)
		at java.base/java.lang.Thread.run(Thread.java:1570)
01-Aug-2025 11:46:31.778 INFO [mysql-cj-abandoned-connection-cleanup] org.apache.catalina.loader.WebappClassLoaderBase.checkStateForResourceLoading Acceso ilegal: esta instancia de aplicación web ya ha sido parada.  Could not load [].  La eventual traza de pila que sigue ha sido motivada por un error lanzado con motivos de depuración así como para intentar terminar el hilo que motivó el acceso ilegal y no tiene impacto funcional.
	java.lang.IllegalStateException: Acceso ilegal: esta instancia de aplicación web ya ha sido parada.  Could not load [].  La eventual traza de pila que sigue ha sido motivada por un error lanzado con motivos de depuración así como para intentar terminar el hilo que motivó el acceso ilegal y no tiene impacto funcional.
		at org.apache.catalina.loader.WebappClassLoaderBase.checkStateForResourceLoading(WebappClassLoaderBase.java:1248)
		at org.apache.catalina.loader.WebappClassLoaderBase.getResource(WebappClassLoaderBase.java:857)
		at com.mysql.cj.jdbc.AbandonedConnectionCleanupThread.checkThreadContextClassLoader(AbandonedConnectionCleanupThread.java:123)
		at com.mysql.cj.jdbc.AbandonedConnectionCleanupThread.run(AbandonedConnectionCleanupThread.java:90)
		at java.base/java.util.concurrent.ThreadPoolExecutor.runWorker(ThreadPoolExecutor.java:1144)
		at java.base/java.util.concurrent.ThreadPoolExecutor$Worker.run(ThreadPoolExecutor.java:642)
		at java.base/java.lang.Thread.run(Thread.java:1570)
01-Aug-2025 11:46:31.778 INFO [mysql-cj-abandoned-connection-cleanup] org.apache.catalina.loader.WebappClassLoaderBase.checkStateForResourceLoading Acceso ilegal: esta instancia de aplicación web ya ha sido parada.  Could not load [].  La eventual traza de pila que sigue ha sido motivada por un error lanzado con motivos de depuración así como para intentar terminar el hilo que motivó el acceso ilegal y no tiene impacto funcional.
	java.lang.IllegalStateException: Acceso ilegal: esta instancia de aplicación web ya ha sido parada.  Could not load [].  La eventual traza de pila que sigue ha sido motivada por un error lanzado con motivos de depuración así como para intentar terminar el hilo que motivó el acceso ilegal y no tiene impacto funcional.
		at org.apache.catalina.loader.WebappClassLoaderBase.checkStateForResourceLoading(WebappClassLoaderBase.java:1248)
		at org.apache.catalina.loader.WebappClassLoaderBase.getResource(WebappClassLoaderBase.java:857)
		at com.mysql.cj.jdbc.AbandonedConnectionCleanupThread.checkThreadContextClassLoader(AbandonedConnectionCleanupThread.java:123)
		at com.mysql.cj.jdbc.AbandonedConnectionCleanupThread.run(AbandonedConnectionCleanupThread.java:90)
		at java.base/java.util.concurrent.ThreadPoolExecutor.runWorker(ThreadPoolExecutor.java:1144)
		at java.base/java.util.concurrent.ThreadPoolExecutor$Worker.run(ThreadPoolExecutor.java:642)
		at java.base/java.lang.Thread.run(Thread.java:1570)
01-Aug-2025 11:46:31.787 WARNING [http-nio-8080-exec-31] org.glassfish.jersey.server.internal.scanning.AnnotationAcceptingListener$ClassReaderWrapper.accept Unsupported class file major version 66
01-Aug-2025 11:46:31.836 WARNING [http-nio-8080-exec-31] org.glassfish.jersey.server.internal.scanning.AnnotationAcceptingListener$ClassReaderWrapper.accept Unsupported class file major version 66
01-Aug-2025 11:46:31.837 WARNING [http-nio-8080-exec-31] org.glassfish.jersey.server.internal.scanning.AnnotationAcceptingListener$ClassReaderWrapper.accept Unsupported class file major version 66
01-Aug-2025 11:46:31.837 WARNING [http-nio-8080-exec-31] org.glassfish.jersey.server.internal.scanning.AnnotationAcceptingListener$ClassReaderWrapper.accept Unsupported class file major version 66
01-Aug-2025 11:46:31.837 WARNING [http-nio-8080-exec-31] org.glassfish.jersey.server.internal.scanning.AnnotationAcceptingListener$ClassReaderWrapper.accept Unsupported class file major version 66
01-Aug-2025 11:46:31.838 WARNING [http-nio-8080-exec-31] org.glassfish.jersey.server.internal.scanning.AnnotationAcceptingListener$ClassReaderWrapper.accept Unsupported class file major version 66
01-Aug-2025 11:46:31.838 WARNING [http-nio-8080-exec-31] org.glassfish.jersey.server.internal.scanning.AnnotationAcceptingListener$ClassReaderWrapper.accept Unsupported class file major version 66
01-Aug-2025 11:46:31.839 WARNING [http-nio-8080-exec-31] org.glassfish.jersey.server.internal.scanning.AnnotationAcceptingListener$ClassReaderWrapper.accept Unsupported class file major version 66
01-Aug-2025 11:46:31.840 WARNING [http-nio-8080-exec-31] org.glassfish.jersey.server.internal.scanning.AnnotationAcceptingListener$ClassReaderWrapper.accept Unsupported class file major version 66
01-Aug-2025 11:46:31.840 WARNING [http-nio-8080-exec-31] org.glassfish.jersey.server.internal.scanning.AnnotationAcceptingListener$ClassReaderWrapper.accept Unsupported class file major version 66
01-Aug-2025 11:46:31.840 WARNING [http-nio-8080-exec-31] org.glassfish.jersey.server.internal.scanning.AnnotationAcceptingListener$ClassReaderWrapper.accept Unsupported class file major version 66
01-Aug-2025 11:46:31.840 WARNING [http-nio-8080-exec-31] org.glassfish.jersey.server.internal.scanning.AnnotationAcceptingListener$ClassReaderWrapper.accept Unsupported class file major version 66
01-Aug-2025 11:46:31.840 WARNING [http-nio-8080-exec-31] org.glassfish.jersey.server.internal.scanning.AnnotationAcceptingListener$ClassReaderWrapper.accept Unsupported class file major version 66
01-Aug-2025 11:46:31.840 WARNING [http-nio-8080-exec-31] org.glassfish.jersey.server.internal.scanning.AnnotationAcceptingListener$ClassReaderWrapper.accept Unsupported class file major version 66
01-Aug-2025 11:46:31.841 WARNING [http-nio-8080-exec-31] org.glassfish.jersey.server.internal.scanning.AnnotationAcceptingListener$ClassReaderWrapper.accept Unsupported class file major version 66
01-Aug-2025 11:46:31.841 WARNING [http-nio-8080-exec-31] org.glassfish.jersey.server.internal.scanning.AnnotationAcceptingListener$ClassReaderWrapper.accept Unsupported class file major version 66
01-Aug-2025 11:46:31.841 WARNING [http-nio-8080-exec-31] org.glassfish.jersey.server.internal.scanning.AnnotationAcceptingListener$ClassReaderWrapper.accept Unsupported class file major version 66
01-Aug-2025 11:46:31.842 WARNING [http-nio-8080-exec-31] org.glassfish.jersey.server.internal.scanning.AnnotationAcceptingListener$ClassReaderWrapper.accept Unsupported class file major version 66
01-Aug-2025 11:46:31.842 WARNING [http-nio-8080-exec-31] org.glassfish.jersey.server.internal.scanning.AnnotationAcceptingListener$ClassReaderWrapper.accept Unsupported class file major version 66
01-Aug-2025 11:46:31.842 WARNING [http-nio-8080-exec-31] org.glassfish.jersey.server.internal.scanning.AnnotationAcceptingListener$ClassReaderWrapper.accept Unsupported class file major version 66
01-Aug-2025 11:46:31.843 WARNING [http-nio-8080-exec-31] org.glassfish.jersey.server.internal.scanning.AnnotationAcceptingListener$ClassReaderWrapper.accept Unsupported class file major version 66
01-Aug-2025 11:46:31.889 WARNING [http-nio-8080-exec-31] org.glassfish.jersey.server.internal.scanning.AnnotationAcceptingListener$ClassReaderWrapper.accept Unsupported class file major version 66
01-Aug-2025 11:46:31.892 WARNING [http-nio-8080-exec-31] org.glassfish.jersey.server.internal.scanning.AnnotationAcceptingListener$ClassReaderWrapper.accept Unsupported class file major version 66
01-Aug-2025 11:46:31.972 WARNING [http-nio-8080-exec-31] org.glassfish.jersey.server.wadl.WadlFeature.configure JAXBContext implementation could not be found. WADL feature is disabled.
01-Aug-2025 11:46:32.252 INFO [http-nio-8080-exec-31] org.apache.catalina.startup.HostConfig.deployDescriptor Deployment of deployment descriptor [C:\Users\Administrador\Documents\proyecto_final_helder_java-js\apache-tomcat-11.0.8-windows-x64\apache-tomcat-11.0.8\conf\Catalina\localhost\helder.xml] has finished in [1.715] ms
01-Aug-2025 11:46:32.253 INFO [http-nio-8080-exec-32] org.apache.catalina.util.LifecycleBase.start The start() method was called on component [StandardEngine[Catalina].StandardHost[localhost].StandardContext[/helder]] after start() had already been called. The second call will be ignored.
01-Aug-2025 12:00:14.412 INFO [http-nio-8080-exec-49] org.apache.catalina.startup.HostConfig.undeploy Repliegue (undeploy) de la aplicación web que tiene como trayectoria de contexto [/helder]
01-Aug-2025 12:00:14.426 INFO [http-nio-8080-exec-44] org.apache.catalina.startup.HostConfig.deployDescriptor Desplieque del descriptor de configuración [C:\Users\Administrador\Documents\proyecto_final_helder_java-js\apache-tomcat-11.0.8-windows-x64\apache-tomcat-11.0.8\conf\Catalina\localhost\helder.xml]
01-Aug-2025 12:00:14.427 WARNING [http-nio-8080-exec-44] org.apache.catalina.startup.HostConfig.deployDescriptor The path attribute with value [/helder] in deployment descriptor [C:\Users\Administrador\Documents\proyecto_final_helder_java-js\apache-tomcat-11.0.8-windows-x64\apache-tomcat-11.0.8\conf\Catalina\localhost\helder.xml] has been ignored
01-Aug-2025 12:00:15.330 INFO [http-nio-8080-exec-44] org.apache.jasper.servlet.TldScanner.scanJars Al menos un JAR, que se ha explorado buscando TLDs, aún no contenía TLDs. Activar historial de depuración para este historiador para una completa lista de los JARs que fueron explorados y de los que nos se halló TLDs. Saltarse JARs no necesarios durante la exploración puede dar lugar a una mejora de tiempo significativa en el arranque y compilación de JSP .
01-Aug-2025 12:00:15.630 WARNING [http-nio-8080-exec-44] org.glassfish.jersey.server.internal.scanning.AnnotationAcceptingListener$ClassReaderWrapper.accept Unsupported class file major version 66
01-Aug-2025 12:00:15.633 WARNING [http-nio-8080-exec-44] org.glassfish.jersey.server.internal.scanning.AnnotationAcceptingListener$ClassReaderWrapper.accept Unsupported class file major version 66
01-Aug-2025 12:00:15.633 WARNING [http-nio-8080-exec-44] org.glassfish.jersey.server.internal.scanning.AnnotationAcceptingListener$ClassReaderWrapper.accept Unsupported class file major version 66
01-Aug-2025 12:00:15.633 WARNING [http-nio-8080-exec-44] org.glassfish.jersey.server.internal.scanning.AnnotationAcceptingListener$ClassReaderWrapper.accept Unsupported class file major version 66
01-Aug-2025 12:00:15.633 WARNING [http-nio-8080-exec-44] org.glassfish.jersey.server.internal.scanning.AnnotationAcceptingListener$ClassReaderWrapper.accept Unsupported class file major version 66
01-Aug-2025 12:00:15.634 WARNING [http-nio-8080-exec-44] org.glassfish.jersey.server.internal.scanning.AnnotationAcceptingListener$ClassReaderWrapper.accept Unsupported class file major version 66
01-Aug-2025 12:00:15.634 WARNING [http-nio-8080-exec-44] org.glassfish.jersey.server.internal.scanning.AnnotationAcceptingListener$ClassReaderWrapper.accept Unsupported class file major version 66
01-Aug-2025 12:00:15.634 WARNING [http-nio-8080-exec-44] org.glassfish.jersey.server.internal.scanning.AnnotationAcceptingListener$ClassReaderWrapper.accept Unsupported class file major version 66
01-Aug-2025 12:00:15.635 WARNING [http-nio-8080-exec-44] org.glassfish.jersey.server.internal.scanning.AnnotationAcceptingListener$ClassReaderWrapper.accept Unsupported class file major version 66
01-Aug-2025 12:00:15.635 WARNING [http-nio-8080-exec-44] org.glassfish.jersey.server.internal.scanning.AnnotationAcceptingListener$ClassReaderWrapper.accept Unsupported class file major version 66
01-Aug-2025 12:00:15.635 WARNING [http-nio-8080-exec-44] org.glassfish.jersey.server.internal.scanning.AnnotationAcceptingListener$ClassReaderWrapper.accept Unsupported class file major version 66
01-Aug-2025 12:00:15.636 WARNING [http-nio-8080-exec-44] org.glassfish.jersey.server.internal.scanning.AnnotationAcceptingListener$ClassReaderWrapper.accept Unsupported class file major version 66
01-Aug-2025 12:00:15.636 WARNING [http-nio-8080-exec-44] org.glassfish.jersey.server.internal.scanning.AnnotationAcceptingListener$ClassReaderWrapper.accept Unsupported class file major version 66
01-Aug-2025 12:00:15.636 WARNING [http-nio-8080-exec-44] org.glassfish.jersey.server.internal.scanning.AnnotationAcceptingListener$ClassReaderWrapper.accept Unsupported class file major version 66
01-Aug-2025 12:00:15.637 WARNING [http-nio-8080-exec-44] org.glassfish.jersey.server.internal.scanning.AnnotationAcceptingListener$ClassReaderWrapper.accept Unsupported class file major version 66
01-Aug-2025 12:00:15.637 WARNING [http-nio-8080-exec-44] org.glassfish.jersey.server.internal.scanning.AnnotationAcceptingListener$ClassReaderWrapper.accept Unsupported class file major version 66
01-Aug-2025 12:00:15.637 WARNING [http-nio-8080-exec-44] org.glassfish.jersey.server.internal.scanning.AnnotationAcceptingListener$ClassReaderWrapper.accept Unsupported class file major version 66
01-Aug-2025 12:00:15.638 WARNING [http-nio-8080-exec-44] org.glassfish.jersey.server.internal.scanning.AnnotationAcceptingListener$ClassReaderWrapper.accept Unsupported class file major version 66
01-Aug-2025 12:00:15.638 WARNING [http-nio-8080-exec-44] org.glassfish.jersey.server.internal.scanning.AnnotationAcceptingListener$ClassReaderWrapper.accept Unsupported class file major version 66
01-Aug-2025 12:00:15.638 WARNING [http-nio-8080-exec-44] org.glassfish.jersey.server.internal.scanning.AnnotationAcceptingListener$ClassReaderWrapper.accept Unsupported class file major version 66
01-Aug-2025 12:00:15.639 WARNING [http-nio-8080-exec-44] org.glassfish.jersey.server.internal.scanning.AnnotationAcceptingListener$ClassReaderWrapper.accept Unsupported class file major version 66
01-Aug-2025 12:00:15.660 WARNING [http-nio-8080-exec-44] org.glassfish.jersey.server.internal.scanning.AnnotationAcceptingListener$ClassReaderWrapper.accept Unsupported class file major version 66
01-Aug-2025 12:00:15.662 WARNING [http-nio-8080-exec-44] org.glassfish.jersey.server.internal.scanning.AnnotationAcceptingListener$ClassReaderWrapper.accept Unsupported class file major version 66
01-Aug-2025 12:00:15.742 WARNING [http-nio-8080-exec-44] org.glassfish.jersey.server.wadl.WadlFeature.configure JAXBContext implementation could not be found. WADL feature is disabled.
01-Aug-2025 12:00:16.029 INFO [http-nio-8080-exec-44] org.apache.catalina.startup.HostConfig.deployDescriptor Deployment of deployment descriptor [C:\Users\Administrador\Documents\proyecto_final_helder_java-js\apache-tomcat-11.0.8-windows-x64\apache-tomcat-11.0.8\conf\Catalina\localhost\helder.xml] has finished in [1.603] ms
01-Aug-2025 12:00:16.032 INFO [http-nio-8080-exec-45] org.apache.catalina.util.LifecycleBase.start The start() method was called on component [StandardEngine[Catalina].StandardHost[localhost].StandardContext[/helder]] after start() had already been called. The second call will be ignored.
01-Aug-2025 12:00:45.390 WARNING [http-nio-8080-exec-47] org.glassfish.jersey.server.ServerRuntime$Responder.process An exception mapping did not successfully produce and processed a response. Logging the exception propagated to the default exception mapper.
MultiException stack 1 of 1
	java.lang.NoSuchMethodException: Could not find a suitable constructor in controlador.DetalleCarritoResource class.
		at org.glassfish.jersey.inject.hk2.JerseyClassAnalyzer.getConstructor(JerseyClassAnalyzer.java:168)
		at org.jvnet.hk2.internal.Utilities.getConstructor(Utilities.java:157)
		at org.jvnet.hk2.internal.Utilities.justCreate(Utilities.java:1043)
		at org.jvnet.hk2.internal.ServiceLocatorImpl.create(ServiceLocatorImpl.java:984)
		at org.jvnet.hk2.internal.ServiceLocatorImpl.createAndInitialize(ServiceLocatorImpl.java:1088)
		at org.jvnet.hk2.internal.ServiceLocatorImpl.createAndInitialize(ServiceLocatorImpl.java:1080)
		at org.glassfish.jersey.inject.hk2.AbstractHk2InjectionManager.createAndInitialize(AbstractHk2InjectionManager.java:199)
		at org.glassfish.jersey.inject.hk2.ImmediateHk2InjectionManager.createAndInitialize(ImmediateHk2InjectionManager.java:30)
		at org.glassfish.jersey.internal.inject.Injections.getOrCreate(Injections.java:123)
		at org.glassfish.jersey.server.model.MethodHandler$ClassBasedMethodHandler.getInstance(MethodHandler.java:260)
		at org.glassfish.jersey.server.internal.routing.PushMethodHandlerRouter.apply(PushMethodHandlerRouter.java:51)
		at org.glassfish.jersey.server.internal.routing.RoutingStage._apply(RoutingStage.java:86)
		at org.glassfish.jersey.server.internal.routing.RoutingStage._apply(RoutingStage.java:89)
		at org.glassfish.jersey.server.internal.routing.RoutingStage._apply(RoutingStage.java:89)
		at org.glassfish.jersey.server.internal.routing.RoutingStage._apply(RoutingStage.java:89)
		at org.glassfish.jersey.server.internal.routing.RoutingStage.apply(RoutingStage.java:69)
		at org.glassfish.jersey.server.internal.routing.RoutingStage.apply(RoutingStage.java:38)
		at org.glassfish.jersey.process.internal.Stages.process(Stages.java:173)
		at org.glassfish.jersey.server.ServerRuntime$1.run(ServerRuntime.java:253)
		at org.glassfish.jersey.internal.Errors$1.call(Errors.java:248)
		at org.glassfish.jersey.internal.Errors$1.call(Errors.java:244)
		at org.glassfish.jersey.internal.Errors.process(Errors.java:292)
		at org.glassfish.jersey.internal.Errors.process(Errors.java:274)
		at org.glassfish.jersey.internal.Errors.process(Errors.java:244)
		at org.glassfish.jersey.process.internal.RequestScope.runInScope(RequestScope.java:265)
		at org.glassfish.jersey.server.ServerRuntime.process(ServerRuntime.java:240)
		at org.glassfish.jersey.server.ApplicationHandler.handle(ApplicationHandler.java:697)
		at org.glassfish.jersey.servlet.WebComponent.serviceImpl(WebComponent.java:394)
		at org.glassfish.jersey.servlet.WebComponent.service(WebComponent.java:346)
		at org.glassfish.jersey.servlet.ServletContainer.service(ServletContainer.java:357)
		at org.glassfish.jersey.servlet.ServletContainer.service(ServletContainer.java:311)
		at org.glassfish.jersey.servlet.ServletContainer.service(ServletContainer.java:205)
		at org.apache.catalina.core.ApplicationFilterChain.doFilter(ApplicationFilterChain.java:130)
		at org.apache.tomcat.websocket.server.WsFilter.doFilter(WsFilter.java:53)
		at org.apache.catalina.core.ApplicationFilterChain.doFilter(ApplicationFilterChain.java:109)
		at org.apache.catalina.core.StandardWrapperValve.invoke(StandardWrapperValve.java:167)
		at org.apache.catalina.core.StandardContextValve.invoke(StandardContextValve.java:79)
		at org.apache.catalina.authenticator.AuthenticatorBase.invoke(AuthenticatorBase.java:483)
		at org.apache.catalina.core.StandardHostValve.invoke(StandardHostValve.java:116)
		at org.apache.catalina.valves.ErrorReportValve.invoke(ErrorReportValve.java:93)
		at org.apache.catalina.valves.AbstractAccessLogValve.invoke(AbstractAccessLogValve.java:666)
		at org.apache.catalina.core.StandardEngineValve.invoke(StandardEngineValve.java:74)
		at org.apache.catalina.connector.CoyoteAdapter.service(CoyoteAdapter.java:343)
		at org.apache.coyote.http11.Http11Processor.service(Http11Processor.java:396)
		at org.apache.coyote.AbstractProcessorLight.process(AbstractProcessorLight.java:63)
		at org.apache.coyote.AbstractProtocol$ConnectionHandler.process(AbstractProtocol.java:903)
		at org.apache.tomcat.util.net.NioEndpoint$SocketProcessor.doRun(NioEndpoint.java:1773)
		at org.apache.tomcat.util.net.SocketProcessorBase.run(SocketProcessorBase.java:52)
		at org.apache.tomcat.util.threads.ThreadPoolExecutor.runWorker(ThreadPoolExecutor.java:1149)
		at org.apache.tomcat.util.threads.ThreadPoolExecutor$Worker.run(ThreadPoolExecutor.java:637)
		at org.apache.tomcat.util.threads.TaskThread$WrappingRunnable.run(TaskThread.java:59)
		at java.base/java.lang.Thread.run(Thread.java:1570)
01-Aug-2025 12:00:45.543 SEVERE [http-nio-8080-exec-47] org.glassfish.jersey.server.ServerRuntime$Responder.writeResponse Error while closing the output stream in order to commit response.
	org.glassfish.jersey.server.ContainerException: java.util.concurrent.ExecutionException: A MultiException has 1 exceptions.  They are:
1. java.lang.NoSuchMethodException: Could not find a suitable constructor in controlador.DetalleCarritoResource class.

		at org.glassfish.jersey.servlet.internal.ResponseWriter.getResponseContext(ResponseWriter.java:278)
		at org.glassfish.jersey.servlet.internal.ResponseWriter.writeResponseStatusAndHeaders(ResponseWriter.java:128)
		at org.glassfish.jersey.server.ServerRuntime$Responder$1.getOutputStream(ServerRuntime.java:667)
		at org.glassfish.jersey.message.internal.CommittingOutputStream.commitStream(CommittingOutputStream.java:171)
		at org.glassfish.jersey.message.internal.CommittingOutputStream.flushBuffer(CommittingOutputStream.java:276)
		at org.glassfish.jersey.message.internal.CommittingOutputStream.commit(CommittingOutputStream.java:232)
		at org.glassfish.jersey.message.internal.CommittingOutputStream.close(CommittingOutputStream.java:247)
		at org.glassfish.jersey.message.internal.OutboundMessageContext.close(OutboundMessageContext.java:865)
		at org.glassfish.jersey.server.ContainerResponse.close(ContainerResponse.java:403)
		at org.glassfish.jersey.server.ServerRuntime$Responder.writeResponse(ServerRuntime.java:749)
		at org.glassfish.jersey.server.ServerRuntime$Responder.processResponse(ServerRuntime.java:385)
		at org.glassfish.jersey.server.ServerRuntime$Responder.processResponseWithDefaultExceptionMapper(ServerRuntime.java:633)
		at org.glassfish.jersey.server.ServerRuntime$Responder.process(ServerRuntime.java:458)
		at org.glassfish.jersey.server.ServerRuntime$1.run(ServerRuntime.java:269)
		at org.glassfish.jersey.internal.Errors$1.call(Errors.java:248)
		at org.glassfish.jersey.internal.Errors$1.call(Errors.java:244)
		at org.glassfish.jersey.internal.Errors.process(Errors.java:292)
		at org.glassfish.jersey.internal.Errors.process(Errors.java:274)
		at org.glassfish.jersey.internal.Errors.process(Errors.java:244)
		at org.glassfish.jersey.process.internal.RequestScope.runInScope(RequestScope.java:265)
		at org.glassfish.jersey.server.ServerRuntime.process(ServerRuntime.java:240)
		at org.glassfish.jersey.server.ApplicationHandler.handle(ApplicationHandler.java:697)
		at org.glassfish.jersey.servlet.WebComponent.serviceImpl(WebComponent.java:394)
		at org.glassfish.jersey.servlet.WebComponent.service(WebComponent.java:346)
		at org.glassfish.jersey.servlet.ServletContainer.service(ServletContainer.java:357)
		at org.glassfish.jersey.servlet.ServletContainer.service(ServletContainer.java:311)
		at org.glassfish.jersey.servlet.ServletContainer.service(ServletContainer.java:205)
		at org.apache.catalina.core.ApplicationFilterChain.doFilter(ApplicationFilterChain.java:130)
		at org.apache.tomcat.websocket.server.WsFilter.doFilter(WsFilter.java:53)
		at org.apache.catalina.core.ApplicationFilterChain.doFilter(ApplicationFilterChain.java:109)
		at org.apache.catalina.core.StandardWrapperValve.invoke(StandardWrapperValve.java:167)
		at org.apache.catalina.core.StandardContextValve.invoke(StandardContextValve.java:79)
		at org.apache.catalina.authenticator.AuthenticatorBase.invoke(AuthenticatorBase.java:483)
		at org.apache.catalina.core.StandardHostValve.invoke(StandardHostValve.java:116)
		at org.apache.catalina.valves.ErrorReportValve.invoke(ErrorReportValve.java:93)
		at org.apache.catalina.valves.AbstractAccessLogValve.invoke(AbstractAccessLogValve.java:666)
		at org.apache.catalina.core.StandardEngineValve.invoke(StandardEngineValve.java:74)
		at org.apache.catalina.connector.CoyoteAdapter.service(CoyoteAdapter.java:343)
		at org.apache.coyote.http11.Http11Processor.service(Http11Processor.java:396)
		at org.apache.coyote.AbstractProcessorLight.process(AbstractProcessorLight.java:63)
		at org.apache.coyote.AbstractProtocol$ConnectionHandler.process(AbstractProtocol.java:903)
		at org.apache.tomcat.util.net.NioEndpoint$SocketProcessor.doRun(NioEndpoint.java:1773)
		at org.apache.tomcat.util.net.SocketProcessorBase.run(SocketProcessorBase.java:52)
		at org.apache.tomcat.util.threads.ThreadPoolExecutor.runWorker(ThreadPoolExecutor.java:1149)
		at org.apache.tomcat.util.threads.ThreadPoolExecutor$Worker.run(ThreadPoolExecutor.java:637)
		at org.apache.tomcat.util.threads.TaskThread$WrappingRunnable.run(TaskThread.java:59)
		at java.base/java.lang.Thread.run(Thread.java:1570)
	Caused by: java.util.concurrent.ExecutionException: A MultiException has 1 exceptions.  They are:
1. java.lang.NoSuchMethodException: Could not find a suitable constructor in controlador.DetalleCarritoResource class.

		at java.base/java.util.concurrent.CompletableFuture.reportGet(CompletableFuture.java:396)
		at java.base/java.util.concurrent.CompletableFuture.get(CompletableFuture.java:2073)
		at org.glassfish.jersey.servlet.internal.ResponseWriter.getResponseContext(ResponseWriter.java:276)
		... 46 more
	Caused by: A MultiException has 1 exceptions.  They are:
1. java.lang.NoSuchMethodException: Could not find a suitable constructor in controlador.DetalleCarritoResource class.

		at org.jvnet.hk2.internal.Collector.throwIfErrors(Collector.java:65)
		at org.jvnet.hk2.internal.Utilities.justCreate(Utilities.java:1045)
		at org.jvnet.hk2.internal.ServiceLocatorImpl.create(ServiceLocatorImpl.java:984)
		at org.jvnet.hk2.internal.ServiceLocatorImpl.createAndInitialize(ServiceLocatorImpl.java:1088)
		at org.jvnet.hk2.internal.ServiceLocatorImpl.createAndInitialize(ServiceLocatorImpl.java:1080)
		at org.glassfish.jersey.inject.hk2.AbstractHk2InjectionManager.createAndInitialize(AbstractHk2InjectionManager.java:199)
		at org.glassfish.jersey.inject.hk2.ImmediateHk2InjectionManager.createAndInitialize(ImmediateHk2InjectionManager.java:30)
		at org.glassfish.jersey.internal.inject.Injections.getOrCreate(Injections.java:123)
		at org.glassfish.jersey.server.model.MethodHandler$ClassBasedMethodHandler.getInstance(MethodHandler.java:260)
		at org.glassfish.jersey.server.internal.routing.PushMethodHandlerRouter.apply(PushMethodHandlerRouter.java:51)
		at org.glassfish.jersey.server.internal.routing.RoutingStage._apply(RoutingStage.java:86)
		at org.glassfish.jersey.server.internal.routing.RoutingStage._apply(RoutingStage.java:89)
		at org.glassfish.jersey.server.internal.routing.RoutingStage._apply(RoutingStage.java:89)
		at org.glassfish.jersey.server.internal.routing.RoutingStage._apply(RoutingStage.java:89)
		at org.glassfish.jersey.server.internal.routing.RoutingStage.apply(RoutingStage.java:69)
		at org.glassfish.jersey.server.internal.routing.RoutingStage.apply(RoutingStage.java:38)
		at org.glassfish.jersey.process.internal.Stages.process(Stages.java:173)
		at org.glassfish.jersey.server.ServerRuntime$1.run(ServerRuntime.java:253)
		... 33 more
	Caused by: java.lang.NoSuchMethodException: Could not find a suitable constructor in controlador.DetalleCarritoResource class.
		at org.glassfish.jersey.inject.hk2.JerseyClassAnalyzer.getConstructor(JerseyClassAnalyzer.java:168)
		at org.jvnet.hk2.internal.Utilities.getConstructor(Utilities.java:157)
		at org.jvnet.hk2.internal.Utilities.justCreate(Utilities.java:1043)
		... 49 more
01-Aug-2025 12:00:45.608 WARNING [http-nio-8080-exec-47] org.glassfish.jersey.internal.Errors.logErrors The following warnings have been detected: WARNING: HK2 service reification failed for [controlador.DetalleCarritoResource] with an exception:
MultiException stack 1 of 2
java.lang.NoSuchMethodException: Could not find a suitable constructor in controlador.DetalleCarritoResource class.
	at org.glassfish.jersey.inject.hk2.JerseyClassAnalyzer.getConstructor(JerseyClassAnalyzer.java:168)
	at org.jvnet.hk2.internal.Utilities.getConstructor(Utilities.java:157)
	at org.jvnet.hk2.internal.ClazzCreator.initialize(ClazzCreator.java:106)
	at org.jvnet.hk2.internal.ClazzCreator.initialize(ClazzCreator.java:165)
	at org.jvnet.hk2.internal.SystemDescriptor.internalReify(SystemDescriptor.java:719)
	at org.jvnet.hk2.internal.SystemDescriptor.reify(SystemDescriptor.java:673)
	at org.jvnet.hk2.internal.ServiceLocatorImpl.reifyDescriptor(ServiceLocatorImpl.java:438)
	at org.jvnet.hk2.internal.ServiceLocatorImpl.narrow(ServiceLocatorImpl.java:2316)
	at org.jvnet.hk2.internal.ServiceLocatorImpl.igdCacheCompute(ServiceLocatorImpl.java:1192)
	at org.jvnet.hk2.internal.ServiceLocatorImpl$8.compute(ServiceLocatorImpl.java:1186)
	at org.jvnet.hk2.internal.ServiceLocatorImpl$8.compute(ServiceLocatorImpl.java:1183)
	at org.glassfish.hk2.utilities.cache.internal.WeakCARCacheImpl.compute(WeakCARCacheImpl.java:105)
	at org.jvnet.hk2.internal.ServiceLocatorImpl.internalGetDescriptor(ServiceLocatorImpl.java:1266)
	at org.jvnet.hk2.internal.ServiceLocatorImpl.internalGetService(ServiceLocatorImpl.java:765)
	at org.jvnet.hk2.internal.ServiceLocatorImpl.internalGetService(ServiceLocatorImpl.java:732)
	at org.jvnet.hk2.internal.ServiceLocatorImpl.getService(ServiceLocatorImpl.java:702)
	at org.glassfish.jersey.inject.hk2.AbstractHk2InjectionManager.getInstance(AbstractHk2InjectionManager.java:160)
	at org.glassfish.jersey.inject.hk2.ImmediateHk2InjectionManager.getInstance(ImmediateHk2InjectionManager.java:30)
	at org.glassfish.jersey.internal.inject.Injections.getOrCreate(Injections.java:122)
	at org.glassfish.jersey.server.model.MethodHandler$ClassBasedMethodHandler.getInstance(MethodHandler.java:260)
	at org.glassfish.jersey.server.internal.routing.PushMethodHandlerRouter.apply(PushMethodHandlerRouter.java:51)
	at org.glassfish.jersey.server.internal.routing.RoutingStage._apply(RoutingStage.java:86)
	at org.glassfish.jersey.server.internal.routing.RoutingStage._apply(RoutingStage.java:89)
	at org.glassfish.jersey.server.internal.routing.RoutingStage._apply(RoutingStage.java:89)
	at org.glassfish.jersey.server.internal.routing.RoutingStage._apply(RoutingStage.java:89)
	at org.glassfish.jersey.server.internal.routing.RoutingStage.apply(RoutingStage.java:69)
	at org.glassfish.jersey.server.internal.routing.RoutingStage.apply(RoutingStage.java:38)
	at org.glassfish.jersey.process.internal.Stages.process(Stages.java:173)
	at org.glassfish.jersey.server.ServerRuntime$1.run(ServerRuntime.java:253)
	at org.glassfish.jersey.internal.Errors$1.call(Errors.java:248)
	at org.glassfish.jersey.internal.Errors$1.call(Errors.java:244)
	at org.glassfish.jersey.internal.Errors.process(Errors.java:292)
	at org.glassfish.jersey.internal.Errors.process(Errors.java:274)
	at org.glassfish.jersey.internal.Errors.process(Errors.java:244)
	at org.glassfish.jersey.process.internal.RequestScope.runInScope(RequestScope.java:265)
	at org.glassfish.jersey.server.ServerRuntime.process(ServerRuntime.java:240)
	at org.glassfish.jersey.server.ApplicationHandler.handle(ApplicationHandler.java:697)
	at org.glassfish.jersey.servlet.WebComponent.serviceImpl(WebComponent.java:394)
	at org.glassfish.jersey.servlet.WebComponent.service(WebComponent.java:346)
	at org.glassfish.jersey.servlet.ServletContainer.service(ServletContainer.java:357)
	at org.glassfish.jersey.servlet.ServletContainer.service(ServletContainer.java:311)
	at org.glassfish.jersey.servlet.ServletContainer.service(ServletContainer.java:205)
	at org.apache.catalina.core.ApplicationFilterChain.doFilter(ApplicationFilterChain.java:130)
	at org.apache.tomcat.websocket.server.WsFilter.doFilter(WsFilter.java:53)
	at org.apache.catalina.core.ApplicationFilterChain.doFilter(ApplicationFilterChain.java:109)
	at org.apache.catalina.core.StandardWrapperValve.invoke(StandardWrapperValve.java:167)
	at org.apache.catalina.core.StandardContextValve.invoke(StandardContextValve.java:79)
	at org.apache.catalina.authenticator.AuthenticatorBase.invoke(AuthenticatorBase.java:483)
	at org.apache.catalina.core.StandardHostValve.invoke(StandardHostValve.java:116)
	at org.apache.catalina.valves.ErrorReportValve.invoke(ErrorReportValve.java:93)
	at org.apache.catalina.valves.AbstractAccessLogValve.invoke(AbstractAccessLogValve.java:666)
	at org.apache.catalina.core.StandardEngineValve.invoke(StandardEngineValve.java:74)
	at org.apache.catalina.connector.CoyoteAdapter.service(CoyoteAdapter.java:343)
	at org.apache.coyote.http11.Http11Processor.service(Http11Processor.java:396)
	at org.apache.coyote.AbstractProcessorLight.process(AbstractProcessorLight.java:63)
	at org.apache.coyote.AbstractProtocol$ConnectionHandler.process(AbstractProtocol.java:903)
	at org.apache.tomcat.util.net.NioEndpoint$SocketProcessor.doRun(NioEndpoint.java:1773)
	at org.apache.tomcat.util.net.SocketProcessorBase.run(SocketProcessorBase.java:52)
	at org.apache.tomcat.util.threads.ThreadPoolExecutor.runWorker(ThreadPoolExecutor.java:1149)
	at org.apache.tomcat.util.threads.ThreadPoolExecutor$Worker.run(ThreadPoolExecutor.java:637)
	at org.apache.tomcat.util.threads.TaskThread$WrappingRunnable.run(TaskThread.java:59)
	at java.base/java.lang.Thread.run(Thread.java:1570)
MultiException stack 2 of 2
java.lang.IllegalArgumentException: Errors were discovered while reifying SystemDescriptor(
	implementation=controlador.DetalleCarritoResource
	contracts={controlador.DetalleCarritoResource}
	scope=org.glassfish.jersey.process.internal.RequestScoped
	qualifiers={}
	descriptorType=CLASS
	descriptorVisibility=NORMAL
	metadata=
	rank=0
	loader=null
	proxiable=null
	proxyForSameScope=null
	analysisName=null
	id=201
	locatorId=0
	identityHashCode=950778014
	reified=false)
	at org.jvnet.hk2.internal.SystemDescriptor.reify(SystemDescriptor.java:684)
	at org.jvnet.hk2.internal.ServiceLocatorImpl.reifyDescriptor(ServiceLocatorImpl.java:438)
	at org.jvnet.hk2.internal.ServiceLocatorImpl.narrow(ServiceLocatorImpl.java:2316)
	at org.jvnet.hk2.internal.ServiceLocatorImpl.igdCacheCompute(ServiceLocatorImpl.java:1192)
	at org.jvnet.hk2.internal.ServiceLocatorImpl$8.compute(ServiceLocatorImpl.java:1186)
	at org.jvnet.hk2.internal.ServiceLocatorImpl$8.compute(ServiceLocatorImpl.java:1183)
	at org.glassfish.hk2.utilities.cache.internal.WeakCARCacheImpl.compute(WeakCARCacheImpl.java:105)
	at org.jvnet.hk2.internal.ServiceLocatorImpl.internalGetDescriptor(ServiceLocatorImpl.java:1266)
	at org.jvnet.hk2.internal.ServiceLocatorImpl.internalGetService(ServiceLocatorImpl.java:765)
	at org.jvnet.hk2.internal.ServiceLocatorImpl.internalGetService(ServiceLocatorImpl.java:732)
	at org.jvnet.hk2.internal.ServiceLocatorImpl.getService(ServiceLocatorImpl.java:702)
	at org.glassfish.jersey.inject.hk2.AbstractHk2InjectionManager.getInstance(AbstractHk2InjectionManager.java:160)
	at org.glassfish.jersey.inject.hk2.ImmediateHk2InjectionManager.getInstance(ImmediateHk2InjectionManager.java:30)
	at org.glassfish.jersey.internal.inject.Injections.getOrCreate(Injections.java:122)
	at org.glassfish.jersey.server.model.MethodHandler$ClassBasedMethodHandler.getInstance(MethodHandler.java:260)
	at org.glassfish.jersey.server.internal.routing.PushMethodHandlerRouter.apply(PushMethodHandlerRouter.java:51)
	at org.glassfish.jersey.server.internal.routing.RoutingStage._apply(RoutingStage.java:86)
	at org.glassfish.jersey.server.internal.routing.RoutingStage._apply(RoutingStage.java:89)
	at org.glassfish.jersey.server.internal.routing.RoutingStage._apply(RoutingStage.java:89)
	at org.glassfish.jersey.server.internal.routing.RoutingStage._apply(RoutingStage.java:89)
	at org.glassfish.jersey.server.internal.routing.RoutingStage.apply(RoutingStage.java:69)
	at org.glassfish.jersey.server.internal.routing.RoutingStage.apply(RoutingStage.java:38)
	at org.glassfish.jersey.process.internal.Stages.process(Stages.java:173)
	at org.glassfish.jersey.server.ServerRuntime$1.run(ServerRuntime.java:253)
	at org.glassfish.jersey.internal.Errors$1.call(Errors.java:248)
	at org.glassfish.jersey.internal.Errors$1.call(Errors.java:244)
	at org.glassfish.jersey.internal.Errors.process(Errors.java:292)
	at org.glassfish.jersey.internal.Errors.process(Errors.java:274)
	at org.glassfish.jersey.internal.Errors.process(Errors.java:244)
	at org.glassfish.jersey.process.internal.RequestScope.runInScope(RequestScope.java:265)
	at org.glassfish.jersey.server.ServerRuntime.process(ServerRuntime.java:240)
	at org.glassfish.jersey.server.ApplicationHandler.handle(ApplicationHandler.java:697)
	at org.glassfish.jersey.servlet.WebComponent.serviceImpl(WebComponent.java:394)
	at org.glassfish.jersey.servlet.WebComponent.service(WebComponent.java:346)
	at org.glassfish.jersey.servlet.ServletContainer.service(ServletContainer.java:357)
	at org.glassfish.jersey.servlet.ServletContainer.service(ServletContainer.java:311)
	at org.glassfish.jersey.servlet.ServletContainer.service(ServletContainer.java:205)
	at org.apache.catalina.core.ApplicationFilterChain.doFilter(ApplicationFilterChain.java:130)
	at org.apache.tomcat.websocket.server.WsFilter.doFilter(WsFilter.java:53)
	at org.apache.catalina.core.ApplicationFilterChain.doFilter(ApplicationFilterChain.java:109)
	at org.apache.catalina.core.StandardWrapperValve.invoke(StandardWrapperValve.java:167)
	at org.apache.catalina.core.StandardContextValve.invoke(StandardContextValve.java:79)
	at org.apache.catalina.authenticator.AuthenticatorBase.invoke(AuthenticatorBase.java:483)
	at org.apache.catalina.core.StandardHostValve.invoke(StandardHostValve.java:116)
	at org.apache.catalina.valves.ErrorReportValve.invoke(ErrorReportValve.java:93)
	at org.apache.catalina.valves.AbstractAccessLogValve.invoke(AbstractAccessLogValve.java:666)
	at org.apache.catalina.core.StandardEngineValve.invoke(StandardEngineValve.java:74)
	at org.apache.catalina.connector.CoyoteAdapter.service(CoyoteAdapter.java:343)
	at org.apache.coyote.http11.Http11Processor.service(Http11Processor.java:396)
	at org.apache.coyote.AbstractProcessorLight.process(AbstractProcessorLight.java:63)
	at org.apache.coyote.AbstractProtocol$ConnectionHandler.process(AbstractProtocol.java:903)
	at org.apache.tomcat.util.net.NioEndpoint$SocketProcessor.doRun(NioEndpoint.java:1773)
	at org.apache.tomcat.util.net.SocketProcessorBase.run(SocketProcessorBase.java:52)
	at org.apache.tomcat.util.threads.ThreadPoolExecutor.runWorker(ThreadPoolExecutor.java:1149)
	at org.apache.tomcat.util.threads.ThreadPoolExecutor$Worker.run(ThreadPoolExecutor.java:637)
	at org.apache.tomcat.util.threads.TaskThread$WrappingRunnable.run(TaskThread.java:59)
	at java.base/java.lang.Thread.run(Thread.java:1570)

WARNING: HK2 service reification failed for [controlador.DetalleCarritoResource] with an exception:
MultiException stack 1 of 2
java.lang.NoSuchMethodException: Could not find a suitable constructor in controlador.DetalleCarritoResource class.
	at org.glassfish.jersey.inject.hk2.JerseyClassAnalyzer.getConstructor(JerseyClassAnalyzer.java:168)
	at org.jvnet.hk2.internal.Utilities.getConstructor(Utilities.java:157)
	at org.jvnet.hk2.internal.ClazzCreator.initialize(ClazzCreator.java:106)
	at org.jvnet.hk2.internal.ClazzCreator.initialize(ClazzCreator.java:165)
	at org.jvnet.hk2.internal.SystemDescriptor.internalReify(SystemDescriptor.java:719)
	at org.jvnet.hk2.internal.SystemDescriptor.reify(SystemDescriptor.java:673)
	at org.jvnet.hk2.internal.ServiceLocatorImpl.reifyDescriptor(ServiceLocatorImpl.java:438)
	at org.jvnet.hk2.internal.ServiceLocatorImpl.narrow(ServiceLocatorImpl.java:2316)
	at org.jvnet.hk2.internal.ServiceLocatorImpl.igdCacheCompute(ServiceLocatorImpl.java:1192)
	at org.jvnet.hk2.internal.ServiceLocatorImpl$8.compute(ServiceLocatorImpl.java:1186)
	at org.jvnet.hk2.internal.ServiceLocatorImpl$8.compute(ServiceLocatorImpl.java:1183)
	at org.glassfish.hk2.utilities.cache.internal.WeakCARCacheImpl.compute(WeakCARCacheImpl.java:105)
	at org.jvnet.hk2.internal.ServiceLocatorImpl.internalGetDescriptor(ServiceLocatorImpl.java:1266)
	at org.jvnet.hk2.internal.ServiceLocatorImpl.internalGetService(ServiceLocatorImpl.java:765)
	at org.jvnet.hk2.internal.ServiceLocatorImpl.internalGetService(ServiceLocatorImpl.java:732)
	at org.jvnet.hk2.internal.ServiceLocatorImpl.getService(ServiceLocatorImpl.java:702)
	at org.glassfish.jersey.inject.hk2.AbstractHk2InjectionManager.getInstance(AbstractHk2InjectionManager.java:160)
	at org.glassfish.jersey.inject.hk2.ImmediateHk2InjectionManager.getInstance(ImmediateHk2InjectionManager.java:30)
	at org.glassfish.jersey.internal.inject.Injections.getOrCreate(Injections.java:122)
	at org.glassfish.jersey.server.model.MethodHandler$ClassBasedMethodHandler.getInstance(MethodHandler.java:260)
	at org.glassfish.jersey.server.internal.routing.PushMethodHandlerRouter.apply(PushMethodHandlerRouter.java:51)
	at org.glassfish.jersey.server.internal.routing.RoutingStage._apply(RoutingStage.java:86)
	at org.glassfish.jersey.server.internal.routing.RoutingStage._apply(RoutingStage.java:89)
	at org.glassfish.jersey.server.internal.routing.RoutingStage._apply(RoutingStage.java:89)
	at org.glassfish.jersey.server.internal.routing.RoutingStage._apply(RoutingStage.java:89)
	at org.glassfish.jersey.server.internal.routing.RoutingStage.apply(RoutingStage.java:69)
	at org.glassfish.jersey.server.internal.routing.RoutingStage.apply(RoutingStage.java:38)
	at org.glassfish.jersey.process.internal.Stages.process(Stages.java:173)
	at org.glassfish.jersey.server.ServerRuntime$1.run(ServerRuntime.java:253)
	at org.glassfish.jersey.internal.Errors$1.call(Errors.java:248)
	at org.glassfish.jersey.internal.Errors$1.call(Errors.java:244)
	at org.glassfish.jersey.internal.Errors.process(Errors.java:292)
	at org.glassfish.jersey.internal.Errors.process(Errors.java:274)
	at org.glassfish.jersey.internal.Errors.process(Errors.java:244)
	at org.glassfish.jersey.process.internal.RequestScope.runInScope(RequestScope.java:265)
	at org.glassfish.jersey.server.ServerRuntime.process(ServerRuntime.java:240)
	at org.glassfish.jersey.server.ApplicationHandler.handle(ApplicationHandler.java:697)
	at org.glassfish.jersey.servlet.WebComponent.serviceImpl(WebComponent.java:394)
	at org.glassfish.jersey.servlet.WebComponent.service(WebComponent.java:346)
	at org.glassfish.jersey.servlet.ServletContainer.service(ServletContainer.java:357)
	at org.glassfish.jersey.servlet.ServletContainer.service(ServletContainer.java:311)
	at org.glassfish.jersey.servlet.ServletContainer.service(ServletContainer.java:205)
	at org.apache.catalina.core.ApplicationFilterChain.doFilter(ApplicationFilterChain.java:130)
	at org.apache.tomcat.websocket.server.WsFilter.doFilter(WsFilter.java:53)
	at org.apache.catalina.core.ApplicationFilterChain.doFilter(ApplicationFilterChain.java:109)
	at org.apache.catalina.core.StandardWrapperValve.invoke(StandardWrapperValve.java:167)
	at org.apache.catalina.core.StandardContextValve.invoke(StandardContextValve.java:79)
	at org.apache.catalina.authenticator.AuthenticatorBase.invoke(AuthenticatorBase.java:483)
	at org.apache.catalina.core.StandardHostValve.invoke(StandardHostValve.java:116)
	at org.apache.catalina.valves.ErrorReportValve.invoke(ErrorReportValve.java:93)
	at org.apache.catalina.valves.AbstractAccessLogValve.invoke(AbstractAccessLogValve.java:666)
	at org.apache.catalina.core.StandardEngineValve.invoke(StandardEngineValve.java:74)
	at org.apache.catalina.connector.CoyoteAdapter.service(CoyoteAdapter.java:343)
	at org.apache.coyote.http11.Http11Processor.service(Http11Processor.java:396)
	at org.apache.coyote.AbstractProcessorLight.process(AbstractProcessorLight.java:63)
	at org.apache.coyote.AbstractProtocol$ConnectionHandler.process(AbstractProtocol.java:903)
	at org.apache.tomcat.util.net.NioEndpoint$SocketProcessor.doRun(NioEndpoint.java:1773)
	at org.apache.tomcat.util.net.SocketProcessorBase.run(SocketProcessorBase.java:52)
	at org.apache.tomcat.util.threads.ThreadPoolExecutor.runWorker(ThreadPoolExecutor.java:1149)
	at org.apache.tomcat.util.threads.ThreadPoolExecutor$Worker.run(ThreadPoolExecutor.java:637)
	at org.apache.tomcat.util.threads.TaskThread$WrappingRunnable.run(TaskThread.java:59)
	at java.base/java.lang.Thread.run(Thread.java:1570)
MultiException stack 2 of 2
java.lang.IllegalArgumentException: Errors were discovered while reifying SystemDescriptor(
	implementation=controlador.DetalleCarritoResource
	contracts={controlador.DetalleCarritoResource}
	scope=org.glassfish.jersey.process.internal.RequestScoped
	qualifiers={}
	descriptorType=CLASS
	descriptorVisibility=NORMAL
	metadata=
	rank=0
	loader=null
	proxiable=null
	proxyForSameScope=null
	analysisName=null
	id=201
	locatorId=0
	identityHashCode=950778014
	reified=false)
	at org.jvnet.hk2.internal.SystemDescriptor.reify(SystemDescriptor.java:684)
	at org.jvnet.hk2.internal.ServiceLocatorImpl.reifyDescriptor(ServiceLocatorImpl.java:438)
	at org.jvnet.hk2.internal.ServiceLocatorImpl.narrow(ServiceLocatorImpl.java:2316)
	at org.jvnet.hk2.internal.ServiceLocatorImpl.igdCacheCompute(ServiceLocatorImpl.java:1192)
	at org.jvnet.hk2.internal.ServiceLocatorImpl$8.compute(ServiceLocatorImpl.java:1186)
	at org.jvnet.hk2.internal.ServiceLocatorImpl$8.compute(ServiceLocatorImpl.java:1183)
	at org.glassfish.hk2.utilities.cache.internal.WeakCARCacheImpl.compute(WeakCARCacheImpl.java:105)
	at org.jvnet.hk2.internal.ServiceLocatorImpl.internalGetDescriptor(ServiceLocatorImpl.java:1266)
	at org.jvnet.hk2.internal.ServiceLocatorImpl.internalGetService(ServiceLocatorImpl.java:765)
	at org.jvnet.hk2.internal.ServiceLocatorImpl.internalGetService(ServiceLocatorImpl.java:732)
	at org.jvnet.hk2.internal.ServiceLocatorImpl.getService(ServiceLocatorImpl.java:702)
	at org.glassfish.jersey.inject.hk2.AbstractHk2InjectionManager.getInstance(AbstractHk2InjectionManager.java:160)
	at org.glassfish.jersey.inject.hk2.ImmediateHk2InjectionManager.getInstance(ImmediateHk2InjectionManager.java:30)
	at org.glassfish.jersey.internal.inject.Injections.getOrCreate(Injections.java:122)
	at org.glassfish.jersey.server.model.MethodHandler$ClassBasedMethodHandler.getInstance(MethodHandler.java:260)
	at org.glassfish.jersey.server.internal.routing.PushMethodHandlerRouter.apply(PushMethodHandlerRouter.java:51)
	at org.glassfish.jersey.server.internal.routing.RoutingStage._apply(RoutingStage.java:86)
	at org.glassfish.jersey.server.internal.routing.RoutingStage._apply(RoutingStage.java:89)
	at org.glassfish.jersey.server.internal.routing.RoutingStage._apply(RoutingStage.java:89)
	at org.glassfish.jersey.server.internal.routing.RoutingStage._apply(RoutingStage.java:89)
	at org.glassfish.jersey.server.internal.routing.RoutingStage.apply(RoutingStage.java:69)
	at org.glassfish.jersey.server.internal.routing.RoutingStage.apply(RoutingStage.java:38)
	at org.glassfish.jersey.process.internal.Stages.process(Stages.java:173)
	at org.glassfish.jersey.server.ServerRuntime$1.run(ServerRuntime.java:253)
	at org.glassfish.jersey.internal.Errors$1.call(Errors.java:248)
	at org.glassfish.jersey.internal.Errors$1.call(Errors.java:244)
	at org.glassfish.jersey.internal.Errors.process(Errors.java:292)
	at org.glassfish.jersey.internal.Errors.process(Errors.java:274)
	at org.glassfish.jersey.internal.Errors.process(Errors.java:244)
	at org.glassfish.jersey.process.internal.RequestScope.runInScope(RequestScope.java:265)
	at org.glassfish.jersey.server.ServerRuntime.process(ServerRuntime.java:240)
	at org.glassfish.jersey.server.ApplicationHandler.handle(ApplicationHandler.java:697)
	at org.glassfish.jersey.servlet.WebComponent.serviceImpl(WebComponent.java:394)
	at org.glassfish.jersey.servlet.WebComponent.service(WebComponent.java:346)
	at org.glassfish.jersey.servlet.ServletContainer.service(ServletContainer.java:357)
	at org.glassfish.jersey.servlet.ServletContainer.service(ServletContainer.java:311)
	at org.glassfish.jersey.servlet.ServletContainer.service(ServletContainer.java:205)
	at org.apache.catalina.core.ApplicationFilterChain.doFilter(ApplicationFilterChain.java:130)
	at org.apache.tomcat.websocket.server.WsFilter.doFilter(WsFilter.java:53)
	at org.apache.catalina.core.ApplicationFilterChain.doFilter(ApplicationFilterChain.java:109)
	at org.apache.catalina.core.StandardWrapperValve.invoke(StandardWrapperValve.java:167)
	at org.apache.catalina.core.StandardContextValve.invoke(StandardContextValve.java:79)
	at org.apache.catalina.authenticator.AuthenticatorBase.invoke(AuthenticatorBase.java:483)
	at org.apache.catalina.core.StandardHostValve.invoke(StandardHostValve.java:116)
	at org.apache.catalina.valves.ErrorReportValve.invoke(ErrorReportValve.java:93)
	at org.apache.catalina.valves.AbstractAccessLogValve.invoke(AbstractAccessLogValve.java:666)
	at org.apache.catalina.core.StandardEngineValve.invoke(StandardEngineValve.java:74)
	at org.apache.catalina.connector.CoyoteAdapter.service(CoyoteAdapter.java:343)
	at org.apache.coyote.http11.Http11Processor.service(Http11Processor.java:396)
	at org.apache.coyote.AbstractProcessorLight.process(AbstractProcessorLight.java:63)
	at org.apache.coyote.AbstractProtocol$ConnectionHandler.process(AbstractProtocol.java:903)
	at org.apache.tomcat.util.net.NioEndpoint$SocketProcessor.doRun(NioEndpoint.java:1773)
	at org.apache.tomcat.util.net.SocketProcessorBase.run(SocketProcessorBase.java:52)
	at org.apache.tomcat.util.threads.ThreadPoolExecutor.runWorker(ThreadPoolExecutor.java:1149)
	at org.apache.tomcat.util.threads.ThreadPoolExecutor$Worker.run(ThreadPoolExecutor.java:637)
	at org.apache.tomcat.util.threads.TaskThread$WrappingRunnable.run(TaskThread.java:59)
	at java.base/java.lang.Thread.run(Thread.java:1570)


01-Aug-2025 13:14:46.639 WARNING [http-nio-8080-exec-59] org.apache.catalina.loader.WebappClassLoaderBase.clearReferencesJdbc La aplicación web [helder] registró el conductor JDBC [com.mysql.cj.jdbc.Driver] pero falló al anular el registro mientras la aplicación web estaba parada. Para prevenir un fallo de memoria, se ha anulado el registro del conductor JDBC por la fuerza.
01-Aug-2025 13:14:46.640 WARNING [http-nio-8080-exec-59] org.apache.catalina.loader.WebappClassLoaderBase.clearReferencesThreads The web application [helder] appears to have started a thread named [mysql-cj-abandoned-connection-cleanup] but has failed to stop it. This is very likely to create a memory leak. Stack trace of thread:
 java.base/jdk.internal.misc.Unsafe.park(Native Method)
 java.base/java.util.concurrent.locks.LockSupport.parkNanos(LockSupport.java:269)
 java.base/java.util.concurrent.locks.AbstractQueuedSynchronizer$ConditionObject.await(AbstractQueuedSynchronizer.java:1847)
 java.base/java.lang.ref.ReferenceQueue.await(ReferenceQueue.java:71)
 java.base/java.lang.ref.ReferenceQueue.remove0(ReferenceQueue.java:143)
 java.base/java.lang.ref.ReferenceQueue.remove(ReferenceQueue.java:218)
 com.mysql.cj.jdbc.AbandonedConnectionCleanupThread.run(AbandonedConnectionCleanupThread.java:91)
 java.base/java.util.concurrent.ThreadPoolExecutor.runWorker(ThreadPoolExecutor.java:1144)
 java.base/java.util.concurrent.ThreadPoolExecutor$Worker.run(ThreadPoolExecutor.java:642)
 java.base/java.lang.Thread.run(Thread.java:1570)
01-Aug-2025 13:14:46.825 INFO [mysql-cj-abandoned-connection-cleanup] org.apache.catalina.loader.WebappClassLoaderBase.checkStateForResourceLoading Acceso ilegal: esta instancia de aplicación web ya ha sido parada.  Could not load [].  La eventual traza de pila que sigue ha sido motivada por un error lanzado con motivos de depuración así como para intentar terminar el hilo que motivó el acceso ilegal y no tiene impacto funcional.
	java.lang.IllegalStateException: Acceso ilegal: esta instancia de aplicación web ya ha sido parada.  Could not load [].  La eventual traza de pila que sigue ha sido motivada por un error lanzado con motivos de depuración así como para intentar terminar el hilo que motivó el acceso ilegal y no tiene impacto funcional.
		at org.apache.catalina.loader.WebappClassLoaderBase.checkStateForResourceLoading(WebappClassLoaderBase.java:1248)
		at org.apache.catalina.loader.WebappClassLoaderBase.getResource(WebappClassLoaderBase.java:857)
		at com.mysql.cj.jdbc.AbandonedConnectionCleanupThread.checkThreadContextClassLoader(AbandonedConnectionCleanupThread.java:123)
		at com.mysql.cj.jdbc.AbandonedConnectionCleanupThread.run(AbandonedConnectionCleanupThread.java:90)
		at java.base/java.util.concurrent.ThreadPoolExecutor.runWorker(ThreadPoolExecutor.java:1144)
		at java.base/java.util.concurrent.ThreadPoolExecutor$Worker.run(ThreadPoolExecutor.java:642)
		at java.base/java.lang.Thread.run(Thread.java:1570)
01-Aug-2025 13:14:47.152 INFO [http-nio-8080-exec-59] org.apache.catalina.startup.HostConfig.undeploy Repliegue (undeploy) de la aplicación web que tiene como trayectoria de contexto [/helder]
01-Aug-2025 13:14:47.165 INFO [http-nio-8080-exec-56] org.apache.catalina.startup.HostConfig.deployDescriptor Desplieque del descriptor de configuración [C:\Users\Administrador\Documents\proyecto_final_helder_java-js\apache-tomcat-11.0.8-windows-x64\apache-tomcat-11.0.8\conf\Catalina\localhost\helder.xml]
01-Aug-2025 13:14:47.165 WARNING [http-nio-8080-exec-56] org.apache.catalina.startup.HostConfig.deployDescriptor The path attribute with value [/helder] in deployment descriptor [C:\Users\Administrador\Documents\proyecto_final_helder_java-js\apache-tomcat-11.0.8-windows-x64\apache-tomcat-11.0.8\conf\Catalina\localhost\helder.xml] has been ignored
01-Aug-2025 13:14:48.058 INFO [http-nio-8080-exec-56] org.apache.jasper.servlet.TldScanner.scanJars Al menos un JAR, que se ha explorado buscando TLDs, aún no contenía TLDs. Activar historial de depuración para este historiador para una completa lista de los JARs que fueron explorados y de los que nos se halló TLDs. Saltarse JARs no necesarios durante la exploración puede dar lugar a una mejora de tiempo significativa en el arranque y compilación de JSP .
01-Aug-2025 13:14:48.367 WARNING [http-nio-8080-exec-56] org.glassfish.jersey.server.internal.scanning.AnnotationAcceptingListener$ClassReaderWrapper.accept Unsupported class file major version 66
01-Aug-2025 13:14:48.369 WARNING [http-nio-8080-exec-56] org.glassfish.jersey.server.internal.scanning.AnnotationAcceptingListener$ClassReaderWrapper.accept Unsupported class file major version 66
01-Aug-2025 13:14:48.369 WARNING [http-nio-8080-exec-56] org.glassfish.jersey.server.internal.scanning.AnnotationAcceptingListener$ClassReaderWrapper.accept Unsupported class file major version 66
01-Aug-2025 13:14:48.369 WARNING [http-nio-8080-exec-56] org.glassfish.jersey.server.internal.scanning.AnnotationAcceptingListener$ClassReaderWrapper.accept Unsupported class file major version 66
01-Aug-2025 13:14:48.369 WARNING [http-nio-8080-exec-56] org.glassfish.jersey.server.internal.scanning.AnnotationAcceptingListener$ClassReaderWrapper.accept Unsupported class file major version 66
01-Aug-2025 13:14:48.370 WARNING [http-nio-8080-exec-56] org.glassfish.jersey.server.internal.scanning.AnnotationAcceptingListener$ClassReaderWrapper.accept Unsupported class file major version 66
01-Aug-2025 13:14:48.370 WARNING [http-nio-8080-exec-56] org.glassfish.jersey.server.internal.scanning.AnnotationAcceptingListener$ClassReaderWrapper.accept Unsupported class file major version 66
01-Aug-2025 13:14:48.370 WARNING [http-nio-8080-exec-56] org.glassfish.jersey.server.internal.scanning.AnnotationAcceptingListener$ClassReaderWrapper.accept Unsupported class file major version 66
01-Aug-2025 13:14:48.371 WARNING [http-nio-8080-exec-56] org.glassfish.jersey.server.internal.scanning.AnnotationAcceptingListener$ClassReaderWrapper.accept Unsupported class file major version 66
01-Aug-2025 13:14:48.371 WARNING [http-nio-8080-exec-56] org.glassfish.jersey.server.internal.scanning.AnnotationAcceptingListener$ClassReaderWrapper.accept Unsupported class file major version 66
01-Aug-2025 13:14:48.371 WARNING [http-nio-8080-exec-56] org.glassfish.jersey.server.internal.scanning.AnnotationAcceptingListener$ClassReaderWrapper.accept Unsupported class file major version 66
01-Aug-2025 13:14:48.372 WARNING [http-nio-8080-exec-56] org.glassfish.jersey.server.internal.scanning.AnnotationAcceptingListener$ClassReaderWrapper.accept Unsupported class file major version 66
01-Aug-2025 13:14:48.372 WARNING [http-nio-8080-exec-56] org.glassfish.jersey.server.internal.scanning.AnnotationAcceptingListener$ClassReaderWrapper.accept Unsupported class file major version 66
01-Aug-2025 13:14:48.372 WARNING [http-nio-8080-exec-56] org.glassfish.jersey.server.internal.scanning.AnnotationAcceptingListener$ClassReaderWrapper.accept Unsupported class file major version 66
01-Aug-2025 13:14:48.372 WARNING [http-nio-8080-exec-56] org.glassfish.jersey.server.internal.scanning.AnnotationAcceptingListener$ClassReaderWrapper.accept Unsupported class file major version 66
01-Aug-2025 13:14:48.373 WARNING [http-nio-8080-exec-56] org.glassfish.jersey.server.internal.scanning.AnnotationAcceptingListener$ClassReaderWrapper.accept Unsupported class file major version 66
01-Aug-2025 13:14:48.373 WARNING [http-nio-8080-exec-56] org.glassfish.jersey.server.internal.scanning.AnnotationAcceptingListener$ClassReaderWrapper.accept Unsupported class file major version 66
01-Aug-2025 13:14:48.373 WARNING [http-nio-8080-exec-56] org.glassfish.jersey.server.internal.scanning.AnnotationAcceptingListener$ClassReaderWrapper.accept Unsupported class file major version 66
01-Aug-2025 13:14:48.373 WARNING [http-nio-8080-exec-56] org.glassfish.jersey.server.internal.scanning.AnnotationAcceptingListener$ClassReaderWrapper.accept Unsupported class file major version 66
01-Aug-2025 13:14:48.374 WARNING [http-nio-8080-exec-56] org.glassfish.jersey.server.internal.scanning.AnnotationAcceptingListener$ClassReaderWrapper.accept Unsupported class file major version 66
01-Aug-2025 13:14:48.374 WARNING [http-nio-8080-exec-56] org.glassfish.jersey.server.internal.scanning.AnnotationAcceptingListener$ClassReaderWrapper.accept Unsupported class file major version 66
01-Aug-2025 13:14:48.401 WARNING [http-nio-8080-exec-56] org.glassfish.jersey.server.internal.scanning.AnnotationAcceptingListener$ClassReaderWrapper.accept Unsupported class file major version 66
01-Aug-2025 13:14:48.403 WARNING [http-nio-8080-exec-56] org.glassfish.jersey.server.internal.scanning.AnnotationAcceptingListener$ClassReaderWrapper.accept Unsupported class file major version 66
01-Aug-2025 13:14:48.501 WARNING [http-nio-8080-exec-56] org.glassfish.jersey.server.wadl.WadlFeature.configure JAXBContext implementation could not be found. WADL feature is disabled.
01-Aug-2025 13:14:48.784 INFO [http-nio-8080-exec-56] org.apache.catalina.startup.HostConfig.deployDescriptor Deployment of deployment descriptor [C:\Users\Administrador\Documents\proyecto_final_helder_java-js\apache-tomcat-11.0.8-windows-x64\apache-tomcat-11.0.8\conf\Catalina\localhost\helder.xml] has finished in [1.619] ms
01-Aug-2025 13:14:48.787 INFO [http-nio-8080-exec-51] org.apache.catalina.util.LifecycleBase.start The start() method was called on component [StandardEngine[Catalina].StandardHost[localhost].StandardContext[/helder]] after start() had already been called. The second call will be ignored.
01-Aug-2025 13:14:54.526 WARNING [http-nio-8080-exec-60] org.glassfish.jersey.server.ServerRuntime$Responder.process An exception mapping did not successfully produce and processed a response. Logging the exception propagated to the default exception mapper.
MultiException stack 1 of 1
	java.lang.NoSuchMethodException: Could not find a suitable constructor in controlador.DetalleCarritoResource class.
		at org.glassfish.jersey.inject.hk2.JerseyClassAnalyzer.getConstructor(JerseyClassAnalyzer.java:168)
		at org.jvnet.hk2.internal.Utilities.getConstructor(Utilities.java:157)
		at org.jvnet.hk2.internal.Utilities.justCreate(Utilities.java:1043)
		at org.jvnet.hk2.internal.ServiceLocatorImpl.create(ServiceLocatorImpl.java:984)
		at org.jvnet.hk2.internal.ServiceLocatorImpl.createAndInitialize(ServiceLocatorImpl.java:1088)
		at org.jvnet.hk2.internal.ServiceLocatorImpl.createAndInitialize(ServiceLocatorImpl.java:1080)
		at org.glassfish.jersey.inject.hk2.AbstractHk2InjectionManager.createAndInitialize(AbstractHk2InjectionManager.java:199)
		at org.glassfish.jersey.inject.hk2.ImmediateHk2InjectionManager.createAndInitialize(ImmediateHk2InjectionManager.java:30)
		at org.glassfish.jersey.internal.inject.Injections.getOrCreate(Injections.java:123)
		at org.glassfish.jersey.server.model.MethodHandler$ClassBasedMethodHandler.getInstance(MethodHandler.java:260)
		at org.glassfish.jersey.server.internal.routing.PushMethodHandlerRouter.apply(PushMethodHandlerRouter.java:51)
		at org.glassfish.jersey.server.internal.routing.RoutingStage._apply(RoutingStage.java:86)
		at org.glassfish.jersey.server.internal.routing.RoutingStage._apply(RoutingStage.java:89)
		at org.glassfish.jersey.server.internal.routing.RoutingStage._apply(RoutingStage.java:89)
		at org.glassfish.jersey.server.internal.routing.RoutingStage._apply(RoutingStage.java:89)
		at org.glassfish.jersey.server.internal.routing.RoutingStage.apply(RoutingStage.java:69)
		at org.glassfish.jersey.server.internal.routing.RoutingStage.apply(RoutingStage.java:38)
		at org.glassfish.jersey.process.internal.Stages.process(Stages.java:173)
		at org.glassfish.jersey.server.ServerRuntime$1.run(ServerRuntime.java:253)
		at org.glassfish.jersey.internal.Errors$1.call(Errors.java:248)
		at org.glassfish.jersey.internal.Errors$1.call(Errors.java:244)
		at org.glassfish.jersey.internal.Errors.process(Errors.java:292)
		at org.glassfish.jersey.internal.Errors.process(Errors.java:274)
		at org.glassfish.jersey.internal.Errors.process(Errors.java:244)
		at org.glassfish.jersey.process.internal.RequestScope.runInScope(RequestScope.java:265)
		at org.glassfish.jersey.server.ServerRuntime.process(ServerRuntime.java:240)
		at org.glassfish.jersey.server.ApplicationHandler.handle(ApplicationHandler.java:697)
		at org.glassfish.jersey.servlet.WebComponent.serviceImpl(WebComponent.java:394)
		at org.glassfish.jersey.servlet.WebComponent.service(WebComponent.java:346)
		at org.glassfish.jersey.servlet.ServletContainer.service(ServletContainer.java:357)
		at org.glassfish.jersey.servlet.ServletContainer.service(ServletContainer.java:311)
		at org.glassfish.jersey.servlet.ServletContainer.service(ServletContainer.java:205)
		at org.apache.catalina.core.ApplicationFilterChain.doFilter(ApplicationFilterChain.java:130)
		at org.apache.tomcat.websocket.server.WsFilter.doFilter(WsFilter.java:53)
		at org.apache.catalina.core.ApplicationFilterChain.doFilter(ApplicationFilterChain.java:109)
		at org.apache.catalina.core.StandardWrapperValve.invoke(StandardWrapperValve.java:167)
		at org.apache.catalina.core.StandardContextValve.invoke(StandardContextValve.java:79)
		at org.apache.catalina.authenticator.AuthenticatorBase.invoke(AuthenticatorBase.java:483)
		at org.apache.catalina.core.StandardHostValve.invoke(StandardHostValve.java:116)
		at org.apache.catalina.valves.ErrorReportValve.invoke(ErrorReportValve.java:93)
		at org.apache.catalina.valves.AbstractAccessLogValve.invoke(AbstractAccessLogValve.java:666)
		at org.apache.catalina.core.StandardEngineValve.invoke(StandardEngineValve.java:74)
		at org.apache.catalina.connector.CoyoteAdapter.service(CoyoteAdapter.java:343)
		at org.apache.coyote.http11.Http11Processor.service(Http11Processor.java:396)
		at org.apache.coyote.AbstractProcessorLight.process(AbstractProcessorLight.java:63)
		at org.apache.coyote.AbstractProtocol$ConnectionHandler.process(AbstractProtocol.java:903)
		at org.apache.tomcat.util.net.NioEndpoint$SocketProcessor.doRun(NioEndpoint.java:1773)
		at org.apache.tomcat.util.net.SocketProcessorBase.run(SocketProcessorBase.java:52)
		at org.apache.tomcat.util.threads.ThreadPoolExecutor.runWorker(ThreadPoolExecutor.java:1149)
		at org.apache.tomcat.util.threads.ThreadPoolExecutor$Worker.run(ThreadPoolExecutor.java:637)
		at org.apache.tomcat.util.threads.TaskThread$WrappingRunnable.run(TaskThread.java:59)
		at java.base/java.lang.Thread.run(Thread.java:1570)
01-Aug-2025 13:14:54.649 SEVERE [http-nio-8080-exec-60] org.glassfish.jersey.server.ServerRuntime$Responder.writeResponse Error while closing the output stream in order to commit response.
	org.glassfish.jersey.server.ContainerException: java.util.concurrent.ExecutionException: A MultiException has 1 exceptions.  They are:
1. java.lang.NoSuchMethodException: Could not find a suitable constructor in controlador.DetalleCarritoResource class.

		at org.glassfish.jersey.servlet.internal.ResponseWriter.getResponseContext(ResponseWriter.java:278)
		at org.glassfish.jersey.servlet.internal.ResponseWriter.writeResponseStatusAndHeaders(ResponseWriter.java:128)
		at org.glassfish.jersey.server.ServerRuntime$Responder$1.getOutputStream(ServerRuntime.java:667)
		at org.glassfish.jersey.message.internal.CommittingOutputStream.commitStream(CommittingOutputStream.java:171)
		at org.glassfish.jersey.message.internal.CommittingOutputStream.flushBuffer(CommittingOutputStream.java:276)
		at org.glassfish.jersey.message.internal.CommittingOutputStream.commit(CommittingOutputStream.java:232)
		at org.glassfish.jersey.message.internal.CommittingOutputStream.close(CommittingOutputStream.java:247)
		at org.glassfish.jersey.message.internal.OutboundMessageContext.close(OutboundMessageContext.java:865)
		at org.glassfish.jersey.server.ContainerResponse.close(ContainerResponse.java:403)
		at org.glassfish.jersey.server.ServerRuntime$Responder.writeResponse(ServerRuntime.java:749)
		at org.glassfish.jersey.server.ServerRuntime$Responder.processResponse(ServerRuntime.java:385)
		at org.glassfish.jersey.server.ServerRuntime$Responder.processResponseWithDefaultExceptionMapper(ServerRuntime.java:633)
		at org.glassfish.jersey.server.ServerRuntime$Responder.process(ServerRuntime.java:458)
		at org.glassfish.jersey.server.ServerRuntime$1.run(ServerRuntime.java:269)
		at org.glassfish.jersey.internal.Errors$1.call(Errors.java:248)
		at org.glassfish.jersey.internal.Errors$1.call(Errors.java:244)
		at org.glassfish.jersey.internal.Errors.process(Errors.java:292)
		at org.glassfish.jersey.internal.Errors.process(Errors.java:274)
		at org.glassfish.jersey.internal.Errors.process(Errors.java:244)
		at org.glassfish.jersey.process.internal.RequestScope.runInScope(RequestScope.java:265)
		at org.glassfish.jersey.server.ServerRuntime.process(ServerRuntime.java:240)
		at org.glassfish.jersey.server.ApplicationHandler.handle(ApplicationHandler.java:697)
		at org.glassfish.jersey.servlet.WebComponent.serviceImpl(WebComponent.java:394)
		at org.glassfish.jersey.servlet.WebComponent.service(WebComponent.java:346)
		at org.glassfish.jersey.servlet.ServletContainer.service(ServletContainer.java:357)
		at org.glassfish.jersey.servlet.ServletContainer.service(ServletContainer.java:311)
		at org.glassfish.jersey.servlet.ServletContainer.service(ServletContainer.java:205)
		at org.apache.catalina.core.ApplicationFilterChain.doFilter(ApplicationFilterChain.java:130)
		at org.apache.tomcat.websocket.server.WsFilter.doFilter(WsFilter.java:53)
		at org.apache.catalina.core.ApplicationFilterChain.doFilter(ApplicationFilterChain.java:109)
		at org.apache.catalina.core.StandardWrapperValve.invoke(StandardWrapperValve.java:167)
		at org.apache.catalina.core.StandardContextValve.invoke(StandardContextValve.java:79)
		at org.apache.catalina.authenticator.AuthenticatorBase.invoke(AuthenticatorBase.java:483)
		at org.apache.catalina.core.StandardHostValve.invoke(StandardHostValve.java:116)
		at org.apache.catalina.valves.ErrorReportValve.invoke(ErrorReportValve.java:93)
		at org.apache.catalina.valves.AbstractAccessLogValve.invoke(AbstractAccessLogValve.java:666)
		at org.apache.catalina.core.StandardEngineValve.invoke(StandardEngineValve.java:74)
		at org.apache.catalina.connector.CoyoteAdapter.service(CoyoteAdapter.java:343)
		at org.apache.coyote.http11.Http11Processor.service(Http11Processor.java:396)
		at org.apache.coyote.AbstractProcessorLight.process(AbstractProcessorLight.java:63)
		at org.apache.coyote.AbstractProtocol$ConnectionHandler.process(AbstractProtocol.java:903)
		at org.apache.tomcat.util.net.NioEndpoint$SocketProcessor.doRun(NioEndpoint.java:1773)
		at org.apache.tomcat.util.net.SocketProcessorBase.run(SocketProcessorBase.java:52)
		at org.apache.tomcat.util.threads.ThreadPoolExecutor.runWorker(ThreadPoolExecutor.java:1149)
		at org.apache.tomcat.util.threads.ThreadPoolExecutor$Worker.run(ThreadPoolExecutor.java:637)
		at org.apache.tomcat.util.threads.TaskThread$WrappingRunnable.run(TaskThread.java:59)
		at java.base/java.lang.Thread.run(Thread.java:1570)
	Caused by: java.util.concurrent.ExecutionException: A MultiException has 1 exceptions.  They are:
1. java.lang.NoSuchMethodException: Could not find a suitable constructor in controlador.DetalleCarritoResource class.

		at java.base/java.util.concurrent.CompletableFuture.reportGet(CompletableFuture.java:396)
		at java.base/java.util.concurrent.CompletableFuture.get(CompletableFuture.java:2073)
		at org.glassfish.jersey.servlet.internal.ResponseWriter.getResponseContext(ResponseWriter.java:276)
		... 46 more
	Caused by: A MultiException has 1 exceptions.  They are:
1. java.lang.NoSuchMethodException: Could not find a suitable constructor in controlador.DetalleCarritoResource class.

		at org.jvnet.hk2.internal.Collector.throwIfErrors(Collector.java:65)
		at org.jvnet.hk2.internal.Utilities.justCreate(Utilities.java:1045)
		at org.jvnet.hk2.internal.ServiceLocatorImpl.create(ServiceLocatorImpl.java:984)
		at org.jvnet.hk2.internal.ServiceLocatorImpl.createAndInitialize(ServiceLocatorImpl.java:1088)
		at org.jvnet.hk2.internal.ServiceLocatorImpl.createAndInitialize(ServiceLocatorImpl.java:1080)
		at org.glassfish.jersey.inject.hk2.AbstractHk2InjectionManager.createAndInitialize(AbstractHk2InjectionManager.java:199)
		at org.glassfish.jersey.inject.hk2.ImmediateHk2InjectionManager.createAndInitialize(ImmediateHk2InjectionManager.java:30)
		at org.glassfish.jersey.internal.inject.Injections.getOrCreate(Injections.java:123)
		at org.glassfish.jersey.server.model.MethodHandler$ClassBasedMethodHandler.getInstance(MethodHandler.java:260)
		at org.glassfish.jersey.server.internal.routing.PushMethodHandlerRouter.apply(PushMethodHandlerRouter.java:51)
		at org.glassfish.jersey.server.internal.routing.RoutingStage._apply(RoutingStage.java:86)
		at org.glassfish.jersey.server.internal.routing.RoutingStage._apply(RoutingStage.java:89)
		at org.glassfish.jersey.server.internal.routing.RoutingStage._apply(RoutingStage.java:89)
		at org.glassfish.jersey.server.internal.routing.RoutingStage._apply(RoutingStage.java:89)
		at org.glassfish.jersey.server.internal.routing.RoutingStage.apply(RoutingStage.java:69)
		at org.glassfish.jersey.server.internal.routing.RoutingStage.apply(RoutingStage.java:38)
		at org.glassfish.jersey.process.internal.Stages.process(Stages.java:173)
		at org.glassfish.jersey.server.ServerRuntime$1.run(ServerRuntime.java:253)
		... 33 more
	Caused by: java.lang.NoSuchMethodException: Could not find a suitable constructor in controlador.DetalleCarritoResource class.
		at org.glassfish.jersey.inject.hk2.JerseyClassAnalyzer.getConstructor(JerseyClassAnalyzer.java:168)
		at org.jvnet.hk2.internal.Utilities.getConstructor(Utilities.java:157)
		at org.jvnet.hk2.internal.Utilities.justCreate(Utilities.java:1043)
		... 49 more
01-Aug-2025 13:14:54.710 WARNING [http-nio-8080-exec-60] org.glassfish.jersey.internal.Errors.logErrors The following warnings have been detected: WARNING: HK2 service reification failed for [controlador.DetalleCarritoResource] with an exception:
MultiException stack 1 of 2
java.lang.NoSuchMethodException: Could not find a suitable constructor in controlador.DetalleCarritoResource class.
	at org.glassfish.jersey.inject.hk2.JerseyClassAnalyzer.getConstructor(JerseyClassAnalyzer.java:168)
	at org.jvnet.hk2.internal.Utilities.getConstructor(Utilities.java:157)
	at org.jvnet.hk2.internal.ClazzCreator.initialize(ClazzCreator.java:106)
	at org.jvnet.hk2.internal.ClazzCreator.initialize(ClazzCreator.java:165)
	at org.jvnet.hk2.internal.SystemDescriptor.internalReify(SystemDescriptor.java:719)
	at org.jvnet.hk2.internal.SystemDescriptor.reify(SystemDescriptor.java:673)
	at org.jvnet.hk2.internal.ServiceLocatorImpl.reifyDescriptor(ServiceLocatorImpl.java:438)
	at org.jvnet.hk2.internal.ServiceLocatorImpl.narrow(ServiceLocatorImpl.java:2316)
	at org.jvnet.hk2.internal.ServiceLocatorImpl.igdCacheCompute(ServiceLocatorImpl.java:1192)
	at org.jvnet.hk2.internal.ServiceLocatorImpl$8.compute(ServiceLocatorImpl.java:1186)
	at org.jvnet.hk2.internal.ServiceLocatorImpl$8.compute(ServiceLocatorImpl.java:1183)
	at org.glassfish.hk2.utilities.cache.internal.WeakCARCacheImpl.compute(WeakCARCacheImpl.java:105)
	at org.jvnet.hk2.internal.ServiceLocatorImpl.internalGetDescriptor(ServiceLocatorImpl.java:1266)
	at org.jvnet.hk2.internal.ServiceLocatorImpl.internalGetService(ServiceLocatorImpl.java:765)
	at org.jvnet.hk2.internal.ServiceLocatorImpl.internalGetService(ServiceLocatorImpl.java:732)
	at org.jvnet.hk2.internal.ServiceLocatorImpl.getService(ServiceLocatorImpl.java:702)
	at org.glassfish.jersey.inject.hk2.AbstractHk2InjectionManager.getInstance(AbstractHk2InjectionManager.java:160)
	at org.glassfish.jersey.inject.hk2.ImmediateHk2InjectionManager.getInstance(ImmediateHk2InjectionManager.java:30)
	at org.glassfish.jersey.internal.inject.Injections.getOrCreate(Injections.java:122)
	at org.glassfish.jersey.server.model.MethodHandler$ClassBasedMethodHandler.getInstance(MethodHandler.java:260)
	at org.glassfish.jersey.server.internal.routing.PushMethodHandlerRouter.apply(PushMethodHandlerRouter.java:51)
	at org.glassfish.jersey.server.internal.routing.RoutingStage._apply(RoutingStage.java:86)
	at org.glassfish.jersey.server.internal.routing.RoutingStage._apply(RoutingStage.java:89)
	at org.glassfish.jersey.server.internal.routing.RoutingStage._apply(RoutingStage.java:89)
	at org.glassfish.jersey.server.internal.routing.RoutingStage._apply(RoutingStage.java:89)
	at org.glassfish.jersey.server.internal.routing.RoutingStage.apply(RoutingStage.java:69)
	at org.glassfish.jersey.server.internal.routing.RoutingStage.apply(RoutingStage.java:38)
	at org.glassfish.jersey.process.internal.Stages.process(Stages.java:173)
	at org.glassfish.jersey.server.ServerRuntime$1.run(ServerRuntime.java:253)
	at org.glassfish.jersey.internal.Errors$1.call(Errors.java:248)
	at org.glassfish.jersey.internal.Errors$1.call(Errors.java:244)
	at org.glassfish.jersey.internal.Errors.process(Errors.java:292)
	at org.glassfish.jersey.internal.Errors.process(Errors.java:274)
	at org.glassfish.jersey.internal.Errors.process(Errors.java:244)
	at org.glassfish.jersey.process.internal.RequestScope.runInScope(RequestScope.java:265)
	at org.glassfish.jersey.server.ServerRuntime.process(ServerRuntime.java:240)
	at org.glassfish.jersey.server.ApplicationHandler.handle(ApplicationHandler.java:697)
	at org.glassfish.jersey.servlet.WebComponent.serviceImpl(WebComponent.java:394)
	at org.glassfish.jersey.servlet.WebComponent.service(WebComponent.java:346)
	at org.glassfish.jersey.servlet.ServletContainer.service(ServletContainer.java:357)
	at org.glassfish.jersey.servlet.ServletContainer.service(ServletContainer.java:311)
	at org.glassfish.jersey.servlet.ServletContainer.service(ServletContainer.java:205)
	at org.apache.catalina.core.ApplicationFilterChain.doFilter(ApplicationFilterChain.java:130)
	at org.apache.tomcat.websocket.server.WsFilter.doFilter(WsFilter.java:53)
	at org.apache.catalina.core.ApplicationFilterChain.doFilter(ApplicationFilterChain.java:109)
	at org.apache.catalina.core.StandardWrapperValve.invoke(StandardWrapperValve.java:167)
	at org.apache.catalina.core.StandardContextValve.invoke(StandardContextValve.java:79)
	at org.apache.catalina.authenticator.AuthenticatorBase.invoke(AuthenticatorBase.java:483)
	at org.apache.catalina.core.StandardHostValve.invoke(StandardHostValve.java:116)
	at org.apache.catalina.valves.ErrorReportValve.invoke(ErrorReportValve.java:93)
	at org.apache.catalina.valves.AbstractAccessLogValve.invoke(AbstractAccessLogValve.java:666)
	at org.apache.catalina.core.StandardEngineValve.invoke(StandardEngineValve.java:74)
	at org.apache.catalina.connector.CoyoteAdapter.service(CoyoteAdapter.java:343)
	at org.apache.coyote.http11.Http11Processor.service(Http11Processor.java:396)
	at org.apache.coyote.AbstractProcessorLight.process(AbstractProcessorLight.java:63)
	at org.apache.coyote.AbstractProtocol$ConnectionHandler.process(AbstractProtocol.java:903)
	at org.apache.tomcat.util.net.NioEndpoint$SocketProcessor.doRun(NioEndpoint.java:1773)
	at org.apache.tomcat.util.net.SocketProcessorBase.run(SocketProcessorBase.java:52)
	at org.apache.tomcat.util.threads.ThreadPoolExecutor.runWorker(ThreadPoolExecutor.java:1149)
	at org.apache.tomcat.util.threads.ThreadPoolExecutor$Worker.run(ThreadPoolExecutor.java:637)
	at org.apache.tomcat.util.threads.TaskThread$WrappingRunnable.run(TaskThread.java:59)
	at java.base/java.lang.Thread.run(Thread.java:1570)
MultiException stack 2 of 2
java.lang.IllegalArgumentException: Errors were discovered while reifying SystemDescriptor(
	implementation=controlador.DetalleCarritoResource
	contracts={controlador.DetalleCarritoResource}
	scope=org.glassfish.jersey.process.internal.RequestScoped
	qualifiers={}
	descriptorType=CLASS
	descriptorVisibility=NORMAL
	metadata=
	rank=0
	loader=null
	proxiable=null
	proxyForSameScope=null
	analysisName=null
	id=191
	locatorId=0
	identityHashCode=2008933917
	reified=false)
	at org.jvnet.hk2.internal.SystemDescriptor.reify(SystemDescriptor.java:684)
	at org.jvnet.hk2.internal.ServiceLocatorImpl.reifyDescriptor(ServiceLocatorImpl.java:438)
	at org.jvnet.hk2.internal.ServiceLocatorImpl.narrow(ServiceLocatorImpl.java:2316)
	at org.jvnet.hk2.internal.ServiceLocatorImpl.igdCacheCompute(ServiceLocatorImpl.java:1192)
	at org.jvnet.hk2.internal.ServiceLocatorImpl$8.compute(ServiceLocatorImpl.java:1186)
	at org.jvnet.hk2.internal.ServiceLocatorImpl$8.compute(ServiceLocatorImpl.java:1183)
	at org.glassfish.hk2.utilities.cache.internal.WeakCARCacheImpl.compute(WeakCARCacheImpl.java:105)
	at org.jvnet.hk2.internal.ServiceLocatorImpl.internalGetDescriptor(ServiceLocatorImpl.java:1266)
	at org.jvnet.hk2.internal.ServiceLocatorImpl.internalGetService(ServiceLocatorImpl.java:765)
	at org.jvnet.hk2.internal.ServiceLocatorImpl.internalGetService(ServiceLocatorImpl.java:732)
	at org.jvnet.hk2.internal.ServiceLocatorImpl.getService(ServiceLocatorImpl.java:702)
	at org.glassfish.jersey.inject.hk2.AbstractHk2InjectionManager.getInstance(AbstractHk2InjectionManager.java:160)
	at org.glassfish.jersey.inject.hk2.ImmediateHk2InjectionManager.getInstance(ImmediateHk2InjectionManager.java:30)
	at org.glassfish.jersey.internal.inject.Injections.getOrCreate(Injections.java:122)
	at org.glassfish.jersey.server.model.MethodHandler$ClassBasedMethodHandler.getInstance(MethodHandler.java:260)
	at org.glassfish.jersey.server.internal.routing.PushMethodHandlerRouter.apply(PushMethodHandlerRouter.java:51)
	at org.glassfish.jersey.server.internal.routing.RoutingStage._apply(RoutingStage.java:86)
	at org.glassfish.jersey.server.internal.routing.RoutingStage._apply(RoutingStage.java:89)
	at org.glassfish.jersey.server.internal.routing.RoutingStage._apply(RoutingStage.java:89)
	at org.glassfish.jersey.server.internal.routing.RoutingStage._apply(RoutingStage.java:89)
	at org.glassfish.jersey.server.internal.routing.RoutingStage.apply(RoutingStage.java:69)
	at org.glassfish.jersey.server.internal.routing.RoutingStage.apply(RoutingStage.java:38)
	at org.glassfish.jersey.process.internal.Stages.process(Stages.java:173)
	at org.glassfish.jersey.server.ServerRuntime$1.run(ServerRuntime.java:253)
	at org.glassfish.jersey.internal.Errors$1.call(Errors.java:248)
	at org.glassfish.jersey.internal.Errors$1.call(Errors.java:244)
	at org.glassfish.jersey.internal.Errors.process(Errors.java:292)
	at org.glassfish.jersey.internal.Errors.process(Errors.java:274)
	at org.glassfish.jersey.internal.Errors.process(Errors.java:244)
	at org.glassfish.jersey.process.internal.RequestScope.runInScope(RequestScope.java:265)
	at org.glassfish.jersey.server.ServerRuntime.process(ServerRuntime.java:240)
	at org.glassfish.jersey.server.ApplicationHandler.handle(ApplicationHandler.java:697)
	at org.glassfish.jersey.servlet.WebComponent.serviceImpl(WebComponent.java:394)
	at org.glassfish.jersey.servlet.WebComponent.service(WebComponent.java:346)
	at org.glassfish.jersey.servlet.ServletContainer.service(ServletContainer.java:357)
	at org.glassfish.jersey.servlet.ServletContainer.service(ServletContainer.java:311)
	at org.glassfish.jersey.servlet.ServletContainer.service(ServletContainer.java:205)
	at org.apache.catalina.core.ApplicationFilterChain.doFilter(ApplicationFilterChain.java:130)
	at org.apache.tomcat.websocket.server.WsFilter.doFilter(WsFilter.java:53)
	at org.apache.catalina.core.ApplicationFilterChain.doFilter(ApplicationFilterChain.java:109)
	at org.apache.catalina.core.StandardWrapperValve.invoke(StandardWrapperValve.java:167)
	at org.apache.catalina.core.StandardContextValve.invoke(StandardContextValve.java:79)
	at org.apache.catalina.authenticator.AuthenticatorBase.invoke(AuthenticatorBase.java:483)
	at org.apache.catalina.core.StandardHostValve.invoke(StandardHostValve.java:116)
	at org.apache.catalina.valves.ErrorReportValve.invoke(ErrorReportValve.java:93)
	at org.apache.catalina.valves.AbstractAccessLogValve.invoke(AbstractAccessLogValve.java:666)
	at org.apache.catalina.core.StandardEngineValve.invoke(StandardEngineValve.java:74)
	at org.apache.catalina.connector.CoyoteAdapter.service(CoyoteAdapter.java:343)
	at org.apache.coyote.http11.Http11Processor.service(Http11Processor.java:396)
	at org.apache.coyote.AbstractProcessorLight.process(AbstractProcessorLight.java:63)
	at org.apache.coyote.AbstractProtocol$ConnectionHandler.process(AbstractProtocol.java:903)
	at org.apache.tomcat.util.net.NioEndpoint$SocketProcessor.doRun(NioEndpoint.java:1773)
	at org.apache.tomcat.util.net.SocketProcessorBase.run(SocketProcessorBase.java:52)
	at org.apache.tomcat.util.threads.ThreadPoolExecutor.runWorker(ThreadPoolExecutor.java:1149)
	at org.apache.tomcat.util.threads.ThreadPoolExecutor$Worker.run(ThreadPoolExecutor.java:637)
	at org.apache.tomcat.util.threads.TaskThread$WrappingRunnable.run(TaskThread.java:59)
	at java.base/java.lang.Thread.run(Thread.java:1570)

WARNING: HK2 service reification failed for [controlador.DetalleCarritoResource] with an exception:
MultiException stack 1 of 2
java.lang.NoSuchMethodException: Could not find a suitable constructor in controlador.DetalleCarritoResource class.
	at org.glassfish.jersey.inject.hk2.JerseyClassAnalyzer.getConstructor(JerseyClassAnalyzer.java:168)
	at org.jvnet.hk2.internal.Utilities.getConstructor(Utilities.java:157)
	at org.jvnet.hk2.internal.ClazzCreator.initialize(ClazzCreator.java:106)
	at org.jvnet.hk2.internal.ClazzCreator.initialize(ClazzCreator.java:165)
	at org.jvnet.hk2.internal.SystemDescriptor.internalReify(SystemDescriptor.java:719)
	at org.jvnet.hk2.internal.SystemDescriptor.reify(SystemDescriptor.java:673)
	at org.jvnet.hk2.internal.ServiceLocatorImpl.reifyDescriptor(ServiceLocatorImpl.java:438)
	at org.jvnet.hk2.internal.ServiceLocatorImpl.narrow(ServiceLocatorImpl.java:2316)
	at org.jvnet.hk2.internal.ServiceLocatorImpl.igdCacheCompute(ServiceLocatorImpl.java:1192)
	at org.jvnet.hk2.internal.ServiceLocatorImpl$8.compute(ServiceLocatorImpl.java:1186)
	at org.jvnet.hk2.internal.ServiceLocatorImpl$8.compute(ServiceLocatorImpl.java:1183)
	at org.glassfish.hk2.utilities.cache.internal.WeakCARCacheImpl.compute(WeakCARCacheImpl.java:105)
	at org.jvnet.hk2.internal.ServiceLocatorImpl.internalGetDescriptor(ServiceLocatorImpl.java:1266)
	at org.jvnet.hk2.internal.ServiceLocatorImpl.internalGetService(ServiceLocatorImpl.java:765)
	at org.jvnet.hk2.internal.ServiceLocatorImpl.internalGetService(ServiceLocatorImpl.java:732)
	at org.jvnet.hk2.internal.ServiceLocatorImpl.getService(ServiceLocatorImpl.java:702)
	at org.glassfish.jersey.inject.hk2.AbstractHk2InjectionManager.getInstance(AbstractHk2InjectionManager.java:160)
	at org.glassfish.jersey.inject.hk2.ImmediateHk2InjectionManager.getInstance(ImmediateHk2InjectionManager.java:30)
	at org.glassfish.jersey.internal.inject.Injections.getOrCreate(Injections.java:122)
	at org.glassfish.jersey.server.model.MethodHandler$ClassBasedMethodHandler.getInstance(MethodHandler.java:260)
	at org.glassfish.jersey.server.internal.routing.PushMethodHandlerRouter.apply(PushMethodHandlerRouter.java:51)
	at org.glassfish.jersey.server.internal.routing.RoutingStage._apply(RoutingStage.java:86)
	at org.glassfish.jersey.server.internal.routing.RoutingStage._apply(RoutingStage.java:89)
	at org.glassfish.jersey.server.internal.routing.RoutingStage._apply(RoutingStage.java:89)
	at org.glassfish.jersey.server.internal.routing.RoutingStage._apply(RoutingStage.java:89)
	at org.glassfish.jersey.server.internal.routing.RoutingStage.apply(RoutingStage.java:69)
	at org.glassfish.jersey.server.internal.routing.RoutingStage.apply(RoutingStage.java:38)
	at org.glassfish.jersey.process.internal.Stages.process(Stages.java:173)
	at org.glassfish.jersey.server.ServerRuntime$1.run(ServerRuntime.java:253)
	at org.glassfish.jersey.internal.Errors$1.call(Errors.java:248)
	at org.glassfish.jersey.internal.Errors$1.call(Errors.java:244)
	at org.glassfish.jersey.internal.Errors.process(Errors.java:292)
	at org.glassfish.jersey.internal.Errors.process(Errors.java:274)
	at org.glassfish.jersey.internal.Errors.process(Errors.java:244)
	at org.glassfish.jersey.process.internal.RequestScope.runInScope(RequestScope.java:265)
	at org.glassfish.jersey.server.ServerRuntime.process(ServerRuntime.java:240)
	at org.glassfish.jersey.server.ApplicationHandler.handle(ApplicationHandler.java:697)
	at org.glassfish.jersey.servlet.WebComponent.serviceImpl(WebComponent.java:394)
	at org.glassfish.jersey.servlet.WebComponent.service(WebComponent.java:346)
	at org.glassfish.jersey.servlet.ServletContainer.service(ServletContainer.java:357)
	at org.glassfish.jersey.servlet.ServletContainer.service(ServletContainer.java:311)
	at org.glassfish.jersey.servlet.ServletContainer.service(ServletContainer.java:205)
	at org.apache.catalina.core.ApplicationFilterChain.doFilter(ApplicationFilterChain.java:130)
	at org.apache.tomcat.websocket.server.WsFilter.doFilter(WsFilter.java:53)
	at org.apache.catalina.core.ApplicationFilterChain.doFilter(ApplicationFilterChain.java:109)
	at org.apache.catalina.core.StandardWrapperValve.invoke(StandardWrapperValve.java:167)
	at org.apache.catalina.core.StandardContextValve.invoke(StandardContextValve.java:79)
	at org.apache.catalina.authenticator.AuthenticatorBase.invoke(AuthenticatorBase.java:483)
	at org.apache.catalina.core.StandardHostValve.invoke(StandardHostValve.java:116)
	at org.apache.catalina.valves.ErrorReportValve.invoke(ErrorReportValve.java:93)
	at org.apache.catalina.valves.AbstractAccessLogValve.invoke(AbstractAccessLogValve.java:666)
	at org.apache.catalina.core.StandardEngineValve.invoke(StandardEngineValve.java:74)
	at org.apache.catalina.connector.CoyoteAdapter.service(CoyoteAdapter.java:343)
	at org.apache.coyote.http11.Http11Processor.service(Http11Processor.java:396)
	at org.apache.coyote.AbstractProcessorLight.process(AbstractProcessorLight.java:63)
	at org.apache.coyote.AbstractProtocol$ConnectionHandler.process(AbstractProtocol.java:903)
	at org.apache.tomcat.util.net.NioEndpoint$SocketProcessor.doRun(NioEndpoint.java:1773)
	at org.apache.tomcat.util.net.SocketProcessorBase.run(SocketProcessorBase.java:52)
	at org.apache.tomcat.util.threads.ThreadPoolExecutor.runWorker(ThreadPoolExecutor.java:1149)
	at org.apache.tomcat.util.threads.ThreadPoolExecutor$Worker.run(ThreadPoolExecutor.java:637)
	at org.apache.tomcat.util.threads.TaskThread$WrappingRunnable.run(TaskThread.java:59)
	at java.base/java.lang.Thread.run(Thread.java:1570)
MultiException stack 2 of 2
java.lang.IllegalArgumentException: Errors were discovered while reifying SystemDescriptor(
	implementation=controlador.DetalleCarritoResource
	contracts={controlador.DetalleCarritoResource}
	scope=org.glassfish.jersey.process.internal.RequestScoped
	qualifiers={}
	descriptorType=CLASS
	descriptorVisibility=NORMAL
	metadata=
	rank=0
	loader=null
	proxiable=null
	proxyForSameScope=null
	analysisName=null
	id=191
	locatorId=0
	identityHashCode=2008933917
	reified=false)
	at org.jvnet.hk2.internal.SystemDescriptor.reify(SystemDescriptor.java:684)
	at org.jvnet.hk2.internal.ServiceLocatorImpl.reifyDescriptor(ServiceLocatorImpl.java:438)
	at org.jvnet.hk2.internal.ServiceLocatorImpl.narrow(ServiceLocatorImpl.java:2316)
	at org.jvnet.hk2.internal.ServiceLocatorImpl.igdCacheCompute(ServiceLocatorImpl.java:1192)
	at org.jvnet.hk2.internal.ServiceLocatorImpl$8.compute(ServiceLocatorImpl.java:1186)
	at org.jvnet.hk2.internal.ServiceLocatorImpl$8.compute(ServiceLocatorImpl.java:1183)
	at org.glassfish.hk2.utilities.cache.internal.WeakCARCacheImpl.compute(WeakCARCacheImpl.java:105)
	at org.jvnet.hk2.internal.ServiceLocatorImpl.internalGetDescriptor(ServiceLocatorImpl.java:1266)
	at org.jvnet.hk2.internal.ServiceLocatorImpl.internalGetService(ServiceLocatorImpl.java:765)
	at org.jvnet.hk2.internal.ServiceLocatorImpl.internalGetService(ServiceLocatorImpl.java:732)
	at org.jvnet.hk2.internal.ServiceLocatorImpl.getService(ServiceLocatorImpl.java:702)
	at org.glassfish.jersey.inject.hk2.AbstractHk2InjectionManager.getInstance(AbstractHk2InjectionManager.java:160)
	at org.glassfish.jersey.inject.hk2.ImmediateHk2InjectionManager.getInstance(ImmediateHk2InjectionManager.java:30)
	at org.glassfish.jersey.internal.inject.Injections.getOrCreate(Injections.java:122)
	at org.glassfish.jersey.server.model.MethodHandler$ClassBasedMethodHandler.getInstance(MethodHandler.java:260)
	at org.glassfish.jersey.server.internal.routing.PushMethodHandlerRouter.apply(PushMethodHandlerRouter.java:51)
	at org.glassfish.jersey.server.internal.routing.RoutingStage._apply(RoutingStage.java:86)
	at org.glassfish.jersey.server.internal.routing.RoutingStage._apply(RoutingStage.java:89)
	at org.glassfish.jersey.server.internal.routing.RoutingStage._apply(RoutingStage.java:89)
	at org.glassfish.jersey.server.internal.routing.RoutingStage._apply(RoutingStage.java:89)
	at org.glassfish.jersey.server.internal.routing.RoutingStage.apply(RoutingStage.java:69)
	at org.glassfish.jersey.server.internal.routing.RoutingStage.apply(RoutingStage.java:38)
	at org.glassfish.jersey.process.internal.Stages.process(Stages.java:173)
	at org.glassfish.jersey.server.ServerRuntime$1.run(ServerRuntime.java:253)
	at org.glassfish.jersey.internal.Errors$1.call(Errors.java:248)
	at org.glassfish.jersey.internal.Errors$1.call(Errors.java:244)
	at org.glassfish.jersey.internal.Errors.process(Errors.java:292)
	at org.glassfish.jersey.internal.Errors.process(Errors.java:274)
	at org.glassfish.jersey.internal.Errors.process(Errors.java:244)
	at org.glassfish.jersey.process.internal.RequestScope.runInScope(RequestScope.java:265)
	at org.glassfish.jersey.server.ServerRuntime.process(ServerRuntime.java:240)
	at org.glassfish.jersey.server.ApplicationHandler.handle(ApplicationHandler.java:697)
	at org.glassfish.jersey.servlet.WebComponent.serviceImpl(WebComponent.java:394)
	at org.glassfish.jersey.servlet.WebComponent.service(WebComponent.java:346)
	at org.glassfish.jersey.servlet.ServletContainer.service(ServletContainer.java:357)
	at org.glassfish.jersey.servlet.ServletContainer.service(ServletContainer.java:311)
	at org.glassfish.jersey.servlet.ServletContainer.service(ServletContainer.java:205)
	at org.apache.catalina.core.ApplicationFilterChain.doFilter(ApplicationFilterChain.java:130)
	at org.apache.tomcat.websocket.server.WsFilter.doFilter(WsFilter.java:53)
	at org.apache.catalina.core.ApplicationFilterChain.doFilter(ApplicationFilterChain.java:109)
	at org.apache.catalina.core.StandardWrapperValve.invoke(StandardWrapperValve.java:167)
	at org.apache.catalina.core.StandardContextValve.invoke(StandardContextValve.java:79)
	at org.apache.catalina.authenticator.AuthenticatorBase.invoke(AuthenticatorBase.java:483)
	at org.apache.catalina.core.StandardHostValve.invoke(StandardHostValve.java:116)
	at org.apache.catalina.valves.ErrorReportValve.invoke(ErrorReportValve.java:93)
	at org.apache.catalina.valves.AbstractAccessLogValve.invoke(AbstractAccessLogValve.java:666)
	at org.apache.catalina.core.StandardEngineValve.invoke(StandardEngineValve.java:74)
	at org.apache.catalina.connector.CoyoteAdapter.service(CoyoteAdapter.java:343)
	at org.apache.coyote.http11.Http11Processor.service(Http11Processor.java:396)
	at org.apache.coyote.AbstractProcessorLight.process(AbstractProcessorLight.java:63)
	at org.apache.coyote.AbstractProtocol$ConnectionHandler.process(AbstractProtocol.java:903)
	at org.apache.tomcat.util.net.NioEndpoint$SocketProcessor.doRun(NioEndpoint.java:1773)
	at org.apache.tomcat.util.net.SocketProcessorBase.run(SocketProcessorBase.java:52)
	at org.apache.tomcat.util.threads.ThreadPoolExecutor.runWorker(ThreadPoolExecutor.java:1149)
	at org.apache.tomcat.util.threads.ThreadPoolExecutor$Worker.run(ThreadPoolExecutor.java:637)
	at org.apache.tomcat.util.threads.TaskThread$WrappingRunnable.run(TaskThread.java:59)
	at java.base/java.lang.Thread.run(Thread.java:1570)


01-Aug-2025 13:15:33.575 INFO [main] org.apache.catalina.core.StandardServer.await Se ha recibido un comando de apagado a través del puerto de apagado. Parando la instancia del Servidor.
01-Aug-2025 13:15:33.575 INFO [main] org.apache.coyote.AbstractProtocol.pause Pausing ProtocolHandler ["http-nio-8080"]
01-Aug-2025 13:15:33.584 INFO [main] org.apache.catalina.core.StandardService.stopInternal Parando servicio [Catalina]
01-Aug-2025 13:15:33.598 INFO [main] org.apache.coyote.AbstractProtocol.stop Stopping ProtocolHandler ["http-nio-8080"]
01-Aug-2025 13:15:33.610 INFO [main] org.apache.coyote.AbstractProtocol.destroy Destroying ProtocolHandler ["http-nio-8080"]
01-Aug-2025 13:15:36.775 INFO [main] org.apache.catalina.startup.VersionLoggerListener.log Nombre de la versión del servidor: Apache Tomcat/11.0.8
01-Aug-2025 13:15:36.777 INFO [main] org.apache.catalina.startup.VersionLoggerListener.log Server built:                      Jun 5 2025 17:49:55 UTC
01-Aug-2025 13:15:36.777 INFO [main] org.apache.catalina.startup.VersionLoggerListener.log Número de versión de servidor:     11.0.8.0
01-Aug-2025 13:15:36.778 INFO [main] org.apache.catalina.startup.VersionLoggerListener.log OS Name:                           Windows 10
01-Aug-2025 13:15:36.778 INFO [main] org.apache.catalina.startup.VersionLoggerListener.log Versión de Systema Operativo:      10.0
01-Aug-2025 13:15:36.778 INFO [main] org.apache.catalina.startup.VersionLoggerListener.log Arquitectura:                      amd64
01-Aug-2025 13:15:36.778 INFO [main] org.apache.catalina.startup.VersionLoggerListener.log Java Home:                         C:\Program Files\Java\jdk-22
01-Aug-2025 13:15:36.778 INFO [main] org.apache.catalina.startup.VersionLoggerListener.log JVM Version:                       22.0.2+9-70
01-Aug-2025 13:15:36.778 INFO [main] org.apache.catalina.startup.VersionLoggerListener.log Vededor JVM:                       Oracle Corporation
01-Aug-2025 13:15:36.778 INFO [main] org.apache.catalina.startup.VersionLoggerListener.log CATALINA_BASE:                     C:\Users\Administrador\Documents\proyecto_final_helder_java-js\apache-tomcat-11.0.8-windows-x64\apache-tomcat-11.0.8
01-Aug-2025 13:15:36.778 INFO [main] org.apache.catalina.startup.VersionLoggerListener.log CATALINA_HOME:                     C:\Users\Administrador\Documents\proyecto_final_helder_java-js\apache-tomcat-11.0.8-windows-x64\apache-tomcat-11.0.8
01-Aug-2025 13:15:36.785 INFO [main] org.apache.catalina.startup.VersionLoggerListener.log Command line argument:             -Djava.util.logging.config.file=C:\Users\Administrador\Documents\proyecto_final_helder_java-js\apache-tomcat-11.0.8-windows-x64\apache-tomcat-11.0.8\conf\logging.properties
01-Aug-2025 13:15:36.785 INFO [main] org.apache.catalina.startup.VersionLoggerListener.log Command line argument:             -Djava.util.logging.manager=org.apache.juli.ClassLoaderLogManager
01-Aug-2025 13:15:36.785 INFO [main] org.apache.catalina.startup.VersionLoggerListener.log Command line argument:             -Djdk.tls.ephemeralDHKeySize=2048
01-Aug-2025 13:15:36.785 INFO [main] org.apache.catalina.startup.VersionLoggerListener.log Command line argument:             --add-opens=java.base/java.lang=ALL-UNNAMED
01-Aug-2025 13:15:36.785 INFO [main] org.apache.catalina.startup.VersionLoggerListener.log Command line argument:             --add-opens=java.base/java.lang.reflect=ALL-UNNAMED
01-Aug-2025 13:15:36.786 INFO [main] org.apache.catalina.startup.VersionLoggerListener.log Command line argument:             --add-opens=java.base/java.io=ALL-UNNAMED
01-Aug-2025 13:15:36.786 INFO [main] org.apache.catalina.startup.VersionLoggerListener.log Command line argument:             --add-opens=java.base/java.util=ALL-UNNAMED
01-Aug-2025 13:15:36.786 INFO [main] org.apache.catalina.startup.VersionLoggerListener.log Command line argument:             --add-opens=java.base/java.util.concurrent=ALL-UNNAMED
01-Aug-2025 13:15:36.786 INFO [main] org.apache.catalina.startup.VersionLoggerListener.log Command line argument:             --add-opens=java.rmi/sun.rmi.transport=ALL-UNNAMED
01-Aug-2025 13:15:36.786 INFO [main] org.apache.catalina.startup.VersionLoggerListener.log Command line argument:             --enable-native-access=ALL-UNNAMED
01-Aug-2025 13:15:36.786 INFO [main] org.apache.catalina.startup.VersionLoggerListener.log Command line argument:             -Dcatalina.base=C:\Users\Administrador\Documents\proyecto_final_helder_java-js\apache-tomcat-11.0.8-windows-x64\apache-tomcat-11.0.8
01-Aug-2025 13:15:36.786 INFO [main] org.apache.catalina.startup.VersionLoggerListener.log Command line argument:             -Dcatalina.home=C:\Users\Administrador\Documents\proyecto_final_helder_java-js\apache-tomcat-11.0.8-windows-x64\apache-tomcat-11.0.8
01-Aug-2025 13:15:36.846 INFO [main] org.apache.catalina.startup.VersionLoggerListener.log Command line argument:             -Djava.io.tmpdir=C:\Users\Administrador\Documents\proyecto_final_helder_java-js\apache-tomcat-11.0.8-windows-x64\apache-tomcat-11.0.8\temp
01-Aug-2025 13:15:36.853 INFO [main] org.apache.catalina.core.AprLifecycleListener.lifecycleEvent Cargada la biblioteca nativa APR de Apache Tomcat [2.0.9] con la versión APR [1.7.6].
01-Aug-2025 13:15:36.853 INFO [main] org.apache.catalina.core.AprLifecycleListener.initializeSSL OpenSSL inicializado correctamente [OpenSSL 3.5.0 8 Apr 2025]
01-Aug-2025 13:15:37.067 INFO [main] org.apache.coyote.AbstractProtocol.init Inicializando el manejador de protocolo ["http-nio-8080"]

01-Aug-2025 13:15:37.088 INFO [main] org.apache.catalina.startup.Catalina.load Server initialization in [466] milliseconds
01-Aug-2025 13:15:37.120 INFO [main] org.apache.catalina.core.StandardService.startInternal Arrancando servicio [Catalina]
01-Aug-2025 13:15:37.120 INFO [main] org.apache.catalina.core.StandardEngine.startInternal Starting Servlet engine: [Apache Tomcat/11.0.8]
01-Aug-2025 13:15:37.120 INFO [main] org.apache.catalina.startup.HostConfig.deployDescriptor Desplieque del descriptor de configuración [C:\Users\Administrador\Documents\proyecto_final_helder_java-js\apache-tomcat-11.0.8-windows-x64\apache-tomcat-11.0.8\conf\Catalina\localhost\helder.xml]
01-Aug-2025 13:15:37.144 WARNING [main] org.apache.catalina.startup.HostConfig.deployDescriptor The path attribute with value [/helder] in deployment descriptor [C:\Users\Administrador\Documents\proyecto_final_helder_java-js\apache-tomcat-11.0.8-windows-x64\apache-tomcat-11.0.8\conf\Catalina\localhost\helder.xml] has been ignored
01-Aug-2025 13:15:38.411 INFO [main] org.apache.jasper.servlet.TldScanner.scanJars Al menos un JAR, que se ha explorado buscando TLDs, aún no contenía TLDs. Activar historial de depuración para este historiador para una completa lista de los JARs que fueron explorados y de los que nos se halló TLDs. Saltarse JARs no necesarios durante la exploración puede dar lugar a una mejora de tiempo significativa en el arranque y compilación de JSP .
01-Aug-2025 13:15:38.820 WARNING [main] org.glassfish.jersey.server.internal.scanning.AnnotationAcceptingListener$ClassReaderWrapper.accept Unsupported class file major version 66
01-Aug-2025 13:15:38.825 WARNING [main] org.glassfish.jersey.server.internal.scanning.AnnotationAcceptingListener$ClassReaderWrapper.accept Unsupported class file major version 66
01-Aug-2025 13:15:38.825 WARNING [main] org.glassfish.jersey.server.internal.scanning.AnnotationAcceptingListener$ClassReaderWrapper.accept Unsupported class file major version 66
01-Aug-2025 13:15:38.826 WARNING [main] org.glassfish.jersey.server.internal.scanning.AnnotationAcceptingListener$ClassReaderWrapper.accept Unsupported class file major version 66
01-Aug-2025 13:15:38.826 WARNING [main] org.glassfish.jersey.server.internal.scanning.AnnotationAcceptingListener$ClassReaderWrapper.accept Unsupported class file major version 66
01-Aug-2025 13:15:38.826 WARNING [main] org.glassfish.jersey.server.internal.scanning.AnnotationAcceptingListener$ClassReaderWrapper.accept Unsupported class file major version 66
01-Aug-2025 13:15:38.827 WARNING [main] org.glassfish.jersey.server.internal.scanning.AnnotationAcceptingListener$ClassReaderWrapper.accept Unsupported class file major version 66
01-Aug-2025 13:15:38.827 WARNING [main] org.glassfish.jersey.server.internal.scanning.AnnotationAcceptingListener$ClassReaderWrapper.accept Unsupported class file major version 66
01-Aug-2025 13:15:38.828 WARNING [main] org.glassfish.jersey.server.internal.scanning.AnnotationAcceptingListener$ClassReaderWrapper.accept Unsupported class file major version 66
01-Aug-2025 13:15:38.828 WARNING [main] org.glassfish.jersey.server.internal.scanning.AnnotationAcceptingListener$ClassReaderWrapper.accept Unsupported class file major version 66
01-Aug-2025 13:15:38.829 WARNING [main] org.glassfish.jersey.server.internal.scanning.AnnotationAcceptingListener$ClassReaderWrapper.accept Unsupported class file major version 66
01-Aug-2025 13:15:38.830 WARNING [main] org.glassfish.jersey.server.internal.scanning.AnnotationAcceptingListener$ClassReaderWrapper.accept Unsupported class file major version 66
01-Aug-2025 13:15:38.830 WARNING [main] org.glassfish.jersey.server.internal.scanning.AnnotationAcceptingListener$ClassReaderWrapper.accept Unsupported class file major version 66
01-Aug-2025 13:15:38.830 WARNING [main] org.glassfish.jersey.server.internal.scanning.AnnotationAcceptingListener$ClassReaderWrapper.accept Unsupported class file major version 66
01-Aug-2025 13:15:38.830 WARNING [main] org.glassfish.jersey.server.internal.scanning.AnnotationAcceptingListener$ClassReaderWrapper.accept Unsupported class file major version 66
01-Aug-2025 13:15:38.830 WARNING [main] org.glassfish.jersey.server.internal.scanning.AnnotationAcceptingListener$ClassReaderWrapper.accept Unsupported class file major version 66
01-Aug-2025 13:15:38.830 WARNING [main] org.glassfish.jersey.server.internal.scanning.AnnotationAcceptingListener$ClassReaderWrapper.accept Unsupported class file major version 66
01-Aug-2025 13:15:38.830 WARNING [main] org.glassfish.jersey.server.internal.scanning.AnnotationAcceptingListener$ClassReaderWrapper.accept Unsupported class file major version 66
01-Aug-2025 13:15:38.830 WARNING [main] org.glassfish.jersey.server.internal.scanning.AnnotationAcceptingListener$ClassReaderWrapper.accept Unsupported class file major version 66
01-Aug-2025 13:15:38.830 WARNING [main] org.glassfish.jersey.server.internal.scanning.AnnotationAcceptingListener$ClassReaderWrapper.accept Unsupported class file major version 66
01-Aug-2025 13:15:38.830 WARNING [main] org.glassfish.jersey.server.internal.scanning.AnnotationAcceptingListener$ClassReaderWrapper.accept Unsupported class file major version 66
01-Aug-2025 13:15:38.830 WARNING [main] org.glassfish.jersey.server.internal.scanning.AnnotationAcceptingListener$ClassReaderWrapper.accept Unsupported class file major version 66
01-Aug-2025 13:15:38.830 WARNING [main] org.glassfish.jersey.server.internal.scanning.AnnotationAcceptingListener$ClassReaderWrapper.accept Unsupported class file major version 66
01-Aug-2025 13:15:38.929 WARNING [main] org.glassfish.jersey.server.wadl.WadlFeature.configure JAXBContext implementation could not be found. WADL feature is disabled.
01-Aug-2025 13:15:39.290 INFO [main] org.apache.catalina.startup.HostConfig.deployDescriptor Deployment of deployment descriptor [C:\Users\Administrador\Documents\proyecto_final_helder_java-js\apache-tomcat-11.0.8-windows-x64\apache-tomcat-11.0.8\conf\Catalina\localhost\helder.xml] has finished in [2.170] ms
01-Aug-2025 13:15:39.305 INFO [main] org.apache.catalina.startup.HostConfig.deployDescriptor Desplieque del descriptor de configuración [C:\Users\Administrador\Documents\proyecto_final_helder_java-js\apache-tomcat-11.0.8-windows-x64\apache-tomcat-11.0.8\conf\Catalina\localhost\StockControl_API.xml]
01-Aug-2025 13:15:39.306 WARNING [main] org.apache.catalina.startup.HostConfig.deployDescriptor The path attribute with value [/StockControl_API] in deployment descriptor [C:\Users\Administrador\Documents\proyecto_final_helder_java-js\apache-tomcat-11.0.8-windows-x64\apache-tomcat-11.0.8\conf\Catalina\localhost\StockControl_API.xml] has been ignored
01-Aug-2025 13:15:40.130 INFO [main] org.apache.jasper.servlet.TldScanner.scanJars Al menos un JAR, que se ha explorado buscando TLDs, aún no contenía TLDs. Activar historial de depuración para este historiador para una completa lista de los JARs que fueron explorados y de los que nos se halló TLDs. Saltarse JARs no necesarios durante la exploración puede dar lugar a una mejora de tiempo significativa en el arranque y compilación de JSP .
01-Aug-2025 13:15:40.130 INFO [main] org.apache.catalina.startup.HostConfig.deployDescriptor Deployment of deployment descriptor [C:\Users\Administrador\Documents\proyecto_final_helder_java-js\apache-tomcat-11.0.8-windows-x64\apache-tomcat-11.0.8\conf\Catalina\localhost\StockControl_API.xml] has finished in [840] ms
01-Aug-2025 13:15:40.130 INFO [main] org.apache.catalina.startup.HostConfig.deployDirectory Desplegando el directorio [C:\Users\Administrador\Documents\proyecto_final_helder_java-js\apache-tomcat-11.0.8-windows-x64\apache-tomcat-11.0.8\webapps\docs] de la aplicación web
01-Aug-2025 13:15:40.160 INFO [main] org.apache.catalina.startup.HostConfig.deployDirectory Deployment of web application directory [C:\Users\Administrador\Documents\proyecto_final_helder_java-js\apache-tomcat-11.0.8-windows-x64\apache-tomcat-11.0.8\webapps\docs] has finished in [30] ms
01-Aug-2025 13:15:40.160 INFO [main] org.apache.catalina.startup.HostConfig.deployDirectory Desplegando el directorio [C:\Users\Administrador\Documents\proyecto_final_helder_java-js\apache-tomcat-11.0.8-windows-x64\apache-tomcat-11.0.8\webapps\examples] de la aplicación web
01-Aug-2025 13:15:40.442 INFO [main] org.apache.catalina.startup.HostConfig.deployDirectory Deployment of web application directory [C:\Users\Administrador\Documents\proyecto_final_helder_java-js\apache-tomcat-11.0.8-windows-x64\apache-tomcat-11.0.8\webapps\examples] has finished in [282] ms
01-Aug-2025 13:15:40.442 INFO [main] org.apache.catalina.startup.HostConfig.deployDirectory Desplegando el directorio [C:\Users\Administrador\Documents\proyecto_final_helder_java-js\apache-tomcat-11.0.8-windows-x64\apache-tomcat-11.0.8\webapps\host-manager] de la aplicación web
01-Aug-2025 13:15:40.468 INFO [main] org.apache.catalina.startup.HostConfig.deployDirectory Deployment of web application directory [C:\Users\Administrador\Documents\proyecto_final_helder_java-js\apache-tomcat-11.0.8-windows-x64\apache-tomcat-11.0.8\webapps\host-manager] has finished in [26] ms
01-Aug-2025 13:15:40.468 INFO [main] org.apache.catalina.startup.HostConfig.deployDirectory Desplegando el directorio [C:\Users\Administrador\Documents\proyecto_final_helder_java-js\apache-tomcat-11.0.8-windows-x64\apache-tomcat-11.0.8\webapps\manager] de la aplicación web
01-Aug-2025 13:15:40.490 INFO [main] org.apache.catalina.startup.HostConfig.deployDirectory Deployment of web application directory [C:\Users\Administrador\Documents\proyecto_final_helder_java-js\apache-tomcat-11.0.8-windows-x64\apache-tomcat-11.0.8\webapps\manager] has finished in [22] ms
01-Aug-2025 13:15:40.490 INFO [main] org.apache.catalina.startup.HostConfig.deployDirectory Desplegando el directorio [C:\Users\Administrador\Documents\proyecto_final_helder_java-js\apache-tomcat-11.0.8-windows-x64\apache-tomcat-11.0.8\webapps\ROOT] de la aplicación web
01-Aug-2025 13:15:40.512 INFO [main] org.apache.catalina.startup.HostConfig.deployDirectory Deployment of web application directory [C:\Users\Administrador\Documents\proyecto_final_helder_java-js\apache-tomcat-11.0.8-windows-x64\apache-tomcat-11.0.8\webapps\ROOT] has finished in [22] ms
01-Aug-2025 13:15:40.516 INFO [main] org.apache.coyote.AbstractProtocol.start Starting ProtocolHandler ["http-nio-8080"]
01-Aug-2025 13:15:40.530 INFO [main] org.apache.catalina.startup.Catalina.start Server startup in [3436] milliseconds
01-Aug-2025 13:36:53.635 INFO [http-nio-8080-exec-3] org.apache.catalina.startup.HostConfig.undeploy Repliegue (undeploy) de la aplicación web que tiene como trayectoria de contexto [/helder]
01-Aug-2025 13:36:53.668 INFO [http-nio-8080-exec-1] org.apache.catalina.startup.HostConfig.deployDescriptor Desplieque del descriptor de configuración [C:\Users\Administrador\Documents\proyecto_final_helder_java-js\apache-tomcat-11.0.8-windows-x64\apache-tomcat-11.0.8\conf\Catalina\localhost\helder.xml]
01-Aug-2025 13:36:53.670 WARNING [http-nio-8080-exec-1] org.apache.catalina.startup.HostConfig.deployDescriptor The path attribute with value [/helder] in deployment descriptor [C:\Users\Administrador\Documents\proyecto_final_helder_java-js\apache-tomcat-11.0.8-windows-x64\apache-tomcat-11.0.8\conf\Catalina\localhost\helder.xml] has been ignored
01-Aug-2025 13:36:54.623 INFO [http-nio-8080-exec-1] org.apache.jasper.servlet.TldScanner.scanJars Al menos un JAR, que se ha explorado buscando TLDs, aún no contenía TLDs. Activar historial de depuración para este historiador para una completa lista de los JARs que fueron explorados y de los que nos se halló TLDs. Saltarse JARs no necesarios durante la exploración puede dar lugar a una mejora de tiempo significativa en el arranque y compilación de JSP .
01-Aug-2025 13:36:54.935 WARNING [http-nio-8080-exec-1] org.glassfish.jersey.server.internal.scanning.AnnotationAcceptingListener$ClassReaderWrapper.accept Unsupported class file major version 66
01-Aug-2025 13:36:54.935 WARNING [http-nio-8080-exec-1] org.glassfish.jersey.server.internal.scanning.AnnotationAcceptingListener$ClassReaderWrapper.accept Unsupported class file major version 66
01-Aug-2025 13:36:54.935 WARNING [http-nio-8080-exec-1] org.glassfish.jersey.server.internal.scanning.AnnotationAcceptingListener$ClassReaderWrapper.accept Unsupported class file major version 66
01-Aug-2025 13:36:54.935 WARNING [http-nio-8080-exec-1] org.glassfish.jersey.server.internal.scanning.AnnotationAcceptingListener$ClassReaderWrapper.accept Unsupported class file major version 66
01-Aug-2025 13:36:54.935 WARNING [http-nio-8080-exec-1] org.glassfish.jersey.server.internal.scanning.AnnotationAcceptingListener$ClassReaderWrapper.accept Unsupported class file major version 66
01-Aug-2025 13:36:54.935 WARNING [http-nio-8080-exec-1] org.glassfish.jersey.server.internal.scanning.AnnotationAcceptingListener$ClassReaderWrapper.accept Unsupported class file major version 66
01-Aug-2025 13:36:54.935 WARNING [http-nio-8080-exec-1] org.glassfish.jersey.server.internal.scanning.AnnotationAcceptingListener$ClassReaderWrapper.accept Unsupported class file major version 66
01-Aug-2025 13:36:54.935 WARNING [http-nio-8080-exec-1] org.glassfish.jersey.server.internal.scanning.AnnotationAcceptingListener$ClassReaderWrapper.accept Unsupported class file major version 66
01-Aug-2025 13:36:54.935 WARNING [http-nio-8080-exec-1] org.glassfish.jersey.server.internal.scanning.AnnotationAcceptingListener$ClassReaderWrapper.accept Unsupported class file major version 66
01-Aug-2025 13:36:54.935 WARNING [http-nio-8080-exec-1] org.glassfish.jersey.server.internal.scanning.AnnotationAcceptingListener$ClassReaderWrapper.accept Unsupported class file major version 66
01-Aug-2025 13:36:54.935 WARNING [http-nio-8080-exec-1] org.glassfish.jersey.server.internal.scanning.AnnotationAcceptingListener$ClassReaderWrapper.accept Unsupported class file major version 66
01-Aug-2025 13:36:54.935 WARNING [http-nio-8080-exec-1] org.glassfish.jersey.server.internal.scanning.AnnotationAcceptingListener$ClassReaderWrapper.accept Unsupported class file major version 66
01-Aug-2025 13:36:54.935 WARNING [http-nio-8080-exec-1] org.glassfish.jersey.server.internal.scanning.AnnotationAcceptingListener$ClassReaderWrapper.accept Unsupported class file major version 66
01-Aug-2025 13:36:54.935 WARNING [http-nio-8080-exec-1] org.glassfish.jersey.server.internal.scanning.AnnotationAcceptingListener$ClassReaderWrapper.accept Unsupported class file major version 66
01-Aug-2025 13:36:54.935 WARNING [http-nio-8080-exec-1] org.glassfish.jersey.server.internal.scanning.AnnotationAcceptingListener$ClassReaderWrapper.accept Unsupported class file major version 66
01-Aug-2025 13:36:54.935 WARNING [http-nio-8080-exec-1] org.glassfish.jersey.server.internal.scanning.AnnotationAcceptingListener$ClassReaderWrapper.accept Unsupported class file major version 66
01-Aug-2025 13:36:54.935 WARNING [http-nio-8080-exec-1] org.glassfish.jersey.server.internal.scanning.AnnotationAcceptingListener$ClassReaderWrapper.accept Unsupported class file major version 66
01-Aug-2025 13:36:54.935 WARNING [http-nio-8080-exec-1] org.glassfish.jersey.server.internal.scanning.AnnotationAcceptingListener$ClassReaderWrapper.accept Unsupported class file major version 66
01-Aug-2025 13:36:54.935 WARNING [http-nio-8080-exec-1] org.glassfish.jersey.server.internal.scanning.AnnotationAcceptingListener$ClassReaderWrapper.accept Unsupported class file major version 66
01-Aug-2025 13:36:54.935 WARNING [http-nio-8080-exec-1] org.glassfish.jersey.server.internal.scanning.AnnotationAcceptingListener$ClassReaderWrapper.accept Unsupported class file major version 66
01-Aug-2025 13:36:54.935 WARNING [http-nio-8080-exec-1] org.glassfish.jersey.server.internal.scanning.AnnotationAcceptingListener$ClassReaderWrapper.accept Unsupported class file major version 66
01-Aug-2025 13:36:54.951 WARNING [http-nio-8080-exec-1] org.glassfish.jersey.server.internal.scanning.AnnotationAcceptingListener$ClassReaderWrapper.accept Unsupported class file major version 66
01-Aug-2025 13:36:54.953 WARNING [http-nio-8080-exec-1] org.glassfish.jersey.server.internal.scanning.AnnotationAcceptingListener$ClassReaderWrapper.accept Unsupported class file major version 66
01-Aug-2025 13:36:55.037 WARNING [http-nio-8080-exec-1] org.glassfish.jersey.server.wadl.WadlFeature.configure JAXBContext implementation could not be found. WADL feature is disabled.
01-Aug-2025 13:36:55.339 INFO [http-nio-8080-exec-1] org.apache.catalina.startup.HostConfig.deployDescriptor Deployment of deployment descriptor [C:\Users\Administrador\Documents\proyecto_final_helder_java-js\apache-tomcat-11.0.8-windows-x64\apache-tomcat-11.0.8\conf\Catalina\localhost\helder.xml] has finished in [1.671] ms
01-Aug-2025 13:36:55.342 INFO [http-nio-8080-exec-10] org.apache.catalina.util.LifecycleBase.start The start() method was called on component [StandardEngine[Catalina].StandardHost[localhost].StandardContext[/helder]] after start() had already been called. The second call will be ignored.
01-Aug-2025 14:12:35.456 WARNING [http-nio-8080-exec-18] org.apache.catalina.loader.WebappClassLoaderBase.clearReferencesJdbc La aplicación web [helder] registró el conductor JDBC [com.mysql.cj.jdbc.Driver] pero falló al anular el registro mientras la aplicación web estaba parada. Para prevenir un fallo de memoria, se ha anulado el registro del conductor JDBC por la fuerza.
01-Aug-2025 14:12:35.456 WARNING [http-nio-8080-exec-18] org.apache.catalina.loader.WebappClassLoaderBase.clearReferencesThreads The web application [helder] appears to have started a thread named [mysql-cj-abandoned-connection-cleanup] but has failed to stop it. This is very likely to create a memory leak. Stack trace of thread:
 java.base/jdk.internal.misc.Unsafe.park(Native Method)
 java.base/java.util.concurrent.locks.LockSupport.parkNanos(LockSupport.java:269)
 java.base/java.util.concurrent.locks.AbstractQueuedSynchronizer$ConditionObject.await(AbstractQueuedSynchronizer.java:1847)
 java.base/java.lang.ref.ReferenceQueue.await(ReferenceQueue.java:71)
 java.base/java.lang.ref.ReferenceQueue.remove0(ReferenceQueue.java:143)
 java.base/java.lang.ref.ReferenceQueue.remove(ReferenceQueue.java:218)
 com.mysql.cj.jdbc.AbandonedConnectionCleanupThread.run(AbandonedConnectionCleanupThread.java:91)
 java.base/java.util.concurrent.ThreadPoolExecutor.runWorker(ThreadPoolExecutor.java:1144)
 java.base/java.util.concurrent.ThreadPoolExecutor$Worker.run(ThreadPoolExecutor.java:642)
 java.base/java.lang.Thread.run(Thread.java:1570)
01-Aug-2025 14:12:35.970 INFO [http-nio-8080-exec-18] org.apache.catalina.startup.HostConfig.undeploy Repliegue (undeploy) de la aplicación web que tiene como trayectoria de contexto [/helder]
01-Aug-2025 14:12:35.982 INFO [http-nio-8080-exec-17] org.apache.catalina.startup.HostConfig.deployDescriptor Desplieque del descriptor de configuración [C:\Users\Administrador\Documents\proyecto_final_helder_java-js\apache-tomcat-11.0.8-windows-x64\apache-tomcat-11.0.8\conf\Catalina\localhost\helder.xml]
01-Aug-2025 14:12:35.984 WARNING [http-nio-8080-exec-17] org.apache.catalina.startup.HostConfig.deployDescriptor The path attribute with value [/helder] in deployment descriptor [C:\Users\Administrador\Documents\proyecto_final_helder_java-js\apache-tomcat-11.0.8-windows-x64\apache-tomcat-11.0.8\conf\Catalina\localhost\helder.xml] has been ignored
01-Aug-2025 14:12:36.178 INFO [mysql-cj-abandoned-connection-cleanup] org.apache.catalina.loader.WebappClassLoaderBase.checkStateForResourceLoading Acceso ilegal: esta instancia de aplicación web ya ha sido parada.  Could not load [].  La eventual traza de pila que sigue ha sido motivada por un error lanzado con motivos de depuración así como para intentar terminar el hilo que motivó el acceso ilegal y no tiene impacto funcional.
	java.lang.IllegalStateException: Acceso ilegal: esta instancia de aplicación web ya ha sido parada.  Could not load [].  La eventual traza de pila que sigue ha sido motivada por un error lanzado con motivos de depuración así como para intentar terminar el hilo que motivó el acceso ilegal y no tiene impacto funcional.
		at org.apache.catalina.loader.WebappClassLoaderBase.checkStateForResourceLoading(WebappClassLoaderBase.java:1248)
		at org.apache.catalina.loader.WebappClassLoaderBase.getResource(WebappClassLoaderBase.java:857)
		at com.mysql.cj.jdbc.AbandonedConnectionCleanupThread.checkThreadContextClassLoader(AbandonedConnectionCleanupThread.java:123)
		at com.mysql.cj.jdbc.AbandonedConnectionCleanupThread.run(AbandonedConnectionCleanupThread.java:90)
		at java.base/java.util.concurrent.ThreadPoolExecutor.runWorker(ThreadPoolExecutor.java:1144)
		at java.base/java.util.concurrent.ThreadPoolExecutor$Worker.run(ThreadPoolExecutor.java:642)
		at java.base/java.lang.Thread.run(Thread.java:1570)
01-Aug-2025 14:12:36.180 INFO [mysql-cj-abandoned-connection-cleanup] org.apache.catalina.loader.WebappClassLoaderBase.checkStateForResourceLoading Acceso ilegal: esta instancia de aplicación web ya ha sido parada.  Could not load [].  La eventual traza de pila que sigue ha sido motivada por un error lanzado con motivos de depuración así como para intentar terminar el hilo que motivó el acceso ilegal y no tiene impacto funcional.
	java.lang.IllegalStateException: Acceso ilegal: esta instancia de aplicación web ya ha sido parada.  Could not load [].  La eventual traza de pila que sigue ha sido motivada por un error lanzado con motivos de depuración así como para intentar terminar el hilo que motivó el acceso ilegal y no tiene impacto funcional.
		at org.apache.catalina.loader.WebappClassLoaderBase.checkStateForResourceLoading(WebappClassLoaderBase.java:1248)
		at org.apache.catalina.loader.WebappClassLoaderBase.getResource(WebappClassLoaderBase.java:857)
		at com.mysql.cj.jdbc.AbandonedConnectionCleanupThread.checkThreadContextClassLoader(AbandonedConnectionCleanupThread.java:123)
		at com.mysql.cj.jdbc.AbandonedConnectionCleanupThread.run(AbandonedConnectionCleanupThread.java:90)
		at java.base/java.util.concurrent.ThreadPoolExecutor.runWorker(ThreadPoolExecutor.java:1144)
		at java.base/java.util.concurrent.ThreadPoolExecutor$Worker.run(ThreadPoolExecutor.java:642)
		at java.base/java.lang.Thread.run(Thread.java:1570)
01-Aug-2025 14:12:36.913 INFO [http-nio-8080-exec-17] org.apache.jasper.servlet.TldScanner.scanJars Al menos un JAR, que se ha explorado buscando TLDs, aún no contenía TLDs. Activar historial de depuración para este historiador para una completa lista de los JARs que fueron explorados y de los que nos se halló TLDs. Saltarse JARs no necesarios durante la exploración puede dar lugar a una mejora de tiempo significativa en el arranque y compilación de JSP .
01-Aug-2025 14:12:37.225 WARNING [http-nio-8080-exec-17] org.glassfish.jersey.server.internal.scanning.AnnotationAcceptingListener$ClassReaderWrapper.accept Unsupported class file major version 66
01-Aug-2025 14:12:37.227 WARNING [http-nio-8080-exec-17] org.glassfish.jersey.server.internal.scanning.AnnotationAcceptingListener$ClassReaderWrapper.accept Unsupported class file major version 66
01-Aug-2025 14:12:37.228 WARNING [http-nio-8080-exec-17] org.glassfish.jersey.server.internal.scanning.AnnotationAcceptingListener$ClassReaderWrapper.accept Unsupported class file major version 66
01-Aug-2025 14:12:37.228 WARNING [http-nio-8080-exec-17] org.glassfish.jersey.server.internal.scanning.AnnotationAcceptingListener$ClassReaderWrapper.accept Unsupported class file major version 66
01-Aug-2025 14:12:37.228 WARNING [http-nio-8080-exec-17] org.glassfish.jersey.server.internal.scanning.AnnotationAcceptingListener$ClassReaderWrapper.accept Unsupported class file major version 66
01-Aug-2025 14:12:37.229 WARNING [http-nio-8080-exec-17] org.glassfish.jersey.server.internal.scanning.AnnotationAcceptingListener$ClassReaderWrapper.accept Unsupported class file major version 66
01-Aug-2025 14:12:37.229 WARNING [http-nio-8080-exec-17] org.glassfish.jersey.server.internal.scanning.AnnotationAcceptingListener$ClassReaderWrapper.accept Unsupported class file major version 66
01-Aug-2025 14:12:37.230 WARNING [http-nio-8080-exec-17] org.glassfish.jersey.server.internal.scanning.AnnotationAcceptingListener$ClassReaderWrapper.accept Unsupported class file major version 66
01-Aug-2025 14:12:37.230 WARNING [http-nio-8080-exec-17] org.glassfish.jersey.server.internal.scanning.AnnotationAcceptingListener$ClassReaderWrapper.accept Unsupported class file major version 66
01-Aug-2025 14:12:37.230 WARNING [http-nio-8080-exec-17] org.glassfish.jersey.server.internal.scanning.AnnotationAcceptingListener$ClassReaderWrapper.accept Unsupported class file major version 66
01-Aug-2025 14:12:37.231 WARNING [http-nio-8080-exec-17] org.glassfish.jersey.server.internal.scanning.AnnotationAcceptingListener$ClassReaderWrapper.accept Unsupported class file major version 66
01-Aug-2025 14:12:37.231 WARNING [http-nio-8080-exec-17] org.glassfish.jersey.server.internal.scanning.AnnotationAcceptingListener$ClassReaderWrapper.accept Unsupported class file major version 66
01-Aug-2025 14:12:37.231 WARNING [http-nio-8080-exec-17] org.glassfish.jersey.server.internal.scanning.AnnotationAcceptingListener$ClassReaderWrapper.accept Unsupported class file major version 66
01-Aug-2025 14:12:37.232 WARNING [http-nio-8080-exec-17] org.glassfish.jersey.server.internal.scanning.AnnotationAcceptingListener$ClassReaderWrapper.accept Unsupported class file major version 66
01-Aug-2025 14:12:37.232 WARNING [http-nio-8080-exec-17] org.glassfish.jersey.server.internal.scanning.AnnotationAcceptingListener$ClassReaderWrapper.accept Unsupported class file major version 66
01-Aug-2025 14:12:37.232 WARNING [http-nio-8080-exec-17] org.glassfish.jersey.server.internal.scanning.AnnotationAcceptingListener$ClassReaderWrapper.accept Unsupported class file major version 66
01-Aug-2025 14:12:37.233 WARNING [http-nio-8080-exec-17] org.glassfish.jersey.server.internal.scanning.AnnotationAcceptingListener$ClassReaderWrapper.accept Unsupported class file major version 66
01-Aug-2025 14:12:37.233 WARNING [http-nio-8080-exec-17] org.glassfish.jersey.server.internal.scanning.AnnotationAcceptingListener$ClassReaderWrapper.accept Unsupported class file major version 66
01-Aug-2025 14:12:37.233 WARNING [http-nio-8080-exec-17] org.glassfish.jersey.server.internal.scanning.AnnotationAcceptingListener$ClassReaderWrapper.accept Unsupported class file major version 66
01-Aug-2025 14:12:37.234 WARNING [http-nio-8080-exec-17] org.glassfish.jersey.server.internal.scanning.AnnotationAcceptingListener$ClassReaderWrapper.accept Unsupported class file major version 66
01-Aug-2025 14:12:37.234 WARNING [http-nio-8080-exec-17] org.glassfish.jersey.server.internal.scanning.AnnotationAcceptingListener$ClassReaderWrapper.accept Unsupported class file major version 66
01-Aug-2025 14:12:37.255 WARNING [http-nio-8080-exec-17] org.glassfish.jersey.server.internal.scanning.AnnotationAcceptingListener$ClassReaderWrapper.accept Unsupported class file major version 66
01-Aug-2025 14:12:37.256 WARNING [http-nio-8080-exec-17] org.glassfish.jersey.server.internal.scanning.AnnotationAcceptingListener$ClassReaderWrapper.accept Unsupported class file major version 66
01-Aug-2025 14:12:37.336 WARNING [http-nio-8080-exec-17] org.glassfish.jersey.server.wadl.WadlFeature.configure JAXBContext implementation could not be found. WADL feature is disabled.
01-Aug-2025 14:12:37.622 INFO [http-nio-8080-exec-17] org.apache.catalina.startup.HostConfig.deployDescriptor Deployment of deployment descriptor [C:\Users\Administrador\Documents\proyecto_final_helder_java-js\apache-tomcat-11.0.8-windows-x64\apache-tomcat-11.0.8\conf\Catalina\localhost\helder.xml] has finished in [1.640] ms
01-Aug-2025 14:12:37.625 INFO [http-nio-8080-exec-11] org.apache.catalina.util.LifecycleBase.start The start() method was called on component [StandardEngine[Catalina].StandardHost[localhost].StandardContext[/helder]] after start() had already been called. The second call will be ignored.
